Flutter analyze e test	Set up job	﻿2026-10-09T02:25:19.2312892Z Current runner version: '2.337.0'
Flutter analyze e test	Set up job	2026-10-09T02:25:19.2332332Z ##[group]Runner Image Provisioner
Flutter analyze e test	Set up job	2026-10-09T02:25:19.2332948Z Hosted Compute Agent
Flutter analyze e test	Set up job	2026-10-09T02:25:19.2333303Z Version: 20261002.596
Flutter analyze e test	Set up job	2026-10-09T02:25:19.2333675Z Commit: c3d12f3313a95f25162a1503be624f3b0617f8c0
Flutter analyze e test	Set up job	2026-10-09T02:25:19.2334184Z Build Date: 2026-10-02T22:28:27Z
Flutter analyze e test	Set up job	2026-10-09T02:25:19.2334632Z Worker ID: {4e2e06ce-70f9-4af4-9702-932eaed81997}
Flutter analyze e test	Set up job	2026-10-09T02:25:19.2335094Z Region: centralus
Flutter analyze e test	Set up job	2026-10-09T02:25:19.2335430Z Cloud: Azure
Flutter analyze e test	Set up job	2026-10-09T02:25:19.2335751Z ##[endgroup]
Flutter analyze e test	Set up job	2026-10-09T02:25:19.2336547Z ##[group]Operating System
Flutter analyze e test	Set up job	2026-10-09T02:25:19.2337130Z Ubuntu
Flutter analyze e test	Set up job	2026-10-09T02:25:19.2337486Z 24.04.5
Flutter analyze e test	Set up job	2026-10-09T02:25:19.2337813Z LTS
Flutter analyze e test	Set up job	2026-10-09T02:25:19.2338128Z ##[endgroup]
Flutter analyze e test	Set up job	2026-10-09T02:25:19.2338499Z ##[group]Runner Image
Flutter analyze e test	Set up job	2026-10-09T02:25:19.2338929Z Image: ubuntu-24.04
Flutter analyze e test	Set up job	2026-10-09T02:25:19.2339302Z Version: 20261004.327.1
Flutter analyze e test	Set up job	2026-10-09T02:25:19.2339936Z Included Software: https://github.com/actions/runner-images/blob/ubuntu24/20261004.327/images/ubuntu/Ubuntu2404-Readme.md
Flutter analyze e test	Set up job	2026-10-09T02:25:19.2341048Z Image Release: https://github.com/actions/runner-images/releases/tag/ubuntu24%2F20261004.327
Flutter analyze e test	Set up job	2026-10-09T02:25:19.2341627Z ##[endgroup]
Flutter analyze e test	Set up job	2026-10-09T02:25:19.2342300Z ##[group]GITHUB_TOKEN Permissions
Flutter analyze e test	Set up job	2026-10-09T02:25:19.2343480Z Contents: read
Flutter analyze e test	Set up job	2026-10-09T02:25:19.2343870Z Metadata: read
Flutter analyze e test	Set up job	2026-10-09T02:25:19.2344250Z ##[endgroup]
Flutter analyze e test	Set up job	2026-10-09T02:25:19.2345611Z Secret source: Actions
Flutter analyze e test	Set up job	2026-10-09T02:25:19.2346234Z Cache mode: write
Flutter analyze e test	Set up job	2026-10-09T02:25:19.2346661Z Prepare workflow directory
Flutter analyze e test	Set up job	2026-10-09T02:25:19.2558403Z Prepare all required actions
Flutter analyze e test	Set up job	2026-10-09T02:25:19.2590064Z Getting action download info
Flutter analyze e test	Set up job	2026-10-09T02:25:19.4691710Z Download action repository 'actions/checkout@3d3c42e5aac5ba805825da76410c181273ba90b1' (SHA:3d3c42e5aac5ba805825da76410c181273ba90b1)
Flutter analyze e test	Set up job	2026-10-09T02:25:19.6268414Z Complete job name: Flutter analyze e test
Flutter analyze e test	Checkout das ferramentas da base revisada	﻿2026-10-09T02:25:19.6702689Z ##[group]Run actions/checkout@3d3c42e5aac5ba805825da76410c181273ba90b1
Flutter analyze e test	Checkout das ferramentas da base revisada	2026-10-09T02:25:19.6703195Z with:
Flutter analyze e test	Checkout das ferramentas da base revisada	2026-10-09T02:25:19.6703461Z   ref: cf6d6fa90e228ec10cc6d0d7a204da756d784514
Flutter analyze e test	Checkout das ferramentas da base revisada	2026-10-09T02:25:19.6703771Z   path: trusted
Flutter analyze e test	Checkout das ferramentas da base revisada	2026-10-09T02:25:19.6704009Z   persist-credentials: false
Flutter analyze e test	Checkout das ferramentas da base revisada	2026-10-09T02:25:19.6704313Z   repository: israelhudson/flutter_code_push_example
Flutter analyze e test	Checkout das ferramentas da base revisada	2026-10-09T02:25:19.6706328Z   token: ***
Flutter analyze e test	Checkout das ferramentas da base revisada	2026-10-09T02:25:19.6706551Z   ssh-strict: true
Flutter analyze e test	Checkout das ferramentas da base revisada	2026-10-09T02:25:19.6706778Z   ssh-user: git
Flutter analyze e test	Checkout das ferramentas da base revisada	2026-10-09T02:25:19.6707136Z   clean: true
Flutter analyze e test	Checkout das ferramentas da base revisada	2026-10-09T02:25:19.6707373Z   sparse-checkout-cone-mode: true
Flutter analyze e test	Checkout das ferramentas da base revisada	2026-10-09T02:25:19.6707645Z   fetch-depth: 1
Flutter analyze e test	Checkout das ferramentas da base revisada	2026-10-09T02:25:19.6707872Z   fetch-tags: false
Flutter analyze e test	Checkout das ferramentas da base revisada	2026-10-09T02:25:19.6708108Z   show-progress: true
Flutter analyze e test	Checkout das ferramentas da base revisada	2026-10-09T02:25:19.6708341Z   lfs: false
Flutter analyze e test	Checkout das ferramentas da base revisada	2026-10-09T02:25:19.6708558Z   submodules: false
Flutter analyze e test	Checkout das ferramentas da base revisada	2026-10-09T02:25:19.6708795Z   set-safe-directory: true
Flutter analyze e test	Checkout das ferramentas da base revisada	2026-10-09T02:25:19.6709061Z   allow-unsafe-pr-checkout: false
Flutter analyze e test	Checkout das ferramentas da base revisada	2026-10-09T02:25:19.6709407Z ##[endgroup]
Flutter analyze e test	Checkout das ferramentas da base revisada	2026-10-09T02:25:19.7308734Z Syncing repository: israelhudson/flutter_code_push_example
Flutter analyze e test	Checkout das ferramentas da base revisada	2026-10-09T02:25:19.7310352Z ##[group]Getting Git version info
Flutter analyze e test	Checkout das ferramentas da base revisada	2026-10-09T02:25:19.7311126Z Working directory is '/home/runner/work/flutter_code_push_example/flutter_code_push_example/trusted'
Flutter analyze e test	Checkout das ferramentas da base revisada	2026-10-09T02:25:19.7312034Z [command]/usr/bin/git version
Flutter analyze e test	Checkout das ferramentas da base revisada	2026-10-09T02:25:19.7423682Z git version 2.55.0
Flutter analyze e test	Checkout das ferramentas da base revisada	2026-10-09T02:25:19.7437379Z ##[endgroup]
Flutter analyze e test	Checkout das ferramentas da base revisada	2026-10-09T02:25:19.7446049Z Temporarily overriding HOME='/home/runner/work/_temp/7832583b-aa35-42c0-bc97-5006ddec7832' before making global git config changes
Flutter analyze e test	Checkout das ferramentas da base revisada	2026-10-09T02:25:19.7447460Z Adding repository directory to the temporary git global config as a safe directory
Flutter analyze e test	Checkout das ferramentas da base revisada	2026-10-09T02:25:19.7450685Z [command]/usr/bin/git config --global --add safe.directory /home/runner/work/flutter_code_push_example/flutter_code_push_example/trusted
Flutter analyze e test	Checkout das ferramentas da base revisada	2026-10-09T02:25:19.7510899Z ##[group]Determining repository object format
Flutter analyze e test	Checkout das ferramentas da base revisada	2026-10-09T02:25:19.7512143Z ##[endgroup]
Flutter analyze e test	Checkout das ferramentas da base revisada	2026-10-09T02:25:19.7512754Z ##[group]Initializing the repository
Flutter analyze e test	Checkout das ferramentas da base revisada	2026-10-09T02:25:19.7525515Z [command]/usr/bin/git init /home/runner/work/flutter_code_push_example/flutter_code_push_example/trusted
Flutter analyze e test	Checkout das ferramentas da base revisada	2026-10-09T02:25:19.7636253Z hint: Using 'master' as the name for the initial branch. This default branch name
Flutter analyze e test	Checkout das ferramentas da base revisada	2026-10-09T02:25:19.7637420Z hint: will change to "main" in Git 3.0. To configure the initial branch name
Flutter analyze e test	Checkout das ferramentas da base revisada	2026-10-09T02:25:19.7638200Z hint: to use in all of your new repositories, which will suppress this warning,
Flutter analyze e test	Checkout das ferramentas da base revisada	2026-10-09T02:25:19.7638801Z hint: call:
Flutter analyze e test	Checkout das ferramentas da base revisada	2026-10-09T02:25:19.7639122Z hint:
Flutter analyze e test	Checkout das ferramentas da base revisada	2026-10-09T02:25:19.7639538Z hint: 	git config --global init.defaultBranch <name>
Flutter analyze e test	Checkout das ferramentas da base revisada	2026-10-09T02:25:19.7640023Z hint:
Flutter analyze e test	Checkout das ferramentas da base revisada	2026-10-09T02:25:19.7640468Z hint: Names commonly chosen instead of 'master' are 'main', 'trunk' and
Flutter analyze e test	Checkout das ferramentas da base revisada	2026-10-09T02:25:19.7640942Z hint: 'development'. The just-created branch can be renamed via this command:
Flutter analyze e test	Checkout das ferramentas da base revisada	2026-10-09T02:25:19.7641319Z hint:
Flutter analyze e test	Checkout das ferramentas da base revisada	2026-10-09T02:25:19.7641537Z hint: 	git branch -m <name>
Flutter analyze e test	Checkout das ferramentas da base revisada	2026-10-09T02:25:19.7641782Z hint:
Flutter analyze e test	Checkout das ferramentas da base revisada	2026-10-09T02:25:19.7642142Z hint: Disable this message with "git config set advice.defaultBranchName false"
Flutter analyze e test	Checkout das ferramentas da base revisada	2026-10-09T02:25:19.7642774Z Initialized empty Git repository in /home/runner/work/flutter_code_push_example/flutter_code_push_example/trusted/.git/
Flutter analyze e test	Checkout das ferramentas da base revisada	2026-10-09T02:25:19.7648945Z [command]/usr/bin/git remote add origin https://github.com/israelhudson/flutter_code_push_example
Flutter analyze e test	Checkout das ferramentas da base revisada	2026-10-09T02:25:19.7702681Z ##[endgroup]
Flutter analyze e test	Checkout das ferramentas da base revisada	2026-10-09T02:25:19.7703347Z ##[group]Disabling automatic garbage collection
Flutter analyze e test	Checkout das ferramentas da base revisada	2026-10-09T02:25:19.7705831Z [command]/usr/bin/git config --local gc.auto 0
Flutter analyze e test	Checkout das ferramentas da base revisada	2026-10-09T02:25:19.7756447Z ##[endgroup]
Flutter analyze e test	Checkout das ferramentas da base revisada	2026-10-09T02:25:19.7757360Z ##[group]Setting up auth
Flutter analyze e test	Checkout das ferramentas da base revisada	2026-10-09T02:25:19.7758074Z Removing SSH command configuration
Flutter analyze e test	Checkout das ferramentas da base revisada	2026-10-09T02:25:19.7761555Z [command]/usr/bin/git config --local --name-only --get-regexp core\.sshCommand
Flutter analyze e test	Checkout das ferramentas da base revisada	2026-10-09T02:25:19.7792160Z [command]/usr/bin/git submodule foreach --recursive sh -c "git config --local --name-only --get-regexp 'core\.sshCommand' && git config --local --unset-all 'core.sshCommand' || :"
Flutter analyze e test	Checkout das ferramentas da base revisada	2026-10-09T02:25:19.8095236Z Removing HTTP extra header
Flutter analyze e test	Checkout das ferramentas da base revisada	2026-10-09T02:25:19.8099271Z [command]/usr/bin/git config --local --name-only --get-regexp http\.https\:\/\/github\.com\/\.extraheader
Flutter analyze e test	Checkout das ferramentas da base revisada	2026-10-09T02:25:19.8125270Z [command]/usr/bin/git submodule foreach --recursive sh -c "git config --local --name-only --get-regexp 'http\.https\:\/\/github\.com\/\.extraheader' && git config --local --unset-all 'http.https://github.com/.extraheader' || :"
Flutter analyze e test	Checkout das ferramentas da base revisada	2026-10-09T02:25:19.8291275Z Removing includeIf entries pointing to credentials config files
Flutter analyze e test	Checkout das ferramentas da base revisada	2026-10-09T02:25:19.8295675Z [command]/usr/bin/git config --local --name-only --get-regexp ^includeIf\.gitdir:
Flutter analyze e test	Checkout das ferramentas da base revisada	2026-10-09T02:25:19.8330588Z [command]/usr/bin/git submodule foreach --recursive git config --local --show-origin --name-only --get-regexp remote.origin.url
Flutter analyze e test	Checkout das ferramentas da base revisada	2026-10-09T02:25:19.8505811Z [command]/usr/bin/git config --file /home/runner/work/_temp/git-credentials-70d486db-4614-4779-be00-e0782b78e160.config http.https://github.com/.extraheader AUTHORIZATION: basic ***
Flutter analyze e test	Checkout das ferramentas da base revisada	2026-10-09T02:25:19.8538217Z [command]/usr/bin/git config --local includeIf.gitdir:/home/runner/work/flutter_code_push_example/flutter_code_push_example/trusted/.git.path /home/runner/work/_temp/git-credentials-70d486db-4614-4779-be00-e0782b78e160.config
Flutter analyze e test	Checkout das ferramentas da base revisada	2026-10-09T02:25:19.8569339Z [command]/usr/bin/git config --local includeIf.gitdir:/home/runner/work/flutter_code_push_example/flutter_code_push_example/trusted/.git/worktrees/*.path /home/runner/work/_temp/git-credentials-70d486db-4614-4779-be00-e0782b78e160.config
Flutter analyze e test	Checkout das ferramentas da base revisada	2026-10-09T02:25:19.8600570Z [command]/usr/bin/git config --local includeIf.gitdir:/github/workspace/trusted/.git.path /github/runner_temp/git-credentials-70d486db-4614-4779-be00-e0782b78e160.config
Flutter analyze e test	Checkout das ferramentas da base revisada	2026-10-09T02:25:19.8628974Z [command]/usr/bin/git config --local includeIf.gitdir:/github/workspace/trusted/.git/worktrees/*.path /github/runner_temp/git-credentials-70d486db-4614-4779-be00-e0782b78e160.config
Flutter analyze e test	Checkout das ferramentas da base revisada	2026-10-09T02:25:19.8654488Z ##[endgroup]
Flutter analyze e test	Checkout das ferramentas da base revisada	2026-10-09T02:25:19.8655094Z ##[group]Fetching the repository
Flutter analyze e test	Checkout das ferramentas da base revisada	2026-10-09T02:25:19.8660063Z [command]/usr/bin/git -c protocol.version=2 fetch --no-tags --prune --no-recurse-submodules --depth=1 origin cf6d6fa90e228ec10cc6d0d7a204da756d784514
Flutter analyze e test	Checkout das ferramentas da base revisada	2026-10-09T02:25:20.5842487Z From https://github.com/israelhudson/flutter_code_push_example
Flutter analyze e test	Checkout das ferramentas da base revisada	2026-10-09T02:25:20.5843581Z  * branch            cf6d6fa90e228ec10cc6d0d7a204da756d784514 -> FETCH_HEAD
Flutter analyze e test	Checkout das ferramentas da base revisada	2026-10-09T02:25:20.5849263Z [command]/usr/bin/git rev-parse --verify --quiet cf6d6fa90e228ec10cc6d0d7a204da756d784514^{object}
Flutter analyze e test	Checkout das ferramentas da base revisada	2026-10-09T02:25:20.5873509Z cf6d6fa90e228ec10cc6d0d7a204da756d784514
Flutter analyze e test	Checkout das ferramentas da base revisada	2026-10-09T02:25:20.5876610Z ##[endgroup]
Flutter analyze e test	Checkout das ferramentas da base revisada	2026-10-09T02:25:20.5877456Z ##[group]Determining the checkout info
Flutter analyze e test	Checkout das ferramentas da base revisada	2026-10-09T02:25:20.5878186Z ##[endgroup]
Flutter analyze e test	Checkout das ferramentas da base revisada	2026-10-09T02:25:20.5880011Z [command]/usr/bin/git sparse-checkout disable
Flutter analyze e test	Checkout das ferramentas da base revisada	2026-10-09T02:25:20.5923230Z [command]/usr/bin/git config --local --unset-all extensions.worktreeConfig
Flutter analyze e test	Checkout das ferramentas da base revisada	2026-10-09T02:25:20.5950536Z ##[group]Checking out the ref
Flutter analyze e test	Checkout das ferramentas da base revisada	2026-10-09T02:25:20.5952730Z [command]/usr/bin/git checkout --progress --force cf6d6fa90e228ec10cc6d0d7a204da756d784514
Flutter analyze e test	Checkout das ferramentas da base revisada	2026-10-09T02:25:20.6250105Z Note: switching to 'cf6d6fa90e228ec10cc6d0d7a204da756d784514'.
Flutter analyze e test	Checkout das ferramentas da base revisada	2026-10-09T02:25:20.6250839Z 
Flutter analyze e test	Checkout das ferramentas da base revisada	2026-10-09T02:25:20.6251213Z You are in 'detached HEAD' state. You can look around, make experimental
Flutter analyze e test	Checkout das ferramentas da base revisada	2026-10-09T02:25:20.6252095Z changes and commit them, and you can discard any commits you make in this
Flutter analyze e test	Checkout das ferramentas da base revisada	2026-10-09T02:25:20.6253003Z state without impacting any branches by switching back to a branch.
Flutter analyze e test	Checkout das ferramentas da base revisada	2026-10-09T02:25:20.6253544Z 
Flutter analyze e test	Checkout das ferramentas da base revisada	2026-10-09T02:25:20.6253873Z If you want to create a new branch to retain commits you create, you may
Flutter analyze e test	Checkout das ferramentas da base revisada	2026-10-09T02:25:20.6254736Z do so (now or later) by using -c with the switch command. Example:
Flutter analyze e test	Checkout das ferramentas da base revisada	2026-10-09T02:25:20.6255242Z 
Flutter analyze e test	Checkout das ferramentas da base revisada	2026-10-09T02:25:20.6255437Z   git switch -c <new-branch-name>
Flutter analyze e test	Checkout das ferramentas da base revisada	2026-10-09T02:25:20.6255765Z 
Flutter analyze e test	Checkout das ferramentas da base revisada	2026-10-09T02:25:20.6255948Z Or undo this operation with:
Flutter analyze e test	Checkout das ferramentas da base revisada	2026-10-09T02:25:20.6256256Z 
Flutter analyze e test	Checkout das ferramentas da base revisada	2026-10-09T02:25:20.6256417Z   git switch -
Flutter analyze e test	Checkout das ferramentas da base revisada	2026-10-09T02:25:20.6256641Z 
Flutter analyze e test	Checkout das ferramentas da base revisada	2026-10-09T02:25:20.6257531Z Turn off this advice by setting config variable advice.detachedHead to false
Flutter analyze e test	Checkout das ferramentas da base revisada	2026-10-09T02:25:20.6258246Z 
Flutter analyze e test	Checkout das ferramentas da base revisada	2026-10-09T02:25:20.6258718Z HEAD is now at cf6d6fa Merge pull request #22 from israelhudson/release/1.8.0
Flutter analyze e test	Checkout das ferramentas da base revisada	2026-10-09T02:25:20.6267662Z ##[endgroup]
Flutter analyze e test	Checkout das ferramentas da base revisada	2026-10-09T02:25:20.6310738Z [command]/usr/bin/git log -1 --format=%H
Flutter analyze e test	Checkout das ferramentas da base revisada	2026-10-09T02:25:20.6335807Z cf6d6fa90e228ec10cc6d0d7a204da756d784514
Flutter analyze e test	Checkout das ferramentas da base revisada	2026-10-09T02:25:20.6346223Z ##[group]Removing auth
Flutter analyze e test	Checkout das ferramentas da base revisada	2026-10-09T02:25:20.6346780Z Removing SSH command configuration
Flutter analyze e test	Checkout das ferramentas da base revisada	2026-10-09T02:25:20.6347772Z [command]/usr/bin/git config --local --name-only --get-regexp core\.sshCommand
Flutter analyze e test	Checkout das ferramentas da base revisada	2026-10-09T02:25:20.6377291Z [command]/usr/bin/git submodule foreach --recursive sh -c "git config --local --name-only --get-regexp 'core\.sshCommand' && git config --local --unset-all 'core.sshCommand' || :"
Flutter analyze e test	Checkout das ferramentas da base revisada	2026-10-09T02:25:20.6554286Z Removing HTTP extra header
Flutter analyze e test	Checkout das ferramentas da base revisada	2026-10-09T02:25:20.6556549Z [command]/usr/bin/git config --local --name-only --get-regexp http\.https\:\/\/github\.com\/\.extraheader
Flutter analyze e test	Checkout das ferramentas da base revisada	2026-10-09T02:25:20.6589044Z [command]/usr/bin/git submodule foreach --recursive sh -c "git config --local --name-only --get-regexp 'http\.https\:\/\/github\.com\/\.extraheader' && git config --local --unset-all 'http.https://github.com/.extraheader' || :"
Flutter analyze e test	Checkout das ferramentas da base revisada	2026-10-09T02:25:20.6761959Z Removing includeIf entries pointing to credentials config files
Flutter analyze e test	Checkout das ferramentas da base revisada	2026-10-09T02:25:20.6763661Z [command]/usr/bin/git config --local --name-only --get-regexp ^includeIf\.gitdir:
Flutter analyze e test	Checkout das ferramentas da base revisada	2026-10-09T02:25:20.6789673Z includeif.gitdir:/home/runner/work/flutter_code_push_example/flutter_code_push_example/trusted/.git.path
Flutter analyze e test	Checkout das ferramentas da base revisada	2026-10-09T02:25:20.6792554Z includeif.gitdir:/home/runner/work/flutter_code_push_example/flutter_code_push_example/trusted/.git/worktrees/*.path
Flutter analyze e test	Checkout das ferramentas da base revisada	2026-10-09T02:25:20.6794872Z includeif.gitdir:/github/workspace/trusted/.git.path
Flutter analyze e test	Checkout das ferramentas da base revisada	2026-10-09T02:25:20.6796365Z includeif.gitdir:/github/workspace/trusted/.git/worktrees/*.path
Flutter analyze e test	Checkout das ferramentas da base revisada	2026-10-09T02:25:20.6800663Z [command]/usr/bin/git config --local --get-all includeif.gitdir:/home/runner/work/flutter_code_push_example/flutter_code_push_example/trusted/.git.path
Flutter analyze e test	Checkout das ferramentas da base revisada	2026-10-09T02:25:20.6820833Z /home/runner/work/_temp/git-credentials-70d486db-4614-4779-be00-e0782b78e160.config
Flutter analyze e test	Checkout das ferramentas da base revisada	2026-10-09T02:25:20.6828884Z [command]/usr/bin/git config --local --unset includeif.gitdir:/home/runner/work/flutter_code_push_example/flutter_code_push_example/trusted/.git.path \/home\/runner\/work\/_temp\/git\-credentials\-70d486db\-4614\-4779\-be00\-e0782b78e160\.config
Flutter analyze e test	Checkout das ferramentas da base revisada	2026-10-09T02:25:20.6859774Z [command]/usr/bin/git config --local --get-all includeif.gitdir:/home/runner/work/flutter_code_push_example/flutter_code_push_example/trusted/.git/worktrees/*.path
Flutter analyze e test	Checkout das ferramentas da base revisada	2026-10-09T02:25:20.6914347Z /home/runner/work/_temp/git-credentials-70d486db-4614-4779-be00-e0782b78e160.config
Flutter analyze e test	Checkout das ferramentas da base revisada	2026-10-09T02:25:20.6921102Z [command]/usr/bin/git config --local --unset includeif.gitdir:/home/runner/work/flutter_code_push_example/flutter_code_push_example/trusted/.git/worktrees/*.path \/home\/runner\/work\/_temp\/git\-credentials\-70d486db\-4614\-4779\-be00\-e0782b78e160\.config
Flutter analyze e test	Checkout das ferramentas da base revisada	2026-10-09T02:25:20.6949115Z [command]/usr/bin/git config --local --get-all includeif.gitdir:/github/workspace/trusted/.git.path
Flutter analyze e test	Checkout das ferramentas da base revisada	2026-10-09T02:25:20.6971603Z /github/runner_temp/git-credentials-70d486db-4614-4779-be00-e0782b78e160.config
Flutter analyze e test	Checkout das ferramentas da base revisada	2026-10-09T02:25:20.6979361Z [command]/usr/bin/git config --local --unset includeif.gitdir:/github/workspace/trusted/.git.path \/github\/runner_temp\/git\-credentials\-70d486db\-4614\-4779\-be00\-e0782b78e160\.config
Flutter analyze e test	Checkout das ferramentas da base revisada	2026-10-09T02:25:20.7047845Z [command]/usr/bin/git config --local --get-all includeif.gitdir:/github/workspace/trusted/.git/worktrees/*.path
Flutter analyze e test	Checkout das ferramentas da base revisada	2026-10-09T02:25:20.7072023Z /github/runner_temp/git-credentials-70d486db-4614-4779-be00-e0782b78e160.config
Flutter analyze e test	Checkout das ferramentas da base revisada	2026-10-09T02:25:20.7079624Z [command]/usr/bin/git config --local --unset includeif.gitdir:/github/workspace/trusted/.git/worktrees/*.path \/github\/runner_temp\/git\-credentials\-70d486db\-4614\-4779\-be00\-e0782b78e160\.config
Flutter analyze e test	Checkout das ferramentas da base revisada	2026-10-09T02:25:20.7105454Z [command]/usr/bin/git submodule foreach --recursive git config --local --show-origin --name-only --get-regexp remote.origin.url
Flutter analyze e test	Checkout das ferramentas da base revisada	2026-10-09T02:25:20.7277214Z Removing credentials config '/home/runner/work/_temp/git-credentials-70d486db-4614-4779-be00-e0782b78e160.config'
Flutter analyze e test	Checkout das ferramentas da base revisada	2026-10-09T02:25:20.7285771Z ##[endgroup]
Flutter analyze e test	Checkout da combinação proposta pelo PR	﻿2026-10-09T02:25:20.7599357Z ##[group]Run actions/checkout@3d3c42e5aac5ba805825da76410c181273ba90b1
Flutter analyze e test	Checkout da combinação proposta pelo PR	2026-10-09T02:25:20.7600164Z with:
Flutter analyze e test	Checkout da combinação proposta pelo PR	2026-10-09T02:25:20.7600548Z   path: app
Flutter analyze e test	Checkout da combinação proposta pelo PR	2026-10-09T02:25:20.7600959Z   persist-credentials: false
Flutter analyze e test	Checkout da combinação proposta pelo PR	2026-10-09T02:25:20.7601539Z   repository: israelhudson/flutter_code_push_example
Flutter analyze e test	Checkout da combinação proposta pelo PR	2026-10-09T02:25:20.7606719Z   token: ***
Flutter analyze e test	Checkout da combinação proposta pelo PR	2026-10-09T02:25:20.7607270Z   ssh-strict: true
Flutter analyze e test	Checkout da combinação proposta pelo PR	2026-10-09T02:25:20.7607682Z   ssh-user: git
Flutter analyze e test	Checkout da combinação proposta pelo PR	2026-10-09T02:25:20.7608080Z   clean: true
Flutter analyze e test	Checkout da combinação proposta pelo PR	2026-10-09T02:25:20.7608507Z   sparse-checkout-cone-mode: true
Flutter analyze e test	Checkout da combinação proposta pelo PR	2026-10-09T02:25:20.7609034Z   fetch-depth: 1
Flutter analyze e test	Checkout da combinação proposta pelo PR	2026-10-09T02:25:20.7609441Z   fetch-tags: false
Flutter analyze e test	Checkout da combinação proposta pelo PR	2026-10-09T02:25:20.7609871Z   show-progress: true
Flutter analyze e test	Checkout da combinação proposta pelo PR	2026-10-09T02:25:20.7610302Z   lfs: false
Flutter analyze e test	Checkout da combinação proposta pelo PR	2026-10-09T02:25:20.7610698Z   submodules: false
Flutter analyze e test	Checkout da combinação proposta pelo PR	2026-10-09T02:25:20.7611132Z   set-safe-directory: true
Flutter analyze e test	Checkout da combinação proposta pelo PR	2026-10-09T02:25:20.7611662Z   allow-unsafe-pr-checkout: false
Flutter analyze e test	Checkout da combinação proposta pelo PR	2026-10-09T02:25:20.7612181Z ##[endgroup]
Flutter analyze e test	Checkout da combinação proposta pelo PR	2026-10-09T02:25:20.8158908Z Syncing repository: israelhudson/flutter_code_push_example
Flutter analyze e test	Checkout da combinação proposta pelo PR	2026-10-09T02:25:20.8160721Z ##[group]Getting Git version info
Flutter analyze e test	Checkout da combinação proposta pelo PR	2026-10-09T02:25:20.8162047Z Working directory is '/home/runner/work/flutter_code_push_example/flutter_code_push_example/app'
Flutter analyze e test	Checkout da combinação proposta pelo PR	2026-10-09T02:25:20.8186345Z [command]/usr/bin/git version
Flutter analyze e test	Checkout da combinação proposta pelo PR	2026-10-09T02:25:20.8216535Z git version 2.55.0
Flutter analyze e test	Checkout da combinação proposta pelo PR	2026-10-09T02:25:20.8229089Z ##[endgroup]
Flutter analyze e test	Checkout da combinação proposta pelo PR	2026-10-09T02:25:20.8248589Z Temporarily overriding HOME='/home/runner/work/_temp/faf552e0-e064-435f-b2a2-36ef64eb8833' before making global git config changes
Flutter analyze e test	Checkout da combinação proposta pelo PR	2026-10-09T02:25:20.8250936Z Adding repository directory to the temporary git global config as a safe directory
Flutter analyze e test	Checkout da combinação proposta pelo PR	2026-10-09T02:25:20.8253198Z [command]/usr/bin/git config --global --add safe.directory /home/runner/work/flutter_code_push_example/flutter_code_push_example/app
Flutter analyze e test	Checkout da combinação proposta pelo PR	2026-10-09T02:25:20.8263451Z ##[group]Determining repository object format
Flutter analyze e test	Checkout da combinação proposta pelo PR	2026-10-09T02:25:20.8264996Z ##[endgroup]
Flutter analyze e test	Checkout da combinação proposta pelo PR	2026-10-09T02:25:20.8266033Z ##[group]Initializing the repository
Flutter analyze e test	Checkout da combinação proposta pelo PR	2026-10-09T02:25:20.8267576Z [command]/usr/bin/git init /home/runner/work/flutter_code_push_example/flutter_code_push_example/app
Flutter analyze e test	Checkout da combinação proposta pelo PR	2026-10-09T02:25:20.8308049Z hint: Using 'master' as the name for the initial branch. This default branch name
Flutter analyze e test	Checkout da combinação proposta pelo PR	2026-10-09T02:25:20.8309401Z hint: will change to "main" in Git 3.0. To configure the initial branch name
Flutter analyze e test	Checkout da combinação proposta pelo PR	2026-10-09T02:25:20.8310413Z hint: to use in all of your new repositories, which will suppress this warning,
Flutter analyze e test	Checkout da combinação proposta pelo PR	2026-10-09T02:25:20.8311195Z hint: call:
Flutter analyze e test	Checkout da combinação proposta pelo PR	2026-10-09T02:25:20.8311574Z hint:
Flutter analyze e test	Checkout da combinação proposta pelo PR	2026-10-09T02:25:20.8312050Z hint: 	git config --global init.defaultBranch <name>
Flutter analyze e test	Checkout da combinação proposta pelo PR	2026-10-09T02:25:20.8312739Z hint:
Flutter analyze e test	Checkout da combinação proposta pelo PR	2026-10-09T02:25:20.8313303Z hint: Names commonly chosen instead of 'master' are 'main', 'trunk' and
Flutter analyze e test	Checkout da combinação proposta pelo PR	2026-10-09T02:25:20.8314281Z hint: 'development'. The just-created branch can be renamed via this command:
Flutter analyze e test	Checkout da combinação proposta pelo PR	2026-10-09T02:25:20.8315091Z hint:
Flutter analyze e test	Checkout da combinação proposta pelo PR	2026-10-09T02:25:20.8315476Z hint: 	git branch -m <name>
Flutter analyze e test	Checkout da combinação proposta pelo PR	2026-10-09T02:25:20.8315937Z hint:
Flutter analyze e test	Checkout da combinação proposta pelo PR	2026-10-09T02:25:20.8316570Z hint: Disable this message with "git config set advice.defaultBranchName false"
Flutter analyze e test	Checkout da combinação proposta pelo PR	2026-10-09T02:25:20.8318055Z Initialized empty Git repository in /home/runner/work/flutter_code_push_example/flutter_code_push_example/app/.git/
Flutter analyze e test	Checkout da combinação proposta pelo PR	2026-10-09T02:25:20.8321700Z [command]/usr/bin/git remote add origin https://github.com/israelhudson/flutter_code_push_example
Flutter analyze e test	Checkout da combinação proposta pelo PR	2026-10-09T02:25:20.8351366Z ##[endgroup]
Flutter analyze e test	Checkout da combinação proposta pelo PR	2026-10-09T02:25:20.8352453Z ##[group]Disabling automatic garbage collection
Flutter analyze e test	Checkout da combinação proposta pelo PR	2026-10-09T02:25:20.8356693Z [command]/usr/bin/git config --local gc.auto 0
Flutter analyze e test	Checkout da combinação proposta pelo PR	2026-10-09T02:25:20.8381800Z ##[endgroup]
Flutter analyze e test	Checkout da combinação proposta pelo PR	2026-10-09T02:25:20.8382526Z ##[group]Setting up auth
Flutter analyze e test	Checkout da combinação proposta pelo PR	2026-10-09T02:25:20.8383039Z Removing SSH command configuration
Flutter analyze e test	Checkout da combinação proposta pelo PR	2026-10-09T02:25:20.8385308Z [command]/usr/bin/git config --local --name-only --get-regexp core\.sshCommand
Flutter analyze e test	Checkout da combinação proposta pelo PR	2026-10-09T02:25:20.8409573Z [command]/usr/bin/git submodule foreach --recursive sh -c "git config --local --name-only --get-regexp 'core\.sshCommand' && git config --local --unset-all 'core.sshCommand' || :"
Flutter analyze e test	Checkout da combinação proposta pelo PR	2026-10-09T02:25:20.8598526Z Removing HTTP extra header
Flutter analyze e test	Checkout da combinação proposta pelo PR	2026-10-09T02:25:20.8603448Z [command]/usr/bin/git config --local --name-only --get-regexp http\.https\:\/\/github\.com\/\.extraheader
Flutter analyze e test	Checkout da combinação proposta pelo PR	2026-10-09T02:25:20.8641445Z [command]/usr/bin/git submodule foreach --recursive sh -c "git config --local --name-only --get-regexp 'http\.https\:\/\/github\.com\/\.extraheader' && git config --local --unset-all 'http.https://github.com/.extraheader' || :"
Flutter analyze e test	Checkout da combinação proposta pelo PR	2026-10-09T02:25:20.8824753Z Removing includeIf entries pointing to credentials config files
Flutter analyze e test	Checkout da combinação proposta pelo PR	2026-10-09T02:25:20.8828679Z [command]/usr/bin/git config --local --name-only --get-regexp ^includeIf\.gitdir:
Flutter analyze e test	Checkout da combinação proposta pelo PR	2026-10-09T02:25:20.8859228Z [command]/usr/bin/git submodule foreach --recursive git config --local --show-origin --name-only --get-regexp remote.origin.url
Flutter analyze e test	Checkout da combinação proposta pelo PR	2026-10-09T02:25:20.9030182Z [command]/usr/bin/git config --file /home/runner/work/_temp/git-credentials-54f4cc17-a641-44c1-8947-493635bd21dd.config http.https://github.com/.extraheader AUTHORIZATION: basic ***
Flutter analyze e test	Checkout da combinação proposta pelo PR	2026-10-09T02:25:20.9061093Z [command]/usr/bin/git config --local includeIf.gitdir:/home/runner/work/flutter_code_push_example/flutter_code_push_example/app/.git.path /home/runner/work/_temp/git-credentials-54f4cc17-a641-44c1-8947-493635bd21dd.config
Flutter analyze e test	Checkout da combinação proposta pelo PR	2026-10-09T02:25:20.9089115Z [command]/usr/bin/git config --local includeIf.gitdir:/home/runner/work/flutter_code_push_example/flutter_code_push_example/app/.git/worktrees/*.path /home/runner/work/_temp/git-credentials-54f4cc17-a641-44c1-8947-493635bd21dd.config
Flutter analyze e test	Checkout da combinação proposta pelo PR	2026-10-09T02:25:20.9116138Z [command]/usr/bin/git config --local includeIf.gitdir:/github/workspace/app/.git.path /github/runner_temp/git-credentials-54f4cc17-a641-44c1-8947-493635bd21dd.config
Flutter analyze e test	Checkout da combinação proposta pelo PR	2026-10-09T02:25:20.9144643Z [command]/usr/bin/git config --local includeIf.gitdir:/github/workspace/app/.git/worktrees/*.path /github/runner_temp/git-credentials-54f4cc17-a641-44c1-8947-493635bd21dd.config
Flutter analyze e test	Checkout da combinação proposta pelo PR	2026-10-09T02:25:20.9169978Z ##[endgroup]
Flutter analyze e test	Checkout da combinação proposta pelo PR	2026-10-09T02:25:20.9170716Z ##[group]Fetching the repository
Flutter analyze e test	Checkout da combinação proposta pelo PR	2026-10-09T02:25:20.9174527Z [command]/usr/bin/git -c protocol.version=2 fetch --no-tags --prune --no-recurse-submodules --depth=1 origin +18f6ecaaaba75ba223ea89b2420cb0b0d931bca0:refs/remotes/pull/23/merge
Flutter analyze e test	Checkout da combinação proposta pelo PR	2026-10-09T02:25:21.5185315Z From https://github.com/israelhudson/flutter_code_push_example
Flutter analyze e test	Checkout da combinação proposta pelo PR	2026-10-09T02:25:21.5185744Z  * [new ref]         18f6ecaaaba75ba223ea89b2420cb0b0d931bca0 -> pull/23/merge
Flutter analyze e test	Checkout da combinação proposta pelo PR	2026-10-09T02:25:21.5189996Z ##[endgroup]
Flutter analyze e test	Checkout da combinação proposta pelo PR	2026-10-09T02:25:21.5190323Z ##[group]Determining the checkout info
Flutter analyze e test	Checkout da combinação proposta pelo PR	2026-10-09T02:25:21.5190769Z ##[endgroup]
Flutter analyze e test	Checkout da combinação proposta pelo PR	2026-10-09T02:25:21.5194397Z [command]/usr/bin/git sparse-checkout disable
Flutter analyze e test	Checkout da combinação proposta pelo PR	2026-10-09T02:25:21.5244672Z [command]/usr/bin/git config --local --unset-all extensions.worktreeConfig
Flutter analyze e test	Checkout da combinação proposta pelo PR	2026-10-09T02:25:21.5272314Z ##[group]Checking out the ref
Flutter analyze e test	Checkout da combinação proposta pelo PR	2026-10-09T02:25:21.5274634Z [command]/usr/bin/git checkout --progress --force refs/remotes/pull/23/merge
Flutter analyze e test	Checkout da combinação proposta pelo PR	2026-10-09T02:25:21.5519881Z Note: switching to 'refs/remotes/pull/23/merge'.
Flutter analyze e test	Checkout da combinação proposta pelo PR	2026-10-09T02:25:21.5520285Z 
Flutter analyze e test	Checkout da combinação proposta pelo PR	2026-10-09T02:25:21.5520654Z You are in 'detached HEAD' state. You can look around, make experimental
Flutter analyze e test	Checkout da combinação proposta pelo PR	2026-10-09T02:25:21.5521195Z changes and commit them, and you can discard any commits you make in this
Flutter analyze e test	Checkout da combinação proposta pelo PR	2026-10-09T02:25:21.5521769Z state without impacting any branches by switching back to a branch.
Flutter analyze e test	Checkout da combinação proposta pelo PR	2026-10-09T02:25:21.5522348Z 
Flutter analyze e test	Checkout da combinação proposta pelo PR	2026-10-09T02:25:21.5522810Z If you want to create a new branch to retain commits you create, you may
Flutter analyze e test	Checkout da combinação proposta pelo PR	2026-10-09T02:25:21.5523280Z do so (now or later) by using -c with the switch command. Example:
Flutter analyze e test	Checkout da combinação proposta pelo PR	2026-10-09T02:25:21.5523511Z 
Flutter analyze e test	Checkout da combinação proposta pelo PR	2026-10-09T02:25:21.5523614Z   git switch -c <new-branch-name>
Flutter analyze e test	Checkout da combinação proposta pelo PR	2026-10-09T02:25:21.5523772Z 
Flutter analyze e test	Checkout da combinação proposta pelo PR	2026-10-09T02:25:21.5523858Z Or undo this operation with:
Flutter analyze e test	Checkout da combinação proposta pelo PR	2026-10-09T02:25:21.5523999Z 
Flutter analyze e test	Checkout da combinação proposta pelo PR	2026-10-09T02:25:21.5524104Z   git switch -
Flutter analyze e test	Checkout da combinação proposta pelo PR	2026-10-09T02:25:21.5524261Z 
Flutter analyze e test	Checkout da combinação proposta pelo PR	2026-10-09T02:25:21.5524495Z Turn off this advice by setting config variable advice.detachedHead to false
Flutter analyze e test	Checkout da combinação proposta pelo PR	2026-10-09T02:25:21.5524829Z 
Flutter analyze e test	Checkout da combinação proposta pelo PR	2026-10-09T02:25:21.5525216Z HEAD is now at 18f6eca Merge fa2859c655521080c45e320337dccaeae5cd3f90 into cf6d6fa90e228ec10cc6d0d7a204da756d784514
Flutter analyze e test	Checkout da combinação proposta pelo PR	2026-10-09T02:25:21.5527130Z ##[endgroup]
Flutter analyze e test	Checkout da combinação proposta pelo PR	2026-10-09T02:25:21.5559121Z [command]/usr/bin/git log -1 --format=%H
Flutter analyze e test	Checkout da combinação proposta pelo PR	2026-10-09T02:25:21.5580900Z 18f6ecaaaba75ba223ea89b2420cb0b0d931bca0
Flutter analyze e test	Checkout da combinação proposta pelo PR	2026-10-09T02:25:21.5587950Z ##[group]Removing auth
Flutter analyze e test	Checkout da combinação proposta pelo PR	2026-10-09T02:25:21.5588322Z Removing SSH command configuration
Flutter analyze e test	Checkout da combinação proposta pelo PR	2026-10-09T02:25:21.5590770Z [command]/usr/bin/git config --local --name-only --get-regexp core\.sshCommand
Flutter analyze e test	Checkout da combinação proposta pelo PR	2026-10-09T02:25:21.5618277Z [command]/usr/bin/git submodule foreach --recursive sh -c "git config --local --name-only --get-regexp 'core\.sshCommand' && git config --local --unset-all 'core.sshCommand' || :"
Flutter analyze e test	Checkout da combinação proposta pelo PR	2026-10-09T02:25:21.5787837Z Removing HTTP extra header
Flutter analyze e test	Checkout da combinação proposta pelo PR	2026-10-09T02:25:21.5788470Z [command]/usr/bin/git config --local --name-only --get-regexp http\.https\:\/\/github\.com\/\.extraheader
Flutter analyze e test	Checkout da combinação proposta pelo PR	2026-10-09T02:25:21.5814848Z [command]/usr/bin/git submodule foreach --recursive sh -c "git config --local --name-only --get-regexp 'http\.https\:\/\/github\.com\/\.extraheader' && git config --local --unset-all 'http.https://github.com/.extraheader' || :"
Flutter analyze e test	Checkout da combinação proposta pelo PR	2026-10-09T02:25:21.5981295Z Removing includeIf entries pointing to credentials config files
Flutter analyze e test	Checkout da combinação proposta pelo PR	2026-10-09T02:25:21.5983665Z [command]/usr/bin/git config --local --name-only --get-regexp ^includeIf\.gitdir:
Flutter analyze e test	Checkout da combinação proposta pelo PR	2026-10-09T02:25:21.6004958Z includeif.gitdir:/home/runner/work/flutter_code_push_example/flutter_code_push_example/app/.git.path
Flutter analyze e test	Checkout da combinação proposta pelo PR	2026-10-09T02:25:21.6005655Z includeif.gitdir:/home/runner/work/flutter_code_push_example/flutter_code_push_example/app/.git/worktrees/*.path
Flutter analyze e test	Checkout da combinação proposta pelo PR	2026-10-09T02:25:21.6006029Z includeif.gitdir:/github/workspace/app/.git.path
Flutter analyze e test	Checkout da combinação proposta pelo PR	2026-10-09T02:25:21.6006300Z includeif.gitdir:/github/workspace/app/.git/worktrees/*.path
Flutter analyze e test	Checkout da combinação proposta pelo PR	2026-10-09T02:25:21.6010925Z [command]/usr/bin/git config --local --get-all includeif.gitdir:/home/runner/work/flutter_code_push_example/flutter_code_push_example/app/.git.path
Flutter analyze e test	Checkout da combinação proposta pelo PR	2026-10-09T02:25:21.6032257Z /home/runner/work/_temp/git-credentials-54f4cc17-a641-44c1-8947-493635bd21dd.config
Flutter analyze e test	Checkout da combinação proposta pelo PR	2026-10-09T02:25:21.6038680Z [command]/usr/bin/git config --local --unset includeif.gitdir:/home/runner/work/flutter_code_push_example/flutter_code_push_example/app/.git.path \/home\/runner\/work\/_temp\/git\-credentials\-54f4cc17\-a641\-44c1\-8947\-493635bd21dd\.config
Flutter analyze e test	Checkout da combinação proposta pelo PR	2026-10-09T02:25:21.6067408Z [command]/usr/bin/git config --local --get-all includeif.gitdir:/home/runner/work/flutter_code_push_example/flutter_code_push_example/app/.git/worktrees/*.path
Flutter analyze e test	Checkout da combinação proposta pelo PR	2026-10-09T02:25:21.6088508Z /home/runner/work/_temp/git-credentials-54f4cc17-a641-44c1-8947-493635bd21dd.config
Flutter analyze e test	Checkout da combinação proposta pelo PR	2026-10-09T02:25:21.6093524Z [command]/usr/bin/git config --local --unset includeif.gitdir:/home/runner/work/flutter_code_push_example/flutter_code_push_example/app/.git/worktrees/*.path \/home\/runner\/work\/_temp\/git\-credentials\-54f4cc17\-a641\-44c1\-8947\-493635bd21dd\.config
Flutter analyze e test	Checkout da combinação proposta pelo PR	2026-10-09T02:25:21.6119957Z [command]/usr/bin/git config --local --get-all includeif.gitdir:/github/workspace/app/.git.path
Flutter analyze e test	Checkout da combinação proposta pelo PR	2026-10-09T02:25:21.6140400Z /github/runner_temp/git-credentials-54f4cc17-a641-44c1-8947-493635bd21dd.config
Flutter analyze e test	Checkout da combinação proposta pelo PR	2026-10-09T02:25:21.6145433Z [command]/usr/bin/git config --local --unset includeif.gitdir:/github/workspace/app/.git.path \/github\/runner_temp\/git\-credentials\-54f4cc17\-a641\-44c1\-8947\-493635bd21dd\.config
Flutter analyze e test	Checkout da combinação proposta pelo PR	2026-10-09T02:25:21.6174045Z [command]/usr/bin/git config --local --get-all includeif.gitdir:/github/workspace/app/.git/worktrees/*.path
Flutter analyze e test	Checkout da combinação proposta pelo PR	2026-10-09T02:25:21.6194631Z /github/runner_temp/git-credentials-54f4cc17-a641-44c1-8947-493635bd21dd.config
Flutter analyze e test	Checkout da combinação proposta pelo PR	2026-10-09T02:25:21.6203387Z [command]/usr/bin/git config --local --unset includeif.gitdir:/github/workspace/app/.git/worktrees/*.path \/github\/runner_temp\/git\-credentials\-54f4cc17\-a641\-44c1\-8947\-493635bd21dd\.config
Flutter analyze e test	Checkout da combinação proposta pelo PR	2026-10-09T02:25:21.6232654Z [command]/usr/bin/git submodule foreach --recursive git config --local --show-origin --name-only --get-regexp remote.origin.url
Flutter analyze e test	Checkout da combinação proposta pelo PR	2026-10-09T02:25:21.6393108Z Removing credentials config '/home/runner/work/_temp/git-credentials-54f4cc17-a641-44c1-8947-493635bd21dd.config'
Flutter analyze e test	Checkout da combinação proposta pelo PR	2026-10-09T02:25:21.6400083Z ##[endgroup]
Flutter analyze e test	Instalar Flutter fixado na candidata	﻿2026-10-09T02:25:21.6568557Z Prepare all required actions
Flutter analyze e test	Instalar Flutter fixado na candidata	2026-10-09T02:25:21.6622936Z ##[group]Run ./trusted/.github/actions/setup-flutter
Flutter analyze e test	Instalar Flutter fixado na candidata	2026-10-09T02:25:21.6623162Z with:
Flutter analyze e test	Instalar Flutter fixado na candidata	2026-10-09T02:25:21.6623338Z   build-inputs: app/delivery/build-inputs.json
Flutter analyze e test	Instalar Flutter fixado na candidata	2026-10-09T02:25:21.6623541Z ##[endgroup]
Flutter analyze e test	Instalar Flutter fixado na candidata	2026-10-09T02:25:21.6661708Z ##[start-action display=Run python3 - <<'PY';id=__self.inputs]
Flutter analyze e test	Instalar Flutter fixado na candidata	2026-10-09T02:25:21.6693424Z ##[group]Run python3 - <<'PY'
Flutter analyze e test	Instalar Flutter fixado na candidata	2026-10-09T02:25:21.6693684Z ^[[36;1mpython3 - <<'PY'^[[0m
Flutter analyze e test	Instalar Flutter fixado na candidata	2026-10-09T02:25:21.6693860Z ^[[36;1mimport json, os, re^[[0m
Flutter analyze e test	Instalar Flutter fixado na candidata	2026-10-09T02:25:21.6694044Z ^[[36;1mfrom pathlib import Path^[[0m
Flutter analyze e test	Instalar Flutter fixado na candidata	2026-10-09T02:25:21.6694286Z ^[[36;1mworkspace = Path(os.environ['GITHUB_WORKSPACE']).resolve()^[[0m
Flutter analyze e test	Instalar Flutter fixado na candidata	2026-10-09T02:25:21.6694564Z ^[[36;1mpath = Path(os.environ['BUILD_INPUTS']).resolve()^[[0m
Flutter analyze e test	Instalar Flutter fixado na candidata	2026-10-09T02:25:21.6694824Z ^[[36;1mif not path.is_relative_to(workspace):^[[0m
Flutter analyze e test	Instalar Flutter fixado na candidata	2026-10-09T02:25:21.6695110Z ^[[36;1m    raise ValueError('Build inputs precisa pertencer ao checkout deste job.')^[[0m
Flutter analyze e test	Instalar Flutter fixado na candidata	2026-10-09T02:25:21.6695389Z ^[[36;1minputs = json.loads(path.read_text())^[[0m
Flutter analyze e test	Instalar Flutter fixado na candidata	2026-10-09T02:25:21.6695691Z ^[[36;1mversion, revision = inputs['flutter_version'], inputs['flutter_revision']^[[0m
Flutter analyze e test	Instalar Flutter fixado na candidata	2026-10-09T02:25:21.6696051Z ^[[36;1mif not re.fullmatch(r'[0-9]+\.[0-9]+\.[0-9]+', version) or not re.fullmatch(r'[0-9a-f]{40}', revision):^[[0m
Flutter analyze e test	Instalar Flutter fixado na candidata	2026-10-09T02:25:21.6696421Z ^[[36;1m    raise ValueError('Versão e revisão Flutter precisam estar fixadas.')^[[0m
Flutter analyze e test	Instalar Flutter fixado na candidata	2026-10-09T02:25:21.6696723Z ^[[36;1mwith open(os.environ['GITHUB_OUTPUT'], 'a') as f:^[[0m
Flutter analyze e test	Instalar Flutter fixado na candidata	2026-10-09T02:25:21.6697123Z ^[[36;1m    f.write('version=' + version + '\nrevision=' + revision + '\n')^[[0m
Flutter analyze e test	Instalar Flutter fixado na candidata	2026-10-09T02:25:21.6697354Z ^[[36;1mPY^[[0m
Flutter analyze e test	Instalar Flutter fixado na candidata	2026-10-09T02:25:21.6931077Z shell: /usr/bin/bash --noprofile --norc -e -o pipefail {0}
Flutter analyze e test	Instalar Flutter fixado na candidata	2026-10-09T02:25:21.6931322Z env:
Flutter analyze e test	Instalar Flutter fixado na candidata	2026-10-09T02:25:21.6931651Z   BUILD_INPUTS: app/delivery/build-inputs.json
Flutter analyze e test	Instalar Flutter fixado na candidata	2026-10-09T02:25:21.6931856Z ##[endgroup]
Flutter analyze e test	Instalar Flutter fixado na candidata	2026-10-09T02:25:21.7209800Z ##[end-action id=__self.inputs;outcome=success;conclusion=success;duration_ms=54]
Flutter analyze e test	Instalar Flutter fixado na candidata	2026-10-09T02:25:21.7214400Z ##[start-action display=Instalar e conferir o SDK;id=__self.__run]
Flutter analyze e test	Instalar Flutter fixado na candidata	2026-10-09T02:25:21.7235436Z ##[group]Run set -euo pipefail
Flutter analyze e test	Instalar Flutter fixado na candidata	2026-10-09T02:25:21.7235662Z ^[[36;1mset -euo pipefail^[[0m
Flutter analyze e test	Instalar Flutter fixado na candidata	2026-10-09T02:25:21.7235860Z ^[[36;1mSDK_PATH="$RUNNER_TEMP/flutter-delivery"^[[0m
Flutter analyze e test	Instalar Flutter fixado na candidata	2026-10-09T02:25:21.7236240Z ^[[36;1mgit clone --no-checkout --depth 1 --branch "$FLUTTER_VERSION" https://github.com/flutter/flutter.git "$SDK_PATH"^[[0m
Flutter analyze e test	Instalar Flutter fixado na candidata	2026-10-09T02:25:21.7236637Z ^[[36;1mtest "$(git -C "$SDK_PATH" rev-parse HEAD)" = "$FLUTTER_REVISION"^[[0m
Flutter analyze e test	Instalar Flutter fixado na candidata	2026-10-09T02:25:21.7237116Z ^[[36;1mgit -C "$SDK_PATH" checkout --detach "$FLUTTER_REVISION"^[[0m
Flutter analyze e test	Instalar Flutter fixado na candidata	2026-10-09T02:25:21.7237441Z ^[[36;1m# The first invocation bootstraps the tool and prints a welcome banner.^[[0m
Flutter analyze e test	Instalar Flutter fixado na candidata	2026-10-09T02:25:21.7237758Z ^[[36;1m# Run it before helpers parse --version --machine as strict JSON.^[[0m
Flutter analyze e test	Instalar Flutter fixado na candidata	2026-10-09T02:25:21.7238024Z ^[[36;1m"$SDK_PATH/bin/flutter" --version^[[0m
Flutter analyze e test	Instalar Flutter fixado na candidata	2026-10-09T02:25:21.7238240Z ^[[36;1mecho "$SDK_PATH/bin" >> "$GITHUB_PATH"^[[0m
Flutter analyze e test	Instalar Flutter fixado na candidata	2026-10-09T02:25:21.7286455Z shell: /usr/bin/bash --noprofile --norc -e -o pipefail {0}
Flutter analyze e test	Instalar Flutter fixado na candidata	2026-10-09T02:25:21.7286688Z env:
Flutter analyze e test	Instalar Flutter fixado na candidata	2026-10-09T02:25:21.7286989Z   FLUTTER_VERSION: 3.44.1
Flutter analyze e test	Instalar Flutter fixado na candidata	2026-10-09T02:25:21.7287194Z   FLUTTER_REVISION: 924134a44c189315be2148659913dda1671cbe99
Flutter analyze e test	Instalar Flutter fixado na candidata	2026-10-09T02:25:21.7287419Z ##[endgroup]
Flutter analyze e test	Instalar Flutter fixado na candidata	2026-10-09T02:25:21.7359047Z Cloning into '/home/runner/work/_temp/flutter-delivery'...
Flutter analyze e test	Instalar Flutter fixado na candidata	2026-10-09T02:25:28.3778907Z HEAD is now at 924134a4 Update CHANGELOG with Flutter 3.44 changes (#187258)
Flutter analyze e test	Instalar Flutter fixado na candidata	2026-10-09T02:25:28.4102338Z Downloading Linux x64 Dart SDK from Flutter engine c416acfeb8126e097f758c664aaa3da929e27da0...
Flutter analyze e test	Instalar Flutter fixado na candidata	2026-10-09T02:25:28.4181813Z   % Total    % Received % Xferd  Average Speed   Time    Time     Time  Current
Flutter analyze e test	Instalar Flutter fixado na candidata	2026-10-09T02:25:28.4182247Z                                  Dload  Upload   Total   Spent    Left  Speed
Flutter analyze e test	Instalar Flutter fixado na candidata	2026-10-09T02:25:28.4182472Z 
Flutter analyze e test	Instalar Flutter fixado na candidata	2026-10-09T02:25:28.6839876Z   0     0    0     0    0     0      0      0 --:--:-- --:--:-- --:--:--     0
Flutter analyze e test	Instalar Flutter fixado na candidata	2026-10-09T02:25:29.6834681Z   0  222M    0 1012k    0     0  3809k      0  0:00:59 --:--:--  0:00:59 3808k
Flutter analyze e test	Instalar Flutter fixado na candidata	2026-10-09T02:25:30.1687858Z  53  222M   53  118M    0     0  93.8M      0  0:00:02  0:00:01  0:00:01 93.8M
Flutter analyze e test	Instalar Flutter fixado na candidata	2026-10-09T02:25:30.1688191Z 100  222M  100  222M    0     0   127M      0  0:00:01  0:00:01 --:--:--  126M
Flutter analyze e test	Instalar Flutter fixado na candidata	2026-10-09T02:25:33.7099308Z Building flutter tool...
Flutter analyze e test	Instalar Flutter fixado na candidata	2026-10-09T02:25:33.7215709Z Resolving dependencies...
Flutter analyze e test	Instalar Flutter fixado na candidata	2026-10-09T02:25:34.2652335Z Downloading packages...
Flutter analyze e test	Instalar Flutter fixado na candidata	2026-10-09T02:25:37.8675308Z + _fe_analyzer_shared 95.0.0 (109.0.0 available)
Flutter analyze e test	Instalar Flutter fixado na candidata	2026-10-09T02:25:37.8675706Z + analyzer 10.1.0 (14.5.0 available)
Flutter analyze e test	Instalar Flutter fixado na candidata	2026-10-09T02:25:37.8675942Z + archive 3.6.1 (4.3.0 available)
Flutter analyze e test	Instalar Flutter fixado na candidata	2026-10-09T02:25:37.8676162Z + args 2.7.0
Flutter analyze e test	Instalar Flutter fixado na candidata	2026-10-09T02:25:37.8676333Z + async 2.13.1
Flutter analyze e test	Instalar Flutter fixado na candidata	2026-10-09T02:25:37.8676515Z + boolean_selector 2.1.2
Flutter analyze e test	Instalar Flutter fixado na candidata	2026-10-09T02:25:37.8676723Z + browser_launcher 1.1.3 (1.2.0 available)
Flutter analyze e test	Instalar Flutter fixado na candidata	2026-10-09T02:25:37.8677125Z + built_collection 5.1.1 (5.1.2 available)
Flutter analyze e test	Instalar Flutter fixado na candidata	2026-10-09T02:25:37.8677359Z + built_value 8.12.5 (8.13.0 available)
Flutter analyze e test	Instalar Flutter fixado na candidata	2026-10-09T02:25:37.8677573Z + checked_yaml 2.0.4
Flutter analyze e test	Instalar Flutter fixado na candidata	2026-10-09T02:25:37.8677769Z + cli_config 0.2.0
Flutter analyze e test	Instalar Flutter fixado na candidata	2026-10-09T02:25:37.8677945Z + clock 1.1.2 (1.1.3 available)
Flutter analyze e test	Instalar Flutter fixado na candidata	2026-10-09T02:25:37.8678156Z + code_assets 1.0.0 (2.1.0 available)
Flutter analyze e test	Instalar Flutter fixado na candidata	2026-10-09T02:25:37.8678385Z + code_builder 4.11.1 (4.12.0 available)
Flutter analyze e test	Instalar Flutter fixado na candidata	2026-10-09T02:25:37.8678604Z + collection 1.19.1
Flutter analyze e test	Instalar Flutter fixado na candidata	2026-10-09T02:25:37.8678781Z + completion 1.0.2
Flutter analyze e test	Instalar Flutter fixado na candidata	2026-10-09T02:25:37.8678953Z + convert 3.1.2
Flutter analyze e test	Instalar Flutter fixado na candidata	2026-10-09T02:25:37.8679166Z + coverage 1.15.0 (1.15.1 available)
Flutter analyze e test	Instalar Flutter fixado na candidata	2026-10-09T02:25:37.8679371Z + crypto 3.0.7
Flutter analyze e test	Instalar Flutter fixado na candidata	2026-10-09T02:25:37.8679527Z + csslib 1.0.2
Flutter analyze e test	Instalar Flutter fixado na candidata	2026-10-09T02:25:37.8679684Z + dap 1.4.0
Flutter analyze e test	Instalar Flutter fixado na candidata	2026-10-09T02:25:37.8679858Z + dart_service_protocol_shared 0.0.3
Flutter analyze e test	Instalar Flutter fixado na candidata	2026-10-09T02:25:37.8680079Z + dart_style 3.1.7 (3.1.13 available)
Flutter analyze e test	Instalar Flutter fixado na candidata	2026-10-09T02:25:37.8680292Z + data_assets 0.19.6 (0.20.0 available)
Flutter analyze e test	Instalar Flutter fixado na candidata	2026-10-09T02:25:37.8680726Z + dds 5.3.0 (5.4.0 available)
Flutter analyze e test	Instalar Flutter fixado na candidata	2026-10-09T02:25:37.8680932Z + dds_service_extensions 2.1.0
Flutter analyze e test	Instalar Flutter fixado na candidata	2026-10-09T02:25:37.8681150Z + devtools_shared 12.1.0 (14.0.0 available)
Flutter analyze e test	Instalar Flutter fixado na candidata	2026-10-09T02:25:37.8681367Z + dtd 4.0.0
Flutter analyze e test	Instalar Flutter fixado na candidata	2026-10-09T02:25:37.8681529Z + dwds 26.2.5 (27.1.4 available)
Flutter analyze e test	Instalar Flutter fixado na candidata	2026-10-09T02:25:37.8681715Z + extension_discovery 2.1.0
Flutter analyze e test	Instalar Flutter fixado na candidata	2026-10-09T02:25:37.8681898Z + fake_async 1.3.3
Flutter analyze e test	Instalar Flutter fixado na candidata	2026-10-09T02:25:37.8682093Z + ffi 2.2.0
Flutter analyze e test	Instalar Flutter fixado na candidata	2026-10-09T02:25:37.8682245Z + file 7.0.1
Flutter analyze e test	Instalar Flutter fixado na candidata	2026-10-09T02:25:37.8682421Z + file_testing 3.0.2 (3.1.0 available)
Flutter analyze e test	Instalar Flutter fixado na candidata	2026-10-09T02:25:37.8682637Z + fixnum 1.1.1
Flutter analyze e test	Instalar Flutter fixado na candidata	2026-10-09T02:25:37.8682836Z + flutter_template_images 5.0.0 (5.0.1 available)
Flutter analyze e test	Instalar Flutter fixado na candidata	2026-10-09T02:25:37.8683121Z + frontend_server_client 4.0.0 (4.1.0 available)
Flutter analyze e test	Instalar Flutter fixado na candidata	2026-10-09T02:25:37.8683371Z + glob 2.1.3 (2.2.0 available)
Flutter analyze e test	Instalar Flutter fixado na candidata	2026-10-09T02:25:37.8683569Z + graphs 2.3.2
Flutter analyze e test	Instalar Flutter fixado na candidata	2026-10-09T02:25:37.8683739Z + hooks 1.0.2 (2.2.0 available)
Flutter analyze e test	Instalar Flutter fixado na candidata	2026-10-09T02:25:37.8683950Z + hooks_runner 1.1.1 (1.6.4 available)
Flutter analyze e test	Instalar Flutter fixado na candidata	2026-10-09T02:25:37.8684173Z + html 0.15.6 (0.15.7 available)
Flutter analyze e test	Instalar Flutter fixado na candidata	2026-10-09T02:25:37.8684377Z + http 1.6.0
Flutter analyze e test	Instalar Flutter fixado na candidata	2026-10-09T02:25:37.8684548Z + http_multi_server 3.2.2
Flutter analyze e test	Instalar Flutter fixado na candidata	2026-10-09T02:25:37.8684742Z + http_parser 4.1.2
Flutter analyze e test	Instalar Flutter fixado na candidata	2026-10-09T02:25:37.8684924Z + intl 0.20.2 (0.20.3 available)
Flutter analyze e test	Instalar Flutter fixado na candidata	2026-10-09T02:25:37.8685133Z + io 1.0.5 (1.1.0 available)
Flutter analyze e test	Instalar Flutter fixado na candidata	2026-10-09T02:25:37.8685336Z + js 0.7.2 (discontinued)
Flutter analyze e test	Instalar Flutter fixado na candidata	2026-10-09T02:25:37.8685544Z + json_annotation 4.11.0 (4.12.0 available)
Flutter analyze e test	Instalar Flutter fixado na candidata	2026-10-09T02:25:37.8685773Z + json_rpc_2 4.1.0
Flutter analyze e test	Instalar Flutter fixado na candidata	2026-10-09T02:25:37.8685945Z + logging 1.3.0
Flutter analyze e test	Instalar Flutter fixado na candidata	2026-10-09T02:25:37.8686130Z + matcher 0.12.19 (0.12.20 available)
Flutter analyze e test	Instalar Flutter fixado na candidata	2026-10-09T02:25:37.8686351Z + meta 1.18.0 (1.19.0 available)
Flutter analyze e test	Instalar Flutter fixado na candidata	2026-10-09T02:25:37.8686557Z + mime 2.0.0 (2.1.0 available)
Flutter analyze e test	Instalar Flutter fixado na candidata	2026-10-09T02:25:37.8686771Z + multicast_dns 0.3.3 (0.3.3+1 available)
Flutter analyze e test	Instalar Flutter fixado na candidata	2026-10-09T02:25:37.8687145Z + mustache_template 2.0.4 (2.0.6 available)
Flutter analyze e test	Instalar Flutter fixado na candidata	2026-10-09T02:25:37.8687398Z + native_stack_traces 0.6.1 (0.7.0 available)
Flutter analyze e test	Instalar Flutter fixado na candidata	2026-10-09T02:25:37.8687640Z + node_preamble 2.0.2
Flutter analyze e test	Instalar Flutter fixado na candidata	2026-10-09T02:25:37.8687843Z + package_config 2.2.0 (3.0.0 available)
Flutter analyze e test	Instalar Flutter fixado na candidata	2026-10-09T02:25:37.8688073Z + path 1.9.1
Flutter analyze e test	Instalar Flutter fixado na candidata	2026-10-09T02:25:37.8688239Z + petitparser 7.0.2 (7.1.0 available)
Flutter analyze e test	Instalar Flutter fixado na candidata	2026-10-09T02:25:37.8688446Z + platform 3.1.6 (3.2.0 available)
Flutter analyze e test	Instalar Flutter fixado na candidata	2026-10-09T02:25:37.8688641Z + pool 1.5.2 (1.5.3 available)
Flutter analyze e test	Instalar Flutter fixado na candidata	2026-10-09T02:25:37.8689011Z + process 5.0.5 (5.0.6 available)
Flutter analyze e test	Instalar Flutter fixado na candidata	2026-10-09T02:25:37.8689223Z + pub_semver 2.2.0 (2.2.1 available)
Flutter analyze e test	Instalar Flutter fixado na candidata	2026-10-09T02:25:37.8689443Z + pubspec_parse 1.5.0 (1.6.0 available)
Flutter analyze e test	Instalar Flutter fixado na candidata	2026-10-09T02:25:37.8689667Z + record_use 0.6.0 (1.1.1 available)
Flutter analyze e test	Instalar Flutter fixado na candidata	2026-10-09T02:25:37.8689873Z + shelf 1.4.2
Flutter analyze e test	Instalar Flutter fixado na candidata	2026-10-09T02:25:37.8690048Z + shelf_packages_handler 3.0.2
Flutter analyze e test	Instalar Flutter fixado na candidata	2026-10-09T02:25:37.8690249Z + shelf_proxy 1.0.4 (1.0.5 available)
Flutter analyze e test	Instalar Flutter fixado na candidata	2026-10-09T02:25:37.8714239Z + shelf_static 1.1.3
Flutter analyze e test	Instalar Flutter fixado na candidata	2026-10-09T02:25:37.8714462Z + shelf_web_socket 3.0.0
Flutter analyze e test	Instalar Flutter fixado na candidata	2026-10-09T02:25:37.8714666Z + source_map_stack_trace 2.1.2
Flutter analyze e test	Instalar Flutter fixado na candidata	2026-10-09T02:25:37.8714879Z + source_maps 0.10.13 (0.10.14 available)
Flutter analyze e test	Instalar Flutter fixado na candidata	2026-10-09T02:25:37.8715099Z + source_span 1.10.2
Flutter analyze e test	Instalar Flutter fixado na candidata	2026-10-09T02:25:37.8715269Z + sprintf 7.0.0
Flutter analyze e test	Instalar Flutter fixado na candidata	2026-10-09T02:25:37.8715452Z + sse 4.1.8 (4.2.0 available)
Flutter analyze e test	Instalar Flutter fixado na candidata	2026-10-09T02:25:37.8715650Z + stack_trace 1.12.1 (1.12.2 available)
Flutter analyze e test	Instalar Flutter fixado na candidata	2026-10-09T02:25:37.8715892Z + standard_message_codec 0.0.1+4 (0.0.1+5 available)
Flutter analyze e test	Instalar Flutter fixado na candidata	2026-10-09T02:25:37.8716141Z + stream_channel 2.1.4
Flutter analyze e test	Instalar Flutter fixado na candidata	2026-10-09T02:25:37.8716326Z + string_scanner 1.4.1
Flutter analyze e test	Instalar Flutter fixado na candidata	2026-10-09T02:25:37.8716501Z + sync_http 0.3.1
Flutter analyze e test	Instalar Flutter fixado na candidata	2026-10-09T02:25:37.8716667Z + term_glyph 1.2.2
Flutter analyze e test	Instalar Flutter fixado na candidata	2026-10-09T02:25:37.8716966Z + test 1.31.0 (1.33.0 available)
Flutter analyze e test	Instalar Flutter fixado na candidata	2026-10-09T02:25:37.8717166Z + test_api 0.7.11 (0.7.15 available)
Flutter analyze e test	Instalar Flutter fixado na candidata	2026-10-09T02:25:37.8717372Z + test_core 0.6.17 (0.6.21 available)
Flutter analyze e test	Instalar Flutter fixado na candidata	2026-10-09T02:25:37.8717572Z + typed_data 1.4.0
Flutter analyze e test	Instalar Flutter fixado na candidata	2026-10-09T02:25:37.8717775Z + unified_analytics 8.0.14 (8.0.18 available)
Flutter analyze e test	Instalar Flutter fixado na candidata	2026-10-09T02:25:37.8718007Z + usage 4.1.1 (discontinued)
Flutter analyze e test	Instalar Flutter fixado na candidata	2026-10-09T02:25:37.8718195Z + uuid 4.5.3 (4.6.0 available)
Flutter analyze e test	Instalar Flutter fixado na candidata	2026-10-09T02:25:37.8718391Z + vm_service 15.0.2 (15.3.0 available)
Flutter analyze e test	Instalar Flutter fixado na candidata	2026-10-09T02:25:37.8718609Z + vm_service_interface 2.0.1
Flutter analyze e test	Instalar Flutter fixado na candidata	2026-10-09T02:25:37.8718799Z + vm_snapshot_analysis 0.7.6
Flutter analyze e test	Instalar Flutter fixado na candidata	2026-10-09T02:25:37.8719133Z + watcher 1.2.1
Flutter analyze e test	Instalar Flutter fixado na candidata	2026-10-09T02:25:37.8719293Z + web 1.1.1
Flutter analyze e test	Instalar Flutter fixado na candidata	2026-10-09T02:25:37.8719444Z + web_socket 1.0.1
Flutter analyze e test	Instalar Flutter fixado na candidata	2026-10-09T02:25:37.8719618Z + web_socket_channel 3.0.3
Flutter analyze e test	Instalar Flutter fixado na candidata	2026-10-09T02:25:37.8719810Z + webdriver 3.1.0 (3.2.0 available)
Flutter analyze e test	Instalar Flutter fixado na candidata	2026-10-09T02:25:37.8720031Z + webkit_inspection_protocol 1.2.1
Flutter analyze e test	Instalar Flutter fixado na candidata	2026-10-09T02:25:37.8720240Z + xml 6.6.1 (7.1.0 available)
Flutter analyze e test	Instalar Flutter fixado na candidata	2026-10-09T02:25:37.8720430Z + yaml 3.1.3 (3.1.4 available)
Flutter analyze e test	Instalar Flutter fixado na candidata	2026-10-09T02:25:37.8720619Z + yaml_edit 2.2.4
Flutter analyze e test	Instalar Flutter fixado na candidata	2026-10-09T02:25:37.8720812Z Changed 102 dependencies!
Flutter analyze e test	Instalar Flutter fixado na candidata	2026-10-09T02:25:37.8721009Z 2 packages are discontinued.
Flutter analyze e test	Instalar Flutter fixado na candidata	2026-10-09T02:25:37.8721298Z 53 packages have newer versions incompatible with dependency constraints.
Flutter analyze e test	Instalar Flutter fixado na candidata	2026-10-09T02:25:37.8721635Z Try `dart pub outdated` for more information.
Flutter analyze e test	Instalar Flutter fixado na candidata	2026-10-09T02:25:49.1731868Z Flutter 3.44.1 • channel [user-branch] • unknown source
Flutter analyze e test	Instalar Flutter fixado na candidata	2026-10-09T02:25:49.1732260Z Framework • revision 924134a44c (4 months ago) • 2026-05-29 12:13:22 -0400
Flutter analyze e test	Instalar Flutter fixado na candidata	2026-10-09T02:25:49.1732747Z Engine • hash 39b1f7043775b9578bbb26a1676e79c4e31c8b5e (revision c416acfeb8) (4 months ago) • 2026-05-27 20:19:31.000Z
Flutter analyze e test	Instalar Flutter fixado na candidata	2026-10-09T02:25:49.1733140Z Tools • Dart 3.12.1 • DevTools 2.57.0
Flutter analyze e test	Instalar Flutter fixado na candidata	2026-10-09T02:25:49.1764818Z ##[end-action id=__self.__run;outcome=success;conclusion=success;duration_ms=27454]
Flutter analyze e test	Verificar aplicativo	﻿2026-10-09T02:25:49.1810529Z ##[group]Run flutter pub get --enforce-lockfile
Flutter analyze e test	Verificar aplicativo	2026-10-09T02:25:49.1810764Z ^[[36;1mflutter pub get --enforce-lockfile^[[0m
Flutter analyze e test	Verificar aplicativo	2026-10-09T02:25:49.1810919Z ^[[36;1mflutter analyze^[[0m
Flutter analyze e test	Verificar aplicativo	2026-10-09T02:25:49.1811046Z ^[[36;1mflutter test^[[0m
Flutter analyze e test	Verificar aplicativo	2026-10-09T02:25:49.1864744Z shell: /usr/bin/bash -e {0}
Flutter analyze e test	Verificar aplicativo	2026-10-09T02:25:49.1864898Z ##[endgroup]
Flutter analyze e test	Verificar aplicativo	2026-10-09T02:25:49.6424440Z [1/10] Material Fonts                                              363ms
Flutter analyze e test	Verificar aplicativo	2026-10-09T02:25:49.7286331Z [2/10] Gradle Wrapper                                               50ms
Flutter analyze e test	Verificar aplicativo	2026-10-09T02:25:49.7365163Z [3/10] Flutter SDK
Flutter analyze e test	Verificar aplicativo	2026-10-09T02:25:49.8788385Z   ├─ [1/5] sky_engine                                              138ms
Flutter analyze e test	Verificar aplicativo	2026-10-09T02:25:49.9936427Z   ├─ [2/5] flutter_gpu                                              65ms
Flutter analyze e test	Verificar aplicativo	2026-10-09T02:25:50.1870973Z   ├─ [3/5] flutter_patched_sdk                                     184ms
Flutter analyze e test	Verificar aplicativo	2026-10-09T02:25:50.4204090Z   ├─ [4/5] flutter_patched_sdk_product                             165ms
Flutter analyze e test	Verificar aplicativo	2026-10-09T02:25:50.9557194Z   └─ [5/5] linux-x64                                               466ms
Flutter analyze e test	Verificar aplicativo	2026-10-09T02:25:51.5769914Z [10/10] linux-x64/font-subset                                      175ms
Flutter analyze e test	Verificar aplicativo	2026-10-09T02:25:51.6597702Z Resolving dependencies...
Flutter analyze e test	Verificar aplicativo	2026-10-09T02:25:52.0729465Z Downloading packages...
Flutter analyze e test	Verificar aplicativo	2026-10-09T02:25:52.6258031Z   clock 1.1.2 (1.1.3 available)
Flutter analyze e test	Verificar aplicativo	2026-10-09T02:25:52.6258376Z   cupertino_icons 1.0.9 (2.0.0 available)
Flutter analyze e test	Verificar aplicativo	2026-10-09T02:25:52.6258619Z   matcher 0.12.19 (0.12.20 available)
Flutter analyze e test	Verificar aplicativo	2026-10-09T02:25:52.6258865Z   material_color_utilities 0.13.0 (0.13.1 available)
Flutter analyze e test	Verificar aplicativo	2026-10-09T02:25:52.6259115Z   meta 1.18.0 (1.19.0 available)
Flutter analyze e test	Verificar aplicativo	2026-10-09T02:25:52.6259324Z   stack_trace 1.12.1 (1.12.2 available)
Flutter analyze e test	Verificar aplicativo	2026-10-09T02:25:52.6259769Z   test_api 0.7.11 (0.7.15 available)
Flutter analyze e test	Verificar aplicativo	2026-10-09T02:25:52.6260528Z   vector_math 2.2.0 (2.4.3 available)
Flutter analyze e test	Verificar aplicativo	2026-10-09T02:25:52.6262895Z   vm_service 15.2.0 (15.3.0 available)
Flutter analyze e test	Verificar aplicativo	2026-10-09T02:25:52.6263140Z Got dependencies!
Flutter analyze e test	Verificar aplicativo	2026-10-09T02:25:52.6263433Z 9 packages have newer versions incompatible with dependency constraints.
Flutter analyze e test	Verificar aplicativo	2026-10-09T02:25:52.6263844Z Try `flutter pub outdated` for more information.
Flutter analyze e test	Verificar aplicativo	2026-10-09T02:25:53.0390923Z Resolving dependencies...
Flutter analyze e test	Verificar aplicativo	2026-10-09T02:25:53.0525683Z Downloading packages...
Flutter analyze e test	Verificar aplicativo	2026-10-09T02:25:53.0533130Z   clock 1.1.2 (1.1.3 available)
Flutter analyze e test	Verificar aplicativo	2026-10-09T02:25:53.0533413Z   cupertino_icons 1.0.9 (2.0.0 available)
Flutter analyze e test	Verificar aplicativo	2026-10-09T02:25:53.0533645Z   matcher 0.12.19 (0.12.20 available)
Flutter analyze e test	Verificar aplicativo	2026-10-09T02:25:53.0533831Z   material_color_utilities 0.13.0 (0.13.1 available)
Flutter analyze e test	Verificar aplicativo	2026-10-09T02:25:53.0534070Z   meta 1.18.0 (1.19.0 available)
Flutter analyze e test	Verificar aplicativo	2026-10-09T02:25:53.0534255Z   stack_trace 1.12.1 (1.12.2 available)
Flutter analyze e test	Verificar aplicativo	2026-10-09T02:25:53.0534398Z   test_api 0.7.11 (0.7.15 available)
Flutter analyze e test	Verificar aplicativo	2026-10-09T02:25:53.0534533Z   vector_math 2.2.0 (2.4.3 available)
Flutter analyze e test	Verificar aplicativo	2026-10-09T02:25:53.0534986Z   vm_service 15.2.0 (15.3.0 available)
Flutter analyze e test	Verificar aplicativo	2026-10-09T02:25:53.0535118Z Got dependencies!
Flutter analyze e test	Verificar aplicativo	2026-10-09T02:25:53.0535291Z 9 packages have newer versions incompatible with dependency constraints.
Flutter analyze e test	Verificar aplicativo	2026-10-09T02:25:53.0535510Z Try `flutter pub outdated` for more information.
Flutter analyze e test	Verificar aplicativo	2026-10-09T02:25:58.3510339Z Analyzing app...                                                
Flutter analyze e test	Verificar aplicativo	2026-10-09T02:25:58.3529961Z No issues found! (ran in 5.1s)
Flutter analyze e test	Verificar aplicativo	2026-10-09T02:25:58.4785382Z Resolving dependencies...
Flutter analyze e test	Verificar aplicativo	2026-10-09T02:25:58.4924887Z Downloading packages...
Flutter analyze e test	Verificar aplicativo	2026-10-09T02:25:58.4932167Z   clock 1.1.2 (1.1.3 available)
Flutter analyze e test	Verificar aplicativo	2026-10-09T02:25:58.4932382Z   cupertino_icons 1.0.9 (2.0.0 available)
Flutter analyze e test	Verificar aplicativo	2026-10-09T02:25:58.4932535Z   matcher 0.12.19 (0.12.20 available)
Flutter analyze e test	Verificar aplicativo	2026-10-09T02:25:58.4932698Z   material_color_utilities 0.13.0 (0.13.1 available)
Flutter analyze e test	Verificar aplicativo	2026-10-09T02:25:58.4932865Z   meta 1.18.0 (1.19.0 available)
Flutter analyze e test	Verificar aplicativo	2026-10-09T02:25:58.4933069Z   stack_trace 1.12.1 (1.12.2 available)
Flutter analyze e test	Verificar aplicativo	2026-10-09T02:25:58.4933238Z   test_api 0.7.11 (0.7.15 available)
Flutter analyze e test	Verificar aplicativo	2026-10-09T02:25:58.4933409Z   vector_math 2.2.0 (2.4.3 available)
Flutter analyze e test	Verificar aplicativo	2026-10-09T02:25:58.4933547Z   vm_service 15.2.0 (15.3.0 available)
Flutter analyze e test	Verificar aplicativo	2026-10-09T02:25:58.4933685Z Got dependencies!
Flutter analyze e test	Verificar aplicativo	2026-10-09T02:25:58.4933857Z 9 packages have newer versions incompatible with dependency constraints.
Flutter analyze e test	Verificar aplicativo	2026-10-09T02:25:58.4934520Z Try `flutter pub outdated` for more information.
Flutter analyze e test	Verificar aplicativo	2026-10-09T02:25:58.8702060Z 
Flutter analyze e test	Verificar aplicativo	2026-10-09T02:26:04.2709152Z ##[group]✅ exibe a mensagem inicial
Flutter analyze e test	Verificar aplicativo	2026-10-09T02:26:04.2709549Z -------------------------------------------------------------------------------
Flutter analyze e test	Verificar aplicativo	2026-10-09T02:26:04.2714514Z The Shorebird Updater is unavailable in the current environment.
Flutter analyze e test	Verificar aplicativo	2026-10-09T02:26:04.2714827Z -------------------------------------------------------------------------------
Flutter analyze e test	Verificar aplicativo	2026-10-09T02:26:04.2715089Z This occurs when using pkg:shorebird_code_push in an app that does not
Flutter analyze e test	Verificar aplicativo	2026-10-09T02:26:04.2715339Z contain the Shorebird Engine. Most commonly this is due to building with
Flutter analyze e test	Verificar aplicativo	2026-10-09T02:26:04.2717843Z `flutter build` or `flutter run` instead of `shorebird release` or `shorebird preview`.
Flutter analyze e test	Verificar aplicativo	2026-10-09T02:26:04.2718282Z It can also occur when running on an unsupported platform (e.g. web).
Flutter analyze e test	Verificar aplicativo	2026-10-09T02:26:04.2718487Z 
Flutter analyze e test	Verificar aplicativo	2026-10-09T02:26:04.2718632Z -------------------------------------------------------------------------------
Flutter analyze e test	Verificar aplicativo	2026-10-09T02:26:04.2718979Z The Shorebird Updater is unavailable in the current environment.
Flutter analyze e test	Verificar aplicativo	2026-10-09T02:26:04.2719300Z -------------------------------------------------------------------------------
Flutter analyze e test	Verificar aplicativo	2026-10-09T02:26:04.2719639Z This occurs when using pkg:shorebird_code_push in an app that does not
Flutter analyze e test	Verificar aplicativo	2026-10-09T02:26:04.2720015Z contain the Shorebird Engine. Most commonly this is due to building with
Flutter analyze e test	Verificar aplicativo	2026-10-09T02:26:04.2720418Z `flutter build` or `flutter run` instead of `shorebird release` or `shorebird preview`.
Flutter analyze e test	Verificar aplicativo	2026-10-09T02:26:04.2720795Z It can also occur when running on an unsupported platform (e.g. web).
Flutter analyze e test	Verificar aplicativo	2026-10-09T02:26:04.2721007Z 
Flutter analyze e test	Verificar aplicativo	2026-10-09T02:26:04.2721242Z ##[endgroup]
Flutter analyze e test	Verificar aplicativo	2026-10-09T02:26:04.4189162Z ##[group]✅ inicia claro e ignora mudanças do tema do sistema
Flutter analyze e test	Verificar aplicativo	2026-10-09T02:26:04.4189602Z -------------------------------------------------------------------------------
Flutter analyze e test	Verificar aplicativo	2026-10-09T02:26:04.4189976Z The Shorebird Updater is unavailable in the current environment.
Flutter analyze e test	Verificar aplicativo	2026-10-09T02:26:04.4190372Z -------------------------------------------------------------------------------
Flutter analyze e test	Verificar aplicativo	2026-10-09T02:26:04.4190734Z This occurs when using pkg:shorebird_code_push in an app that does not
Flutter analyze e test	Verificar aplicativo	2026-10-09T02:26:04.4191010Z contain the Shorebird Engine. Most commonly this is due to building with
Flutter analyze e test	Verificar aplicativo	2026-10-09T02:26:04.4191279Z `flutter build` or `flutter run` instead of `shorebird release` or `shorebird preview`.
Flutter analyze e test	Verificar aplicativo	2026-10-09T02:26:04.4191539Z It can also occur when running on an unsupported platform (e.g. web).
Flutter analyze e test	Verificar aplicativo	2026-10-09T02:26:04.4191680Z 
Flutter analyze e test	Verificar aplicativo	2026-10-09T02:26:04.4191771Z -------------------------------------------------------------------------------
Flutter analyze e test	Verificar aplicativo	2026-10-09T02:26:04.4191993Z The Shorebird Updater is unavailable in the current environment.
Flutter analyze e test	Verificar aplicativo	2026-10-09T02:26:04.4192729Z -------------------------------------------------------------------------------
Flutter analyze e test	Verificar aplicativo	2026-10-09T02:26:04.4192954Z This occurs when using pkg:shorebird_code_push in an app that does not
Flutter analyze e test	Verificar aplicativo	2026-10-09T02:26:04.4193185Z contain the Shorebird Engine. Most commonly this is due to building with
Flutter analyze e test	Verificar aplicativo	2026-10-09T02:26:04.4193445Z `flutter build` or `flutter run` instead of `shorebird release` or `shorebird preview`.
Flutter analyze e test	Verificar aplicativo	2026-10-09T02:26:04.4193693Z It can also occur when running on an unsupported platform (e.g. web).
Flutter analyze e test	Verificar aplicativo	2026-10-09T02:26:04.4193828Z 
Flutter analyze e test	Verificar aplicativo	2026-10-09T02:26:04.4194051Z ##[endgroup]
Flutter analyze e test	Verificar aplicativo	2026-10-09T02:26:04.5352384Z ##[group]✅ alterna pelo botão e reinicia claro sem persistir a escolha
Flutter analyze e test	Verificar aplicativo	2026-10-09T02:26:04.5352929Z -------------------------------------------------------------------------------
Flutter analyze e test	Verificar aplicativo	2026-10-09T02:26:04.5353283Z The Shorebird Updater is unavailable in the current environment.
Flutter analyze e test	Verificar aplicativo	2026-10-09T02:26:04.5353618Z -------------------------------------------------------------------------------
Flutter analyze e test	Verificar aplicativo	2026-10-09T02:26:04.5354010Z This occurs when using pkg:shorebird_code_push in an app that does not
Flutter analyze e test	Verificar aplicativo	2026-10-09T02:26:04.5354379Z contain the Shorebird Engine. Most commonly this is due to building with
Flutter analyze e test	Verificar aplicativo	2026-10-09T02:26:04.5354785Z `flutter build` or `flutter run` instead of `shorebird release` or `shorebird preview`.
Flutter analyze e test	Verificar aplicativo	2026-10-09T02:26:04.5355738Z It can also occur when running on an unsupported platform (e.g. web).
Flutter analyze e test	Verificar aplicativo	2026-10-09T02:26:04.5355962Z 
Flutter analyze e test	Verificar aplicativo	2026-10-09T02:26:04.5356100Z -------------------------------------------------------------------------------
Flutter analyze e test	Verificar aplicativo	2026-10-09T02:26:04.5356463Z The Shorebird Updater is unavailable in the current environment.
Flutter analyze e test	Verificar aplicativo	2026-10-09T02:26:04.5356915Z -------------------------------------------------------------------------------
Flutter analyze e test	Verificar aplicativo	2026-10-09T02:26:04.5357270Z This occurs when using pkg:shorebird_code_push in an app that does not
Flutter analyze e test	Verificar aplicativo	2026-10-09T02:26:04.5357645Z contain the Shorebird Engine. Most commonly this is due to building with
Flutter analyze e test	Verificar aplicativo	2026-10-09T02:26:04.5358059Z `flutter build` or `flutter run` instead of `shorebird release` or `shorebird preview`.
Flutter analyze e test	Verificar aplicativo	2026-10-09T02:26:04.5358505Z It can also occur when running on an unsupported platform (e.g. web).
Flutter analyze e test	Verificar aplicativo	2026-10-09T02:26:04.5358724Z 
Flutter analyze e test	Verificar aplicativo	2026-10-09T02:26:04.5358855Z -------------------------------------------------------------------------------
Flutter analyze e test	Verificar aplicativo	2026-10-09T02:26:04.5359204Z The Shorebird Updater is unavailable in the current environment.
Flutter analyze e test	Verificar aplicativo	2026-10-09T02:26:04.5359542Z -------------------------------------------------------------------------------
Flutter analyze e test	Verificar aplicativo	2026-10-09T02:26:04.5359813Z This occurs when using pkg:shorebird_code_push in an app that does not
Flutter analyze e test	Verificar aplicativo	2026-10-09T02:26:04.5360050Z contain the Shorebird Engine. Most commonly this is due to building with
Flutter analyze e test	Verificar aplicativo	2026-10-09T02:26:04.5360307Z `flutter build` or `flutter run` instead of `shorebird release` or `shorebird preview`.
Flutter analyze e test	Verificar aplicativo	2026-10-09T02:26:04.5360553Z It can also occur when running on an unsupported platform (e.g. web).
Flutter analyze e test	Verificar aplicativo	2026-10-09T02:26:04.5360689Z 
Flutter analyze e test	Verificar aplicativo	2026-10-09T02:26:04.5360786Z -------------------------------------------------------------------------------
Flutter analyze e test	Verificar aplicativo	2026-10-09T02:26:04.5361007Z The Shorebird Updater is unavailable in the current environment.
Flutter analyze e test	Verificar aplicativo	2026-10-09T02:26:04.5361219Z -------------------------------------------------------------------------------
Flutter analyze e test	Verificar aplicativo	2026-10-09T02:26:04.5361440Z This occurs when using pkg:shorebird_code_push in an app that does not
Flutter analyze e test	Verificar aplicativo	2026-10-09T02:26:04.5361672Z contain the Shorebird Engine. Most commonly this is due to building with
Flutter analyze e test	Verificar aplicativo	2026-10-09T02:26:04.5361926Z `flutter build` or `flutter run` instead of `shorebird release` or `shorebird preview`.
Flutter analyze e test	Verificar aplicativo	2026-10-09T02:26:04.5362170Z It can also occur when running on an unsupported platform (e.g. web).
Flutter analyze e test	Verificar aplicativo	2026-10-09T02:26:04.5362306Z 
Flutter analyze e test	Verificar aplicativo	2026-10-09T02:26:04.5362481Z ##[endgroup]
Flutter analyze e test	Verificar aplicativo	2026-10-09T02:26:04.6651939Z ##[group]✅ aviso de atualização acompanha as cores do tema escuro
Flutter analyze e test	Verificar aplicativo	2026-10-09T02:26:04.6652394Z -------------------------------------------------------------------------------
Flutter analyze e test	Verificar aplicativo	2026-10-09T02:26:04.6652754Z The Shorebird Updater is unavailable in the current environment.
Flutter analyze e test	Verificar aplicativo	2026-10-09T02:26:04.6653591Z -------------------------------------------------------------------------------
Flutter analyze e test	Verificar aplicativo	2026-10-09T02:26:04.6653932Z This occurs when using pkg:shorebird_code_push in an app that does not
Flutter analyze e test	Verificar aplicativo	2026-10-09T02:26:04.6654313Z contain the Shorebird Engine. Most commonly this is due to building with
Flutter analyze e test	Verificar aplicativo	2026-10-09T02:26:04.6654735Z `flutter build` or `flutter run` instead of `shorebird release` or `shorebird preview`.
Flutter analyze e test	Verificar aplicativo	2026-10-09T02:26:04.6655127Z It can also occur when running on an unsupported platform (e.g. web).
Flutter analyze e test	Verificar aplicativo	2026-10-09T02:26:04.6655338Z 
Flutter analyze e test	Verificar aplicativo	2026-10-09T02:26:04.6655474Z -------------------------------------------------------------------------------
Flutter analyze e test	Verificar aplicativo	2026-10-09T02:26:04.6655819Z The Shorebird Updater is unavailable in the current environment.
Flutter analyze e test	Verificar aplicativo	2026-10-09T02:26:04.6656153Z -------------------------------------------------------------------------------
Flutter analyze e test	Verificar aplicativo	2026-10-09T02:26:04.6656503Z This occurs when using pkg:shorebird_code_push in an app that does not
Flutter analyze e test	Verificar aplicativo	2026-10-09T02:26:04.6657055Z contain the Shorebird Engine. Most commonly this is due to building with
Flutter analyze e test	Verificar aplicativo	2026-10-09T02:26:04.6657323Z `flutter build` or `flutter run` instead of `shorebird release` or `shorebird preview`.
Flutter analyze e test	Verificar aplicativo	2026-10-09T02:26:04.6657571Z It can also occur when running on an unsupported platform (e.g. web).
Flutter analyze e test	Verificar aplicativo	2026-10-09T02:26:04.6657859Z 
Flutter analyze e test	Verificar aplicativo	2026-10-09T02:26:04.6658042Z ##[endgroup]
Flutter analyze e test	Verificar aplicativo	2026-10-09T02:26:04.7098613Z ##[group]✅ botão de tema funciona em tela estreita
Flutter analyze e test	Verificar aplicativo	2026-10-09T02:26:04.7099042Z -------------------------------------------------------------------------------
Flutter analyze e test	Verificar aplicativo	2026-10-09T02:26:04.7099411Z The Shorebird Updater is unavailable in the current environment.
Flutter analyze e test	Verificar aplicativo	2026-10-09T02:26:04.7099763Z -------------------------------------------------------------------------------
Flutter analyze e test	Verificar aplicativo	2026-10-09T02:26:04.7100126Z This occurs when using pkg:shorebird_code_push in an app that does not
Flutter analyze e test	Verificar aplicativo	2026-10-09T02:26:04.7100438Z contain the Shorebird Engine. Most commonly this is due to building with
Flutter analyze e test	Verificar aplicativo	2026-10-09T02:26:04.7100706Z `flutter build` or `flutter run` instead of `shorebird release` or `shorebird preview`.
Flutter analyze e test	Verificar aplicativo	2026-10-09T02:26:04.7101126Z It can also occur when running on an unsupported platform (e.g. web).
Flutter analyze e test	Verificar aplicativo	2026-10-09T02:26:04.7101266Z 
Flutter analyze e test	Verificar aplicativo	2026-10-09T02:26:04.7101358Z -------------------------------------------------------------------------------
Flutter analyze e test	Verificar aplicativo	2026-10-09T02:26:04.7101594Z The Shorebird Updater is unavailable in the current environment.
Flutter analyze e test	Verificar aplicativo	2026-10-09T02:26:04.7101806Z -------------------------------------------------------------------------------
Flutter analyze e test	Verificar aplicativo	2026-10-09T02:26:04.7102029Z This occurs when using pkg:shorebird_code_push in an app that does not
Flutter analyze e test	Verificar aplicativo	2026-10-09T02:26:04.7102262Z contain the Shorebird Engine. Most commonly this is due to building with
Flutter analyze e test	Verificar aplicativo	2026-10-09T02:26:04.7102518Z `flutter build` or `flutter run` instead of `shorebird release` or `shorebird preview`.
Flutter analyze e test	Verificar aplicativo	2026-10-09T02:26:04.7102793Z It can also occur when running on an unsupported platform (e.g. web).
Flutter analyze e test	Verificar aplicativo	2026-10-09T02:26:04.7102925Z 
Flutter analyze e test	Verificar aplicativo	2026-10-09T02:26:04.7103068Z ##[endgroup]
Flutter analyze e test	Verificar aplicativo	2026-10-09T02:26:04.7274881Z 
Flutter analyze e test	Verificar aplicativo	2026-10-09T02:26:04.7279120Z 🎉 5 tests passed.
Flutter analyze e test	Verificar contratos e bloqueios da esteira	﻿2026-10-09T02:26:04.7803540Z ##[group]Run python3 -m unittest discover -s tests/delivery -v
Flutter analyze e test	Verificar contratos e bloqueios da esteira	2026-10-09T02:26:04.7803809Z ^[[36;1mpython3 -m unittest discover -s tests/delivery -v^[[0m
Flutter analyze e test	Verificar contratos e bloqueios da esteira	2026-10-09T02:26:04.7855906Z shell: /usr/bin/bash -e {0}
Flutter analyze e test	Verificar contratos e bloqueios da esteira	2026-10-09T02:26:04.7856049Z ##[endgroup]
Flutter analyze e test	Verificar contratos e bloqueios da esteira	2026-10-09T02:26:05.1256356Z test_ai_failure_timeout_or_no_credit_use_commits_instead_of_pr_sections (test_changelog_summary.FrozenCommunicationTests.test_ai_failure_timeout_or_no_credit_use_commits_instead_of_pr_sections) ... ok
Flutter analyze e test	Verificar contratos e bloqueios da esteira	2026-10-09T02:26:05.1267358Z test_cli_writes_copies_and_does_not_modify_source_report (test_changelog_summary.FrozenCommunicationTests.test_cli_writes_copies_and_does_not_modify_source_report) ... ok
Flutter analyze e test	Verificar contratos e bloqueios da esteira	2026-10-09T02:26:05.1269290Z test_context_from_other_rc_or_changed_commit_interval_is_refused (test_changelog_summary.FrozenCommunicationTests.test_context_from_other_rc_or_changed_commit_interval_is_refused) ... ok
Flutter analyze e test	Verificar contratos e bloqueios da esteira	2026-10-09T02:26:05.1270265Z test_duplicate_sources_or_invalid_url_fail (test_changelog_summary.FrozenCommunicationTests.test_duplicate_sources_or_invalid_url_fail) ... ok
Flutter analyze e test	Verificar contratos e bloqueios da esteira	2026-10-09T02:26:05.1294479Z test_explicit_pr_sections_are_copied_without_technical_section (test_changelog_summary.FrozenCommunicationTests.test_explicit_pr_sections_are_copied_without_technical_section) ... ok
Flutter analyze e test	Verificar contratos e bloqueios da esteira	2026-10-09T02:26:05.1295513Z test_fractional_seconds_do_not_make_late_ai_result_look_early (test_changelog_summary.FrozenCommunicationTests.test_fractional_seconds_do_not_make_late_ai_result_look_early) ... ok
Flutter analyze e test	Verificar contratos e bloqueios da esteira	2026-10-09T02:26:05.1296989Z test_frozen_selection_cannot_be_replaced_without_hash_change (test_changelog_summary.FrozenCommunicationTests.test_frozen_selection_cannot_be_replaced_without_hash_change) ... ok
Flutter analyze e test	Verificar contratos e bloqueios da esteira	2026-10-09T02:26:05.1298015Z test_late_result_is_evidence_only_even_if_it_arrives_during_revision (test_changelog_summary.FrozenCommunicationTests.test_late_result_is_evidence_only_even_if_it_arrives_during_revision) ... ok
Flutter analyze e test	Verificar contratos e bloqueios da esteira	2026-10-09T02:26:05.1323013Z test_legitimate_long_or_control_character_commit_history_never_blocks_freeze (test_changelog_summary.FrozenCommunicationTests.test_legitimate_long_or_control_character_commit_history_never_blocks_freeze) ... ok
Flutter analyze e test	Verificar contratos e bloqueios da esteira	2026-10-09T02:26:05.1328502Z test_long_commit_history_is_bounded_and_links_back_to_full_report (test_changelog_summary.FrozenCommunicationTests.test_long_commit_history_is_bounded_and_links_back_to_full_report) ... ok
Flutter analyze e test	Verificar contratos e bloqueios da esteira	2026-10-09T02:26:05.1330330Z test_missing_timestamp_invalid_sources_or_metadata_are_fallback (test_changelog_summary.FrozenCommunicationTests.test_missing_timestamp_invalid_sources_or_metadata_are_fallback) ... ok
Flutter analyze e test	Verificar contratos e bloqueios da esteira	2026-10-09T02:26:05.1331241Z test_no_context_is_immediate_commit_fallback (test_changelog_summary.FrozenCommunicationTests.test_no_context_is_immediate_commit_fallback) ... ok
Flutter analyze e test	Verificar contratos e bloqueios da esteira	2026-10-09T02:26:05.1332035Z test_old_rc_result_never_attaches_to_new_rc (test_changelog_summary.FrozenCommunicationTests.test_old_rc_result_never_attaches_to_new_rc) ... ok
Flutter analyze e test	Verificar contratos e bloqueios da esteira	2026-10-09T02:26:05.1335777Z test_oversized_pr_sections_fall_back_without_dropping_limitations (test_changelog_summary.FrozenCommunicationTests.test_oversized_pr_sections_fall_back_without_dropping_limitations) ... ok
Flutter analyze e test	Verificar contratos e bloqueios da esteira	2026-10-09T02:26:05.1336758Z test_source_edit_after_collect_does_not_mutate_snapshot (test_changelog_summary.FrozenCommunicationTests.test_source_edit_after_collect_does_not_mutate_snapshot) ... ok
Flutter analyze e test	Verificar contratos e bloqueios da esteira	2026-10-09T02:26:05.1337780Z test_tampered_source_description_fails_hash_verification (test_changelog_summary.FrozenCommunicationTests.test_tampered_source_description_fails_hash_verification) ... ok
Flutter analyze e test	Verificar contratos e bloqueios da esteira	2026-10-09T02:26:05.1338717Z test_technical_title_is_not_rewritten_as_a_product_claim (test_changelog_summary.FrozenCommunicationTests.test_technical_title_is_not_rewritten_as_a_product_claim) ... ok
Flutter analyze e test	Verificar contratos e bloqueios da esteira	2026-10-09T02:26:05.1339727Z test_valid_result_requires_exact_identity_sources_and_provider_metadata (test_changelog_summary.FrozenCommunicationTests.test_valid_result_requires_exact_identity_sources_and_provider_metadata) ... ok
Flutter analyze e test	Verificar contratos e bloqueios da esteira	2026-10-09T02:26:05.1359082Z test_available_context_read_is_bounded_and_linked_to_same_run (test_changelog_summary.OpportunisticArtifactTests.test_available_context_read_is_bounded_and_linked_to_same_run) ... ok
Flutter analyze e test	Verificar contratos e bloqueios da esteira	2026-10-09T02:26:05.1364551Z test_different_run_or_expired_or_oversized_metadata_prevent_download (test_changelog_summary.OpportunisticArtifactTests.test_different_run_or_expired_or_oversized_metadata_prevent_download) ... ok
Flutter analyze e test	Verificar contratos e bloqueios da esteira	2026-10-09T02:26:05.1365553Z test_missing_artifact_never_polls_or_downloads (test_changelog_summary.OpportunisticArtifactTests.test_missing_artifact_never_polls_or_downloads) ... ok
Flutter analyze e test	Verificar contratos e bloqueios da esteira	2026-10-09T02:26:05.1366484Z test_request_cannot_select_another_artifact_or_unbounded_timeout (test_changelog_summary.OpportunisticArtifactTests.test_request_cannot_select_another_artifact_or_unbounded_timeout) ... ok
Flutter analyze e test	Verificar contratos e bloqueios da esteira	2026-10-09T02:26:05.1367534Z test_timeout_is_fallback_not_delivery_exception (test_changelog_summary.OpportunisticArtifactTests.test_timeout_is_fallback_not_delivery_exception) ... ok
Flutter analyze e test	Verificar contratos e bloqueios da esteira	2026-10-09T02:26:05.1380396Z test_traversal_duplicate_context_or_zip_bomb_are_refused_without_extracting (test_changelog_summary.OpportunisticArtifactTests.test_traversal_duplicate_context_or_zip_bomb_are_refused_without_extracting) ... ok
Flutter analyze e test	Verificar contratos e bloqueios da esteira	2026-10-09T02:26:05.1383030Z test_api_timeout_preserves_commits_without_retaining_token_stderr (test_changelog_summary.OptionalCollectionTests.test_api_timeout_preserves_commits_without_retaining_token_stderr) ... ok
Flutter analyze e test	Verificar contratos e bloqueios da esteira	2026-10-09T02:26:05.1393922Z test_cli_collector_writes_context_without_touching_candidate (test_changelog_summary.OptionalCollectionTests.test_cli_collector_writes_context_without_touching_candidate) ... ok
Flutter analyze e test	Verificar contratos e bloqueios da esteira	2026-10-09T02:26:05.1397710Z test_collector_enforces_total_budget_without_waiting_for_other_commits (test_changelog_summary.OptionalCollectionTests.test_collector_enforces_total_budget_without_waiting_for_other_commits) ... ok
Flutter analyze e test	Verificar contratos e bloqueios da esteira	2026-10-09T02:26:05.1400263Z test_collects_only_merged_pr_in_exact_commit_interval (test_changelog_summary.OptionalCollectionTests.test_collects_only_merged_pr_in_exact_commit_interval) ... ok
Flutter analyze e test	Verificar contratos e bloqueios da esteira	2026-10-09T02:26:05.1407370Z test_existing_capture_never_overwritten (test_collect_evidence.CollectorTests.test_existing_capture_never_overwritten) ... ok
Flutter analyze e test	Verificar contratos e bloqueios da esteira	2026-10-09T02:26:05.1413606Z test_log_error_keeps_bytes_and_marks_partial (test_collect_evidence.CollectorTests.test_log_error_keeps_bytes_and_marks_partial) ... ok
Flutter analyze e test	Verificar contratos e bloqueios da esteira	2026-10-09T02:26:05.1419957Z test_original_failure_and_ansi_preserved_without_claiming_scenario_pass (test_collect_evidence.CollectorTests.test_original_failure_and_ansi_preserved_without_claiming_scenario_pass) ... ok
Flutter analyze e test	Verificar contratos e bloqueios da esteira	2026-10-09T02:26:05.1421219Z test_other_repository_or_non_numeric_run_refused_before_io (test_collect_evidence.CollectorTests.test_other_repository_or_non_numeric_run_refused_before_io) ... ok
Flutter analyze e test	Verificar contratos e bloqueios da esteira	2026-10-09T02:26:05.1426199Z test_pending_job_not_queried_for_unavailable_log (test_collect_evidence.CollectorTests.test_pending_job_not_queried_for_unavailable_log) ... ok
Flutter analyze e test	Verificar contratos e bloqueios da esteira	2026-10-09T02:26:05.1474966Z test_admin_bypass_divergence_remains_blocked_without_overwriting (test_configure_release_lab.ConfigureIdempotenceTests.test_admin_bypass_divergence_remains_blocked_without_overwriting) ... ok
Flutter analyze e test	Verificar contratos e bloqueios da esteira	2026-10-09T02:26:05.1507469Z test_real_required_review_count_divergence_remains_blocked_without_overwriting (test_configure_release_lab.ConfigureIdempotenceTests.test_real_required_review_count_divergence_remains_blocked_without_overwriting) ... ok
Flutter analyze e test	Verificar contratos e bloqueios da esteira	2026-10-09T02:26:05.1530825Z test_repeated_configuration_accepts_safe_github_defaults_without_creating_more_rulesets (test_configure_release_lab.ConfigureIdempotenceTests.test_repeated_configuration_accepts_safe_github_defaults_without_creating_more_rulesets) ... ok
Flutter analyze e test	Verificar contratos e bloqueios da esteira	2026-10-09T02:26:05.1562663Z test_unexpected_required_reviewer_defaults_are_not_silently_ignored (test_configure_release_lab.ConfigureIdempotenceTests.test_unexpected_required_reviewer_defaults_are_not_silently_ignored) ... ok
Flutter analyze e test	Verificar contratos e bloqueios da esteira	2026-10-09T02:26:05.1582949Z test_unsafe_extra_approval_default_is_not_treated_as_safe_normalization (test_configure_release_lab.ConfigureIdempotenceTests.test_unsafe_extra_approval_default_is_not_treated_as_safe_normalization) ... ok
Flutter analyze e test	Verificar contratos e bloqueios da esteira	2026-10-09T02:26:05.5648263Z test_creates_one_verified_object_and_ref_with_owner_audit_without_state_writes (test_create_lab_tag.CreateLabTagTests.test_creates_one_verified_object_and_ref_with_owner_audit_without_state_writes) ... ok
Flutter analyze e test	Verificar contratos e bloqueios da esteira	2026-10-09T02:26:05.9123190Z test_existing_exact_tag_is_read_only_idempotent (test_create_lab_tag.CreateLabTagTests.test_existing_exact_tag_is_read_only_idempotent) ... ok
Flutter analyze e test	Verificar contratos e bloqueios da esteira	2026-10-09T02:26:06.6481783Z test_existing_wrong_tag_is_never_replaced (test_create_lab_tag.CreateLabTagTests.test_existing_wrong_tag_is_never_replaced) ... ok
Flutter analyze e test	Verificar contratos e bloqueios da esteira	2026-10-09T02:26:07.0807157Z test_lost_ref_reply_manual_get_confirms_existing_tag_without_another_post (test_create_lab_tag.CreateLabTagTests.test_lost_ref_reply_manual_get_confirms_existing_tag_without_another_post) ... ok
Flutter analyze e test	Verificar contratos e bloqueios da esteira	2026-10-09T02:26:07.3131535Z test_lost_tag_object_reply_preserves_uncertainty_without_creating_ref_or_retry (test_create_lab_tag.CreateLabTagTests.test_lost_tag_object_reply_preserves_uncertainty_without_creating_ref_or_retry) ... ok
Flutter analyze e test	Verificar contratos e bloqueios da esteira	2026-10-09T02:26:08.6555246Z test_spec_cannot_substitute_another_manifest_hash (test_create_lab_tag.CreateLabTagTests.test_spec_cannot_substitute_another_manifest_hash) ... ok
Flutter analyze e test	Verificar contratos e bloqueios da esteira	2026-10-09T02:26:08.9814785Z test_tampered_source_message_ref_identity_and_extra_field_never_mutate (test_create_lab_tag.CreateLabTagTests.test_tampered_source_message_ref_identity_and_extra_field_never_mutate) ... ok
Flutter analyze e test	Verificar contratos e bloqueios da esteira	2026-10-09T02:26:09.2344993Z test_unprotected_namespace_blocks_before_any_post (test_create_lab_tag.CreateLabTagTests.test_unprotected_namespace_blocks_before_any_post) ... ok
Flutter analyze e test	Verificar contratos e bloqueios da esteira	2026-10-09T02:26:09.5329404Z test_user_api_error_is_sanitized_and_never_echoes_cli_stderr (test_create_lab_tag.CreateLabTagTests.test_user_api_error_is_sanitized_and_never_echoes_cli_stderr) ... ok
Flutter analyze e test	Verificar contratos e bloqueios da esteira	2026-10-09T02:26:09.7461219Z test_wrong_owner_login_or_id_and_actions_identity_are_rejected (test_create_lab_tag.CreateLabTagTests.test_wrong_owner_login_or_id_and_actions_identity_are_rejected) ... ok
Flutter analyze e test	Verificar contratos e bloqueios da esteira	2026-10-09T02:26:09.9713908Z test_wrong_tag_object_reply_blocks_ref_and_keeps_uncertain_checkpoint (test_create_lab_tag.CreateLabTagTests.test_wrong_tag_object_reply_blocks_ref_and_keeps_uncertain_checkpoint) ... ok
Flutter analyze e test	Verificar contratos e bloqueios da esteira	2026-10-09T02:26:09.9739962Z test_legacy_signature_and_first_baseline_remain_supported (test_github_candidate.CandidateTests.test_legacy_signature_and_first_baseline_remain_supported) ... ok
Flutter analyze e test	Verificar contratos e bloqueios da esteira	2026-10-09T02:26:09.9742806Z test_missing_baseline_and_invalid_delivery_reject_without_remote_access (test_github_candidate.CandidateTests.test_missing_baseline_and_invalid_delivery_reject_without_remote_access) ... ok
Flutter analyze e test	Verificar contratos e bloqueios da esteira	2026-10-09T02:26:09.9766002Z test_namespace_rules_are_required_before_any_mutation (test_github_candidate.CandidateTests.test_namespace_rules_are_required_before_any_mutation) ... ok
Flutter analyze e test	Verificar contratos e bloqueios da esteira	2026-10-09T02:26:09.9772553Z test_neutral_rc_and_release_branch_bind_exact_snapshot (test_github_candidate.CandidateTests.test_neutral_rc_and_release_branch_bind_exact_snapshot) ... ok
Flutter analyze e test	Verificar contratos e bloqueios da esteira	2026-10-09T02:26:09.9778539Z test_open_candidate_blocks_new_rc_without_mutations (test_github_candidate.CandidateTests.test_open_candidate_blocks_new_rc_without_mutations) ... ok
Flutter analyze e test	Verificar contratos e bloqueios da esteira	2026-10-09T02:26:09.9785519Z test_rc2_fixes_release_without_using_new_main_or_rc1_as_baseline (test_github_candidate.CandidateTests.test_rc2_fixes_release_without_using_new_main_or_rc1_as_baseline) ... ok
Flutter analyze e test	Verificar contratos e bloqueios da esteira	2026-10-09T02:26:09.9789425Z test_unrelated_release_snapshot_cannot_force_push (test_github_candidate.CandidateTests.test_unrelated_release_snapshot_cannot_force_push) ... ok
Flutter analyze e test	Verificar contratos e bloqueios da esteira	2026-10-09T02:26:09.9791871Z test_adds_neutral_rule_without_replacing_legacy_or_weakening_two_reviews (test_github_candidate.ConfigureTests.test_adds_neutral_rule_without_replacing_legacy_or_weakening_two_reviews) ... ok
Flutter analyze e test	Verificar contratos e bloqueios da esteira	2026-10-09T02:26:09.9793874Z test_conflicting_existing_rule_causes_no_mutations (test_github_candidate.ConfigureTests.test_conflicting_existing_rule_causes_no_mutations) ... ok
Flutter analyze e test	Verificar contratos e bloqueios da esteira	2026-10-09T02:26:09.9799964Z test_delivery_identity_mismatch_rejects_before_tag_read (test_github_candidate.InspectTests.test_delivery_identity_mismatch_rejects_before_tag_read) ... ok
Flutter analyze e test	Verificar contratos e bloqueios da esteira	2026-10-09T02:26:09.9805103Z test_neutral_manifest_preserves_real_review_gate_and_fixed_snapshot (test_github_candidate.InspectTests.test_neutral_manifest_preserves_real_review_gate_and_fixed_snapshot) ... ok
Flutter analyze e test	Verificar contratos e bloqueios da esteira	2026-10-09T02:26:09.9809346Z test_original_snapshot_cannot_replace_corrected_snapshot (test_github_candidate.InspectTests.test_original_snapshot_cannot_replace_corrected_snapshot) ... ok
Flutter analyze e test	Verificar contratos e bloqueios da esteira	2026-10-09T02:26:09.9812810Z test_old_rc_cannot_publish_after_newer_tag_exists (test_github_candidate.RealApprovalBoundaryTests.test_old_rc_cannot_publish_after_newer_tag_exists) ... ok
Flutter analyze e test	Verificar contratos e bloqueios da esteira	2026-10-09T02:26:09.9821170Z test_rc_created_during_asset_upload_leaves_release_in_draft (test_github_candidate.RealApprovalBoundaryTests.test_rc_created_during_asset_upload_leaves_release_in_draft) ... ok
Flutter analyze e test	Verificar contratos e bloqueios da esteira	2026-10-09T02:26:09.9822275Z test_simulated_required_names_do_not_count_as_real_reviews (test_github_candidate.RealApprovalBoundaryTests.test_simulated_required_names_do_not_count_as_real_reviews) ... ok
Flutter analyze e test	Verificar contratos e bloqueios da esteira	2026-10-09T02:26:09.9823444Z test_two_reviews_only_release_the_manual_command (test_github_candidate.RealApprovalBoundaryTests.test_two_reviews_only_release_the_manual_command) ... ok
Flutter analyze e test	Verificar contratos e bloqueios da esteira	2026-10-09T02:26:10.2545211Z test_asset_id_drift_after_effect_prevents_success_confirmation (test_github_lab_promote.GitHubLabPromoteTests.test_asset_id_drift_after_effect_prevents_success_confirmation) ... ok
Flutter analyze e test	Verificar contratos e bloqueios da esteira	2026-10-09T02:26:10.5541473Z test_asset_id_replaced_before_patch_fails_even_with_identical_digest (test_github_lab_promote.GitHubLabPromoteTests.test_asset_id_replaced_before_patch_fails_even_with_identical_digest) ... ok
Flutter analyze e test	Verificar contratos e bloqueios da esteira	2026-10-09T02:26:10.8544123Z test_comment_identity_and_dates_cannot_claim_other_issue (test_github_lab_promote.GitHubLabPromoteTests.test_comment_identity_and_dates_cannot_claim_other_issue) ... ok
Flutter analyze e test	Verificar contratos e bloqueios da esteira	2026-10-09T02:26:11.1625245Z test_comment_pagination_limit_duplicate_ids_and_invalid_ids_fail_closed (test_github_lab_promote.GitHubLabPromoteTests.test_comment_pagination_limit_duplicate_ids_and_invalid_ids_fail_closed) ... ok
Flutter analyze e test	Verificar contratos e bloqueios da esteira	2026-10-09T02:26:11.4383196Z test_deleted_selected_approval_is_not_accepted (test_github_lab_promote.GitHubLabPromoteTests.test_deleted_selected_approval_is_not_accepted) ... ok
Flutter analyze e test	Verificar contratos e bloqueios da esteira	2026-10-09T02:26:11.7218300Z test_edited_latest_command_invalidates_earlier_approval (test_github_lab_promote.GitHubLabPromoteTests.test_edited_latest_command_invalidates_earlier_approval) ... ok
Flutter analyze e test	Verificar contratos e bloqueios da esteira	2026-10-09T02:26:12.0903291Z test_harmless_download_count_changes_do_not_block_promotion (test_github_lab_promote.GitHubLabPromoteTests.test_harmless_download_count_changes_do_not_block_promotion) ... ok
Flutter analyze e test	Verificar contratos e bloqueios da esteira	2026-10-09T02:26:12.5002237Z test_issue_must_be_open_owner_assigned_exact_record_and_not_a_pr (test_github_lab_promote.GitHubLabPromoteTests.test_issue_must_be_open_owner_assigned_exact_record_and_not_a_pr) ... ok
Flutter analyze e test	Verificar contratos e bloqueios da esteira	2026-10-09T02:26:12.8203502Z test_latest_owner_decisive_comment_wins_by_id (test_github_lab_promote.GitHubLabPromoteTests.test_latest_owner_decisive_comment_wins_by_id) ... ok
Flutter analyze e test	Verificar contratos e bloqueios da esteira	2026-10-09T02:26:13.1368793Z test_missing_draft_changed_release_tag_or_asset_is_blocked (test_github_lab_promote.GitHubLabPromoteTests.test_missing_draft_changed_release_tag_or_asset_is_blocked) ... ok
Flutter analyze e test	Verificar contratos e bloqueios da esteira	2026-10-09T02:26:13.4176165Z test_newer_edited_owner_comment_cannot_resurrect_older_approval (test_github_lab_promote.GitHubLabPromoteTests.test_newer_edited_owner_comment_cannot_resurrect_older_approval) ... ok
Flutter analyze e test	Verificar contratos e bloqueios da esteira	2026-10-09T02:26:13.7917255Z test_old_owner_comment_edited_after_approval_requires_new_decision (test_github_lab_promote.GitHubLabPromoteTests.test_old_owner_comment_edited_after_approval_requires_new_decision) ... ok
Flutter analyze e test	Verificar contratos e bloqueios da esteira	2026-10-09T02:26:14.1109847Z test_only_exact_owner_user_command_without_simulation_counts (test_github_lab_promote.GitHubLabPromoteTests.test_only_exact_owner_user_command_without_simulation_counts) ... ok
Flutter analyze e test	Verificar contratos e bloqueios da esteira	2026-10-09T02:26:14.5158295Z test_owner_workflow_branch_and_actor_numeric_id_required (test_github_lab_promote.GitHubLabPromoteTests.test_owner_workflow_branch_and_actor_numeric_id_required) ... ok
Flutter analyze e test	Verificar contratos e bloqueios da esteira	2026-10-09T02:26:15.0537772Z test_plan_after_revocation_reports_stable_history_without_rewriting (test_github_lab_promote.GitHubLabPromoteTests.test_plan_after_revocation_reports_stable_history_without_rewriting) ... ok
Flutter analyze e test	Verificar contratos e bloqueios da esteira	2026-10-09T02:26:15.4500716Z test_plan_without_approval_is_read_only_and_awaits_real_issue_review (test_github_lab_promote.GitHubLabPromoteTests.test_plan_without_approval_is_read_only_and_awaits_real_issue_review) ... ok
Flutter analyze e test	Verificar contratos e bloqueios da esteira	2026-10-09T02:26:16.2660727Z test_promotion_preserves_same_id_tag_source_asset_ids_and_bytes (test_github_lab_promote.GitHubLabPromoteTests.test_promotion_preserves_same_id_tag_source_asset_ids_and_bytes) ... ok
Flutter analyze e test	Verificar contratos e bloqueios da esteira	2026-10-09T02:26:16.7346701Z test_repeat_after_promotion_verifies_same_receipt_without_remote_writes (test_github_lab_promote.GitHubLabPromoteTests.test_repeat_after_promotion_verifies_same_receipt_without_remote_writes) ... ok
Flutter analyze e test	Verificar contratos e bloqueios da esteira	2026-10-09T02:26:17.0480355Z test_review_revoke_or_issue_edit_during_recheck_blocks_only_patch (test_github_lab_promote.GitHubLabPromoteTests.test_review_revoke_or_issue_edit_during_recheck_blocks_only_patch) ... ok
Flutter analyze e test	Verificar contratos e bloqueios da esteira	2026-10-09T02:26:17.3787758Z test_revoked_candidate_during_recheck_blocks_promotion (test_github_lab_promote.GitHubLabPromoteTests.test_revoked_candidate_during_recheck_blocks_promotion) ... ok
Flutter analyze e test	Verificar contratos e bloqueios da esteira	2026-10-09T02:26:17.7517399Z test_uncertain_promotion_reply_recovers_on_next_manual_run_without_retry (test_github_lab_promote.GitHubLabPromoteTests.test_uncertain_promotion_reply_recovers_on_next_manual_run_without_retry) ... ok
Flutter analyze e test	Verificar contratos e bloqueios da esteira	2026-10-09T02:26:18.0477821Z test_wrong_manifest_hash_never_promotes (test_github_lab_promote.GitHubLabPromoteTests.test_wrong_manifest_hash_never_promotes) ... ok
Flutter analyze e test	Verificar contratos e bloqueios da esteira	2026-10-09T02:26:18.3443117Z test_ambiguous_upload_is_not_retried_and_manual_run_recovers_same_draft (test_github_lab_release.GitHubLabReleaseTests.test_ambiguous_upload_is_not_retried_and_manual_run_recovers_same_draft) ... ok
Flutter analyze e test	Verificar contratos e bloqueios da esteira	2026-10-09T02:26:18.6333245Z test_lost_publication_reply_preserves_checkpoint_then_manual_read_confirms (test_github_lab_release.GitHubLabReleaseTests.test_lost_publication_reply_preserves_checkpoint_then_manual_read_confirms) ... ok
Flutter analyze e test	Verificar contratos e bloqueios da esteira	2026-10-09T02:26:18.8973628Z test_owner_repository_main_workflow_and_triggering_identity_gates (test_github_lab_release.GitHubLabReleaseTests.test_owner_repository_main_workflow_and_triggering_identity_gates) ... ok
Flutter analyze e test	Verificar contratos e bloqueios da esteira	2026-10-09T02:26:19.1089424Z test_plan_has_no_effects_or_database_assets_and_labels_two_simulated_zero_real (test_github_lab_release.GitHubLabReleaseTests.test_plan_has_no_effects_or_database_assets_and_labels_two_simulated_zero_real) ... ok
Flutter analyze e test	Verificar contratos e bloqueios da esteira	2026-10-09T02:26:19.4379382Z test_publish_draft_uploads_confirmed_assets_then_records_prerelease (test_github_lab_release.GitHubLabReleaseTests.test_publish_draft_uploads_confirmed_assets_then_records_prerelease) ... ok
Flutter analyze e test	Verificar contratos e bloqueios da esteira	2026-10-09T02:26:19.7336920Z test_publish_requires_existing_owner_tag_and_existing_protection (test_github_lab_release.GitHubLabReleaseTests.test_publish_requires_existing_owner_tag_and_existing_protection) ... ok
Flutter analyze e test	Verificar contratos e bloqueios da esteira	2026-10-09T02:26:20.0382429Z test_published_matching_identity_is_read_only_idempotent_across_runs (test_github_lab_release.GitHubLabReleaseTests.test_published_matching_identity_is_read_only_idempotent_across_runs) ... ok
Flutter analyze e test	Verificar contratos e bloqueios da esteira	2026-10-09T02:26:21.1541910Z test_real_gh_stdin_upload_requires_explicit_byte_length_and_preserves_bytes (test_github_lab_release.GitHubLabReleaseTests.test_real_gh_stdin_upload_requires_explicit_byte_length_and_preserves_bytes) ... ok
Flutter analyze e test	Verificar contratos e bloqueios da esteira	2026-10-09T02:26:21.4864911Z test_revocation_during_upload_keeps_draft_unpublished (test_github_lab_release.GitHubLabReleaseTests.test_revocation_during_upload_keeps_draft_unpublished) ... ok
Flutter analyze e test	Verificar contratos e bloqueios da esteira	2026-10-09T02:26:21.7563270Z test_unsafe_zip_or_wrong_zip_bytes_are_rejected_before_release_creation (test_github_lab_release.GitHubLabReleaseTests.test_unsafe_zip_or_wrong_zip_bytes_are_rejected_before_release_creation) ... ok
Flutter analyze e test	Verificar contratos e bloqueios da esteira	2026-10-09T02:26:22.0412570Z test_upload_uses_absolute_github_uploads_url_and_sanitizes_cli_errors (test_github_lab_release.GitHubLabReleaseTests.test_upload_uses_absolute_github_uploads_url_and_sanitizes_cli_errors) ... ok
Flutter analyze e test	Verificar contratos e bloqueios da esteira	2026-10-09T02:26:22.3425428Z test_wrong_existing_draft_asset_fails_without_overwrite_or_delete (test_github_lab_release.GitHubLabReleaseTests.test_wrong_existing_draft_asset_fails_without_overwrite_or_delete) ... ok
Flutter analyze e test	Verificar contratos e bloqueios da esteira	2026-10-09T02:26:22.6397452Z test_wrong_manifest_hash_source_tree_and_missing_simulated_approval_fail (test_github_lab_release.GitHubLabReleaseTests.test_wrong_manifest_hash_source_tree_and_missing_simulated_approval_fail) ... ok
Flutter analyze e test	Verificar contratos e bloqueios da esteira	2026-10-09T02:26:22.9556636Z test_wrong_tag_source_or_annotation_is_never_overwritten (test_github_lab_release.GitHubLabReleaseTests.test_wrong_tag_source_or_annotation_is_never_overwritten) ... ok
Flutter analyze e test	Verificar contratos e bloqueios da esteira	2026-10-09T02:26:23.3755144Z test_abandon_refuses_confirmed_or_unknown_effect_in_same_provider (test_lab_engine.LaboratoryTests.test_abandon_refuses_confirmed_or_unknown_effect_in_same_provider) ... ok
Flutter analyze e test	Verificar contratos e bloqueios da esteira	2026-10-09T02:26:23.7790564Z test_audit_history_and_manifests_are_immutable_and_seed_cannot_reset_production (test_lab_engine.LaboratoryTests.test_audit_history_and_manifests_are_immutable_and_seed_cannot_reset_production) ... ok
Flutter analyze e test	Verificar contratos e bloqueios da esteira	2026-10-09T02:26:24.8197718Z test_concurrent_preparations_leave_exactly_one_active_candidate (test_lab_engine.LaboratoryTests.test_concurrent_preparations_leave_exactly_one_active_candidate) ... ok
Flutter analyze e test	Verificar contratos e bloqueios da esteira	2026-10-09T02:26:25.4385680Z test_failure_after_effect_but_before_receipt_record_is_reconciled (test_lab_engine.LaboratoryTests.test_failure_after_effect_but_before_receipt_record_is_reconciled) ... ok
Flutter analyze e test	Verificar contratos e bloqueios da esteira	2026-10-09T02:26:25.7803682Z test_final_command_does_not_follow_advanced_branch_and_is_repeatable (test_lab_engine.LaboratoryTests.test_final_command_does_not_follow_advanced_branch_and_is_repeatable) ... ok
Flutter analyze e test	Verificar contratos e bloqueios da esteira	2026-10-09T02:26:26.0962813Z test_missing_base_evidence_and_native_change_block_publication (test_lab_engine.LaboratoryTests.test_missing_base_evidence_and_native_change_block_publication) ... ok
Flutter analyze e test	Verificar contratos e bloqueios da esteira	2026-10-09T02:26:26.4370848Z test_provider_warning_blocks_and_never_falls_back_to_store (test_lab_engine.LaboratoryTests.test_provider_warning_blocks_and_never_falls_back_to_store) ... ok
Flutter analyze e test	Verificar contratos e bloqueios da esteira	2026-10-09T02:26:26.9641257Z test_queue_revisions_replace_queued_rc_and_old_production_requires_new_rc (test_lab_engine.LaboratoryTests.test_queue_revisions_replace_queued_rc_and_old_production_requires_new_rc) ... ok
Flutter analyze e test	Verificar contratos e bloqueios da esteira	2026-10-09T02:26:27.2232224Z test_recovery_cannot_switch_provider_to_claim_no_effects_or_repeat (test_lab_engine.LaboratoryTests.test_recovery_cannot_switch_provider_to_claim_no_effects_or_repeat) ... ok
Flutter analyze e test	Verificar contratos e bloqueios da esteira	2026-10-09T02:26:27.6117934Z test_reopened_database_preserves_roles_gate_and_explicit_final_command (test_lab_engine.LaboratoryTests.test_reopened_database_preserves_roles_gate_and_explicit_final_command) ... ok
Flutter analyze e test	Verificar contratos e bloqueios da esteira	2026-10-09T02:26:27.8234456Z test_request_ids_are_idempotent_and_payload_bound (test_lab_engine.LaboratoryTests.test_request_ids_are_idempotent_and_payload_bound) ... ok
Flutter analyze e test	Verificar contratos e bloqueios da esteira	2026-10-09T02:26:28.0895103Z test_revision_invalidates_old_hash_and_zeroes_approvals (test_lab_engine.LaboratoryTests.test_revision_invalidates_old_hash_and_zeroes_approvals) ... ok
Flutter analyze e test	Verificar contratos e bloqueios da esteira	2026-10-09T02:26:28.4372319Z test_source_older_than_confirmed_production_is_rejected (test_lab_engine.LaboratoryTests.test_source_older_than_confirmed_production_is_rejected) ... ok
Flutter analyze e test	Verificar contratos e bloqueios da esteira	2026-10-09T02:26:28.6656561Z test_tampered_preview_wrong_identity_and_destination_reduction_block (test_lab_engine.LaboratoryTests.test_tampered_preview_wrong_identity_and_destination_reduction_block) ... ok
Flutter analyze e test	Verificar contratos e bloqueios da esteira	2026-10-09T02:26:29.0392010Z test_timeout_requires_lookup_before_resume_and_does_not_duplicate (test_lab_engine.LaboratoryTests.test_timeout_requires_lookup_before_resume_and_does_not_duplicate) ... ok
Flutter analyze e test	Verificar contratos e bloqueios da esteira	2026-10-09T02:26:29.4361743Z test_two_publishers_cannot_run_and_revocation_stops_remaining_destinations (test_lab_engine.LaboratoryTests.test_two_publishers_cannot_run_and_revocation_stops_remaining_destinations) ... ok
Flutter analyze e test	Verificar contratos e bloqueios da esteira	2026-10-09T02:26:29.7911419Z test_urgency_is_blocked_until_partial_result_is_reconciled (test_lab_engine.LaboratoryTests.test_urgency_is_blocked_until_partial_result_is_reconciled) ... ok
Flutter analyze e test	Verificar contratos e bloqueios da esteira	2026-10-09T02:26:30.2470122Z test_urgent_fix_excludes_main_features_then_reintegration_gets_new_approvals (test_lab_engine.LaboratoryTests.test_urgent_fix_excludes_main_features_then_reintegration_gets_new_approvals) ... ok
Flutter analyze e test	Verificar contratos e bloqueios da esteira	2026-10-09T02:26:30.2488078Z test_android_packages_exact_snapshot_and_records_no_distribution_or_patch (test_mobile_build.MobileBuildTests.test_android_packages_exact_snapshot_and_records_no_distribution_or_patch) ... ok
Flutter analyze e test	Verificar contratos e bloqueios da esteira	2026-10-09T02:26:30.2498318Z test_build_cannot_package_artifact_left_by_prior_attempt (test_mobile_build.MobileBuildTests.test_build_cannot_package_artifact_left_by_prior_attempt) ... ok
Flutter analyze e test	Verificar contratos e bloqueios da esteira	2026-10-09T02:26:30.2499935Z test_build_flags_are_fixed_and_defines_are_arguments_without_shell (test_mobile_build.MobileBuildTests.test_build_flags_are_fixed_and_defines_are_arguments_without_shell) ... ok
Flutter analyze e test	Verificar contratos e bloqueios da esteira	2026-10-09T02:26:30.2505561Z test_bundle_cannot_reference_files_outside_itself (test_mobile_build.MobileBuildTests.test_bundle_cannot_reference_files_outside_itself) ... ok
Flutter analyze e test	Verificar contratos e bloqueios da esteira	2026-10-09T02:26:30.2512204Z test_compiler_error_produces_no_metadata (test_mobile_build.MobileBuildTests.test_compiler_error_produces_no_metadata) ... ok
Flutter analyze e test	Verificar contratos e bloqueios da esteira	2026-10-09T02:26:30.2516482Z test_ios_linux_runner_is_rejected (test_mobile_build.MobileBuildTests.test_ios_linux_runner_is_rejected) ... ok
Flutter analyze e test	Verificar contratos e bloqueios da esteira	2026-10-09T02:26:30.2535999Z test_ios_without_codesign_packages_xcarchive_and_does_not_claim_ipa (test_mobile_build.MobileBuildTests.test_ios_without_codesign_packages_xcarchive_and_does_not_claim_ipa) ... ok
Flutter analyze e test	Verificar contratos e bloqueios da esteira	2026-10-09T02:26:30.2540658Z test_mutable_ref_and_wrong_checkout_never_start_compiler (test_mobile_build.MobileBuildTests.test_mutable_ref_and_wrong_checkout_never_start_compiler) ... ok
Flutter analyze e test	Verificar contratos e bloqueios da esteira	2026-10-09T02:26:30.2544112Z test_tools_checkout_must_match_the_caller_commit (test_mobile_build.MobileBuildTests.test_tools_checkout_must_match_the_caller_commit) ... ok
Flutter analyze e test	Verificar contratos e bloqueios da esteira	2026-10-09T02:26:30.2555293Z test_tracked_change_during_build_invalidates_result (test_mobile_build.MobileBuildTests.test_tracked_change_during_build_invalidates_result) ... ok
Flutter analyze e test	Verificar contratos e bloqueios da esteira	2026-10-09T02:26:30.2565458Z test_wrong_sdk_version_or_revision_blocks_build (test_mobile_build.MobileBuildTests.test_wrong_sdk_version_or_revision_blocks_build) ... ok
Flutter analyze e test	Verificar contratos e bloqueios da esteira	2026-10-09T02:26:30.3037994Z test_delivery_is_visible_separately_from_app_metadata (test_pages_preview.PagesPreviewTests.test_delivery_is_visible_separately_from_app_metadata) ... ok
Flutter analyze e test	Verificar contratos e bloqueios da esteira	2026-10-09T02:26:30.3597240Z test_existing_bytes_cannot_be_replaced (test_pages_preview.PagesPreviewTests.test_existing_bytes_cannot_be_replaced) ... ok
Flutter analyze e test	Verificar contratos e bloqueios da esteira	2026-10-09T02:26:30.4120382Z test_existing_snapshot_reuses_bytes_without_rebuilding (test_pages_preview.PagesPreviewTests.test_existing_snapshot_reuses_bytes_without_rebuilding) ... ok
Flutter analyze e test	Verificar contratos e bloqueios da esteira	2026-10-09T02:26:30.4615584Z test_export_excludes_git_and_blocks_state (test_pages_preview.PagesPreviewTests.test_export_excludes_git_and_blocks_state) ... ok
Flutter analyze e test	Verificar contratos e bloqueios da esteira	2026-10-09T02:26:30.5240596Z test_flutter_build_marker_is_not_published (test_pages_preview.PagesPreviewTests.test_flutter_build_marker_is_not_published) ... ok
Flutter analyze e test	Verificar contratos e bloqueios da esteira	2026-10-09T02:26:30.5696064Z test_frozen_candidate_must_identify_the_same_source_and_tag (test_pages_preview.PagesPreviewTests.test_frozen_candidate_must_identify_the_same_source_and_tag) ... ok
Flutter analyze e test	Verificar contratos e bloqueios da esteira	2026-10-09T02:26:30.5933701Z test_invalid_delivery_tag_is_rejected_before_build (test_pages_preview.PagesPreviewTests.test_invalid_delivery_tag_is_rejected_before_build) ... ok
Flutter analyze e test	Verificar contratos e bloqueios da esteira	2026-10-09T02:26:30.6226365Z test_mutable_checkout_and_unknown_sha_are_rejected (test_pages_preview.PagesPreviewTests.test_mutable_checkout_and_unknown_sha_are_rejected) ... ok
Flutter analyze e test	Verificar contratos e bloqueios da esteira	2026-10-09T02:26:30.7111218Z test_new_snapshot_retains_previous_and_updates_root (test_pages_preview.PagesPreviewTests.test_new_snapshot_retains_previous_and_updates_root) ... ok
Flutter analyze e test	Verificar contratos e bloqueios da esteira	2026-10-09T02:26:30.7895401Z test_other_hidden_files_are_still_rejected (test_pages_preview.PagesPreviewTests.test_other_hidden_files_are_still_rejected) ... ok
Flutter analyze e test	Verificar contratos e bloqueios da esteira	2026-10-09T02:26:30.8619076Z test_same_sha_in_another_candidate_preserves_original_snapshot_identity (test_pages_preview.PagesPreviewTests.test_same_sha_in_another_candidate_preserves_original_snapshot_identity) ... ok
Flutter analyze e test	Verificar contratos e bloqueios da esteira	2026-10-09T02:26:30.9091924Z test_site_rejects_links_and_banks_hidden_as_assets (test_pages_preview.PagesPreviewTests.test_site_rejects_links_and_banks_hidden_as_assets) ... ok
Flutter analyze e test	Verificar contratos e bloqueios da esteira	2026-10-09T02:26:30.9552583Z test_snapshot_metadata_matches_code_and_preserves_ci_identity (test_pages_preview.PagesPreviewTests.test_snapshot_metadata_matches_code_and_preserves_ci_identity) ... ok
Flutter analyze e test	Verificar contratos e bloqueios da esteira	2026-10-09T02:26:30.9558081Z test_base_href_and_bootstrap_reference_are_checked_beyond_hashes (test_pages_smoke.PagesSmokeTests.test_base_href_and_bootstrap_reference_are_checked_beyond_hashes) ... ok
Flutter analyze e test	Verificar contratos e bloqueios da esteira	2026-10-09T02:26:30.9560630Z test_confirms_snapshot_and_attests_full_map_without_downloading_engine (test_pages_smoke.PagesSmokeTests.test_confirms_snapshot_and_attests_full_map_without_downloading_engine) ... ok
Flutter analyze e test	Verificar contratos e bloqueios da esteira	2026-10-09T02:26:30.9564737Z test_delivery_label_must_match_declared_metadata (test_pages_smoke.PagesSmokeTests.test_delivery_label_must_match_declared_metadata) ... ok
Flutter analyze e test	Verificar contratos e bloqueios da esteira	2026-10-09T02:26:30.9584086Z test_http_only_retries_selected_statuses_and_refuses_redirects (test_pages_smoke.PagesSmokeTests.test_http_only_retries_selected_statuses_and_refuses_redirects) ... ok
Flutter analyze e test	Verificar contratos e bloqueios da esteira	2026-10-09T02:26:30.9585832Z test_map_hash_must_match_trusted_build_even_if_metadata_claims_it_does (test_pages_smoke.PagesSmokeTests.test_map_hash_must_match_trusted_build_even_if_metadata_claims_it_does) ... ok
Flutter analyze e test	Verificar contratos e bloqueios da esteira	2026-10-09T02:26:30.9587313Z test_metadata_tampering_with_recomputed_manifest_keeps_web_hash_but_is_rejected (test_pages_smoke.PagesSmokeTests.test_metadata_tampering_with_recomputed_manifest_keeps_web_hash_but_is_rejected) ... ok
Flutter analyze e test	Verificar contratos e bloqueios da esteira	2026-10-09T02:26:30.9588828Z test_retries_propagation_and_stops_at_190_seconds (test_pages_smoke.PagesSmokeTests.test_retries_propagation_and_stops_at_190_seconds) ... Aguardando propagação Pages: HTTP 404
Flutter analyze e test	Verificar contratos e bloqueios da esteira	2026-10-09T02:26:30.9589533Z Aguardando propagação Pages: HTTP 404
Flutter analyze e test	Verificar contratos e bloqueios da esteira	2026-10-09T02:26:30.9589840Z Aguardando propagação Pages: HTTP 503
Flutter analyze e test	Verificar contratos e bloqueios da esteira	2026-10-09T02:26:30.9590154Z Aguardando propagação Pages: HTTP 503
Flutter analyze e test	Verificar contratos e bloqueios da esteira	2026-10-09T02:26:30.9590452Z Aguardando propagação Pages: HTTP 503
Flutter analyze e test	Verificar contratos e bloqueios da esteira	2026-10-09T02:26:30.9590731Z Aguardando propagação Pages: HTTP 503
Flutter analyze e test	Verificar contratos e bloqueios da esteira	2026-10-09T02:26:30.9591006Z Aguardando propagação Pages: HTTP 503
Flutter analyze e test	Verificar contratos e bloqueios da esteira	2026-10-09T02:26:30.9591274Z Aguardando propagação Pages: HTTP 503
Flutter analyze e test	Verificar contratos e bloqueios da esteira	2026-10-09T02:26:30.9591543Z Aguardando propagação Pages: HTTP 503
Flutter analyze e test	Verificar contratos e bloqueios da esteira	2026-10-09T02:26:30.9591818Z Aguardando propagação Pages: HTTP 503
Flutter analyze e test	Verificar contratos e bloqueios da esteira	2026-10-09T02:26:30.9592092Z Aguardando propagação Pages: HTTP 503
Flutter analyze e test	Verificar contratos e bloqueios da esteira	2026-10-09T02:26:30.9592357Z Aguardando propagação Pages: HTTP 503
Flutter analyze e test	Verificar contratos e bloqueios da esteira	2026-10-09T02:26:30.9592629Z Aguardando propagação Pages: HTTP 503
Flutter analyze e test	Verificar contratos e bloqueios da esteira	2026-10-09T02:26:30.9592901Z Aguardando propagação Pages: HTTP 503
Flutter analyze e test	Verificar contratos e bloqueios da esteira	2026-10-09T02:26:30.9593177Z Aguardando propagação Pages: HTTP 503
Flutter analyze e test	Verificar contratos e bloqueios da esteira	2026-10-09T02:26:30.9593447Z Aguardando propagação Pages: HTTP 503
Flutter analyze e test	Verificar contratos e bloqueios da esteira	2026-10-09T02:26:30.9593726Z Aguardando propagação Pages: HTTP 503
Flutter analyze e test	Verificar contratos e bloqueios da esteira	2026-10-09T02:26:30.9594002Z Aguardando propagação Pages: HTTP 503
Flutter analyze e test	Verificar contratos e bloqueios da esteira	2026-10-09T02:26:30.9594287Z Aguardando propagação Pages: HTTP 503
Flutter analyze e test	Verificar contratos e bloqueios da esteira	2026-10-09T02:26:30.9594570Z Aguardando propagação Pages: HTTP 503
Flutter analyze e test	Verificar contratos e bloqueios da esteira	2026-10-09T02:26:30.9594843Z Aguardando propagação Pages: HTTP 503
Flutter analyze e test	Verificar contratos e bloqueios da esteira	2026-10-09T02:26:30.9595061Z ok
Flutter analyze e test	Verificar contratos e bloqueios da esteira	2026-10-09T02:26:30.9596281Z test_unsafe_manifest_paths_fail_before_asset_requests (test_pages_smoke.PagesSmokeTests.test_unsafe_manifest_paths_fail_before_asset_requests) ... ok
Flutter analyze e test	Verificar contratos e bloqueios da esteira	2026-10-09T02:26:30.9597836Z test_wrapper_tampering_with_recomputed_manifest_keeps_web_hash_but_is_rejected (test_pages_smoke.PagesSmokeTests.test_wrapper_tampering_with_recomputed_manifest_keeps_web_hash_but_is_rejected) ... ok
Flutter analyze e test	Verificar contratos e bloqueios da esteira	2026-10-09T02:26:30.9600287Z test_wrong_metadata_or_main_bytes_fail_without_retry (test_pages_smoke.PagesSmokeTests.test_wrong_metadata_or_main_bytes_fail_without_retry) ... ok
Flutter analyze e test	Verificar contratos e bloqueios da esteira	2026-10-09T02:26:30.9601136Z test_bot_and_pending_do_not_count (test_policy.ApprovalTests.test_bot_and_pending_do_not_count) ... ok
Flutter analyze e test	Verificar contratos e bloqueios da esteira	2026-10-09T02:26:30.9602143Z test_comment_does_not_revoke_and_api_order_does_not_matter (test_policy.ApprovalTests.test_comment_does_not_revoke_and_api_order_does_not_matter) ... ok
Flutter analyze e test	Verificar contratos e bloqueios da esteira	2026-10-09T02:26:30.9603316Z test_commit_change_invalidates_approvals (test_policy.ApprovalTests.test_commit_change_invalidates_approvals) ... ok
Flutter analyze e test	Verificar contratos e bloqueios da esteira	2026-10-09T02:26:30.9604103Z test_dismissal_and_changes_requested_revoke (test_policy.ApprovalTests.test_dismissal_and_changes_requested_revoke) ... ok
Flutter analyze e test	Verificar contratos e bloqueios da esteira	2026-10-09T02:26:30.9607077Z test_no_publish_side_effect_at_zero_one_or_unmerged_two (test_policy.ApprovalTests.test_no_publish_side_effect_at_zero_one_or_unmerged_two) ... ok
Flutter analyze e test	Verificar contratos e bloqueios da esteira	2026-10-09T02:26:30.9607852Z test_only_one_new_manifest (test_policy.ApprovalTests.test_only_one_new_manifest) ... ok
Flutter analyze e test	Verificar contratos e bloqueios da esteira	2026-10-09T02:26:30.9608662Z test_other_people_and_author_cannot_substitute (test_policy.ApprovalTests.test_other_people_and_author_cannot_substitute) ... ok
Flutter analyze e test	Verificar contratos e bloqueios da esteira	2026-10-09T02:26:30.9609454Z test_reapproval_after_changes (test_policy.ApprovalTests.test_reapproval_after_changes) ... ok
Flutter analyze e test	Verificar contratos e bloqueios da esteira	2026-10-09T02:26:30.9610166Z test_record_hash_binds_source_preview_and_changelog (test_policy.ApprovalTests.test_record_hash_binds_source_preview_and_changelog) ... ok
Flutter analyze e test	Verificar contratos e bloqueios da esteira	2026-10-09T02:26:30.9611254Z test_same_person_twice_cannot_approve_alone (test_policy.ApprovalTests.test_same_person_twice_cannot_approve_alone) ... ok
Flutter analyze e test	Verificar contratos e bloqueios da esteira	2026-10-09T02:26:30.9611873Z test_submission_time_wins_over_draft_creation_id (test_policy.ApprovalTests.test_submission_time_wins_over_draft_creation_id) ... ok
Flutter analyze e test	Verificar contratos e bloqueios da esteira	2026-10-09T02:26:30.9612382Z test_zero_one_and_two (test_policy.ApprovalTests.test_zero_one_and_two) ... ok
Flutter analyze e test	Verificar contratos e bloqueios da esteira	2026-10-09T02:26:30.9612948Z test_expiration_and_changed_inputs (test_policy.PreviewTests.test_expiration_and_changed_inputs) ... ok
Flutter analyze e test	Verificar contratos e bloqueios da esteira	2026-10-09T02:26:30.9928448Z test_squash_sha_difference_preserves_content_identity (test_policy.PreviewTests.test_squash_sha_difference_preserves_content_identity) ... ok
Flutter analyze e test	Verificar contratos e bloqueios da esteira	2026-10-09T02:26:30.9937457Z test_revocation_during_upload_never_publishes_draft (test_policy.PublisherBoundaryTests.test_revocation_during_upload_never_publishes_draft) ... ok
Flutter analyze e test	Verificar contratos e bloqueios da esteira	2026-10-09T02:26:30.9954025Z test_two_current_review_payloads_allow_only_lab_release_and_receipt (test_policy.PublisherBoundaryTests.test_two_current_review_payloads_allow_only_lab_release_and_receipt) ... ok
Flutter analyze e test	Verificar contratos e bloqueios da esteira	2026-10-09T02:26:30.9966366Z test_changed_source_cannot_reuse_candidate_authorization (test_release_lab.CandidateStateTests.test_changed_source_cannot_reuse_candidate_authorization) ... ok
Flutter analyze e test	Verificar contratos e bloqueios da esteira	2026-10-09T02:26:30.9968407Z test_current_candidate_is_bound_to_its_exact_source_commit (test_release_lab.CandidateStateTests.test_current_candidate_is_bound_to_its_exact_source_commit) ... ok
Flutter analyze e test	Verificar contratos e bloqueios da esteira	2026-10-09T02:26:30.9969256Z test_missing_record_does_not_get_created_by_the_gate (test_release_lab.CandidateStateTests.test_missing_record_does_not_get_created_by_the_gate) ... ok
Flutter analyze e test	Verificar contratos e bloqueios da esteira	2026-10-09T02:26:30.9969759Z test_new_rc_blocks_old_rc_without_deleting_its_history (test_release_lab.CandidateStateTests.test_new_rc_blocks_old_rc_without_deleting_its_history) ... ok
Flutter analyze e test	Verificar contratos e bloqueios da esteira	2026-10-09T02:26:30.9970258Z test_dart_only_is_a_preliminary_forecast_with_a_reason (test_release_lab.ClassificationTests.test_dart_only_is_a_preliminary_forecast_with_a_reason) ... ok
Flutter analyze e test	Verificar contratos e bloqueios da esteira	2026-10-09T02:26:30.9970826Z test_dependency_change_remains_unknown_without_compatibility_evidence (test_release_lab.ClassificationTests.test_dependency_change_remains_unknown_without_compatibility_evidence) ... ok
Flutter analyze e test	Verificar contratos e bloqueios da esteira	2026-10-09T02:26:30.9971432Z test_native_sdk_and_packaged_asset_changes_require_a_store_release (test_release_lab.ClassificationTests.test_native_sdk_and_packaged_asset_changes_require_a_store_release) ... ok
Flutter analyze e test	Verificar contratos e bloqueios da esteira	2026-10-09T02:26:30.9972005Z test_unknown_mobile_base_blocks_patch_forecast_even_for_dart_only (test_release_lab.ClassificationTests.test_unknown_mobile_base_blocks_patch_forecast_even_for_dart_only) ... ok
Flutter analyze e test	Verificar contratos e bloqueios da esteira	2026-10-09T02:26:30.9972520Z test_bot_cannot_be_counted_as_a_human_review (test_release_lab.EnvironmentReviewTests.test_bot_cannot_be_counted_as_a_human_review) ... ok
Flutter analyze e test	Verificar contratos e bloqueios da esteira	2026-10-09T02:26:30.9973014Z test_changed_environment_id_invalidates_a_familiar_name (test_release_lab.EnvironmentReviewTests.test_changed_environment_id_invalidates_a_familiar_name) ... ok
Flutter analyze e test	Verificar contratos e bloqueios da esteira	2026-10-09T02:26:30.9973736Z test_conflicting_history_cannot_choose_a_convenient_api_order (test_release_lab.EnvironmentReviewTests.test_conflicting_history_cannot_choose_a_convenient_api_order) ... ok
Flutter analyze e test	Verificar contratos e bloqueios da esteira	2026-10-09T02:26:30.9974308Z test_duplicate_person_in_two_environments_is_not_two_approvals (test_release_lab.EnvironmentReviewTests.test_duplicate_person_in_two_environments_is_not_two_approvals) ... ok
Flutter analyze e test	Verificar contratos e bloqueios da esteira	2026-10-09T02:26:30.9974869Z test_either_required_approver_can_take_the_final_decision (test_release_lab.EnvironmentReviewTests.test_either_required_approver_can_take_the_final_decision) ... ok
Flutter analyze e test	Verificar contratos e bloqueios da esteira	2026-10-09T02:26:30.9975427Z test_final_decision_does_not_replace_a_missing_version_approval (test_release_lab.EnvironmentReviewTests.test_final_decision_does_not_replace_a_missing_version_approval) ... ok
Flutter analyze e test	Verificar contratos e bloqueios da esteira	2026-10-09T02:26:30.9975967Z test_final_requires_a_third_separate_human_decision (test_release_lab.EnvironmentReviewTests.test_final_requires_a_third_separate_human_decision) ... ok
Flutter analyze e test	Verificar contratos e bloqueios da esteira	2026-10-09T02:26:30.9976587Z test_login_alone_cannot_substitute_numeric_account_identity (test_release_lab.EnvironmentReviewTests.test_login_alone_cannot_substitute_numeric_account_identity) ... ok
Flutter analyze e test	Verificar contratos e bloqueios da esteira	2026-10-09T02:26:30.9977311Z test_numeric_id_alone_cannot_substitute_another_login (test_release_lab.EnvironmentReviewTests.test_numeric_id_alone_cannot_substitute_another_login) ... ok
Flutter analyze e test	Verificar contratos e bloqueios da esteira	2026-10-09T02:26:30.9977819Z test_rejection_or_pending_cannot_count_as_approval (test_release_lab.EnvironmentReviewTests.test_rejection_or_pending_cannot_count_as_approval) ... ok
Flutter analyze e test	Verificar contratos e bloqueios da esteira	2026-10-09T02:26:30.9978362Z test_two_real_identities_enable_approval_stage_without_publishing (test_release_lab.EnvironmentReviewTests.test_two_real_identities_enable_approval_stage_without_publishing) ... ok
Flutter analyze e test	Verificar contratos e bloqueios da esteira	2026-10-09T02:26:30.9978928Z test_unlisted_publisher_cannot_use_the_final_environment (test_release_lab.EnvironmentReviewTests.test_unlisted_publisher_cannot_use_the_final_environment) ... ok
Flutter analyze e test	Verificar contratos e bloqueios da esteira	2026-10-09T02:26:30.9979509Z test_wrong_identity_in_history_cannot_be_hidden_behind_a_valid_approval (test_release_lab.EnvironmentReviewTests.test_wrong_identity_in_history_cannot_be_hidden_behind_a_valid_approval) ... ok
Flutter analyze e test	Verificar contratos e bloqueios da esteira	2026-10-09T02:26:30.9980085Z test_zero_or_one_approval_cannot_enable_final_command (test_release_lab.EnvironmentReviewTests.test_zero_or_one_approval_cannot_enable_final_command) ... ok
Flutter analyze e test	Verificar contratos e bloqueios da esteira	2026-10-09T02:26:30.9989768Z test_failed_cancelled_skipped_or_pending_job_cannot_complete (test_release_lab.FinalReceiptTests.test_failed_cancelled_skipped_or_pending_job_cannot_complete) ... ok
Flutter analyze e test	Verificar contratos e bloqueios da esteira	2026-10-09T02:26:30.9996006Z test_old_run_cannot_complete_after_rc2_replaced_it (test_release_lab.FinalReceiptTests.test_old_run_cannot_complete_after_rc2_replaced_it) ... ok
Flutter analyze e test	Verificar contratos e bloqueios da esteira	2026-10-09T02:26:31.0003444Z test_report_drift_cannot_complete_or_write_a_receipt (test_release_lab.FinalReceiptTests.test_report_drift_cannot_complete_or_write_a_receipt) ... ok
Flutter analyze e test	Verificar contratos e bloqueios da esteira	2026-10-09T02:26:31.0010363Z test_reviews_without_both_successful_job_receipts_cannot_complete (test_release_lab.FinalReceiptTests.test_reviews_without_both_successful_job_receipts_cannot_complete) ... ok
Flutter analyze e test	Verificar contratos e bloqueios da esteira	2026-10-09T02:26:31.0022311Z test_success_records_real_decisions_but_only_simulated_result (test_release_lab.FinalReceiptTests.test_success_records_real_decisions_but_only_simulated_result) ... ok
Flutter analyze e test	Verificar contratos e bloqueios da esteira	2026-10-09T02:26:31.0024913Z test_advanced_release_requires_new_rc_instead_of_old_approval (test_release_lab.FrozenIdentityTests.test_advanced_release_requires_new_rc_instead_of_old_approval) ... ok
Flutter analyze e test	Verificar contratos e bloqueios da esteira	2026-10-09T02:26:31.0025872Z test_changed_policy_does_not_reuse_frozen_approvals (test_release_lab.FrozenIdentityTests.test_changed_policy_does_not_reuse_frozen_approvals) ... ok
Flutter analyze e test	Verificar contratos e bloqueios da esteira	2026-10-09T02:26:31.0027327Z test_moved_tag_blocks_before_reading_environment_rules (test_release_lab.FrozenIdentityTests.test_moved_tag_blocks_before_reading_environment_rules) ... ok
Flutter analyze e test	Verificar contratos e bloqueios da esteira	2026-10-09T02:26:31.0037479Z test_invalid_version_or_title_is_rejected_before_any_remote_mutation (test_release_lab.InputValidationTests.test_invalid_version_or_title_is_rejected_before_any_remote_mutation) ... ok
Flutter analyze e test	Verificar contratos e bloqueios da esteira	2026-10-09T02:26:31.0038678Z test_distinct_roles_cannot_share_one_environment (test_release_lab.PolicyTests.test_distinct_roles_cannot_share_one_environment) ... ok
Flutter analyze e test	Verificar contratos e bloqueios da esteira	2026-10-09T02:26:31.0039564Z test_empty_or_ambiguous_account_identity_is_rejected (test_release_lab.PolicyTests.test_empty_or_ambiguous_account_identity_is_rejected) ... ok
Flutter analyze e test	Verificar contratos e bloqueios da esteira	2026-10-09T02:26:31.0040343Z test_final_decision_has_its_own_environment (test_release_lab.PolicyTests.test_final_decision_has_its_own_environment) ... ok
Flutter analyze e test	Verificar contratos e bloqueios da esteira	2026-10-09T02:26:31.0041210Z test_final_publishers_must_be_the_required_approver_set (test_release_lab.PolicyTests.test_final_publishers_must_be_the_required_approver_set) ... ok
Flutter analyze e test	Verificar contratos e bloqueios da esteira	2026-10-09T02:26:31.0042192Z test_policy_accepts_distinct_mandatory_approvers_and_either_publisher (test_release_lab.PolicyTests.test_policy_accepts_distinct_mandatory_approvers_and_either_publisher) ... ok
Flutter analyze e test	Verificar contratos e bloqueios da esteira	2026-10-09T02:26:31.0043087Z test_same_person_cannot_fill_both_mandatory_roles (test_release_lab.PolicyTests.test_same_person_cannot_fill_both_mandatory_roles) ... ok
Flutter analyze e test	Verificar contratos e bloqueios da esteira	2026-10-09T02:26:31.0543016Z test_an_extra_valid_snapshot_cannot_cross_the_candidate_boundary (test_release_lab.StaticArtifactBoundaryTests.test_an_extra_valid_snapshot_cannot_cross_the_candidate_boundary) ... ok
Flutter analyze e test	Verificar contratos e bloqueios da esteira	2026-10-09T02:26:31.1175785Z test_divergent_historical_snapshot_is_preserved_instead_of_overwritten (test_release_lab.StaticArtifactBoundaryTests.test_divergent_historical_snapshot_is_preserved_instead_of_overwritten) ... ok
Flutter analyze e test	Verificar contratos e bloqueios da esteira	2026-10-09T02:26:31.1692399Z test_root_or_nested_git_payload_is_rejected_before_import (test_release_lab.StaticArtifactBoundaryTests.test_root_or_nested_git_payload_is_rejected_before_import) ... ok
Flutter analyze e test	Verificar contratos e bloqueios da esteira	2026-10-09T02:26:31.2620601Z test_self_consistent_metadata_must_still_match_trusted_git_inputs (test_release_lab.StaticArtifactBoundaryTests.test_self_consistent_metadata_must_still_match_trusted_git_inputs) ... ok
Flutter analyze e test	Verificar contratos e bloqueios da esteira	2026-10-09T02:26:31.3099455Z test_symlink_as_artifact_root_is_rejected_without_following_it (test_release_lab.StaticArtifactBoundaryTests.test_symlink_as_artifact_root_is_rejected_without_following_it) ... ok
Flutter analyze e test	Verificar contratos e bloqueios da esteira	2026-10-09T02:26:31.3100468Z test_operator_can_prepare_only_once_from_main (test_release_lab.TrustedContextTests.test_operator_can_prepare_only_once_from_main) ... ok
Flutter analyze e test	Verificar contratos e bloqueios da esteira	2026-10-09T02:26:31.3101321Z test_repository_account_and_trusted_ref_cannot_be_substituted (test_release_lab.TrustedContextTests.test_repository_account_and_trusted_ref_cannot_be_substituted) ... ok
Flutter analyze e test	Verificar contratos e bloqueios da esteira	2026-10-09T02:26:31.3102215Z test_rerun_cannot_reuse_earlier_human_approvals (test_release_lab.TrustedContextTests.test_rerun_cannot_reuse_earlier_human_approvals) ... ok
Flutter analyze e test	Verificar contratos e bloqueios da esteira	2026-10-09T02:26:31.3824938Z test_conflicting_release_name_body_or_state_is_not_patched (test_release_lab_promotion.PromotionFlowTests.test_conflicting_release_name_body_or_state_is_not_patched) ... ok
Flutter analyze e test	Verificar contratos e bloqueios da esteira	2026-10-09T02:26:31.4553054Z test_conflicting_stable_ref_is_never_moved_or_deleted (test_release_lab_promotion.PromotionFlowTests.test_conflicting_stable_ref_is_never_moved_or_deleted) ... ok
Flutter analyze e test	Verificar contratos e bloqueios da esteira	2026-10-09T02:26:31.5190158Z test_failed_preview_cannot_produce_report_approval_or_publication (test_release_lab_promotion.PromotionFlowTests.test_failed_preview_cannot_produce_report_approval_or_publication) ... ok
Flutter analyze e test	Verificar contratos e bloqueios da esteira	2026-10-09T02:26:31.5902614Z test_interleaved_approval_writers_retry_cas_without_losing_either_receipt (test_release_lab_promotion.PromotionFlowTests.test_interleaved_approval_writers_retry_cas_without_losing_either_receipt) ... ok
Flutter analyze e test	Verificar contratos e bloqueios da esteira	2026-10-09T02:26:31.6601723Z test_lost_release_post_response_is_read_back_before_receipt (test_release_lab_promotion.PromotionFlowTests.test_lost_release_post_response_is_read_back_before_receipt) ... ok
Flutter analyze e test	Verificar contratos e bloqueios da esteira	2026-10-09T02:26:31.7024279Z test_lost_response_after_final_cut_journal_commit_returns_the_same_rc (test_release_lab_promotion.PromotionFlowTests.test_lost_response_after_final_cut_journal_commit_returns_the_same_rc) ... ok
Flutter analyze e test	Verificar contratos e bloqueios da esteira	2026-10-09T02:26:31.7809018Z test_lost_responses_and_partial_failure_reconcile_exactly_one_release (test_release_lab_promotion.PromotionFlowTests.test_lost_responses_and_partial_failure_reconcile_exactly_one_release) ... ok
Flutter analyze e test	Verificar contratos e bloqueios da esteira	2026-10-09T02:26:31.8518149Z test_lost_tag_post_response_is_proven_by_get_before_release_post (test_release_lab_promotion.PromotionFlowTests.test_lost_tag_post_response_is_proven_by_get_before_release_post) ... ok
Flutter analyze e test	Verificar contratos e bloqueios da esteira	2026-10-09T02:26:31.9742164Z test_old_completed_version_wrong_initiator_rerun_and_bot_are_blocked (test_release_lab_promotion.PromotionFlowTests.test_old_completed_version_wrong_initiator_rerun_and_bot_are_blocked) ... ok
Flutter analyze e test	Verificar contratos e bloqueios da esteira	2026-10-09T02:26:32.0353962Z test_pending_or_cancelled_review_job_blocks_external_effects_even_if_reviews_exist (test_release_lab_promotion.PromotionFlowTests.test_pending_or_cancelled_review_job_blocks_external_effects_even_if_reviews_exist) ... ok
Flutter analyze e test	Verificar contratos e bloqueios da esteira	2026-10-09T02:26:32.1104516Z test_publication_failure_keeps_intent_and_blocks_new_candidate (test_release_lab_promotion.PromotionFlowTests.test_publication_failure_keeps_intent_and_blocks_new_candidate) ... ok
Flutter analyze e test	Verificar contratos e bloqueios da esteira	2026-10-09T02:26:32.1921034Z test_recovery_cannot_continue_after_a_correction_changed_release_branch (test_release_lab_promotion.PromotionFlowTests.test_recovery_cannot_continue_after_a_correction_changed_release_branch) ... ok
Flutter analyze e test	Verificar contratos e bloqueios da esteira	2026-10-09T02:26:32.2873214Z test_recovery_requires_new_final_decision_and_preserves_original_approval_evidence (test_release_lab_promotion.PromotionFlowTests.test_recovery_requires_new_final_decision_and_preserves_original_approval_evidence) ... ok
Flutter analyze e test	Verificar contratos e bloqueios da esteira	2026-10-09T02:26:32.4169704Z test_rejected_rc1_is_preserved_corrected_rc2_starts_at_zero_and_is_promoted (test_release_lab_promotion.PromotionFlowTests.test_rejected_rc1_is_preserved_corrected_rc2_starts_at_zero_and_is_promoted) ... ok
Flutter analyze e test	Verificar contratos e bloqueios da esteira	2026-10-09T02:26:32.4851293Z test_removed_rules_after_approvals_and_final_command_prevent_publication_intent (test_release_lab_promotion.PromotionFlowTests.test_removed_rules_after_approvals_and_final_command_prevent_publication_intent) ... ok
Flutter analyze e test	Verificar contratos e bloqueios da esteira	2026-10-09T02:26:32.5595578Z test_removed_rules_after_stable_creation_block_release_and_preserve_partial_intent (test_release_lab_promotion.PromotionFlowTests.test_removed_rules_after_stable_creation_block_release_and_preserve_partial_intent) ... ok
Flutter analyze e test	Verificar contratos e bloqueios da esteira	2026-10-09T02:26:32.6276620Z test_report_tag_release_branch_and_base_drift_do_not_reuse_approvals (test_release_lab_promotion.PromotionFlowTests.test_report_tag_release_branch_and_base_drift_do_not_reuse_approvals) ... ok
Flutter analyze e test	Verificar contratos e bloqueios da esteira	2026-10-09T02:26:32.7097871Z test_same_attempt_process_retry_reuses_intent_and_cannot_duplicate_release (test_release_lab_promotion.PromotionFlowTests.test_same_attempt_process_retry_reuses_intent_and_cannot_duplicate_release) ... ok
Flutter analyze e test	Verificar contratos e bloqueios da esteira	2026-10-09T02:26:32.7922301Z test_second_successful_finish_is_idempotent_without_a_second_post (test_release_lab_promotion.PromotionFlowTests.test_second_successful_finish_is_idempotent_without_a_second_post) ... ok
Flutter analyze e test	Verificar contratos e bloqueios da esteira	2026-10-09T02:26:32.8404771Z test_simulated_completion_cannot_replace_the_real_stable_changelog_baseline (test_release_lab_promotion.PromotionFlowTests.test_simulated_completion_cannot_replace_the_real_stable_changelog_baseline) ... ok
Flutter analyze e test	Verificar contratos e bloqueios da esteira	2026-10-09T02:26:32.9279358Z test_successful_post_without_published_get_proof_cannot_write_receipt (test_release_lab_promotion.PromotionFlowTests.test_successful_post_without_published_get_proof_cannot_write_receipt) ... ok
Flutter analyze e test	Verificar contratos e bloqueios da esteira	2026-10-09T02:26:33.0001797Z test_unowned_stable_tag_at_same_commit_does_not_imply_publication_authority (test_release_lab_promotion.PromotionFlowTests.test_unowned_stable_tag_at_same_commit_does_not_imply_publication_authority) ... ok
Flutter analyze e test	Verificar contratos e bloqueios da esteira	2026-10-09T02:26:33.0247937Z test_version_comparison_is_numeric_instead_of_lexicographic (test_release_lab_promotion.PromotionFlowTests.test_version_comparison_is_numeric_instead_of_lexicographic) ... ok
Flutter analyze e test	Verificar contratos e bloqueios da esteira	2026-10-09T02:26:33.1196265Z test_zero_one_two_approvals_require_separate_command_before_github_promotion (test_release_lab_promotion.PromotionFlowTests.test_zero_one_two_approvals_require_separate_command_before_github_promotion) ... ok
Flutter analyze e test	Verificar contratos e bloqueios da esteira	2026-10-09T02:26:33.1793159Z test_changed_original_run_attempt_actor_workflow_or_repository_is_blocked (test_release_lab_rejection_close.RejectionCloseTests.test_changed_original_run_attempt_actor_workflow_or_repository_is_blocked) ... ok
Flutter analyze e test	Verificar contratos e bloqueios da esteira	2026-10-09T02:26:33.2357972Z test_close_requires_original_operator_context_and_default_observer_is_unchanged (test_release_lab_rejection_close.RejectionCloseTests.test_close_requires_original_operator_context_and_default_observer_is_unchanged) ... ok
Flutter analyze e test	Verificar contratos e bloqueios da esteira	2026-10-09T02:26:33.3115815Z test_completed_original_run_does_not_cancel_or_rewrite_candidate (test_release_lab_rejection_close.RejectionCloseTests.test_completed_original_run_does_not_cancel_or_rewrite_candidate) ... ok
Flutter analyze e test	Verificar contratos e bloqueios da esteira	2026-10-09T02:26:33.4111742Z test_first_rejection_closes_without_waiting_for_the_second (test_release_lab_rejection_close.RejectionCloseTests.test_first_rejection_closes_without_waiting_for_the_second) ... ok
Flutter analyze e test	Verificar contratos e bloqueios da esteira	2026-10-09T02:26:33.4707116Z test_new_preparation_intent_is_preserved_without_cancel (test_release_lab_rejection_close.RejectionCloseTests.test_new_preparation_intent_is_preserved_without_cancel) ... ok
Flutter analyze e test	Verificar contratos e bloqueios da esteira	2026-10-09T02:26:33.5302229Z test_other_run_id_is_blocked_before_any_effect (test_release_lab_rejection_close.RejectionCloseTests.test_other_run_id_is_blocked_before_any_effect) ... ok
Flutter analyze e test	Verificar contratos e bloqueios da esteira	2026-10-09T02:26:33.5957722Z test_publication_appearing_during_recheck_prevents_cancellation_and_is_preserved (test_release_lab_rejection_close.RejectionCloseTests.test_publication_appearing_during_recheck_prevents_cancellation_and_is_preserved) ... ok
Flutter analyze e test	Verificar contratos e bloqueios da esteira	2026-10-09T02:26:33.6537436Z test_second_rejection_closes_without_waiting_for_the_first_and_preserves_rc (test_release_lab_rejection_close.RejectionCloseTests.test_second_rejection_closes_without_waiting_for_the_first_and_preserves_rc) ... ok
Flutter analyze e test	Verificar contratos e bloqueios da esteira	2026-10-09T02:26:33.7114042Z test_tampered_report_policy_or_tag_is_blocked (test_release_lab_rejection_close.RejectionCloseTests.test_tampered_report_policy_or_tag_is_blocked) ... ok
Flutter analyze e test	Verificar contratos e bloqueios da esteira	2026-10-09T02:26:33.7744030Z test_technical_gate_failure_without_official_rejection_never_cancels_or_mutates (test_release_lab_rejection_close.RejectionCloseTests.test_technical_gate_failure_without_official_rejection_never_cancels_or_mutates) ... ok
Flutter analyze e test	Verificar contratos e bloqueios da esteira	2026-10-09T02:26:33.8497537Z test_terminal_history_receipt_or_publication_intent_is_preserved_without_cancel (test_release_lab_rejection_close.RejectionCloseTests.test_terminal_history_receipt_or_publication_intent_is_preserved_without_cancel) ... ok
Flutter analyze e test	Verificar contratos e bloqueios da esteira	2026-10-09T02:26:33.9135541Z test_unknown_cancel_response_preserves_proven_rejection_and_never_retries_inside_cas (test_release_lab_rejection_close.RejectionCloseTests.test_unknown_cancel_response_preserves_proven_rejection_and_never_retries_inside_cas) ... ok
Flutter analyze e test	Verificar contratos e bloqueios da esteira	2026-10-09T02:26:33.9776341Z test_wrong_gate_id_no_review_and_wrong_reviewer_no_cancel (test_release_lab_rejection_close.RejectionCloseTests.test_wrong_gate_id_no_review_and_wrong_reviewer_no_cancel) ... ok
Flutter analyze e test	Verificar contratos e bloqueios da esteira	2026-10-09T02:26:34.0540070Z test_available_matching_pr_context_is_frozen_without_waiting_for_ai (test_release_lab_state.CandidateStateTests.test_available_matching_pr_context_is_frozen_without_waiting_for_ai) ... ok
Flutter analyze e test	Verificar contratos e bloqueios da esteira	2026-10-09T02:26:34.1199928Z test_cancelled_original_run_is_registered_after_its_finalizer_cannot_run (test_release_lab_state.CandidateStateTests.test_cancelled_original_run_is_registered_after_its_finalizer_cannot_run) ... ok
Flutter analyze e test	Verificar contratos e bloqueios da esteira	2026-10-09T02:26:34.1999430Z test_completed_release_survives_a_failed_evidence_upload_job (test_release_lab_state.CandidateStateTests.test_completed_release_survives_a_failed_evidence_upload_job) ... ok
Flutter analyze e test	Verificar contratos e bloqueios da esteira	2026-10-09T02:26:34.2647287Z test_completion_observer_context_cannot_be_used_by_a_manual_effectful_command (test_release_lab_state.CandidateStateTests.test_completion_observer_context_cannot_be_used_by_a_manual_effectful_command) ... ok
Flutter analyze e test	Verificar contratos e bloqueios da esteira	2026-10-09T02:26:34.3374136Z test_concurrent_second_approval_is_not_overwritten_by_older_reconciliation (test_release_lab_state.CandidateStateTests.test_concurrent_second_approval_is_not_overwritten_by_older_reconciliation) ... ok
Flutter analyze e test	Verificar contratos e bloqueios da esteira	2026-10-09T02:26:34.4014992Z test_context_from_a_different_rc_is_ignored_with_immediate_commit_fallback (test_release_lab_state.CandidateStateTests.test_context_from_a_different_rc_is_ignored_with_immediate_commit_fallback) ... ok
Flutter analyze e test	Verificar contratos e bloqueios da esteira	2026-10-09T02:26:34.4682461Z test_failed_or_cancelled_evaluation_cannot_reopen_after_later_observation (test_release_lab_state.CandidateStateTests.test_failed_or_cancelled_evaluation_cannot_reopen_after_later_observation) ... ok
Flutter analyze e test	Verificar contratos e bloqueios da esteira	2026-10-09T02:26:34.5332903Z test_failed_preview_job_closes_evaluation_without_publishing (test_release_lab_state.CandidateStateTests.test_failed_preview_job_closes_evaluation_without_publishing) ... ok
Flutter analyze e test	Verificar contratos e bloqueios da esteira	2026-10-09T02:26:34.5925715Z test_frozen_summary_hash_mismatch_is_blocked_before_creating_a_publication_intent (test_release_lab_state.CandidateStateTests.test_frozen_summary_hash_mismatch_is_blocked_before_creating_a_publication_intent) ... ok
Flutter analyze e test	Verificar contratos e bloqueios da esteira	2026-10-09T02:26:34.6673537Z test_frozen_version_table_and_communication_are_copied_to_release_and_receipt (test_release_lab_state.CandidateStateTests.test_frozen_version_table_and_communication_are_copied_to_release_and_receipt) ... ok
Flutter analyze e test	Verificar contratos e bloqueios da esteira	2026-10-09T02:26:34.7300501Z test_future_dated_optional_context_cannot_block_required_report (test_release_lab_state.CandidateStateTests.test_future_dated_optional_context_cannot_block_required_report) ... ok
Flutter analyze e test	Verificar contratos e bloqueios da esteira	2026-10-09T02:26:34.8001529Z test_invalid_receipt_closes_observation_without_rewriting_the_receipt (test_release_lab_state.CandidateStateTests.test_invalid_receipt_closes_observation_without_rewriting_the_receipt) ... ok
Flutter analyze e test	Verificar contratos e bloqueios da esteira	2026-10-09T02:26:34.8715789Z test_long_or_large_commit_history_is_preserved_without_blocking_required_report (test_release_lab_state.CandidateStateTests.test_long_or_large_commit_history_is_preserved_without_blocking_required_report) ... ok
Flutter analyze e test	Verificar contratos e bloqueios da esteira	2026-10-09T02:26:34.9306249Z test_official_review_without_receipt_does_not_create_approval (test_release_lab_state.CandidateStateTests.test_official_review_without_receipt_does_not_create_approval) ... ok
Flutter analyze e test	Verificar contratos e bloqueios da esteira	2026-10-09T02:26:34.9917779Z test_optional_slack_failure_does_not_close_an_otherwise_waiting_evaluation (test_release_lab_state.CandidateStateTests.test_optional_slack_failure_does_not_close_an_otherwise_waiting_evaluation) ... ok
Flutter analyze e test	Verificar contratos e bloqueios da esteira	2026-10-09T02:26:35.0737945Z test_partial_publication_failure_is_preserved_for_explicit_recovery (test_release_lab_state.CandidateStateTests.test_partial_publication_failure_is_preserved_for_explicit_recovery) ... ok
Flutter analyze e test	Verificar contratos e bloqueios da esteira	2026-10-09T02:26:35.3331285Z test_preparation_error_with_no_registered_evaluation_changes_no_candidate (test_release_lab_state.CandidateStateTests.test_preparation_error_with_no_registered_evaluation_changes_no_candidate) ... ok
Flutter analyze e test	Verificar contratos e bloqueios da esteira	2026-10-09T02:26:35.3936490Z test_rejected_review_is_registered_without_modifying_frozen_material (test_release_lab_state.CandidateStateTests.test_rejected_review_is_registered_without_modifying_frozen_material) ... ok
Flutter analyze e test	Verificar contratos e bloqueios da esteira	2026-10-09T02:26:35.4495180Z test_state_finalizer_uses_always_and_completion_observer_has_no_artifact_input (test_release_lab_state.CandidateStateTests.test_state_finalizer_uses_always_and_completion_observer_has_no_artifact_input) ... ok
Flutter analyze e test	Verificar contratos e bloqueios da esteira	2026-10-09T02:26:35.5211809Z test_superseded_candidate_history_is_not_rewritten_by_late_completion (test_release_lab_state.CandidateStateTests.test_superseded_candidate_history_is_not_rewritten_by_late_completion) ... ok
Flutter analyze e test	Verificar contratos e bloqueios da esteira	2026-10-09T02:26:35.5891003Z test_wrong_actor_rerun_or_untrusted_workflow_cannot_write_observational_state (test_release_lab_state.CandidateStateTests.test_wrong_actor_rerun_or_untrusted_workflow_cannot_write_observational_state) ... ok
Flutter analyze e test	Verificar contratos e bloqueios da esteira	2026-10-09T02:26:35.6534849Z test_zero_one_and_two_recorded_approvals_have_distinct_waiting_states (test_release_lab_state.CandidateStateTests.test_zero_one_and_two_recorded_approvals_have_distinct_waiting_states) ... ok
Flutter analyze e test	Verificar contratos e bloqueios da esteira	2026-10-09T02:26:35.8008027Z test_absent_provider_is_not_silently_recreated_or_treated_as_negative (test_remote_state.RemoteStateTests.test_absent_provider_is_not_silently_recreated_or_treated_as_negative) ... ok
Flutter analyze e test	Verificar contratos e bloqueios da esteira	2026-10-09T02:26:35.9980253Z test_bootstrap_race_cannot_replace_another_initialized_ref (test_remote_state.RemoteStateTests.test_bootstrap_race_cannot_replace_another_initialized_ref) ... ok
Flutter analyze e test	Verificar contratos e bloqueios da esteira	2026-10-09T02:26:36.2087867Z test_checkpoint_exists_before_ref_mutation (test_remote_state.RemoteStateTests.test_checkpoint_exists_before_ref_mutation) ... ok
Flutter analyze e test	Verificar contratos e bloqueios da esteira	2026-10-09T02:26:36.3988890Z test_checksums_and_truncated_tree_or_extra_files_block_before_import (test_remote_state.RemoteStateTests.test_checksums_and_truncated_tree_or_extra_files_block_before_import) ... ok
Flutter analyze e test	Verificar contratos e bloqueios da esteira	2026-10-09T02:26:36.6117364Z test_concurrent_sibling_writer_is_conflict_never_rebased_or_reapplied (test_remote_state.RemoteStateTests.test_concurrent_sibling_writer_is_conflict_never_rebased_or_reapplied) ... ok
Flutter analyze e test	Verificar contratos e bloqueios da esteira	2026-10-09T02:26:36.8740692Z test_confirmation_after_another_writer_advances_still_identifies_our_commit (test_remote_state.RemoteStateTests.test_confirmation_after_another_writer_advances_still_identifies_our_commit) ... ok
Flutter analyze e test	Verificar contratos e bloqueios da esteira	2026-10-09T02:26:37.0884517Z test_denied_update_can_only_retry_same_proposal_with_same_payload (test_remote_state.RemoteStateTests.test_denied_update_can_only_retry_same_proposal_with_same_payload) ... ok
Flutter analyze e test	Verificar contratos e bloqueios da esteira	2026-10-09T02:26:37.2877182Z test_empty_directory_allowed_but_existing_state_is_not_overwritten (test_remote_state.RemoteStateTests.test_empty_directory_allowed_but_existing_state_is_not_overwritten) ... ok
Flutter analyze e test	Verificar contratos e bloqueios da esteira	2026-10-09T02:26:37.4458706Z test_lost_ref_reply_is_reconciled_without_second_update (test_remote_state.RemoteStateTests.test_lost_ref_reply_is_reconciled_without_second_update) ... ok
Flutter analyze e test	Verificar contratos e bloqueios da esteira	2026-10-09T02:26:37.6519390Z test_opaque_credential_setting_or_unexpected_secret_column_is_rejected (test_remote_state.RemoteStateTests.test_opaque_credential_setting_or_unexpected_secret_column_is_rejected) ... ok
Flutter analyze e test	Verificar contratos e bloqueios da esteira	2026-10-09T02:26:37.7926390Z test_restriction_to_personal_repository_and_dedicated_ref (test_remote_state.RemoteStateTests.test_restriction_to_personal_repository_and_dedicated_ref) ... ok
Flutter analyze e test	Verificar contratos e bloqueios da esteira	2026-10-09T02:26:37.9775193Z test_round_trip_preserves_hash_approvals_all_journals_and_path_plan (test_remote_state.RemoteStateTests.test_round_trip_preserves_hash_approvals_all_journals_and_path_plan) ... ok
Flutter analyze e test	Verificar contratos e bloqueios da esteira	2026-10-09T02:26:38.1270243Z test_secret_values_are_rejected_and_never_written_to_git (test_remote_state.RemoteStateTests.test_secret_values_are_rejected_and_never_written_to_git) ... ok
Flutter analyze e test	Verificar contratos e bloqueios da esteira	2026-10-09T02:26:38.3193358Z test_sqlite_wal_is_exported_by_backup_and_remote_journal_remains_consistent (test_remote_state.RemoteStateTests.test_sqlite_wal_is_exported_by_backup_and_remote_journal_remains_consistent) ... ok
Flutter analyze e test	Verificar contratos e bloqueios da esteira	2026-10-09T02:26:38.5803847Z test_two_actions_advance_one_parent_without_force_and_preserve_zero_to_two (test_remote_state.RemoteStateTests.test_two_actions_advance_one_parent_without_force_and_preserve_zero_to_two) ... ok
Flutter analyze e test	Verificar contratos e bloqueios da esteira	2026-10-09T02:26:38.8123261Z test_unknown_confirmation_preserves_checkpoint_and_exact_proposal_for_retry (test_remote_state.RemoteStateTests.test_unknown_confirmation_preserves_checkpoint_and_exact_proposal_for_retry) ... ok
Flutter analyze e test	Verificar contratos e bloqueios da esteira	2026-10-09T02:26:39.3111780Z test_reopened_actions_preserve_zero_one_two_and_publish_exact_snapshot_once (test_runner.CoordinatorTests.test_reopened_actions_preserve_zero_one_two_and_publish_exact_snapshot_once) ... ok
Flutter analyze e test	Verificar contratos e bloqueios da esteira	2026-10-09T02:26:39.4284225Z test_slack_checkpoint_failure_prevents_post_and_keeps_unknown_locally (test_runner.CoordinatorTests.test_slack_checkpoint_failure_prevents_post_and_keeps_unknown_locally) ... ok
Flutter analyze e test	Verificar contratos e bloqueios da esteira	2026-10-09T02:26:39.5764861Z test_slack_unknown_checkpoint_is_remote_before_post_and_sent_rerun_does_not_duplicate (test_runner.CoordinatorTests.test_slack_unknown_checkpoint_is_remote_before_post_and_sent_rerun_does_not_duplicate) ... ok
Flutter analyze e test	Verificar contratos e bloqueios da esteira	2026-10-09T02:26:39.5767548Z test_metadata_read_is_allowed_but_repo_root_mutation_is_rejected (test_runner.RequestTests.test_metadata_read_is_allowed_but_repo_root_mutation_is_rejected) ... ok
Flutter analyze e test	Verificar contratos e bloqueios da esteira	2026-10-09T02:26:39.5769148Z test_only_authenticated_owner_on_personal_main_can_operate (test_runner.RequestTests.test_only_authenticated_owner_on_personal_main_can_operate) ... ok
Flutter analyze e test	Verificar contratos e bloqueios da esteira	2026-10-09T02:26:39.5770635Z test_rc_and_urgency_do_not_silently_coerce_other_json_types (test_runner.RequestTests.test_rc_and_urgency_do_not_silently_coerce_other_json_types) ... ok
Flutter analyze e test	Verificar contratos e bloqueios da esteira	2026-10-09T02:26:39.5771532Z test_sha_candidate_and_hash_require_text_before_regex_checks (test_runner.RequestTests.test_sha_candidate_and_hash_require_text_before_regex_checks) ... ok
Flutter analyze e test	Verificar contratos e bloqueios da esteira	2026-10-09T02:26:39.6435225Z test_all_queued_events_are_drained_not_only_the_last_trigger (test_slack_events.SlackEventsTests.test_all_queued_events_are_drained_not_only_the_last_trigger) ... ok
Flutter analyze e test	Verificar contratos e bloqueios da esteira	2026-10-09T02:26:39.7013667Z test_altered_tag_report_run_or_queued_pointer_is_blocked_before_sender (test_slack_events.SlackEventsTests.test_altered_tag_report_run_or_queued_pointer_is_blocked_before_sender) ... ok
Flutter analyze e test	Verificar contratos e bloqueios da esteira	2026-10-09T02:26:39.7651823Z test_cancelled_run_is_queued_and_worker_does_not_reopen_the_candidate (test_slack_events.SlackEventsTests.test_cancelled_run_is_queued_and_worker_does_not_reopen_the_candidate) ... ok
Flutter analyze e test	Verificar contratos e bloqueios da esteira	2026-10-09T02:26:39.8258095Z test_candidate_is_queued_only_after_report_and_keeps_commit_fallback (test_slack_events.SlackEventsTests.test_candidate_is_queued_only_after_report_and_keeps_commit_fallback) ... ok
Flutter analyze e test	Verificar contratos e bloqueios da esteira	2026-10-09T02:26:39.8832334Z test_legacy_delivery_and_failed_unfrozen_preview_are_not_backfilled (test_slack_events.SlackEventsTests.test_legacy_delivery_and_failed_unfrozen_preview_are_not_backfilled) ... ok
Flutter analyze e test	Verificar contratos e bloqueios da esteira	2026-10-09T02:26:39.9487337Z test_one_approval_then_two_approvals_queue_distinct_milestones_without_publish (test_slack_events.SlackEventsTests.test_one_approval_then_two_approvals_queue_distinct_milestones_without_publish) ... ok
Flutter analyze e test	Verificar contratos e bloqueios da esteira	2026-10-09T02:26:40.0304777Z test_promotion_notice_requires_real_release_and_same_final_receipt (test_slack_events.SlackEventsTests.test_promotion_notice_requires_real_release_and_same_final_receipt) ... ok
Flutter analyze e test	Verificar contratos e bloqueios da esteira	2026-10-09T02:26:40.1396198Z test_rejection_is_historical_and_new_rc_has_own_frozen_identity (test_slack_events.SlackEventsTests.test_rejection_is_historical_and_new_rc_has_own_frozen_identity) ... ok
Flutter analyze e test	Verificar contratos e bloqueios da esteira	2026-10-09T02:26:40.2037308Z test_two_approvals_do_not_queue_publication_before_final_command (test_slack_events.SlackEventsTests.test_two_approvals_do_not_queue_publication_before_final_command) ... ok
Flutter analyze e test	Verificar contratos e bloqueios da esteira	2026-10-09T02:26:40.2038230Z test_extra_human_or_another_bot_or_missing_israel_blocks (test_slack_notify.DestinationTests.test_extra_human_or_another_bot_or_missing_israel_blocks) ... ok
Flutter analyze e test	Verificar contratos e bloqueios da esteira	2026-10-09T02:26:40.2038959Z test_membership_is_checked_through_all_pages (test_slack_notify.DestinationTests.test_membership_is_checked_through_all_pages) ... ok
Flutter analyze e test	Verificar contratos e bloqueios da esteira	2026-10-09T02:26:40.2039584Z test_only_exact_private_channel_and_bot_plus_israel_are_accepted (test_slack_notify.DestinationTests.test_only_exact_private_channel_and_bot_plus_israel_are_accepted) ... ok
Flutter analyze e test	Verificar contratos e bloqueios da esteira	2026-10-09T02:26:40.2040270Z test_repeated_or_malformed_cursor_fails_closed (test_slack_notify.DestinationTests.test_repeated_or_malformed_cursor_fails_closed) ... ok
Flutter analyze e test	Verificar contratos e bloqueios da esteira	2026-10-09T02:26:40.2040736Z test_user_token_cannot_impersonate_israel (test_slack_notify.DestinationTests.test_user_token_cannot_impersonate_israel) ... ok
Flutter analyze e test	Verificar contratos e bloqueios da esteira	2026-10-09T02:26:40.2041407Z test_wrong_public_shared_archived_or_renamed_channel_has_no_post (test_slack_notify.DestinationTests.test_wrong_public_shared_archived_or_renamed_channel_has_no_post) ... ok
Flutter analyze e test	Verificar contratos e bloqueios da esteira	2026-10-09T02:26:40.2090801Z test_concurrent_attempt_is_blocked_while_first_post_is_in_flight (test_slack_notify.OutboxTests.test_concurrent_attempt_is_blocked_while_first_post_is_in_flight) ... ok
Flutter analyze e test	Verificar contratos e bloqueios da esteira	2026-10-09T02:26:40.2130778Z test_confirmed_send_is_persisted_and_retry_has_no_api_call (test_slack_notify.OutboxTests.test_confirmed_send_is_persisted_and_retry_has_no_api_call) ... ok
Flutter analyze e test	Verificar contratos e bloqueios da esteira	2026-10-09T02:26:40.2153052Z test_failed_destination_check_creates_no_attempt_and_never_posts (test_slack_notify.OutboxTests.test_failed_destination_check_creates_no_attempt_and_never_posts) ... ok
Flutter analyze e test	Verificar contratos e bloqueios da esteira	2026-10-09T02:26:40.2173922Z test_missing_token_cannot_read_or_post_to_slack (test_slack_notify.OutboxTests.test_missing_token_cannot_read_or_post_to_slack) ... ok
Flutter analyze e test	Verificar contratos e bloqueios da esteira	2026-10-09T02:26:40.2268587Z test_post_response_without_exact_channel_ts_is_unknown (test_slack_notify.OutboxTests.test_post_response_without_exact_channel_ts_is_unknown) ... ok
Flutter analyze e test	Verificar contratos e bloqueios da esteira	2026-10-09T02:26:40.2323105Z test_same_key_with_changed_payload_blocks_repetition (test_slack_notify.OutboxTests.test_same_key_with_changed_payload_blocks_repetition) ... ok
Flutter analyze e test	Verificar contratos e bloqueios da esteira	2026-10-09T02:26:40.2352761Z test_transport_uncertainty_stays_unknown_and_never_retries (test_slack_notify.OutboxTests.test_transport_uncertainty_stays_unknown_and_never_retries) ... ok
Flutter analyze e test	Verificar contratos e bloqueios da esteira	2026-10-09T02:26:40.2354307Z test_client_id_is_stable_and_bound_to_candidate_and_content (test_slack_notify.RenderTests.test_client_id_is_stable_and_bound_to_candidate_and_content) ... ok
Flutter analyze e test	Verificar contratos e bloqueios da esteira	2026-10-09T02:26:40.2366019Z test_default_cli_renders_without_token_network_or_outbox (test_slack_notify.RenderTests.test_default_cli_renders_without_token_network_or_outbox) ... ok
Flutter analyze e test	Verificar contratos e bloqueios da esteira	2026-10-09T02:26:40.2367468Z test_github_links_cannot_redirect_to_other_repositories_or_mentions (test_slack_notify.RenderTests.test_github_links_cannot_redirect_to_other_repositories_or_mentions) ... ok
Flutter analyze e test	Verificar contratos e bloqueios da esteira	2026-10-09T02:26:40.2368576Z test_lab_flags_are_explicit_and_real_notice_cannot_claim_distribution (test_slack_notify.RenderTests.test_lab_flags_are_explicit_and_real_notice_cannot_claim_distribution) ... ok
Flutter analyze e test	Verificar contratos e bloqueios da esteira	2026-10-09T02:26:40.2369811Z test_status_uses_plain_text_and_does_not_enable_mentions (test_slack_notify.RenderTests.test_status_uses_plain_text_and_does_not_enable_mentions) ... ok
Flutter analyze e test	Verificar contratos e bloqueios da esteira	2026-10-09T02:26:40.2370666Z test_cross_host_redirect_is_never_followed (test_slack_notify.TransportTests.test_cross_host_redirect_is_never_followed) ... ok
Flutter analyze e test	Verificar contratos e bloqueios da esteira	2026-10-09T02:26:40.2374974Z test_network_errors_never_echo_token_or_raw_response (test_slack_notify.TransportTests.test_network_errors_never_echo_token_or_raw_response) ... ok
Flutter analyze e test	Verificar contratos e bloqueios da esteira	2026-10-09T02:26:40.2377340Z test_token_is_header_only_and_write_is_json_to_fixed_slack_endpoint (test_slack_notify.TransportTests.test_token_is_header_only_and_write_is_json_to_fixed_slack_endpoint) ... ok
Flutter analyze e test	Verificar contratos e bloqueios da esteira	2026-10-09T02:26:40.2378260Z test_unknown_method_does_not_call_network (test_slack_notify.TransportTests.test_unknown_method_does_not_call_network) ... ok
Flutter analyze e test	Verificar contratos e bloqueios da esteira	2026-10-09T02:26:40.2401167Z test_actual_concurrent_writers_append_different_events_without_lost_updates (test_slack_outbox.DurableSlackTests.test_actual_concurrent_writers_append_different_events_without_lost_updates) ... ok
Flutter analyze e test	Verificar contratos e bloqueios da esteira	2026-10-09T02:26:40.2434739Z test_checkpoint_persistence_failure_never_posts (test_slack_outbox.DurableSlackTests.test_checkpoint_persistence_failure_never_posts) ... ok
Flutter analyze e test	Verificar contratos e bloqueios da esteira	2026-10-09T02:26:40.2484339Z test_claim_race_observes_owner_confirmation_without_a_second_post (test_slack_outbox.DurableSlackTests.test_claim_race_observes_owner_confirmation_without_a_second_post) ... ok
Flutter analyze e test	Verificar contratos e bloqueios da esteira	2026-10-09T02:26:40.2520937Z test_claim_race_persistent_unknown_stops_after_bounded_reads_without_post (test_slack_outbox.DurableSlackTests.test_claim_race_persistent_unknown_stops_after_bounded_reads_without_post) ... ok
Flutter analyze e test	Verificar contratos e bloqueios da esteira	2026-10-09T02:26:40.2529945Z test_cli_invalid_frozen_notice_is_optional_and_no_raw_content_is_printed (test_slack_outbox.DurableSlackTests.test_cli_invalid_frozen_notice_is_optional_and_no_raw_content_is_printed) ... ok
Flutter analyze e test	Verificar contratos e bloqueios da esteira	2026-10-09T02:26:40.2786753Z test_competing_different_events_preserve_both_and_candidate_journal (test_slack_outbox.DurableSlackTests.test_competing_different_events_preserve_both_and_candidate_journal) ... ok
Flutter analyze e test	Verificar contratos e bloqueios da esteira	2026-10-09T02:26:40.2796344Z test_confirmation_poll_does_not_adopt_different_source_identity (test_slack_outbox.DurableSlackTests.test_confirmation_poll_does_not_adopt_different_source_identity) ... ok
Flutter analyze e test	Verificar contratos e bloqueios da esteira	2026-10-09T02:26:40.2842859Z test_evaluation_run_change_keeps_key_but_blocks_frozen_provenance_replacement (test_slack_outbox.DurableSlackTests.test_evaluation_run_change_keeps_key_but_blocks_frozen_provenance_replacement) ... ok
Flutter analyze e test	Verificar contratos e bloqueios da esteira	2026-10-09T02:26:40.2890457Z test_history_pagination_is_bounded_and_positive_later_page_reconciles (test_slack_outbox.DurableSlackTests.test_history_pagination_is_bounded_and_positive_later_page_reconciles) ... ok
Flutter analyze e test	Verificar contratos e bloqueios da esteira	2026-10-09T02:26:40.2940148Z test_lost_unknown_write_reply_rechecks_exact_checkpoint_before_post (test_slack_outbox.DurableSlackTests.test_lost_unknown_write_reply_rechecks_exact_checkpoint_before_post) ... ok
Flutter analyze e test	Verificar contratos e bloqueios da esteira	2026-10-09T02:26:40.2958917Z test_missing_or_malformed_secret_skips_without_remote_or_slack_calls (test_slack_outbox.DurableSlackTests.test_missing_or_malformed_secret_skips_without_remote_or_slack_calls) ... ok
Flutter analyze e test	Verificar contratos e bloqueios da esteira	2026-10-09T02:26:40.3013989Z test_only_preview_for_exact_frozen_source_is_allowed (test_slack_outbox.DurableSlackTests.test_only_preview_for_exact_frozen_source_is_allowed) ... ok
Flutter analyze e test	Verificar contratos e bloqueios da esteira	2026-10-09T02:26:40.3021768Z test_poll_deadline_stops_before_network_when_budget_has_expired (test_slack_outbox.DurableSlackTests.test_poll_deadline_stops_before_network_when_budget_has_expired) ... ok
Flutter analyze e test	Verificar contratos e bloqueios da esteira	2026-10-09T02:26:40.3036151Z test_poll_transport_is_get_only_and_timeout_error_is_sanitized (test_slack_outbox.DurableSlackTests.test_poll_transport_is_get_only_and_timeout_error_is_sanitized) ... ok
Flutter analyze e test	Verificar contratos e bloqueios da esteira	2026-10-09T02:26:40.3096117Z test_post_timeout_remains_remote_unknown_and_fresh_retry_never_posts (test_slack_outbox.DurableSlackTests.test_post_timeout_remains_remote_unknown_and_fresh_retry_never_posts) ... ok
Flutter analyze e test	Verificar contratos e bloqueios da esteira	2026-10-09T02:26:40.3199159Z test_public_or_shared_channel_or_extra_member_never_reserves (test_slack_outbox.DurableSlackTests.test_public_or_shared_channel_or_extra_member_never_reserves) ... ok
Flutter analyze e test	Verificar contratos e bloqueios da esteira	2026-10-09T02:26:40.3400559Z test_receipts_logs_and_remote_checkpoints_exclude_secrets_and_full_payload (test_slack_outbox.DurableSlackTests.test_receipts_logs_and_remote_checkpoints_exclude_secrets_and_full_payload) ... ok
Flutter analyze e test	Verificar contratos e bloqueios da esteira	2026-10-09T02:26:40.3448176Z test_remote_unknown_with_positive_history_reconciles_without_post (test_slack_outbox.DurableSlackTests.test_remote_unknown_with_positive_history_reconciles_without_post) ... ok
Flutter analyze e test	Verificar contratos e bloqueios da esteira	2026-10-09T02:26:40.3494290Z test_same_logical_key_different_payload_blocks_before_slack_read (test_slack_outbox.DurableSlackTests.test_same_logical_key_different_payload_blocks_before_slack_read) ... ok
Flutter analyze e test	Verificar contratos e bloqueios da esteira	2026-10-09T02:26:40.3615219Z test_sent_checkpoint_lost_requires_history_on_fresh_runner (test_slack_outbox.DurableSlackTests.test_sent_checkpoint_lost_requires_history_on_fresh_runner) ... ok
Flutter analyze e test	Verificar contratos e bloqueios da esteira	2026-10-09T02:26:40.3721687Z test_sent_on_fresh_runner_skips_every_slack_call_and_restores_sqlite (test_slack_outbox.DurableSlackTests.test_sent_on_fresh_runner_skips_every_slack_call_and_restores_sqlite) ... ok
Flutter analyze e test	Verificar contratos e bloqueios da esteira	2026-10-09T02:26:40.3798837Z test_short_poll_timeout_preserves_positive_history_reconciliation_for_unknown (test_slack_outbox.DurableSlackTests.test_short_poll_timeout_preserves_positive_history_reconciliation_for_unknown) ... ok
Flutter analyze e test	Verificar contratos e bloqueios da esteira	2026-10-09T02:26:40.3895304Z test_success_is_unknown_before_post_then_sent_with_exact_receipt (test_slack_outbox.DurableSlackTests.test_success_is_unknown_before_post_then_sent_with_exact_receipt) ... ok
Flutter analyze e test	Verificar contratos e bloqueios da esteira	2026-10-09T02:26:40.4017425Z test_two_fresh_runners_same_event_only_one_may_post (test_slack_outbox.DurableSlackTests.test_two_fresh_runners_same_event_only_one_may_post) ... ok
Flutter analyze e test	Verificar contratos e bloqueios da esteira	2026-10-09T02:26:40.4076307Z test_unbounded_history_without_evidence_stops_at_three_pages (test_slack_outbox.DurableSlackTests.test_unbounded_history_without_evidence_stops_at_three_pages) ... ok
Flutter analyze e test	Verificar contratos e bloqueios da esteira	2026-10-09T02:26:40.4277479Z test_unknown_client_id_with_wrong_hash_bot_app_or_channel_blocks (test_slack_outbox.DurableSlackTests.test_unknown_client_id_with_wrong_hash_bot_app_or_channel_blocks) ... ok
Flutter analyze e test	Verificar contratos e bloqueios da esteira	2026-10-09T02:26:40.4363224Z test_unknown_empty_history_or_missing_scope_never_authorizes_resend (test_slack_outbox.DurableSlackTests.test_unknown_empty_history_or_missing_scope_never_authorizes_resend) ... ok
Flutter analyze e test	Verificar contratos e bloqueios da esteira	2026-10-09T02:26:40.4409918Z test_unknown_initial_read_observes_owner_sent_without_slack_history_or_post (test_slack_outbox.DurableSlackTests.test_unknown_initial_read_observes_owner_sent_without_slack_history_or_post) ... ok
Flutter analyze e test	Verificar contratos e bloqueios da esteira	2026-10-09T02:26:40.4466028Z test_wrong_exact_bot_or_app_never_reserves_or_posts (test_slack_outbox.DurableSlackTests.test_wrong_exact_bot_or_app_never_reserves_or_posts) ... ok
Flutter analyze e test	Verificar contratos e bloqueios da esteira	2026-10-09T02:26:40.4475588Z test_cli_preserves_frozen_report_and_writes_preview (test_slack_preview.SlackPreviewTests.test_cli_preserves_frozen_report_and_writes_preview) ... ok
Flutter analyze e test	Verificar contratos e bloqueios da esteira	2026-10-09T02:26:40.4479909Z test_credentials_are_not_read_or_inserted_in_the_artifact (test_slack_preview.SlackPreviewTests.test_credentials_are_not_read_or_inserted_in_the_artifact) ... ok
Flutter analyze e test	Verificar contratos e bloqueios da esteira	2026-10-09T02:26:40.4483205Z test_frozen_pr_sections_are_labelled_without_claiming_ai_generated_them (test_slack_preview.SlackPreviewTests.test_frozen_pr_sections_are_labelled_without_claiming_ai_generated_them) ... ok
Flutter analyze e test	Verificar contratos e bloqueios da esteira	2026-10-09T02:26:40.4484358Z test_legacy_report_remains_literal_fallback (test_slack_preview.SlackPreviewTests.test_legacy_report_remains_literal_fallback) ... ok
Flutter analyze e test	Verificar contratos e bloqueios da esteira	2026-10-09T02:26:40.4497514Z test_long_commit_history_is_truncated_before_slack_limit (test_slack_preview.SlackPreviewTests.test_long_commit_history_is_truncated_before_slack_limit) ... ok
Flutter analyze e test	Verificar contratos e bloqueios da esteira	2026-10-09T02:26:40.4526082Z test_long_subjects_and_controls_do_not_turn_optional_notice_into_failure (test_slack_preview.SlackPreviewTests.test_long_subjects_and_controls_do_not_turn_optional_notice_into_failure) ... ok
Flutter analyze e test	Verificar contratos e bloqueios da esteira	2026-10-09T02:26:40.4527468Z test_modified_selected_summary_is_refused (test_slack_preview.SlackPreviewTests.test_modified_selected_summary_is_refused) ... ok
Flutter analyze e test	Verificar contratos e bloqueios da esteira	2026-10-09T02:26:40.4533501Z test_send_option_does_not_exist (test_slack_preview.SlackPreviewTests.test_send_option_does_not_exist) ... usage: python3 -m unittest [-h] --report REPORT --policy POLICY --output
Flutter analyze e test	Verificar contratos e bloqueios da esteira	2026-10-09T02:26:40.4534189Z                            OUTPUT
Flutter analyze e test	Verificar contratos e bloqueios da esteira	2026-10-09T02:26:40.4534583Z python3 -m unittest: error: the following arguments are required: --report, --policy, --output
Flutter analyze e test	Verificar contratos e bloqueios da esteira	2026-10-09T02:26:40.4535073Z ok
Flutter analyze e test	Verificar contratos e bloqueios da esteira	2026-10-09T02:26:40.4535654Z test_summary_for_different_rc_is_refused_even_with_valid_digest (test_slack_preview.SlackPreviewTests.test_summary_for_different_rc_is_refused_even_with_valid_digest) ... ok
Flutter analyze e test	Verificar contratos e bloqueios da esteira	2026-10-09T02:26:40.4536599Z test_wrong_preview_or_source_is_refused (test_slack_preview.SlackPreviewTests.test_wrong_preview_or_source_is_refused) ... ok
Flutter analyze e test	Verificar contratos e bloqueios da esteira	2026-10-09T02:26:40.5104452Z test_complex_yaml_is_pending_instead_of_guessed (test_snapshots.PreAnalysisTests.test_complex_yaml_is_pending_instead_of_guessed) ... ok
Flutter analyze e test	Verificar contratos e bloqueios da esteira	2026-10-09T02:26:40.5559767Z test_dart_prediction_is_distinct_from_web_and_native_validation (test_snapshots.PreAnalysisTests.test_dart_prediction_is_distinct_from_web_and_native_validation) ... ok
Flutter analyze e test	Verificar contratos e bloqueios da esteira	2026-10-09T02:26:40.6688425Z test_dependency_manifest_lock_and_unknown_files_fail_closed (test_snapshots.PreAnalysisTests.test_dependency_manifest_lock_and_unknown_files_fail_closed) ... ok
Flutter analyze e test	Verificar contratos e bloqueios da esteira	2026-10-09T02:26:40.7291340Z test_docs_and_tools_do_not_force_store_but_do_affect_preview_identity (test_snapshots.PreAnalysisTests.test_docs_and_tools_do_not_force_store_but_do_affect_preview_identity) ... ok
Flutter analyze e test	Verificar contratos e bloqueios da esteira	2026-10-09T02:26:40.7803764Z test_each_platform_uses_its_own_release_base_not_last_rc (test_snapshots.PreAnalysisTests.test_each_platform_uses_its_own_release_base_not_last_rc) ... ok
Flutter analyze e test	Verificar contratos e bloqueios da esteira	2026-10-09T02:26:40.8026872Z test_missing_candidate_input_is_pending_not_assumed_from_base (test_snapshots.PreAnalysisTests.test_missing_candidate_input_is_pending_not_assumed_from_base) ... ok
Flutter analyze e test	Verificar contratos e bloqueios da esteira	2026-10-09T02:26:40.8624709Z test_missing_or_mismatched_base_evidence_blocks_prediction (test_snapshots.PreAnalysisTests.test_missing_or_mismatched_base_evidence_blocks_prediction) ... ok
Flutter analyze e test	Verificar contratos e bloqueios da esteira	2026-10-09T02:26:40.9647310Z test_packaged_asset_and_resolution_variant_require_store (test_snapshots.PreAnalysisTests.test_packaged_asset_and_resolution_variant_require_store) ... ok
Flutter analyze e test	Verificar contratos e bloqueios da esteira	2026-10-09T02:26:41.0015836Z test_platform_inputs_are_separate (test_snapshots.PreAnalysisTests.test_platform_inputs_are_separate) ... ok
Flutter analyze e test	Verificar contratos e bloqueios da esteira	2026-10-09T02:26:41.0522806Z test_pubspec_asset_declarations_require_store (test_snapshots.PreAnalysisTests.test_pubspec_asset_declarations_require_store) ... ok
Flutter analyze e test	Verificar contratos e bloqueios da esteira	2026-10-09T02:26:41.1553236Z test_toolchain_entrypoint_or_flavor_change_requires_store (test_snapshots.PreAnalysisTests.test_toolchain_entrypoint_or_flavor_change_requires_store) ... ok
Flutter analyze e test	Verificar contratos e bloqueios da esteira	2026-10-09T02:26:41.1859273Z test_verified_release_needs_provider_identifier (test_snapshots.PreAnalysisTests.test_verified_release_needs_provider_identifier) ... ok
Flutter analyze e test	Verificar contratos e bloqueios da esteira	2026-10-09T02:26:41.2492412Z test_build_fingerprint_is_conservative_and_json_is_finite (test_snapshots.PreviewTests.test_build_fingerprint_is_conservative_and_json_is_finite) ... ok
Flutter analyze e test	Verificar contratos e bloqueios da esteira	2026-10-09T02:26:41.2865662Z test_cannot_substitute_origin_sha_even_with_claimed_candidate_fingerprint (test_snapshots.PreviewTests.test_cannot_substitute_origin_sha_even_with_claimed_candidate_fingerprint) ... ok
Flutter analyze e test	Verificar contratos e bloqueios da esteira	2026-10-09T02:26:41.3198236Z test_changed_code_or_build_inputs_refuses_reuse (test_snapshots.PreviewTests.test_changed_code_or_build_inputs_refuses_reuse) ... ok
Flutter analyze e test	Verificar contratos e bloqueios da esteira	2026-10-09T02:26:41.3651241Z test_equal_tree_with_different_commit_and_docs_can_reuse (test_snapshots.PreviewTests.test_equal_tree_with_different_commit_and_docs_can_reuse) ... ok
Flutter analyze e test	Verificar contratos e bloqueios da esteira	2026-10-09T02:26:41.4073998Z test_fixture_format_is_explicit_and_flutter_zip_is_checked (test_snapshots.PreviewTests.test_fixture_format_is_explicit_and_flutter_zip_is_checked) ... ok
Flutter analyze e test	Verificar contratos e bloqueios da esteira	2026-10-09T02:26:41.4335078Z test_flutter_zip_rejects_path_traversal (test_snapshots.PreviewTests.test_flutter_zip_rejects_path_traversal) ... ok
Flutter analyze e test	Verificar contratos e bloqueios da esteira	2026-10-09T02:26:41.4779871Z test_hash_expiration_and_incomplete_metadata_block (test_snapshots.PreviewTests.test_hash_expiration_and_incomplete_metadata_block) ... ok
Flutter analyze e test	Verificar contratos e bloqueios da esteira	2026-10-09T02:26:41.5301380Z test_candidate_requires_production_ancestor_and_exact_shas (test_snapshots.SnapshotTests.test_candidate_requires_production_ancestor_and_exact_shas) ... ok
Flutter analyze e test	Verificar contratos e bloqueios da esteira	2026-10-09T02:26:41.5782864Z test_exception_in_build_still_removes_clone (test_snapshots.SnapshotTests.test_exception_in_build_still_removes_clone) ... ok
Flutter analyze e test	Verificar contratos e bloqueios da esteira	2026-10-09T02:26:41.5945052Z test_latest_and_mutable_release_base_are_rejected (test_snapshots.SnapshotTests.test_latest_and_mutable_release_base_are_rejected) ... ok
Flutter analyze e test	Verificar contratos e bloqueios da esteira	2026-10-09T02:26:41.6231572Z test_orphan_history_is_rejected_even_with_similar_versioned_files (test_snapshots.SnapshotTests.test_orphan_history_is_rejected_even_with_similar_versioned_files) ... ok
Flutter analyze e test	Verificar contratos e bloqueios da esteira	2026-10-09T02:26:41.7270805Z test_release_correction_does_not_import_main_features (test_snapshots.SnapshotTests.test_release_correction_does_not_import_main_features) ... ok
Flutter analyze e test	Verificar contratos e bloqueios da esteira	2026-10-09T02:26:41.8194346Z test_returning_to_a_branch_or_new_commit_blocks_even_if_source_files_match (test_snapshots.SnapshotTests.test_returning_to_a_branch_or_new_commit_blocks_even_if_source_files_match) ... ok
Flutter analyze e test	Verificar contratos e bloqueios da esteira	2026-10-09T02:26:41.8858287Z test_snapshot_is_fixed_even_when_original_checkout_is_dirty (test_snapshots.SnapshotTests.test_snapshot_is_fixed_even_when_original_checkout_is_dirty) ... ok
Flutter analyze e test	Verificar contratos e bloqueios da esteira	2026-10-09T02:26:41.9173562Z test_tracked_symlink_requires_audited_strategy (test_snapshots.SnapshotTests.test_tracked_symlink_requires_audited_strategy) ... ok
Flutter analyze e test	Verificar contratos e bloqueios da esteira	2026-10-09T02:26:41.9907593Z test_wrong_tree_or_mutating_checkout_blocks_and_cleans_up (test_snapshots.SnapshotTests.test_wrong_tree_or_mutating_checkout_blocks_and_cleans_up) ... ok
Flutter analyze e test	Verificar contratos e bloqueios da esteira	2026-10-09T02:26:41.9908437Z test_delivery_ref_and_source_cannot_drift (test_version_manifest.VersionManifestTests.test_delivery_ref_and_source_cannot_drift) ... ok
Flutter analyze e test	Verificar contratos e bloqueios da esteira	2026-10-09T02:26:41.9909002Z test_delivery_version_and_web_metadata_have_independent_identity (test_version_manifest.VersionManifestTests.test_delivery_version_and_web_metadata_have_independent_identity) ... ok
Flutter analyze e test	Verificar contratos e bloqueios da esteira	2026-10-09T02:26:41.9909785Z test_failed_or_different_preview_cannot_become_version_evidence (test_version_manifest.VersionManifestTests.test_failed_or_different_preview_cannot_become_version_evidence) ... ok
Flutter analyze e test	Verificar contratos e bloqueios da esteira	2026-10-09T02:26:41.9910377Z test_mobile_input_is_not_an_observed_provider_result (test_version_manifest.VersionManifestTests.test_mobile_input_is_not_an_observed_provider_result) ... ok
Flutter analyze e test	Verificar contratos e bloqueios da esteira	2026-10-09T02:26:42.0192676Z test_offline_cli_writes_both_machine_manifest_and_readable_table (test_version_manifest.VersionManifestTests.test_offline_cli_writes_both_machine_manifest_and_readable_table) ... ok
Flutter analyze e test	Verificar contratos e bloqueios da esteira	2026-10-09T02:26:42.0193793Z test_patch_identification_refuses_web_latest_implicit_build_and_fake_numbers (test_version_manifest.VersionManifestTests.test_patch_identification_refuses_web_latest_implicit_build_and_fake_numbers) ... ok
Flutter analyze e test	Verificar contratos e bloqueios da esteira	2026-10-09T02:26:42.0194877Z test_patch_identity_includes_app_platform_base_and_number (test_version_manifest.VersionManifestTests.test_patch_identity_includes_app_platform_base_and_number) ... ok
Flutter analyze e test	Verificar contratos e bloqueios da esteira	2026-10-09T02:26:42.0196067Z test_platforms_may_have_different_exact_shorebird_bases (test_version_manifest.VersionManifestTests.test_platforms_may_have_different_exact_shorebird_bases) ... ok
Flutter analyze e test	Verificar contratos e bloqueios da esteira	2026-10-09T02:26:42.0198323Z test_validating_frozen_plan_rejects_fabricated_mobile_delivery (test_version_manifest.VersionManifestTests.test_validating_frozen_plan_rejects_fabricated_mobile_delivery) ... ok
Flutter analyze e test	Verificar contratos e bloqueios da esteira	2026-10-09T02:26:42.0199379Z test_web_does_not_acquire_shorebird_patch_or_an_altered_app_version (test_version_manifest.VersionManifestTests.test_web_does_not_acquire_shorebird_patch_or_an_altered_app_version) ... ok
Flutter analyze e test	Verificar contratos e bloqueios da esteira	2026-10-09T02:26:42.0199779Z 
Flutter analyze e test	Verificar contratos e bloqueios da esteira	2026-10-09T02:26:42.0199957Z ----------------------------------------------------------------------
Flutter analyze e test	Verificar contratos e bloqueios da esteira	2026-10-09T02:26:42.0200184Z Ran 404 tests in 36.901s
Flutter analyze e test	Verificar contratos e bloqueios da esteira	2026-10-09T02:26:42.0200277Z 
Flutter analyze e test	Verificar contratos e bloqueios da esteira	2026-10-09T02:26:42.0200451Z OK
Flutter analyze e test	Verificar contratos e bloqueios da esteira	2026-10-09T02:26:42.0200903Z Material copiado e selecionado; nenhuma IA consultada e nenhum aviso enviado.
Flutter analyze e test	Verificar contratos e bloqueios da esteira	2026-10-09T02:26:42.0201302Z Material copiado e selecionado; nenhuma IA consultada e nenhum aviso enviado.
Flutter analyze e test	Verificar contratos e bloqueios da esteira	2026-10-09T02:26:42.0201706Z https://github.com/example/pull/4
Flutter analyze e test	Verificar contratos e bloqueios da esteira	2026-10-09T02:26:42.0201963Z https://github.com/example/pull/4
Flutter analyze e test	Verificar contratos e bloqueios da esteira	2026-10-09T02:26:42.0202212Z https://github.com/example/pull/4
Flutter analyze e test	Verificar contratos e bloqueios da esteira	2026-10-09T02:26:42.0202981Z Laboratório protegido: 2 reviews, status obrigatório, admins incluídos; RC legado e neutro sem update/delete.
Flutter analyze e test	Verificar contratos e bloqueios da esteira	2026-10-09T02:26:42.0203581Z main e permissões de pessoas/Actions não foram alteradas.
Flutter analyze e test	Verificar contratos e bloqueios da esteira	2026-10-09T02:26:42.0203918Z https://github.com/example/releases/tag/lab
Flutter analyze e test	Verificar contratos e bloqueios da esteira	2026-10-09T02:26:42.0204343Z SIMULAÇÃO: aviso gerado localmente; nenhuma mensagem enviada ao Slack.
Flutter analyze e test	Explicar o alcance das verificações	﻿2026-10-09T02:26:42.0447871Z ##[group]Run python3 - <<'PY'
Flutter analyze e test	Explicar o alcance das verificações	2026-10-09T02:26:42.0448075Z ^[[36;1mpython3 - <<'PY'^[[0m
Flutter analyze e test	Explicar o alcance das verificações	2026-10-09T02:26:42.0448204Z ^[[36;1mimport os^[[0m
Flutter analyze e test	Explicar o alcance das verificações	2026-10-09T02:26:42.0448371Z ^[[36;1mwith open(os.environ['GITHUB_STEP_SUMMARY'], 'a') as summary:^[[0m
Flutter analyze e test	Explicar o alcance das verificações	2026-10-09T02:26:42.0448739Z ^[[36;1m    summary.write('# Verificar PR\n\nFlutter analyze, Flutter test e testes dos contratos da esteira concluídos.\n\n')^[[0m
Flutter analyze e test	Explicar o alcance das verificações	2026-10-09T02:26:42.0449204Z ^[[36;1m    summary.write('Revisão técnica continua humana. Este check não prepara RC, não pede avais e não distribui o aplicativo.\n')^[[0m
Flutter analyze e test	Explicar o alcance das verificações	2026-10-09T02:26:42.0449503Z ^[[36;1mPY^[[0m
Flutter analyze e test	Explicar o alcance das verificações	2026-10-09T02:26:42.0500232Z shell: /usr/bin/bash -e {0}
Flutter analyze e test	Explicar o alcance das verificações	2026-10-09T02:26:42.0500374Z ##[endgroup]
Flutter analyze e test	Post Checkout da combinação proposta pelo PR	﻿2026-10-09T02:26:42.0747851Z Post job cleanup.
Flutter analyze e test	Post Checkout da combinação proposta pelo PR	2026-10-09T02:26:42.1300206Z [command]/usr/bin/git version
Flutter analyze e test	Post Checkout da combinação proposta pelo PR	2026-10-09T02:26:42.1338913Z git version 2.55.0
Flutter analyze e test	Post Checkout da combinação proposta pelo PR	2026-10-09T02:26:42.1362199Z Temporarily overriding HOME='/home/runner/work/_temp/a4a67099-5ddf-4945-9b31-096c107ba302' before making global git config changes
Flutter analyze e test	Post Checkout da combinação proposta pelo PR	2026-10-09T02:26:42.1362704Z Adding repository directory to the temporary git global config as a safe directory
Flutter analyze e test	Post Checkout da combinação proposta pelo PR	2026-10-09T02:26:42.1366134Z [command]/usr/bin/git config --global --add safe.directory /home/runner/work/flutter_code_push_example/flutter_code_push_example/app
Flutter analyze e test	Post Checkout da combinação proposta pelo PR	2026-10-09T02:26:42.1395284Z Removing SSH command configuration
Flutter analyze e test	Post Checkout da combinação proposta pelo PR	2026-10-09T02:26:42.1399694Z [command]/usr/bin/git config --local --name-only --get-regexp core\.sshCommand
Flutter analyze e test	Post Checkout da combinação proposta pelo PR	2026-10-09T02:26:42.1427816Z [command]/usr/bin/git submodule foreach --recursive sh -c "git config --local --name-only --get-regexp 'core\.sshCommand' && git config --local --unset-all 'core.sshCommand' || :"
Flutter analyze e test	Post Checkout da combinação proposta pelo PR	2026-10-09T02:26:42.1619962Z Removing HTTP extra header
Flutter analyze e test	Post Checkout da combinação proposta pelo PR	2026-10-09T02:26:42.1624544Z [command]/usr/bin/git config --local --name-only --get-regexp http\.https\:\/\/github\.com\/\.extraheader
Flutter analyze e test	Post Checkout da combinação proposta pelo PR	2026-10-09T02:26:42.1656345Z [command]/usr/bin/git submodule foreach --recursive sh -c "git config --local --name-only --get-regexp 'http\.https\:\/\/github\.com\/\.extraheader' && git config --local --unset-all 'http.https://github.com/.extraheader' || :"
Flutter analyze e test	Post Checkout da combinação proposta pelo PR	2026-10-09T02:26:42.1850950Z Removing includeIf entries pointing to credentials config files
Flutter analyze e test	Post Checkout da combinação proposta pelo PR	2026-10-09T02:26:42.1856481Z [command]/usr/bin/git config --local --name-only --get-regexp ^includeIf\.gitdir:
Flutter analyze e test	Post Checkout da combinação proposta pelo PR	2026-10-09T02:26:42.1887395Z [command]/usr/bin/git submodule foreach --recursive git config --local --show-origin --name-only --get-regexp remote.origin.url
Flutter analyze e test	Post Checkout das ferramentas da base revisada	﻿2026-10-09T02:26:42.2174199Z Post job cleanup.
Flutter analyze e test	Post Checkout das ferramentas da base revisada	2026-10-09T02:26:42.2797561Z [command]/usr/bin/git version
Flutter analyze e test	Post Checkout das ferramentas da base revisada	2026-10-09T02:26:42.2835608Z git version 2.55.0
Flutter analyze e test	Post Checkout das ferramentas da base revisada	2026-10-09T02:26:42.2864396Z Temporarily overriding HOME='/home/runner/work/_temp/166b106b-ed69-49b9-903a-576fd31eef34' before making global git config changes
Flutter analyze e test	Post Checkout das ferramentas da base revisada	2026-10-09T02:26:42.2874264Z Adding repository directory to the temporary git global config as a safe directory
Flutter analyze e test	Post Checkout das ferramentas da base revisada	2026-10-09T02:26:42.2876948Z [command]/usr/bin/git config --global --add safe.directory /home/runner/work/flutter_code_push_example/flutter_code_push_example/trusted
Flutter analyze e test	Post Checkout das ferramentas da base revisada	2026-10-09T02:26:42.2905753Z Removing SSH command configuration
Flutter analyze e test	Post Checkout das ferramentas da base revisada	2026-10-09T02:26:42.2927783Z [command]/usr/bin/git config --local --name-only --get-regexp core\.sshCommand
Flutter analyze e test	Post Checkout das ferramentas da base revisada	2026-10-09T02:26:42.2978147Z [command]/usr/bin/git submodule foreach --recursive sh -c "git config --local --name-only --get-regexp 'core\.sshCommand' && git config --local --unset-all 'core.sshCommand' || :"
Flutter analyze e test	Post Checkout das ferramentas da base revisada	2026-10-09T02:26:42.3157953Z Removing HTTP extra header
Flutter analyze e test	Post Checkout das ferramentas da base revisada	2026-10-09T02:26:42.3158608Z [command]/usr/bin/git config --local --name-only --get-regexp http\.https\:\/\/github\.com\/\.extraheader
Flutter analyze e test	Post Checkout das ferramentas da base revisada	2026-10-09T02:26:42.3386009Z [command]/usr/bin/git submodule foreach --recursive sh -c "git config --local --name-only --get-regexp 'http\.https\:\/\/github\.com\/\.extraheader' && git config --local --unset-all 'http.https://github.com/.extraheader' || :"
Flutter analyze e test	Post Checkout das ferramentas da base revisada	2026-10-09T02:26:42.3387446Z Removing includeIf entries pointing to credentials config files
Flutter analyze e test	Post Checkout das ferramentas da base revisada	2026-10-09T02:26:42.3392576Z [command]/usr/bin/git config --local --name-only --get-regexp ^includeIf\.gitdir:
Flutter analyze e test	Post Checkout das ferramentas da base revisada	2026-10-09T02:26:42.3422907Z [command]/usr/bin/git submodule foreach --recursive git config --local --show-origin --name-only --get-regexp remote.origin.url
Flutter analyze e test	Complete job	﻿2026-10-09T02:26:42.3703463Z Cleaning up orphan processes
