2026-10-09T02:11:02.7879752Z Current runner version: '2.337.0'
2026-10-09T02:11:02.7904690Z ##[group]Runner Image Provisioner
2026-10-09T02:11:02.7905492Z Hosted Compute Agent
2026-10-09T02:11:02.7906037Z Version: 20261002.596
2026-10-09T02:11:02.7906877Z Commit: c3d12f3313a95f25162a1503be624f3b0617f8c0
2026-10-09T02:11:02.7907580Z Build Date: 2026-10-02T22:28:27Z
2026-10-09T02:11:02.7908199Z Worker ID: {f433670b-a740-41b5-9720-04c50927ef93}
2026-10-09T02:11:02.7908860Z Region: westus3
2026-10-09T02:11:02.7909359Z Cloud: Azure
2026-10-09T02:11:02.7909899Z ##[endgroup]
2026-10-09T02:11:02.7911355Z ##[group]Operating System
2026-10-09T02:11:02.7911903Z Ubuntu
2026-10-09T02:11:02.7912434Z 24.04.5
2026-10-09T02:11:02.7912936Z LTS
2026-10-09T02:11:02.7913404Z ##[endgroup]
2026-10-09T02:11:02.7913932Z ##[group]Runner Image
2026-10-09T02:11:02.7914477Z Image: ubuntu-24.04
2026-10-09T02:11:02.7915015Z Version: 20261004.327.1
2026-10-09T02:11:02.7916168Z Included Software: https://github.com/actions/runner-images/blob/ubuntu24/20261004.327/images/ubuntu/Ubuntu2404-Readme.md
2026-10-09T02:11:02.7917924Z Image Release: https://github.com/actions/runner-images/releases/tag/ubuntu24%2F20261004.327
2026-10-09T02:11:02.7918796Z ##[endgroup]
2026-10-09T02:11:02.7920007Z ##[group]GITHUB_TOKEN Permissions
2026-10-09T02:11:02.7922165Z Actions: read
2026-10-09T02:11:02.7922819Z Contents: write
2026-10-09T02:11:02.7923323Z Metadata: read
2026-10-09T02:11:02.7923827Z Pages: write
2026-10-09T02:11:02.7924331Z ##[endgroup]
2026-10-09T02:11:02.7926573Z Secret source: Actions
2026-10-09T02:11:02.7927529Z Cache mode: write
2026-10-09T02:11:02.7928155Z Prepare workflow directory
2026-10-09T02:11:02.8293693Z Prepare all required actions
2026-10-09T02:11:02.8349190Z Getting action download info
2026-10-09T02:11:03.1447984Z Download action repository 'actions/checkout@3d3c42e5aac5ba805825da76410c181273ba90b1' (SHA:3d3c42e5aac5ba805825da76410c181273ba90b1)
2026-10-09T02:11:03.2162202Z Download action repository 'actions/download-artifact@9000827ccba6bdab643e8b6fd33ac0654aef8333' (SHA:9000827ccba6bdab643e8b6fd33ac0654aef8333)
2026-10-09T02:11:03.8751028Z Download action repository 'actions/upload-pages-artifact@fc324d3547104276b827a68afc52ff2a11cc49c9' (SHA:fc324d3547104276b827a68afc52ff2a11cc49c9)
2026-10-09T02:11:04.0900381Z Download action repository 'actions/deploy-pages@368f82528645a54fb793d4d04e342629a3f51346' (SHA:368f82528645a54fb793d4d04e342629a3f51346)
2026-10-09T02:11:04.8764126Z Download action repository 'actions/upload-artifact@cf430e030ddbb5b0abf93d22962f4752f3646cd9' (SHA:cf430e030ddbb5b0abf93d22962f4752f3646cd9)
2026-10-09T02:11:05.8359344Z Getting action download info
2026-10-09T02:11:05.9455431Z Download action repository 'actions/upload-artifact@bbbca2ddaa5d8feaa63e36b76fdaad77386f024f' (SHA:bbbca2ddaa5d8feaa63e36b76fdaad77386f024f)
2026-10-09T02:11:06.0375572Z Uses: israelhudson/flutter_code_push_example/.github/workflows/release-lab-evaluate.yml@refs/heads/main (fbcf01271e9a03834f7f54bfd92b0ae21745cf0f)
2026-10-09T02:11:06.0380442Z ##[group] Inputs
2026-10-09T02:11:06.0380763Z   candidate_tag: v1.8.0-rc.2
2026-10-09T02:11:06.0381018Z   version: 1.8.0
2026-10-09T02:11:06.0381356Z   title: Laboratório de entregas — correção da candidata recusada
2026-10-09T02:11:06.0381719Z ##[endgroup]
2026-10-09T02:11:06.0382122Z Complete job name: Avaliar a mesma candidata / Publicar bytes verificados, confirmar preview e changelog
2026-10-09T02:11:06.1055524Z ##[group]Run actions/checkout@3d3c42e5aac5ba805825da76410c181273ba90b1
2026-10-09T02:11:06.1056341Z with:
2026-10-09T02:11:06.1056899Z   ref: fbcf01271e9a03834f7f54bfd92b0ae21745cf0f
2026-10-09T02:11:06.1057381Z   path: trusted
2026-10-09T02:11:06.1057667Z   fetch-depth: 0
2026-10-09T02:11:06.1057983Z   persist-credentials: false
2026-10-09T02:11:06.1058373Z   repository: israelhudson/flutter_code_push_example
2026-10-09T02:11:06.1060933Z   token: ***
2026-10-09T02:11:06.1061273Z   ssh-strict: true
2026-10-09T02:11:06.1061562Z   ssh-user: git
2026-10-09T02:11:06.1061838Z   clean: true
2026-10-09T02:11:06.1062159Z   sparse-checkout-cone-mode: true
2026-10-09T02:11:06.1062756Z   fetch-tags: false
2026-10-09T02:11:06.1063067Z   show-progress: true
2026-10-09T02:11:06.1063350Z   lfs: false
2026-10-09T02:11:06.1063655Z   submodules: false
2026-10-09T02:11:06.1063957Z   set-safe-directory: true
2026-10-09T02:11:06.1064315Z   allow-unsafe-pr-checkout: false
2026-10-09T02:11:06.1065148Z ##[endgroup]
2026-10-09T02:11:06.2047560Z Syncing repository: israelhudson/flutter_code_push_example
2026-10-09T02:11:06.2049464Z ##[group]Getting Git version info
2026-10-09T02:11:06.2050339Z Working directory is '/home/runner/work/flutter_code_push_example/flutter_code_push_example/trusted'
2026-10-09T02:11:06.2051802Z [command]/usr/bin/git version
2026-10-09T02:11:06.2138388Z git version 2.55.0
2026-10-09T02:11:06.2140801Z ##[endgroup]
2026-10-09T02:11:06.2154644Z Temporarily overriding HOME='/home/runner/work/_temp/a4956aea-151e-4cf4-bf90-aca6b46324b7' before making global git config changes
2026-10-09T02:11:06.2156320Z Adding repository directory to the temporary git global config as a safe directory
2026-10-09T02:11:06.2161495Z [command]/usr/bin/git config --global --add safe.directory /home/runner/work/flutter_code_push_example/flutter_code_push_example/trusted
2026-10-09T02:11:06.2210352Z ##[group]Determining repository object format
2026-10-09T02:11:06.2212830Z ##[endgroup]
2026-10-09T02:11:06.2213403Z ##[group]Initializing the repository
2026-10-09T02:11:06.2219851Z [command]/usr/bin/git init /home/runner/work/flutter_code_push_example/flutter_code_push_example/trusted
2026-10-09T02:11:06.2303867Z hint: Using 'master' as the name for the initial branch. This default branch name
2026-10-09T02:11:06.2305677Z hint: will change to "main" in Git 3.0. To configure the initial branch name
2026-10-09T02:11:06.2307333Z hint: to use in all of your new repositories, which will suppress this warning,
2026-10-09T02:11:06.2308081Z hint: call:
2026-10-09T02:11:06.2308682Z hint:
2026-10-09T02:11:06.2309552Z hint: 	git config --global init.defaultBranch <name>
2026-10-09T02:11:06.2310114Z hint:
2026-10-09T02:11:06.2310617Z hint: Names commonly chosen instead of 'master' are 'main', 'trunk' and
2026-10-09T02:11:06.2311414Z hint: 'development'. The just-created branch can be renamed via this command:
2026-10-09T02:11:06.2311970Z hint:
2026-10-09T02:11:06.2312423Z hint: 	git branch -m <name>
2026-10-09T02:11:06.2312875Z hint:
2026-10-09T02:11:06.2313402Z hint: Disable this message with "git config set advice.defaultBranchName false"
2026-10-09T02:11:06.2314482Z Initialized empty Git repository in /home/runner/work/flutter_code_push_example/flutter_code_push_example/trusted/.git/
2026-10-09T02:11:06.2317188Z [command]/usr/bin/git remote add origin https://github.com/israelhudson/flutter_code_push_example
2026-10-09T02:11:06.2359614Z ##[endgroup]
2026-10-09T02:11:06.2360430Z ##[group]Disabling automatic garbage collection
2026-10-09T02:11:06.2364110Z [command]/usr/bin/git config --local gc.auto 0
2026-10-09T02:11:06.2394260Z ##[endgroup]
2026-10-09T02:11:06.2395083Z ##[group]Setting up auth
2026-10-09T02:11:06.2395724Z Removing SSH command configuration
2026-10-09T02:11:06.2402002Z [command]/usr/bin/git config --local --name-only --get-regexp core\.sshCommand
2026-10-09T02:11:06.2434352Z [command]/usr/bin/git submodule foreach --recursive sh -c "git config --local --name-only --get-regexp 'core\.sshCommand' && git config --local --unset-all 'core.sshCommand' || :"
2026-10-09T02:11:06.2739940Z Removing HTTP extra header
2026-10-09T02:11:06.2748660Z [command]/usr/bin/git config --local --name-only --get-regexp http\.https\:\/\/github\.com\/\.extraheader
2026-10-09T02:11:06.2780971Z [command]/usr/bin/git submodule foreach --recursive sh -c "git config --local --name-only --get-regexp 'http\.https\:\/\/github\.com\/\.extraheader' && git config --local --unset-all 'http.https://github.com/.extraheader' || :"
2026-10-09T02:11:06.2990234Z Removing includeIf entries pointing to credentials config files
2026-10-09T02:11:06.2990923Z [command]/usr/bin/git config --local --name-only --get-regexp ^includeIf\.gitdir:
2026-10-09T02:11:06.3023212Z [command]/usr/bin/git submodule foreach --recursive git config --local --show-origin --name-only --get-regexp remote.origin.url
2026-10-09T02:11:06.3212902Z [command]/usr/bin/git config --file /home/runner/work/_temp/git-credentials-5c4a8a36-ab64-405a-9f96-56db1b464ffa.config http.https://github.com/.extraheader AUTHORIZATION: basic ***
2026-10-09T02:11:06.3239107Z [command]/usr/bin/git config --local includeIf.gitdir:/home/runner/work/flutter_code_push_example/flutter_code_push_example/trusted/.git.path /home/runner/work/_temp/git-credentials-5c4a8a36-ab64-405a-9f96-56db1b464ffa.config
2026-10-09T02:11:06.3265042Z [command]/usr/bin/git config --local includeIf.gitdir:/home/runner/work/flutter_code_push_example/flutter_code_push_example/trusted/.git/worktrees/*.path /home/runner/work/_temp/git-credentials-5c4a8a36-ab64-405a-9f96-56db1b464ffa.config
2026-10-09T02:11:06.3294043Z [command]/usr/bin/git config --local includeIf.gitdir:/github/workspace/trusted/.git.path /github/runner_temp/git-credentials-5c4a8a36-ab64-405a-9f96-56db1b464ffa.config
2026-10-09T02:11:06.3319837Z [command]/usr/bin/git config --local includeIf.gitdir:/github/workspace/trusted/.git/worktrees/*.path /github/runner_temp/git-credentials-5c4a8a36-ab64-405a-9f96-56db1b464ffa.config
2026-10-09T02:11:06.3342584Z ##[endgroup]
2026-10-09T02:11:06.3343089Z ##[group]Fetching the repository
2026-10-09T02:11:06.3349738Z [command]/usr/bin/git -c protocol.version=2 fetch --no-tags --prune --no-recurse-submodules origin +refs/heads/*:refs/remotes/origin/* +refs/tags/*:refs/tags/*
2026-10-09T02:11:08.1412970Z From https://github.com/israelhudson/flutter_code_push_example
2026-10-09T02:11:08.1413817Z  * [new branch]      codex/candidate-lab-delivery-2026-10-06-rc.1 -> origin/codex/candidate-lab-delivery-2026-10-06-rc.1
2026-10-09T02:11:08.1414626Z  * [new branch]      codex/delivery-state    -> origin/codex/delivery-state
2026-10-09T02:11:08.1415282Z  * [new branch]      codex/fix-lab-release-upload -> origin/codex/fix-lab-release-upload
2026-10-09T02:11:08.1415943Z  * [new branch]      codex/flutter-sdk-bootstrap -> origin/codex/flutter-sdk-bootstrap
2026-10-09T02:11:08.1416810Z  * [new branch]      codex/github-release-approval-poc -> origin/codex/github-release-approval-poc
2026-10-09T02:11:08.1417532Z  * [new branch]      codex/lab-promotion-evidence -> origin/codex/lab-promotion-evidence
2026-10-09T02:11:08.1418253Z  * [new branch]      codex/lab-release-result -> origin/codex/lab-release-result
2026-10-09T02:11:08.1418885Z  * [new branch]      codex/lab-reviewed-promotion -> origin/codex/lab-reviewed-promotion
2026-10-09T02:11:08.1419485Z  * [new branch]      codex/lab-versions      -> origin/codex/lab-versions
2026-10-09T02:11:08.1420106Z  * [new branch]      codex/laboratory-release-records -> origin/codex/laboratory-release-records
2026-10-09T02:11:08.1420751Z  * [new branch]      codex/manual-dark-theme -> origin/codex/manual-dark-theme
2026-10-09T02:11:08.1421642Z  * [new branch]      codex/operational-delivery-preview -> origin/codex/operational-delivery-preview
2026-10-09T02:11:08.1422379Z  * [new branch]      codex/pages-previews    -> origin/codex/pages-previews
2026-10-09T02:11:08.1423265Z  * [new branch]      codex/pages-publication-verification -> origin/codex/pages-publication-verification
2026-10-09T02:11:08.1424379Z  * [new branch]      codex/rc-operator-planning -> origin/codex/rc-operator-planning
2026-10-09T02:11:08.1425126Z  * [new branch]      codex/release-lab-backport -> origin/codex/release-lab-backport
2026-10-09T02:11:08.1425825Z  * [new branch]      codex/release-lab-rc2-correction -> origin/codex/release-lab-rc2-correction
2026-10-09T02:11:08.1426775Z  * [new branch]      codex/release-lab-real-promotion -> origin/codex/release-lab-real-promotion
2026-10-09T02:11:08.1427402Z  * [new branch]      codex/release-lab-state -> origin/codex/release-lab-state
2026-10-09T02:11:08.1428070Z  * [new branch]      codex/release-lab-two-approvers -> origin/codex/release-lab-two-approvers
2026-10-09T02:11:08.1428875Z  * [new branch]      codex/slack-candidate-notices -> origin/codex/slack-candidate-notices
2026-10-09T02:11:08.1430098Z  * [new branch]      codex/slack-connection-test -> origin/codex/slack-connection-test
2026-10-09T02:11:08.1431011Z  * [new branch]      codex/slack-rc2-correction -> origin/codex/slack-rc2-correction
2026-10-09T02:11:08.1431879Z  * [new branch]      codex/slack-rejection-close -> origin/codex/slack-rejection-close
2026-10-09T02:11:08.1433381Z  * [new branch]      docs/estudo-shorebird-amulets -> origin/docs/estudo-shorebird-amulets
2026-10-09T02:11:08.1434792Z  * [new branch]      feature/shorebird-code-push-setup -> origin/feature/shorebird-code-push-setup
2026-10-09T02:11:08.1435870Z  * [new branch]      main                    -> origin/main
2026-10-09T02:11:08.1437649Z  * [new branch]      release/1.4.0           -> origin/release/1.4.0
2026-10-09T02:11:08.1439054Z  * [new branch]      release/1.5.0           -> origin/release/1.5.0
2026-10-09T02:11:08.1440066Z  * [new branch]      release/1.6.0           -> origin/release/1.6.0
2026-10-09T02:11:08.1441285Z  * [new branch]      release/1.7.0           -> origin/release/1.7.0
2026-10-09T02:11:08.1442230Z  * [new branch]      release/1.8.0           -> origin/release/1.8.0
2026-10-09T02:11:08.1443304Z  * [new tag]         entrega-0100-rc.1       -> entrega-0100-rc.1
2026-10-09T02:11:08.1444415Z  * [new tag]         lab/delivery/2026-10-06-rc.1 -> lab/delivery/2026-10-06-rc.1
2026-10-09T02:11:08.1445374Z  * [new tag]         v1.4.0-rc.1             -> v1.4.0-rc.1
2026-10-09T02:11:08.1446546Z  * [new tag]         v1.5.0                  -> v1.5.0
2026-10-09T02:11:08.1447333Z  * [new tag]         v1.5.0-rc.1             -> v1.5.0-rc.1
2026-10-09T02:11:08.1448221Z  * [new tag]         v1.5.0-rc.2             -> v1.5.0-rc.2
2026-10-09T02:11:08.1449116Z  * [new tag]         v1.6.0                  -> v1.6.0
2026-10-09T02:11:08.1450004Z  * [new tag]         v1.6.0-rc.1             -> v1.6.0-rc.1
2026-10-09T02:11:08.1451003Z  * [new tag]         v1.7.0                  -> v1.7.0
2026-10-09T02:11:08.1451935Z  * [new tag]         v1.7.0-rc.1             -> v1.7.0-rc.1
2026-10-09T02:11:08.1452810Z  * [new tag]         v1.8.0-rc.1             -> v1.8.0-rc.1
2026-10-09T02:11:08.1453720Z  * [new tag]         v1.8.0-rc.2             -> v1.8.0-rc.2
2026-10-09T02:11:08.1456834Z [command]/usr/bin/git rev-parse --verify --quiet fbcf01271e9a03834f7f54bfd92b0ae21745cf0f^{object}
2026-10-09T02:11:08.1457684Z fbcf01271e9a03834f7f54bfd92b0ae21745cf0f
2026-10-09T02:11:08.1470265Z ##[endgroup]
2026-10-09T02:11:08.1470940Z ##[group]Determining the checkout info
2026-10-09T02:11:08.1471504Z ##[endgroup]
2026-10-09T02:11:08.1471910Z [command]/usr/bin/git sparse-checkout disable
2026-10-09T02:11:08.1522486Z [command]/usr/bin/git config --local --unset-all extensions.worktreeConfig
2026-10-09T02:11:08.1554407Z ##[group]Checking out the ref
2026-10-09T02:11:08.1559457Z [command]/usr/bin/git checkout --progress --force fbcf01271e9a03834f7f54bfd92b0ae21745cf0f
2026-10-09T02:11:08.1852296Z Note: switching to 'fbcf01271e9a03834f7f54bfd92b0ae21745cf0f'.
2026-10-09T02:11:08.1853480Z 
2026-10-09T02:11:08.1854651Z You are in 'detached HEAD' state. You can look around, make experimental
2026-10-09T02:11:08.1855239Z changes and commit them, and you can discard any commits you make in this
2026-10-09T02:11:08.1856183Z state without impacting any branches by switching back to a branch.
2026-10-09T02:11:08.1856857Z 
2026-10-09T02:11:08.1857210Z If you want to create a new branch to retain commits you create, you may
2026-10-09T02:11:08.1857998Z do so (now or later) by using -c with the switch command. Example:
2026-10-09T02:11:08.1858564Z 
2026-10-09T02:11:08.1858823Z   git switch -c <new-branch-name>
2026-10-09T02:11:08.1859107Z 
2026-10-09T02:11:08.1859320Z Or undo this operation with:
2026-10-09T02:11:08.1859613Z 
2026-10-09T02:11:08.1859837Z   git switch -
2026-10-09T02:11:08.1860093Z 
2026-10-09T02:11:08.1860426Z Turn off this advice by setting config variable advice.detachedHead to false
2026-10-09T02:11:08.1861131Z 
2026-10-09T02:11:08.1861571Z HEAD is now at fbcf012 Merge pull request #21 from israelhudson/codex/slack-rejection-close
2026-10-09T02:11:08.1863976Z ##[endgroup]
2026-10-09T02:11:08.1904470Z [command]/usr/bin/git log -1 --format=%H
2026-10-09T02:11:08.1927582Z fbcf01271e9a03834f7f54bfd92b0ae21745cf0f
2026-10-09T02:11:08.1936885Z ##[group]Removing auth
2026-10-09T02:11:08.1937352Z Removing SSH command configuration
2026-10-09T02:11:08.1941064Z [command]/usr/bin/git config --local --name-only --get-regexp core\.sshCommand
2026-10-09T02:11:08.1967255Z [command]/usr/bin/git submodule foreach --recursive sh -c "git config --local --name-only --get-regexp 'core\.sshCommand' && git config --local --unset-all 'core.sshCommand' || :"
2026-10-09T02:11:08.2142124Z Removing HTTP extra header
2026-10-09T02:11:08.2146729Z [command]/usr/bin/git config --local --name-only --get-regexp http\.https\:\/\/github\.com\/\.extraheader
2026-10-09T02:11:08.2175600Z [command]/usr/bin/git submodule foreach --recursive sh -c "git config --local --name-only --get-regexp 'http\.https\:\/\/github\.com\/\.extraheader' && git config --local --unset-all 'http.https://github.com/.extraheader' || :"
2026-10-09T02:11:08.2346914Z Removing includeIf entries pointing to credentials config files
2026-10-09T02:11:08.2349793Z [command]/usr/bin/git config --local --name-only --get-regexp ^includeIf\.gitdir:
2026-10-09T02:11:08.2401489Z includeif.gitdir:/home/runner/work/flutter_code_push_example/flutter_code_push_example/trusted/.git.path
2026-10-09T02:11:08.2403109Z includeif.gitdir:/home/runner/work/flutter_code_push_example/flutter_code_push_example/trusted/.git/worktrees/*.path
2026-10-09T02:11:08.2404335Z includeif.gitdir:/github/workspace/trusted/.git.path
2026-10-09T02:11:08.2405060Z includeif.gitdir:/github/workspace/trusted/.git/worktrees/*.path
2026-10-09T02:11:08.2409365Z [command]/usr/bin/git config --local --get-all includeif.gitdir:/home/runner/work/flutter_code_push_example/flutter_code_push_example/trusted/.git.path
2026-10-09T02:11:08.2429972Z /home/runner/work/_temp/git-credentials-5c4a8a36-ab64-405a-9f96-56db1b464ffa.config
2026-10-09T02:11:08.2437516Z [command]/usr/bin/git config --local --unset includeif.gitdir:/home/runner/work/flutter_code_push_example/flutter_code_push_example/trusted/.git.path \/home\/runner\/work\/_temp\/git\-credentials\-5c4a8a36\-ab64\-405a\-9f96\-56db1b464ffa\.config
2026-10-09T02:11:08.2467608Z [command]/usr/bin/git config --local --get-all includeif.gitdir:/home/runner/work/flutter_code_push_example/flutter_code_push_example/trusted/.git/worktrees/*.path
2026-10-09T02:11:08.2486643Z /home/runner/work/_temp/git-credentials-5c4a8a36-ab64-405a-9f96-56db1b464ffa.config
2026-10-09T02:11:08.2493589Z [command]/usr/bin/git config --local --unset includeif.gitdir:/home/runner/work/flutter_code_push_example/flutter_code_push_example/trusted/.git/worktrees/*.path \/home\/runner\/work\/_temp\/git\-credentials\-5c4a8a36\-ab64\-405a\-9f96\-56db1b464ffa\.config
2026-10-09T02:11:08.2526665Z [command]/usr/bin/git config --local --get-all includeif.gitdir:/github/workspace/trusted/.git.path
2026-10-09T02:11:08.2545864Z /github/runner_temp/git-credentials-5c4a8a36-ab64-405a-9f96-56db1b464ffa.config
2026-10-09T02:11:08.2553594Z [command]/usr/bin/git config --local --unset includeif.gitdir:/github/workspace/trusted/.git.path \/github\/runner_temp\/git\-credentials\-5c4a8a36\-ab64\-405a\-9f96\-56db1b464ffa\.config
2026-10-09T02:11:08.2635336Z [command]/usr/bin/git config --local --get-all includeif.gitdir:/github/workspace/trusted/.git/worktrees/*.path
2026-10-09T02:11:08.2656694Z /github/runner_temp/git-credentials-5c4a8a36-ab64-405a-9f96-56db1b464ffa.config
2026-10-09T02:11:08.2662290Z [command]/usr/bin/git config --local --unset includeif.gitdir:/github/workspace/trusted/.git/worktrees/*.path \/github\/runner_temp\/git\-credentials\-5c4a8a36\-ab64\-405a\-9f96\-56db1b464ffa\.config
2026-10-09T02:11:08.2692741Z [command]/usr/bin/git submodule foreach --recursive git config --local --show-origin --name-only --get-regexp remote.origin.url
2026-10-09T02:11:08.2868844Z Removing credentials config '/home/runner/work/_temp/git-credentials-5c4a8a36-ab64-405a-9f96-56db1b464ffa.config'
2026-10-09T02:11:08.2878412Z ##[endgroup]
2026-10-09T02:11:08.3194243Z ##[group]Run actions/download-artifact@9000827ccba6bdab643e8b6fd33ac0654aef8333
2026-10-09T02:11:08.3194661Z with:
2026-10-09T02:11:08.3194877Z   name: release-lab-built-web
2026-10-09T02:11:08.3195149Z   path: /home/runner/work/_temp/incoming-site
2026-10-09T02:11:08.3195437Z   merge-multiple: false
2026-10-09T02:11:08.3195723Z   repository: israelhudson/flutter_code_push_example
2026-10-09T02:11:08.3196016Z   run-id: 37873174277
2026-10-09T02:11:08.3196227Z   skip-decompress: false
2026-10-09T02:11:08.3196699Z   digest-mismatch: error
2026-10-09T02:11:08.3196983Z ##[endgroup]
2026-10-09T02:11:08.4522780Z Downloading single artifact
2026-10-09T02:11:08.6767207Z Preparing to download the following artifacts:
2026-10-09T02:11:08.6768573Z - release-lab-built-web (ID: 11591380501, Size: 14135351, Expected Digest: sha256:33da0051694211a62679c8fbeceffb9c3f3948fa014c4f8f0897f2080a75c569)
2026-10-09T02:11:09.1000411Z Redirecting to blob download url: https://productionresultssa18.blob.core.windows.net/actions-results/9841ee6a-0cfd-4a98-b2e4-0bfb5092b293/workflow-job-run-ea3ed463-d1ef-52ad-b089-4444d57f398e/artifacts/b2f197a25b3e88f343981c4bce2107c68e655ba7e09fe63109d7c57c2506660f.zip
2026-10-09T02:11:09.1002827Z Starting download of artifact to: /home/runner/work/_temp/incoming-site
2026-10-09T02:11:09.3724276Z (node:2408) [DEP0005] DeprecationWarning: Buffer() is deprecated due to security and usability issues. Please use the Buffer.alloc(), Buffer.allocUnsafe(), or Buffer.from() methods instead.
2026-10-09T02:11:09.3725341Z (Use `node --trace-deprecation ...` to show where the warning was created)
2026-10-09T02:11:10.4555659Z SHA256 digest of downloaded artifact is 33da0051694211a62679c8fbeceffb9c3f3948fa014c4f8f0897f2080a75c569
2026-10-09T02:11:10.4556527Z Artifact download completed successfully.
2026-10-09T02:11:10.4556915Z Total of 1 artifact(s) downloaded
2026-10-09T02:11:10.4561903Z Download artifact has finished successfully
2026-10-09T02:11:10.4664008Z ##[group]Run python3 trusted/deploy/pages_preview.py history --site "$RUNNER_TEMP/pages-site"
2026-10-09T02:11:10.4664866Z [36;1mpython3 trusted/deploy/pages_preview.py history --site "$RUNNER_TEMP/pages-site"[0m
2026-10-09T02:11:10.4836339Z shell: /usr/bin/bash -e {0}
2026-10-09T02:11:10.4836868Z env:
2026-10-09T02:11:10.4839302Z   GH_TOKEN: ***
2026-10-09T02:11:10.4839527Z ##[endgroup]
2026-10-09T02:11:14.7411146Z {
2026-10-09T02:11:14.7411662Z   "history_branch": "codex/pages-previews",
2026-10-09T02:11:14.7412281Z   "existing": true
2026-10-09T02:11:14.7412693Z }
2026-10-09T02:11:14.7511629Z ##[group]Run python3 trusted/tools/delivery/release_lab.py merge-preview --candidate-tag "$CANDIDATE_TAG" --incoming "$RUNNER_TEMP/incoming-site" --site "$RUNNER_TEMP/pages-site" --output "$RUNNER_TEMP/release-lab"
2026-10-09T02:11:14.7513036Z [36;1mpython3 trusted/tools/delivery/release_lab.py merge-preview --candidate-tag "$CANDIDATE_TAG" --incoming "$RUNNER_TEMP/incoming-site" --site "$RUNNER_TEMP/pages-site" --output "$RUNNER_TEMP/release-lab"[0m
2026-10-09T02:11:14.7548490Z shell: /usr/bin/bash -e {0}
2026-10-09T02:11:14.7548762Z env:
2026-10-09T02:11:14.7551146Z   GH_TOKEN: ***
2026-10-09T02:11:14.7551376Z   CANDIDATE_TAG: v1.8.0-rc.2
2026-10-09T02:11:14.7551619Z ##[endgroup]
2026-10-09T02:11:21.9182262Z {"web_content_sha256": "00063b7f8fa10405f43fce2f458a42d4ff0d762898e11ef5a8725a4569675069", "snapshot_manifest_sha256": "55bbe8d17dab9d2a6e798160dba682e1662d8e935c327d78f6dc93b536412853"}
2026-10-09T02:11:21.9286633Z ##[group]Run python3 trusted/deploy/pages_preview.py persist --site "$RUNNER_TEMP/pages-site"
2026-10-09T02:11:21.9287458Z [36;1mpython3 trusted/deploy/pages_preview.py persist --site "$RUNNER_TEMP/pages-site"[0m
2026-10-09T02:11:21.9326563Z shell: /usr/bin/bash -e {0}
2026-10-09T02:11:21.9327010Z env:
2026-10-09T02:11:21.9329372Z   GH_TOKEN: ***
2026-10-09T02:11:21.9329595Z ##[endgroup]
2026-10-09T02:11:26.7141564Z {
2026-10-09T02:11:26.7142102Z   "history_branch": "codex/pages-previews",
2026-10-09T02:11:26.7142622Z   "snapshots": [
2026-10-09T02:11:26.7142932Z     "05634b4b620cc30a053e5acab5fefb0667f2544e",
2026-10-09T02:11:26.7143304Z     "0817b4fbf84204b24a20858925fa414a1dcac54a",
2026-10-09T02:11:26.7143657Z     "08ce07d615905e33f0572f9264808683cab53349",
2026-10-09T02:11:26.7144017Z     "0fc06c8f2b79a83bd8bcf135b24fcd02ef1bd928",
2026-10-09T02:11:26.7144392Z     "1cb8f3ef72a0d21c11cfa3b2c0d51f7c8c769935",
2026-10-09T02:11:26.7144839Z     "22b29663d85724ba619600766c78ff38cd3456ec",
2026-10-09T02:11:26.7145226Z     "6e48aef9b03778593bc639ababa885b9e2792c35",
2026-10-09T02:11:26.7145582Z     "989fe3443ad16df0c67ff0068d6efb3f458c8ace",
2026-10-09T02:11:26.7145952Z     "9c4ad37fc415a98ef2a8cfdc5be8d5cf97fe35b0",
2026-10-09T02:11:26.7146325Z     "9e0320fca6fdfba5931d6c80d9181c362ac33c17",
2026-10-09T02:11:26.7146986Z     "b8763ec5adc5e24ce34f474a66a079b48a9ffa0f",
2026-10-09T02:11:26.7147346Z     "c8d8f337ee390755bcff795d558f8c6f6f19c35b",
2026-10-09T02:11:26.7147706Z     "e34f36f5c8b191f96ea6a18280a9b51c18ebacfa"
2026-10-09T02:11:26.7148040Z   ]
2026-10-09T02:11:26.7148257Z }
2026-10-09T02:11:26.7245526Z ##[group]Run python3 trusted/deploy/pages_preview.py export --site "$RUNNER_TEMP/pages-site" --output "$RUNNER_TEMP/pages-public"
2026-10-09T02:11:26.7246532Z [36;1mpython3 trusted/deploy/pages_preview.py export --site "$RUNNER_TEMP/pages-site" --output "$RUNNER_TEMP/pages-public"[0m
2026-10-09T02:11:26.7282197Z shell: /usr/bin/bash -e {0}
2026-10-09T02:11:26.7282472Z ##[endgroup]
2026-10-09T02:11:32.6924400Z {
2026-10-09T02:11:32.6924970Z   "output": "/home/runner/work/_temp/pages-public",
2026-10-09T02:11:32.6925497Z   "snapshots": [
2026-10-09T02:11:32.6925916Z     "05634b4b620cc30a053e5acab5fefb0667f2544e",
2026-10-09T02:11:32.6927028Z     "0817b4fbf84204b24a20858925fa414a1dcac54a",
2026-10-09T02:11:32.6927870Z     "08ce07d615905e33f0572f9264808683cab53349",
2026-10-09T02:11:32.6928378Z     "0fc06c8f2b79a83bd8bcf135b24fcd02ef1bd928",
2026-10-09T02:11:32.6928897Z     "1cb8f3ef72a0d21c11cfa3b2c0d51f7c8c769935",
2026-10-09T02:11:32.6929577Z     "22b29663d85724ba619600766c78ff38cd3456ec",
2026-10-09T02:11:32.6930035Z     "6e48aef9b03778593bc639ababa885b9e2792c35",
2026-10-09T02:11:32.6930394Z     "989fe3443ad16df0c67ff0068d6efb3f458c8ace",
2026-10-09T02:11:32.6930770Z     "9c4ad37fc415a98ef2a8cfdc5be8d5cf97fe35b0",
2026-10-09T02:11:32.6931143Z     "9e0320fca6fdfba5931d6c80d9181c362ac33c17",
2026-10-09T02:11:32.6931510Z     "b8763ec5adc5e24ce34f474a66a079b48a9ffa0f",
2026-10-09T02:11:32.6931868Z     "c8d8f337ee390755bcff795d558f8c6f6f19c35b",
2026-10-09T02:11:32.6932234Z     "e34f36f5c8b191f96ea6a18280a9b51c18ebacfa"
2026-10-09T02:11:32.6932563Z   ]
2026-10-09T02:11:32.6932777Z }
2026-10-09T02:11:32.7103775Z ##[group]Run actions/upload-pages-artifact@fc324d3547104276b827a68afc52ff2a11cc49c9
2026-10-09T02:11:32.7104220Z with:
2026-10-09T02:11:32.7104457Z   path: /home/runner/work/_temp/pages-public
2026-10-09T02:11:32.7104758Z   retention-days: 1
2026-10-09T02:11:32.7104980Z   name: github-pages
2026-10-09T02:11:32.7105337Z   include-hidden-files: false
2026-10-09T02:11:32.7105747Z ##[endgroup]
2026-10-09T02:11:32.7166206Z ##[start-action display=Archive artifact;id=__actions_upload-pages-artifact.__run]
2026-10-09T02:11:32.7215395Z ##[group]Run echo ::group::Archive artifact
2026-10-09T02:11:32.7215762Z [36;1mecho ::group::Archive artifact[0m
2026-10-09T02:11:32.7216033Z [36;1mtar \[0m
2026-10-09T02:11:32.7216286Z [36;1m  --dereference --hard-dereference \[0m
2026-10-09T02:11:32.7216757Z [36;1m  --directory "$INPUT_PATH" \[0m
2026-10-09T02:11:32.7217057Z [36;1m  -cvf "$RUNNER_TEMP/artifact.tar" \[0m
2026-10-09T02:11:32.7217347Z [36;1m  --exclude=.git \[0m
2026-10-09T02:11:32.7217643Z [36;1m  --exclude=.github \[0m
2026-10-09T02:11:32.7217893Z [36;1m  --exclude=.[^/]* \[0m
2026-10-09T02:11:32.7218272Z [36;1m  .[0m
2026-10-09T02:11:32.7218477Z [36;1mecho ::endgroup::[0m
2026-10-09T02:11:32.7234635Z shell: /usr/bin/sh -e {0}
2026-10-09T02:11:32.7234890Z env:
2026-10-09T02:11:32.7235137Z   INPUT_PATH: /home/runner/work/_temp/pages-public
2026-10-09T02:11:32.7235439Z ##[endgroup]
2026-10-09T02:11:32.7262586Z ##[group]Archive artifact
2026-10-09T02:11:32.7275016Z ./
2026-10-09T02:11:32.7275356Z ./index.html
2026-10-09T02:11:32.7275668Z ./snapshots/
2026-10-09T02:11:32.7276101Z ./snapshots/e34f36f5c8b191f96ea6a18280a9b51c18ebacfa/
2026-10-09T02:11:32.7276880Z ./snapshots/e34f36f5c8b191f96ea6a18280a9b51c18ebacfa/app/
2026-10-09T02:11:32.7277619Z ./snapshots/e34f36f5c8b191f96ea6a18280a9b51c18ebacfa/app/manifest.json
2026-10-09T02:11:32.7278406Z ./snapshots/e34f36f5c8b191f96ea6a18280a9b51c18ebacfa/app/icons/
2026-10-09T02:11:32.7279282Z ./snapshots/e34f36f5c8b191f96ea6a18280a9b51c18ebacfa/app/icons/Icon-512.png
2026-10-09T02:11:32.7280190Z ./snapshots/e34f36f5c8b191f96ea6a18280a9b51c18ebacfa/app/icons/Icon-192.png
2026-10-09T02:11:32.7281159Z ./snapshots/e34f36f5c8b191f96ea6a18280a9b51c18ebacfa/app/icons/Icon-maskable-192.png
2026-10-09T02:11:32.7282185Z ./snapshots/e34f36f5c8b191f96ea6a18280a9b51c18ebacfa/app/icons/Icon-maskable-512.png
2026-10-09T02:11:32.7283156Z ./snapshots/e34f36f5c8b191f96ea6a18280a9b51c18ebacfa/app/flutter_bootstrap.js
2026-10-09T02:11:32.7297478Z ./snapshots/e34f36f5c8b191f96ea6a18280a9b51c18ebacfa/app/assets/
2026-10-09T02:11:32.7307590Z ./snapshots/e34f36f5c8b191f96ea6a18280a9b51c18ebacfa/app/assets/AssetManifest.bin.json
2026-10-09T02:11:32.7308574Z ./snapshots/e34f36f5c8b191f96ea6a18280a9b51c18ebacfa/app/assets/NOTICES
2026-10-09T02:11:32.7309465Z ./snapshots/e34f36f5c8b191f96ea6a18280a9b51c18ebacfa/app/assets/shorebird.yaml
2026-10-09T02:11:32.7309997Z ./snapshots/e34f36f5c8b191f96ea6a18280a9b51c18ebacfa/app/assets/AssetManifest.bin
2026-10-09T02:11:32.7310533Z ./snapshots/e34f36f5c8b191f96ea6a18280a9b51c18ebacfa/app/assets/packages/
2026-10-09T02:11:32.7311104Z ./snapshots/e34f36f5c8b191f96ea6a18280a9b51c18ebacfa/app/assets/packages/cupertino_icons/
2026-10-09T02:11:32.7311728Z ./snapshots/e34f36f5c8b191f96ea6a18280a9b51c18ebacfa/app/assets/packages/cupertino_icons/assets/
2026-10-09T02:11:32.7312414Z ./snapshots/e34f36f5c8b191f96ea6a18280a9b51c18ebacfa/app/assets/packages/cupertino_icons/assets/CupertinoIcons.ttf
2026-10-09T02:11:32.7313056Z ./snapshots/e34f36f5c8b191f96ea6a18280a9b51c18ebacfa/app/assets/FontManifest.json
2026-10-09T02:11:32.7313548Z ./snapshots/e34f36f5c8b191f96ea6a18280a9b51c18ebacfa/app/assets/shaders/
2026-10-09T02:11:32.7314061Z ./snapshots/e34f36f5c8b191f96ea6a18280a9b51c18ebacfa/app/assets/shaders/ink_sparkle.frag
2026-10-09T02:11:32.7314644Z ./snapshots/e34f36f5c8b191f96ea6a18280a9b51c18ebacfa/app/assets/shaders/stretch_effect.frag
2026-10-09T02:11:32.7315177Z ./snapshots/e34f36f5c8b191f96ea6a18280a9b51c18ebacfa/app/assets/fonts/
2026-10-09T02:11:32.7315938Z ./snapshots/e34f36f5c8b191f96ea6a18280a9b51c18ebacfa/app/assets/fonts/MaterialIcons-Regular.otf
2026-10-09T02:11:32.7316627Z ./snapshots/e34f36f5c8b191f96ea6a18280a9b51c18ebacfa/app/index.html
2026-10-09T02:11:32.7317071Z ./snapshots/e34f36f5c8b191f96ea6a18280a9b51c18ebacfa/app/version.json
2026-10-09T02:11:32.7317563Z ./snapshots/e34f36f5c8b191f96ea6a18280a9b51c18ebacfa/app/flutter_service_worker.js
2026-10-09T02:11:32.7318041Z ./snapshots/e34f36f5c8b191f96ea6a18280a9b51c18ebacfa/app/flutter.js
2026-10-09T02:11:32.7318477Z ./snapshots/e34f36f5c8b191f96ea6a18280a9b51c18ebacfa/app/favicon.png
2026-10-09T02:11:32.7319208Z ./snapshots/e34f36f5c8b191f96ea6a18280a9b51c18ebacfa/app/main.dart.js
2026-10-09T02:11:32.7319968Z ./snapshots/e34f36f5c8b191f96ea6a18280a9b51c18ebacfa/app/canvaskit/
2026-10-09T02:11:32.7320574Z ./snapshots/e34f36f5c8b191f96ea6a18280a9b51c18ebacfa/app/canvaskit/wimp.wasm
2026-10-09T02:11:32.7321067Z ./snapshots/e34f36f5c8b191f96ea6a18280a9b51c18ebacfa/app/canvaskit/chromium/
2026-10-09T02:11:32.7321595Z ./snapshots/e34f36f5c8b191f96ea6a18280a9b51c18ebacfa/app/canvaskit/chromium/canvaskit.js
2026-10-09T02:11:32.7322334Z ./snapshots/e34f36f5c8b191f96ea6a18280a9b51c18ebacfa/app/canvaskit/chromium/canvaskit.wasm
2026-10-09T02:11:32.7349522Z ./snapshots/e34f36f5c8b191f96ea6a18280a9b51c18ebacfa/app/canvaskit/chromium/canvaskit.js.symbols
2026-10-09T02:11:32.7356269Z ./snapshots/e34f36f5c8b191f96ea6a18280a9b51c18ebacfa/app/canvaskit/skwasm_heavy.js.symbols
2026-10-09T02:11:32.7364927Z ./snapshots/e34f36f5c8b191f96ea6a18280a9b51c18ebacfa/app/canvaskit/canvaskit.js
2026-10-09T02:11:32.7365897Z ./snapshots/e34f36f5c8b191f96ea6a18280a9b51c18ebacfa/app/canvaskit/skwasm.js
2026-10-09T02:11:32.7366847Z ./snapshots/e34f36f5c8b191f96ea6a18280a9b51c18ebacfa/app/canvaskit/canvaskit.wasm
2026-10-09T02:11:32.7403666Z ./snapshots/e34f36f5c8b191f96ea6a18280a9b51c18ebacfa/app/canvaskit/skwasm.wasm
2026-10-09T02:11:32.7422283Z ./snapshots/e34f36f5c8b191f96ea6a18280a9b51c18ebacfa/app/canvaskit/skwasm.js.symbols
2026-10-09T02:11:32.7430348Z ./snapshots/e34f36f5c8b191f96ea6a18280a9b51c18ebacfa/app/canvaskit/skwasm_heavy.wasm
2026-10-09T02:11:32.7456008Z ./snapshots/e34f36f5c8b191f96ea6a18280a9b51c18ebacfa/app/canvaskit/canvaskit.js.symbols
2026-10-09T02:11:32.7463232Z ./snapshots/e34f36f5c8b191f96ea6a18280a9b51c18ebacfa/app/canvaskit/experimental_webparagraph/
2026-10-09T02:11:32.7464342Z ./snapshots/e34f36f5c8b191f96ea6a18280a9b51c18ebacfa/app/canvaskit/experimental_webparagraph/canvaskit.js
2026-10-09T02:11:32.7465049Z ./snapshots/e34f36f5c8b191f96ea6a18280a9b51c18ebacfa/app/canvaskit/experimental_webparagraph/canvaskit.wasm
2026-10-09T02:11:32.7485315Z ./snapshots/e34f36f5c8b191f96ea6a18280a9b51c18ebacfa/app/canvaskit/experimental_webparagraph/canvaskit.js.symbols
2026-10-09T02:11:32.7490520Z ./snapshots/e34f36f5c8b191f96ea6a18280a9b51c18ebacfa/app/canvaskit/wimp.js
2026-10-09T02:11:32.7491444Z ./snapshots/e34f36f5c8b191f96ea6a18280a9b51c18ebacfa/app/canvaskit/skwasm_heavy.js
2026-10-09T02:11:32.7492102Z ./snapshots/e34f36f5c8b191f96ea6a18280a9b51c18ebacfa/app/canvaskit/wimp.js.symbols
2026-10-09T02:11:32.7501391Z ./snapshots/e34f36f5c8b191f96ea6a18280a9b51c18ebacfa/metadata.json
2026-10-09T02:11:32.7502133Z ./snapshots/e34f36f5c8b191f96ea6a18280a9b51c18ebacfa/index.html
2026-10-09T02:11:32.7502842Z ./snapshots/e34f36f5c8b191f96ea6a18280a9b51c18ebacfa/files.json
2026-10-09T02:11:32.7503520Z ./snapshots/9c4ad37fc415a98ef2a8cfdc5be8d5cf97fe35b0/
2026-10-09T02:11:32.7504147Z ./snapshots/9c4ad37fc415a98ef2a8cfdc5be8d5cf97fe35b0/app/
2026-10-09T02:11:32.7504875Z ./snapshots/9c4ad37fc415a98ef2a8cfdc5be8d5cf97fe35b0/app/manifest.json
2026-10-09T02:11:32.7505319Z ./snapshots/9c4ad37fc415a98ef2a8cfdc5be8d5cf97fe35b0/app/icons/
2026-10-09T02:11:32.7505782Z ./snapshots/9c4ad37fc415a98ef2a8cfdc5be8d5cf97fe35b0/app/icons/Icon-512.png
2026-10-09T02:11:32.7506282Z ./snapshots/9c4ad37fc415a98ef2a8cfdc5be8d5cf97fe35b0/app/icons/Icon-192.png
2026-10-09T02:11:32.7507159Z ./snapshots/9c4ad37fc415a98ef2a8cfdc5be8d5cf97fe35b0/app/icons/Icon-maskable-192.png
2026-10-09T02:11:32.7507726Z ./snapshots/9c4ad37fc415a98ef2a8cfdc5be8d5cf97fe35b0/app/icons/Icon-maskable-512.png
2026-10-09T02:11:32.7508269Z ./snapshots/9c4ad37fc415a98ef2a8cfdc5be8d5cf97fe35b0/app/flutter_bootstrap.js
2026-10-09T02:11:32.7508742Z ./snapshots/9c4ad37fc415a98ef2a8cfdc5be8d5cf97fe35b0/app/assets/
2026-10-09T02:11:32.7509238Z ./snapshots/9c4ad37fc415a98ef2a8cfdc5be8d5cf97fe35b0/app/assets/AssetManifest.bin.json
2026-10-09T02:11:32.7509769Z ./snapshots/9c4ad37fc415a98ef2a8cfdc5be8d5cf97fe35b0/app/assets/NOTICES
2026-10-09T02:11:32.7511823Z ./snapshots/9c4ad37fc415a98ef2a8cfdc5be8d5cf97fe35b0/app/assets/shorebird.yaml
2026-10-09T02:11:32.7512805Z ./snapshots/9c4ad37fc415a98ef2a8cfdc5be8d5cf97fe35b0/app/assets/AssetManifest.bin
2026-10-09T02:11:32.7513731Z ./snapshots/9c4ad37fc415a98ef2a8cfdc5be8d5cf97fe35b0/app/assets/packages/
2026-10-09T02:11:32.7514675Z ./snapshots/9c4ad37fc415a98ef2a8cfdc5be8d5cf97fe35b0/app/assets/packages/cupertino_icons/
2026-10-09T02:11:32.7515791Z ./snapshots/9c4ad37fc415a98ef2a8cfdc5be8d5cf97fe35b0/app/assets/packages/cupertino_icons/assets/
2026-10-09T02:11:32.7516786Z ./snapshots/9c4ad37fc415a98ef2a8cfdc5be8d5cf97fe35b0/app/assets/packages/cupertino_icons/assets/CupertinoIcons.ttf
2026-10-09T02:11:32.7517439Z ./snapshots/9c4ad37fc415a98ef2a8cfdc5be8d5cf97fe35b0/app/assets/FontManifest.json
2026-10-09T02:11:32.7517941Z ./snapshots/9c4ad37fc415a98ef2a8cfdc5be8d5cf97fe35b0/app/assets/shaders/
2026-10-09T02:11:32.7518466Z ./snapshots/9c4ad37fc415a98ef2a8cfdc5be8d5cf97fe35b0/app/assets/shaders/ink_sparkle.frag
2026-10-09T02:11:32.7519069Z ./snapshots/9c4ad37fc415a98ef2a8cfdc5be8d5cf97fe35b0/app/assets/shaders/stretch_effect.frag
2026-10-09T02:11:32.7519600Z ./snapshots/9c4ad37fc415a98ef2a8cfdc5be8d5cf97fe35b0/app/assets/fonts/
2026-10-09T02:11:32.7520140Z ./snapshots/9c4ad37fc415a98ef2a8cfdc5be8d5cf97fe35b0/app/assets/fonts/MaterialIcons-Regular.otf
2026-10-09T02:11:32.7520684Z ./snapshots/9c4ad37fc415a98ef2a8cfdc5be8d5cf97fe35b0/app/index.html
2026-10-09T02:11:32.7521132Z ./snapshots/9c4ad37fc415a98ef2a8cfdc5be8d5cf97fe35b0/app/version.json
2026-10-09T02:11:32.7521623Z ./snapshots/9c4ad37fc415a98ef2a8cfdc5be8d5cf97fe35b0/app/flutter_service_worker.js
2026-10-09T02:11:32.7522107Z ./snapshots/9c4ad37fc415a98ef2a8cfdc5be8d5cf97fe35b0/app/flutter.js
2026-10-09T02:11:32.7522554Z ./snapshots/9c4ad37fc415a98ef2a8cfdc5be8d5cf97fe35b0/app/favicon.png
2026-10-09T02:11:32.7523012Z ./snapshots/9c4ad37fc415a98ef2a8cfdc5be8d5cf97fe35b0/app/main.dart.js
2026-10-09T02:11:32.7526354Z ./snapshots/9c4ad37fc415a98ef2a8cfdc5be8d5cf97fe35b0/app/canvaskit/
2026-10-09T02:11:32.7527103Z ./snapshots/9c4ad37fc415a98ef2a8cfdc5be8d5cf97fe35b0/app/canvaskit/wimp.wasm
2026-10-09T02:11:32.7544647Z ./snapshots/9c4ad37fc415a98ef2a8cfdc5be8d5cf97fe35b0/app/canvaskit/chromium/
2026-10-09T02:11:32.7545631Z ./snapshots/9c4ad37fc415a98ef2a8cfdc5be8d5cf97fe35b0/app/canvaskit/chromium/canvaskit.js
2026-10-09T02:11:32.7546287Z ./snapshots/9c4ad37fc415a98ef2a8cfdc5be8d5cf97fe35b0/app/canvaskit/chromium/canvaskit.wasm
2026-10-09T02:11:32.7574862Z ./snapshots/9c4ad37fc415a98ef2a8cfdc5be8d5cf97fe35b0/app/canvaskit/chromium/canvaskit.js.symbols
2026-10-09T02:11:32.7581575Z ./snapshots/9c4ad37fc415a98ef2a8cfdc5be8d5cf97fe35b0/app/canvaskit/skwasm_heavy.js.symbols
2026-10-09T02:11:32.7590130Z ./snapshots/9c4ad37fc415a98ef2a8cfdc5be8d5cf97fe35b0/app/canvaskit/canvaskit.js
2026-10-09T02:11:32.7591101Z ./snapshots/9c4ad37fc415a98ef2a8cfdc5be8d5cf97fe35b0/app/canvaskit/skwasm.js
2026-10-09T02:11:32.7591876Z ./snapshots/9c4ad37fc415a98ef2a8cfdc5be8d5cf97fe35b0/app/canvaskit/canvaskit.wasm
2026-10-09T02:11:32.7627469Z ./snapshots/9c4ad37fc415a98ef2a8cfdc5be8d5cf97fe35b0/app/canvaskit/skwasm.wasm
2026-10-09T02:11:32.7646489Z ./snapshots/9c4ad37fc415a98ef2a8cfdc5be8d5cf97fe35b0/app/canvaskit/skwasm.js.symbols
2026-10-09T02:11:32.7654475Z ./snapshots/9c4ad37fc415a98ef2a8cfdc5be8d5cf97fe35b0/app/canvaskit/skwasm_heavy.wasm
2026-10-09T02:11:32.7680688Z ./snapshots/9c4ad37fc415a98ef2a8cfdc5be8d5cf97fe35b0/app/canvaskit/canvaskit.js.symbols
2026-10-09T02:11:32.7687824Z ./snapshots/9c4ad37fc415a98ef2a8cfdc5be8d5cf97fe35b0/app/canvaskit/experimental_webparagraph/
2026-10-09T02:11:32.7688899Z ./snapshots/9c4ad37fc415a98ef2a8cfdc5be8d5cf97fe35b0/app/canvaskit/experimental_webparagraph/canvaskit.js
2026-10-09T02:11:32.7689609Z ./snapshots/9c4ad37fc415a98ef2a8cfdc5be8d5cf97fe35b0/app/canvaskit/experimental_webparagraph/canvaskit.wasm
2026-10-09T02:11:32.7709467Z ./snapshots/9c4ad37fc415a98ef2a8cfdc5be8d5cf97fe35b0/app/canvaskit/experimental_webparagraph/canvaskit.js.symbols
2026-10-09T02:11:32.7714802Z ./snapshots/9c4ad37fc415a98ef2a8cfdc5be8d5cf97fe35b0/app/canvaskit/wimp.js
2026-10-09T02:11:32.7715745Z ./snapshots/9c4ad37fc415a98ef2a8cfdc5be8d5cf97fe35b0/app/canvaskit/skwasm_heavy.js
2026-10-09T02:11:32.7716491Z ./snapshots/9c4ad37fc415a98ef2a8cfdc5be8d5cf97fe35b0/app/canvaskit/wimp.js.symbols
2026-10-09T02:11:32.7725360Z ./snapshots/9c4ad37fc415a98ef2a8cfdc5be8d5cf97fe35b0/metadata.json
2026-10-09T02:11:32.7726155Z ./snapshots/9c4ad37fc415a98ef2a8cfdc5be8d5cf97fe35b0/index.html
2026-10-09T02:11:32.7726989Z ./snapshots/9c4ad37fc415a98ef2a8cfdc5be8d5cf97fe35b0/files.json
2026-10-09T02:11:32.7727863Z ./snapshots/9e0320fca6fdfba5931d6c80d9181c362ac33c17/
2026-10-09T02:11:32.7728476Z ./snapshots/9e0320fca6fdfba5931d6c80d9181c362ac33c17/app/
2026-10-09T02:11:32.7729099Z ./snapshots/9e0320fca6fdfba5931d6c80d9181c362ac33c17/app/manifest.json
2026-10-09T02:11:32.7729528Z ./snapshots/9e0320fca6fdfba5931d6c80d9181c362ac33c17/app/icons/
2026-10-09T02:11:32.7729970Z ./snapshots/9e0320fca6fdfba5931d6c80d9181c362ac33c17/app/icons/Icon-512.png
2026-10-09T02:11:32.7730456Z ./snapshots/9e0320fca6fdfba5931d6c80d9181c362ac33c17/app/icons/Icon-192.png
2026-10-09T02:11:32.7730961Z ./snapshots/9e0320fca6fdfba5931d6c80d9181c362ac33c17/app/icons/Icon-maskable-192.png
2026-10-09T02:11:32.7731501Z ./snapshots/9e0320fca6fdfba5931d6c80d9181c362ac33c17/app/icons/Icon-maskable-512.png
2026-10-09T02:11:32.7732037Z ./snapshots/9e0320fca6fdfba5931d6c80d9181c362ac33c17/app/flutter_bootstrap.js
2026-10-09T02:11:32.7732514Z ./snapshots/9e0320fca6fdfba5931d6c80d9181c362ac33c17/app/assets/
2026-10-09T02:11:32.7733003Z ./snapshots/9e0320fca6fdfba5931d6c80d9181c362ac33c17/app/assets/AssetManifest.bin.json
2026-10-09T02:11:32.7733520Z ./snapshots/9e0320fca6fdfba5931d6c80d9181c362ac33c17/app/assets/NOTICES
2026-10-09T02:11:32.7735716Z ./snapshots/9e0320fca6fdfba5931d6c80d9181c362ac33c17/app/assets/shorebird.yaml
2026-10-09T02:11:32.7736758Z ./snapshots/9e0320fca6fdfba5931d6c80d9181c362ac33c17/app/assets/AssetManifest.bin
2026-10-09T02:11:32.7737665Z ./snapshots/9e0320fca6fdfba5931d6c80d9181c362ac33c17/app/assets/packages/
2026-10-09T02:11:32.7738609Z ./snapshots/9e0320fca6fdfba5931d6c80d9181c362ac33c17/app/assets/packages/cupertino_icons/
2026-10-09T02:11:32.7739712Z ./snapshots/9e0320fca6fdfba5931d6c80d9181c362ac33c17/app/assets/packages/cupertino_icons/assets/
2026-10-09T02:11:32.7740591Z ./snapshots/9e0320fca6fdfba5931d6c80d9181c362ac33c17/app/assets/packages/cupertino_icons/assets/CupertinoIcons.ttf
2026-10-09T02:11:32.7741222Z ./snapshots/9e0320fca6fdfba5931d6c80d9181c362ac33c17/app/assets/FontManifest.json
2026-10-09T02:11:32.7741731Z ./snapshots/9e0320fca6fdfba5931d6c80d9181c362ac33c17/app/assets/shaders/
2026-10-09T02:11:32.7742244Z ./snapshots/9e0320fca6fdfba5931d6c80d9181c362ac33c17/app/assets/shaders/ink_sparkle.frag
2026-10-09T02:11:32.7742829Z ./snapshots/9e0320fca6fdfba5931d6c80d9181c362ac33c17/app/assets/shaders/stretch_effect.frag
2026-10-09T02:11:32.7743360Z ./snapshots/9e0320fca6fdfba5931d6c80d9181c362ac33c17/app/assets/fonts/
2026-10-09T02:11:32.7743900Z ./snapshots/9e0320fca6fdfba5931d6c80d9181c362ac33c17/app/assets/fonts/MaterialIcons-Regular.otf
2026-10-09T02:11:32.7744429Z ./snapshots/9e0320fca6fdfba5931d6c80d9181c362ac33c17/app/index.html
2026-10-09T02:11:32.7744868Z ./snapshots/9e0320fca6fdfba5931d6c80d9181c362ac33c17/app/version.json
2026-10-09T02:11:32.7745490Z ./snapshots/9e0320fca6fdfba5931d6c80d9181c362ac33c17/app/flutter_service_worker.js
2026-10-09T02:11:32.7745989Z ./snapshots/9e0320fca6fdfba5931d6c80d9181c362ac33c17/app/flutter.js
2026-10-09T02:11:32.7746547Z ./snapshots/9e0320fca6fdfba5931d6c80d9181c362ac33c17/app/favicon.png
2026-10-09T02:11:32.7747063Z ./snapshots/9e0320fca6fdfba5931d6c80d9181c362ac33c17/app/main.dart.js
2026-10-09T02:11:32.7750104Z ./snapshots/9e0320fca6fdfba5931d6c80d9181c362ac33c17/app/canvaskit/
2026-10-09T02:11:32.7750753Z ./snapshots/9e0320fca6fdfba5931d6c80d9181c362ac33c17/app/canvaskit/wimp.wasm
2026-10-09T02:11:32.7768237Z ./snapshots/9e0320fca6fdfba5931d6c80d9181c362ac33c17/app/canvaskit/chromium/
2026-10-09T02:11:32.7769216Z ./snapshots/9e0320fca6fdfba5931d6c80d9181c362ac33c17/app/canvaskit/chromium/canvaskit.js
2026-10-09T02:11:32.7769803Z ./snapshots/9e0320fca6fdfba5931d6c80d9181c362ac33c17/app/canvaskit/chromium/canvaskit.wasm
2026-10-09T02:11:32.7798252Z ./snapshots/9e0320fca6fdfba5931d6c80d9181c362ac33c17/app/canvaskit/chromium/canvaskit.js.symbols
2026-10-09T02:11:32.7804911Z ./snapshots/9e0320fca6fdfba5931d6c80d9181c362ac33c17/app/canvaskit/skwasm_heavy.js.symbols
2026-10-09T02:11:32.7813668Z ./snapshots/9e0320fca6fdfba5931d6c80d9181c362ac33c17/app/canvaskit/canvaskit.js
2026-10-09T02:11:32.7814825Z ./snapshots/9e0320fca6fdfba5931d6c80d9181c362ac33c17/app/canvaskit/skwasm.js
2026-10-09T02:11:32.7815705Z ./snapshots/9e0320fca6fdfba5931d6c80d9181c362ac33c17/app/canvaskit/canvaskit.wasm
2026-10-09T02:11:32.7851115Z ./snapshots/9e0320fca6fdfba5931d6c80d9181c362ac33c17/app/canvaskit/skwasm.wasm
2026-10-09T02:11:32.7869234Z ./snapshots/9e0320fca6fdfba5931d6c80d9181c362ac33c17/app/canvaskit/skwasm.js.symbols
2026-10-09T02:11:32.7876926Z ./snapshots/9e0320fca6fdfba5931d6c80d9181c362ac33c17/app/canvaskit/skwasm_heavy.wasm
2026-10-09T02:11:32.7902757Z ./snapshots/9e0320fca6fdfba5931d6c80d9181c362ac33c17/app/canvaskit/canvaskit.js.symbols
2026-10-09T02:11:32.7909943Z ./snapshots/9e0320fca6fdfba5931d6c80d9181c362ac33c17/app/canvaskit/experimental_webparagraph/
2026-10-09T02:11:32.7911070Z ./snapshots/9e0320fca6fdfba5931d6c80d9181c362ac33c17/app/canvaskit/experimental_webparagraph/canvaskit.js
2026-10-09T02:11:32.7911762Z ./snapshots/9e0320fca6fdfba5931d6c80d9181c362ac33c17/app/canvaskit/experimental_webparagraph/canvaskit.wasm
2026-10-09T02:11:32.7931574Z ./snapshots/9e0320fca6fdfba5931d6c80d9181c362ac33c17/app/canvaskit/experimental_webparagraph/canvaskit.js.symbols
2026-10-09T02:11:32.7936726Z ./snapshots/9e0320fca6fdfba5931d6c80d9181c362ac33c17/app/canvaskit/wimp.js
2026-10-09T02:11:32.7937645Z ./snapshots/9e0320fca6fdfba5931d6c80d9181c362ac33c17/app/canvaskit/skwasm_heavy.js
2026-10-09T02:11:32.7938296Z ./snapshots/9e0320fca6fdfba5931d6c80d9181c362ac33c17/app/canvaskit/wimp.js.symbols
2026-10-09T02:11:32.7947110Z ./snapshots/9e0320fca6fdfba5931d6c80d9181c362ac33c17/metadata.json
2026-10-09T02:11:32.7947881Z ./snapshots/9e0320fca6fdfba5931d6c80d9181c362ac33c17/index.html
2026-10-09T02:11:32.7948621Z ./snapshots/9e0320fca6fdfba5931d6c80d9181c362ac33c17/files.json
2026-10-09T02:11:32.7949293Z ./snapshots/05634b4b620cc30a053e5acab5fefb0667f2544e/
2026-10-09T02:11:32.7949898Z ./snapshots/05634b4b620cc30a053e5acab5fefb0667f2544e/app/
2026-10-09T02:11:32.7950627Z ./snapshots/05634b4b620cc30a053e5acab5fefb0667f2544e/app/manifest.json
2026-10-09T02:11:32.7951085Z ./snapshots/05634b4b620cc30a053e5acab5fefb0667f2544e/app/icons/
2026-10-09T02:11:32.7951531Z ./snapshots/05634b4b620cc30a053e5acab5fefb0667f2544e/app/icons/Icon-512.png
2026-10-09T02:11:32.7952012Z ./snapshots/05634b4b620cc30a053e5acab5fefb0667f2544e/app/icons/Icon-192.png
2026-10-09T02:11:32.7952539Z ./snapshots/05634b4b620cc30a053e5acab5fefb0667f2544e/app/icons/Icon-maskable-192.png
2026-10-09T02:11:32.7953090Z ./snapshots/05634b4b620cc30a053e5acab5fefb0667f2544e/app/icons/Icon-maskable-512.png
2026-10-09T02:11:32.7953606Z ./snapshots/05634b4b620cc30a053e5acab5fefb0667f2544e/app/flutter_bootstrap.js
2026-10-09T02:11:32.7954061Z ./snapshots/05634b4b620cc30a053e5acab5fefb0667f2544e/app/assets/
2026-10-09T02:11:32.7954698Z ./snapshots/05634b4b620cc30a053e5acab5fefb0667f2544e/app/assets/AssetManifest.bin.json
2026-10-09T02:11:32.7955222Z ./snapshots/05634b4b620cc30a053e5acab5fefb0667f2544e/app/assets/NOTICES
2026-10-09T02:11:32.7957537Z ./snapshots/05634b4b620cc30a053e5acab5fefb0667f2544e/app/assets/shorebird.yaml
2026-10-09T02:11:32.7958457Z ./snapshots/05634b4b620cc30a053e5acab5fefb0667f2544e/app/assets/AssetManifest.bin
2026-10-09T02:11:32.7959342Z ./snapshots/05634b4b620cc30a053e5acab5fefb0667f2544e/app/assets/packages/
2026-10-09T02:11:32.7960293Z ./snapshots/05634b4b620cc30a053e5acab5fefb0667f2544e/app/assets/packages/cupertino_icons/
2026-10-09T02:11:32.7961423Z ./snapshots/05634b4b620cc30a053e5acab5fefb0667f2544e/app/assets/packages/cupertino_icons/assets/
2026-10-09T02:11:32.7962345Z ./snapshots/05634b4b620cc30a053e5acab5fefb0667f2544e/app/assets/packages/cupertino_icons/assets/CupertinoIcons.ttf
2026-10-09T02:11:32.7962979Z ./snapshots/05634b4b620cc30a053e5acab5fefb0667f2544e/app/assets/FontManifest.json
2026-10-09T02:11:32.7963469Z ./snapshots/05634b4b620cc30a053e5acab5fefb0667f2544e/app/assets/shaders/
2026-10-09T02:11:32.7963982Z ./snapshots/05634b4b620cc30a053e5acab5fefb0667f2544e/app/assets/shaders/ink_sparkle.frag
2026-10-09T02:11:32.7964650Z ./snapshots/05634b4b620cc30a053e5acab5fefb0667f2544e/app/assets/shaders/stretch_effect.frag
2026-10-09T02:11:32.7965176Z ./snapshots/05634b4b620cc30a053e5acab5fefb0667f2544e/app/assets/fonts/
2026-10-09T02:11:32.7965710Z ./snapshots/05634b4b620cc30a053e5acab5fefb0667f2544e/app/assets/fonts/MaterialIcons-Regular.otf
2026-10-09T02:11:32.7966239Z ./snapshots/05634b4b620cc30a053e5acab5fefb0667f2544e/app/index.html
2026-10-09T02:11:32.7966846Z ./snapshots/05634b4b620cc30a053e5acab5fefb0667f2544e/app/version.json
2026-10-09T02:11:32.7967333Z ./snapshots/05634b4b620cc30a053e5acab5fefb0667f2544e/app/flutter_service_worker.js
2026-10-09T02:11:32.7967806Z ./snapshots/05634b4b620cc30a053e5acab5fefb0667f2544e/app/flutter.js
2026-10-09T02:11:32.7968234Z ./snapshots/05634b4b620cc30a053e5acab5fefb0667f2544e/app/favicon.png
2026-10-09T02:11:32.7968686Z ./snapshots/05634b4b620cc30a053e5acab5fefb0667f2544e/app/main.dart.js
2026-10-09T02:11:32.7972312Z ./snapshots/05634b4b620cc30a053e5acab5fefb0667f2544e/app/canvaskit/
2026-10-09T02:11:32.7972964Z ./snapshots/05634b4b620cc30a053e5acab5fefb0667f2544e/app/canvaskit/wimp.wasm
2026-10-09T02:11:32.7990050Z ./snapshots/05634b4b620cc30a053e5acab5fefb0667f2544e/app/canvaskit/chromium/
2026-10-09T02:11:32.7991074Z ./snapshots/05634b4b620cc30a053e5acab5fefb0667f2544e/app/canvaskit/chromium/canvaskit.js
2026-10-09T02:11:32.7991738Z ./snapshots/05634b4b620cc30a053e5acab5fefb0667f2544e/app/canvaskit/chromium/canvaskit.wasm
2026-10-09T02:11:32.8020822Z ./snapshots/05634b4b620cc30a053e5acab5fefb0667f2544e/app/canvaskit/chromium/canvaskit.js.symbols
2026-10-09T02:11:32.8027478Z ./snapshots/05634b4b620cc30a053e5acab5fefb0667f2544e/app/canvaskit/skwasm_heavy.js.symbols
2026-10-09T02:11:32.8035997Z ./snapshots/05634b4b620cc30a053e5acab5fefb0667f2544e/app/canvaskit/canvaskit.js
2026-10-09T02:11:32.8037103Z ./snapshots/05634b4b620cc30a053e5acab5fefb0667f2544e/app/canvaskit/skwasm.js
2026-10-09T02:11:32.8037769Z ./snapshots/05634b4b620cc30a053e5acab5fefb0667f2544e/app/canvaskit/canvaskit.wasm
2026-10-09T02:11:32.8072953Z ./snapshots/05634b4b620cc30a053e5acab5fefb0667f2544e/app/canvaskit/skwasm.wasm
2026-10-09T02:11:32.8091365Z ./snapshots/05634b4b620cc30a053e5acab5fefb0667f2544e/app/canvaskit/skwasm.js.symbols
2026-10-09T02:11:32.8099322Z ./snapshots/05634b4b620cc30a053e5acab5fefb0667f2544e/app/canvaskit/skwasm_heavy.wasm
2026-10-09T02:11:32.8124985Z ./snapshots/05634b4b620cc30a053e5acab5fefb0667f2544e/app/canvaskit/canvaskit.js.symbols
2026-10-09T02:11:32.8132304Z ./snapshots/05634b4b620cc30a053e5acab5fefb0667f2544e/app/canvaskit/experimental_webparagraph/
2026-10-09T02:11:32.8133441Z ./snapshots/05634b4b620cc30a053e5acab5fefb0667f2544e/app/canvaskit/experimental_webparagraph/canvaskit.js
2026-10-09T02:11:32.8134320Z ./snapshots/05634b4b620cc30a053e5acab5fefb0667f2544e/app/canvaskit/experimental_webparagraph/canvaskit.wasm
2026-10-09T02:11:32.8155054Z ./snapshots/05634b4b620cc30a053e5acab5fefb0667f2544e/app/canvaskit/experimental_webparagraph/canvaskit.js.symbols
2026-10-09T02:11:32.8160354Z ./snapshots/05634b4b620cc30a053e5acab5fefb0667f2544e/app/canvaskit/wimp.js
2026-10-09T02:11:32.8161278Z ./snapshots/05634b4b620cc30a053e5acab5fefb0667f2544e/app/canvaskit/skwasm_heavy.js
2026-10-09T02:11:32.8161954Z ./snapshots/05634b4b620cc30a053e5acab5fefb0667f2544e/app/canvaskit/wimp.js.symbols
2026-10-09T02:11:32.8170941Z ./snapshots/05634b4b620cc30a053e5acab5fefb0667f2544e/metadata.json
2026-10-09T02:11:32.8171726Z ./snapshots/05634b4b620cc30a053e5acab5fefb0667f2544e/index.html
2026-10-09T02:11:32.8172465Z ./snapshots/05634b4b620cc30a053e5acab5fefb0667f2544e/files.json
2026-10-09T02:11:32.8173159Z ./snapshots/0817b4fbf84204b24a20858925fa414a1dcac54a/
2026-10-09T02:11:32.8173784Z ./snapshots/0817b4fbf84204b24a20858925fa414a1dcac54a/app/
2026-10-09T02:11:32.8174521Z ./snapshots/0817b4fbf84204b24a20858925fa414a1dcac54a/app/manifest.json
2026-10-09T02:11:32.8175090Z ./snapshots/0817b4fbf84204b24a20858925fa414a1dcac54a/app/icons/
2026-10-09T02:11:32.8175724Z ./snapshots/0817b4fbf84204b24a20858925fa414a1dcac54a/app/icons/Icon-512.png
2026-10-09T02:11:32.8176209Z ./snapshots/0817b4fbf84204b24a20858925fa414a1dcac54a/app/icons/Icon-192.png
2026-10-09T02:11:32.8176933Z ./snapshots/0817b4fbf84204b24a20858925fa414a1dcac54a/app/icons/Icon-maskable-192.png
2026-10-09T02:11:32.8177468Z ./snapshots/0817b4fbf84204b24a20858925fa414a1dcac54a/app/icons/Icon-maskable-512.png
2026-10-09T02:11:32.8177991Z ./snapshots/0817b4fbf84204b24a20858925fa414a1dcac54a/app/flutter_bootstrap.js
2026-10-09T02:11:32.8178448Z ./snapshots/0817b4fbf84204b24a20858925fa414a1dcac54a/app/assets/
2026-10-09T02:11:32.8178939Z ./snapshots/0817b4fbf84204b24a20858925fa414a1dcac54a/app/assets/AssetManifest.bin.json
2026-10-09T02:11:32.8179446Z ./snapshots/0817b4fbf84204b24a20858925fa414a1dcac54a/app/assets/NOTICES
2026-10-09T02:11:32.8181666Z ./snapshots/0817b4fbf84204b24a20858925fa414a1dcac54a/app/assets/shorebird.yaml
2026-10-09T02:11:32.8182587Z ./snapshots/0817b4fbf84204b24a20858925fa414a1dcac54a/app/assets/AssetManifest.bin
2026-10-09T02:11:32.8183487Z ./snapshots/0817b4fbf84204b24a20858925fa414a1dcac54a/app/assets/packages/
2026-10-09T02:11:32.8184441Z ./snapshots/0817b4fbf84204b24a20858925fa414a1dcac54a/app/assets/packages/cupertino_icons/
2026-10-09T02:11:32.8185523Z ./snapshots/0817b4fbf84204b24a20858925fa414a1dcac54a/app/assets/packages/cupertino_icons/assets/
2026-10-09T02:11:32.8186562Z ./snapshots/0817b4fbf84204b24a20858925fa414a1dcac54a/app/assets/packages/cupertino_icons/assets/CupertinoIcons.ttf
2026-10-09T02:11:32.8187199Z ./snapshots/0817b4fbf84204b24a20858925fa414a1dcac54a/app/assets/FontManifest.json
2026-10-09T02:11:32.8187687Z ./snapshots/0817b4fbf84204b24a20858925fa414a1dcac54a/app/assets/shaders/
2026-10-09T02:11:32.8188198Z ./snapshots/0817b4fbf84204b24a20858925fa414a1dcac54a/app/assets/shaders/ink_sparkle.frag
2026-10-09T02:11:32.8188779Z ./snapshots/0817b4fbf84204b24a20858925fa414a1dcac54a/app/assets/shaders/stretch_effect.frag
2026-10-09T02:11:32.8189291Z ./snapshots/0817b4fbf84204b24a20858925fa414a1dcac54a/app/assets/fonts/
2026-10-09T02:11:32.8189826Z ./snapshots/0817b4fbf84204b24a20858925fa414a1dcac54a/app/assets/fonts/MaterialIcons-Regular.otf
2026-10-09T02:11:32.8190371Z ./snapshots/0817b4fbf84204b24a20858925fa414a1dcac54a/app/index.html
2026-10-09T02:11:32.8190808Z ./snapshots/0817b4fbf84204b24a20858925fa414a1dcac54a/app/version.json
2026-10-09T02:11:32.8191281Z ./snapshots/0817b4fbf84204b24a20858925fa414a1dcac54a/app/flutter_service_worker.js
2026-10-09T02:11:32.8191751Z ./snapshots/0817b4fbf84204b24a20858925fa414a1dcac54a/app/flutter.js
2026-10-09T02:11:32.8192187Z ./snapshots/0817b4fbf84204b24a20858925fa414a1dcac54a/app/favicon.png
2026-10-09T02:11:32.8192622Z ./snapshots/0817b4fbf84204b24a20858925fa414a1dcac54a/app/main.dart.js
2026-10-09T02:11:32.8196498Z ./snapshots/0817b4fbf84204b24a20858925fa414a1dcac54a/app/canvaskit/
2026-10-09T02:11:32.8197364Z ./snapshots/0817b4fbf84204b24a20858925fa414a1dcac54a/app/canvaskit/wimp.wasm
2026-10-09T02:11:32.8214403Z ./snapshots/0817b4fbf84204b24a20858925fa414a1dcac54a/app/canvaskit/chromium/
2026-10-09T02:11:32.8215390Z ./snapshots/0817b4fbf84204b24a20858925fa414a1dcac54a/app/canvaskit/chromium/canvaskit.js
2026-10-09T02:11:32.8215976Z ./snapshots/0817b4fbf84204b24a20858925fa414a1dcac54a/app/canvaskit/chromium/canvaskit.wasm
2026-10-09T02:11:32.8244781Z ./snapshots/0817b4fbf84204b24a20858925fa414a1dcac54a/app/canvaskit/chromium/canvaskit.js.symbols
2026-10-09T02:11:32.8251664Z ./snapshots/0817b4fbf84204b24a20858925fa414a1dcac54a/app/canvaskit/skwasm_heavy.js.symbols
2026-10-09T02:11:32.8260167Z ./snapshots/0817b4fbf84204b24a20858925fa414a1dcac54a/app/canvaskit/canvaskit.js
2026-10-09T02:11:32.8261111Z ./snapshots/0817b4fbf84204b24a20858925fa414a1dcac54a/app/canvaskit/skwasm.js
2026-10-09T02:11:32.8261807Z ./snapshots/0817b4fbf84204b24a20858925fa414a1dcac54a/app/canvaskit/canvaskit.wasm
2026-10-09T02:11:32.8297162Z ./snapshots/0817b4fbf84204b24a20858925fa414a1dcac54a/app/canvaskit/skwasm.wasm
2026-10-09T02:11:32.8315766Z ./snapshots/0817b4fbf84204b24a20858925fa414a1dcac54a/app/canvaskit/skwasm.js.symbols
2026-10-09T02:11:32.8323788Z ./snapshots/0817b4fbf84204b24a20858925fa414a1dcac54a/app/canvaskit/skwasm_heavy.wasm
2026-10-09T02:11:32.8349441Z ./snapshots/0817b4fbf84204b24a20858925fa414a1dcac54a/app/canvaskit/canvaskit.js.symbols
2026-10-09T02:11:32.8356718Z ./snapshots/0817b4fbf84204b24a20858925fa414a1dcac54a/app/canvaskit/experimental_webparagraph/
2026-10-09T02:11:32.8357828Z ./snapshots/0817b4fbf84204b24a20858925fa414a1dcac54a/app/canvaskit/experimental_webparagraph/canvaskit.js
2026-10-09T02:11:32.8358518Z ./snapshots/0817b4fbf84204b24a20858925fa414a1dcac54a/app/canvaskit/experimental_webparagraph/canvaskit.wasm
2026-10-09T02:11:32.8379313Z ./snapshots/0817b4fbf84204b24a20858925fa414a1dcac54a/app/canvaskit/experimental_webparagraph/canvaskit.js.symbols
2026-10-09T02:11:32.8384509Z ./snapshots/0817b4fbf84204b24a20858925fa414a1dcac54a/app/canvaskit/wimp.js
2026-10-09T02:11:32.8385410Z ./snapshots/0817b4fbf84204b24a20858925fa414a1dcac54a/app/canvaskit/skwasm_heavy.js
2026-10-09T02:11:32.8386110Z ./snapshots/0817b4fbf84204b24a20858925fa414a1dcac54a/app/canvaskit/wimp.js.symbols
2026-10-09T02:11:32.8395036Z ./snapshots/0817b4fbf84204b24a20858925fa414a1dcac54a/metadata.json
2026-10-09T02:11:32.8395792Z ./snapshots/0817b4fbf84204b24a20858925fa414a1dcac54a/index.html
2026-10-09T02:11:32.8396602Z ./snapshots/0817b4fbf84204b24a20858925fa414a1dcac54a/files.json
2026-10-09T02:11:32.8397305Z ./snapshots/b8763ec5adc5e24ce34f474a66a079b48a9ffa0f/
2026-10-09T02:11:32.8397960Z ./snapshots/b8763ec5adc5e24ce34f474a66a079b48a9ffa0f/app/
2026-10-09T02:11:32.8398712Z ./snapshots/b8763ec5adc5e24ce34f474a66a079b48a9ffa0f/app/manifest.json
2026-10-09T02:11:32.8399235Z ./snapshots/b8763ec5adc5e24ce34f474a66a079b48a9ffa0f/app/icons/
2026-10-09T02:11:32.8399792Z ./snapshots/b8763ec5adc5e24ce34f474a66a079b48a9ffa0f/app/icons/Icon-512.png
2026-10-09T02:11:32.8400430Z ./snapshots/b8763ec5adc5e24ce34f474a66a079b48a9ffa0f/app/icons/Icon-192.png
2026-10-09T02:11:32.8401098Z ./snapshots/b8763ec5adc5e24ce34f474a66a079b48a9ffa0f/app/icons/Icon-maskable-192.png
2026-10-09T02:11:32.8401808Z ./snapshots/b8763ec5adc5e24ce34f474a66a079b48a9ffa0f/app/icons/Icon-maskable-512.png
2026-10-09T02:11:32.8402484Z ./snapshots/b8763ec5adc5e24ce34f474a66a079b48a9ffa0f/app/flutter_bootstrap.js
2026-10-09T02:11:32.8403057Z ./snapshots/b8763ec5adc5e24ce34f474a66a079b48a9ffa0f/app/assets/
2026-10-09T02:11:32.8403672Z ./snapshots/b8763ec5adc5e24ce34f474a66a079b48a9ffa0f/app/assets/AssetManifest.bin.json
2026-10-09T02:11:32.8404320Z ./snapshots/b8763ec5adc5e24ce34f474a66a079b48a9ffa0f/app/assets/NOTICES
2026-10-09T02:11:32.8405309Z ./snapshots/b8763ec5adc5e24ce34f474a66a079b48a9ffa0f/app/assets/shorebird.yaml
2026-10-09T02:11:32.8406299Z ./snapshots/b8763ec5adc5e24ce34f474a66a079b48a9ffa0f/app/assets/AssetManifest.bin
2026-10-09T02:11:32.8407519Z ./snapshots/b8763ec5adc5e24ce34f474a66a079b48a9ffa0f/app/assets/packages/
2026-10-09T02:11:32.8408545Z ./snapshots/b8763ec5adc5e24ce34f474a66a079b48a9ffa0f/app/assets/packages/cupertino_icons/
2026-10-09T02:11:32.8409709Z ./snapshots/b8763ec5adc5e24ce34f474a66a079b48a9ffa0f/app/assets/packages/cupertino_icons/assets/
2026-10-09T02:11:32.8410614Z ./snapshots/b8763ec5adc5e24ce34f474a66a079b48a9ffa0f/app/assets/packages/cupertino_icons/assets/CupertinoIcons.ttf
2026-10-09T02:11:32.8411244Z ./snapshots/b8763ec5adc5e24ce34f474a66a079b48a9ffa0f/app/assets/FontManifest.json
2026-10-09T02:11:32.8411746Z ./snapshots/b8763ec5adc5e24ce34f474a66a079b48a9ffa0f/app/assets/shaders/
2026-10-09T02:11:32.8412261Z ./snapshots/b8763ec5adc5e24ce34f474a66a079b48a9ffa0f/app/assets/shaders/ink_sparkle.frag
2026-10-09T02:11:32.8412841Z ./snapshots/b8763ec5adc5e24ce34f474a66a079b48a9ffa0f/app/assets/shaders/stretch_effect.frag
2026-10-09T02:11:32.8413364Z ./snapshots/b8763ec5adc5e24ce34f474a66a079b48a9ffa0f/app/assets/fonts/
2026-10-09T02:11:32.8413909Z ./snapshots/b8763ec5adc5e24ce34f474a66a079b48a9ffa0f/app/assets/fonts/MaterialIcons-Regular.otf
2026-10-09T02:11:32.8414441Z ./snapshots/b8763ec5adc5e24ce34f474a66a079b48a9ffa0f/app/index.html
2026-10-09T02:11:32.8415003Z ./snapshots/b8763ec5adc5e24ce34f474a66a079b48a9ffa0f/app/version.json
2026-10-09T02:11:32.8415500Z ./snapshots/b8763ec5adc5e24ce34f474a66a079b48a9ffa0f/app/flutter_service_worker.js
2026-10-09T02:11:32.8415979Z ./snapshots/b8763ec5adc5e24ce34f474a66a079b48a9ffa0f/app/flutter.js
2026-10-09T02:11:32.8416530Z ./snapshots/b8763ec5adc5e24ce34f474a66a079b48a9ffa0f/app/favicon.png
2026-10-09T02:11:32.8416986Z ./snapshots/b8763ec5adc5e24ce34f474a66a079b48a9ffa0f/app/main.dart.js
2026-10-09T02:11:32.8420676Z ./snapshots/b8763ec5adc5e24ce34f474a66a079b48a9ffa0f/app/canvaskit/
2026-10-09T02:11:32.8421381Z ./snapshots/b8763ec5adc5e24ce34f474a66a079b48a9ffa0f/app/canvaskit/wimp.wasm
2026-10-09T02:11:32.8438991Z ./snapshots/b8763ec5adc5e24ce34f474a66a079b48a9ffa0f/app/canvaskit/chromium/
2026-10-09T02:11:32.8440032Z ./snapshots/b8763ec5adc5e24ce34f474a66a079b48a9ffa0f/app/canvaskit/chromium/canvaskit.js
2026-10-09T02:11:32.8440818Z ./snapshots/b8763ec5adc5e24ce34f474a66a079b48a9ffa0f/app/canvaskit/chromium/canvaskit.wasm
2026-10-09T02:11:32.8470102Z ./snapshots/b8763ec5adc5e24ce34f474a66a079b48a9ffa0f/app/canvaskit/chromium/canvaskit.js.symbols
2026-10-09T02:11:32.8476988Z ./snapshots/b8763ec5adc5e24ce34f474a66a079b48a9ffa0f/app/canvaskit/skwasm_heavy.js.symbols
2026-10-09T02:11:32.8485617Z ./snapshots/b8763ec5adc5e24ce34f474a66a079b48a9ffa0f/app/canvaskit/canvaskit.js
2026-10-09T02:11:32.8486681Z ./snapshots/b8763ec5adc5e24ce34f474a66a079b48a9ffa0f/app/canvaskit/skwasm.js
2026-10-09T02:11:32.8487509Z ./snapshots/b8763ec5adc5e24ce34f474a66a079b48a9ffa0f/app/canvaskit/canvaskit.wasm
2026-10-09T02:11:32.8523557Z ./snapshots/b8763ec5adc5e24ce34f474a66a079b48a9ffa0f/app/canvaskit/skwasm.wasm
2026-10-09T02:11:32.8541606Z ./snapshots/b8763ec5adc5e24ce34f474a66a079b48a9ffa0f/app/canvaskit/skwasm.js.symbols
2026-10-09T02:11:32.8549626Z ./snapshots/b8763ec5adc5e24ce34f474a66a079b48a9ffa0f/app/canvaskit/skwasm_heavy.wasm
2026-10-09T02:11:32.8599516Z ./snapshots/b8763ec5adc5e24ce34f474a66a079b48a9ffa0f/app/canvaskit/canvaskit.js.symbols
2026-10-09T02:11:32.8601142Z ./snapshots/b8763ec5adc5e24ce34f474a66a079b48a9ffa0f/app/canvaskit/experimental_webparagraph/
2026-10-09T02:11:32.8602837Z ./snapshots/b8763ec5adc5e24ce34f474a66a079b48a9ffa0f/app/canvaskit/experimental_webparagraph/canvaskit.js
2026-10-09T02:11:32.8604385Z ./snapshots/b8763ec5adc5e24ce34f474a66a079b48a9ffa0f/app/canvaskit/experimental_webparagraph/canvaskit.wasm
2026-10-09T02:11:32.8606381Z ./snapshots/b8763ec5adc5e24ce34f474a66a079b48a9ffa0f/app/canvaskit/experimental_webparagraph/canvaskit.js.symbols
2026-10-09T02:11:32.8612731Z ./snapshots/b8763ec5adc5e24ce34f474a66a079b48a9ffa0f/app/canvaskit/wimp.js
2026-10-09T02:11:32.8613718Z ./snapshots/b8763ec5adc5e24ce34f474a66a079b48a9ffa0f/app/canvaskit/skwasm_heavy.js
2026-10-09T02:11:32.8614965Z ./snapshots/b8763ec5adc5e24ce34f474a66a079b48a9ffa0f/app/canvaskit/wimp.js.symbols
2026-10-09T02:11:32.8624387Z ./snapshots/b8763ec5adc5e24ce34f474a66a079b48a9ffa0f/metadata.json
2026-10-09T02:11:32.8625374Z ./snapshots/b8763ec5adc5e24ce34f474a66a079b48a9ffa0f/index.html
2026-10-09T02:11:32.8626184Z ./snapshots/b8763ec5adc5e24ce34f474a66a079b48a9ffa0f/files.json
2026-10-09T02:11:32.8627030Z ./snapshots/6e48aef9b03778593bc639ababa885b9e2792c35/
2026-10-09T02:11:32.8627691Z ./snapshots/6e48aef9b03778593bc639ababa885b9e2792c35/app/
2026-10-09T02:11:32.8628464Z ./snapshots/6e48aef9b03778593bc639ababa885b9e2792c35/app/manifest.json
2026-10-09T02:11:32.8629264Z ./snapshots/6e48aef9b03778593bc639ababa885b9e2792c35/app/icons/
2026-10-09T02:11:32.8630082Z ./snapshots/6e48aef9b03778593bc639ababa885b9e2792c35/app/icons/Icon-512.png
2026-10-09T02:11:32.8630969Z ./snapshots/6e48aef9b03778593bc639ababa885b9e2792c35/app/icons/Icon-192.png
2026-10-09T02:11:32.8631942Z ./snapshots/6e48aef9b03778593bc639ababa885b9e2792c35/app/icons/Icon-maskable-192.png
2026-10-09T02:11:32.8632969Z ./snapshots/6e48aef9b03778593bc639ababa885b9e2792c35/app/icons/Icon-maskable-512.png
2026-10-09T02:11:32.8634135Z ./snapshots/6e48aef9b03778593bc639ababa885b9e2792c35/app/flutter_bootstrap.js
2026-10-09T02:11:32.8634997Z ./snapshots/6e48aef9b03778593bc639ababa885b9e2792c35/app/assets/
2026-10-09T02:11:32.8635880Z ./snapshots/6e48aef9b03778593bc639ababa885b9e2792c35/app/assets/AssetManifest.bin.json
2026-10-09T02:11:32.8636964Z ./snapshots/6e48aef9b03778593bc639ababa885b9e2792c35/app/assets/NOTICES
2026-10-09T02:11:32.8637862Z ./snapshots/6e48aef9b03778593bc639ababa885b9e2792c35/app/assets/shorebird.yaml
2026-10-09T02:11:32.8647632Z ./snapshots/6e48aef9b03778593bc639ababa885b9e2792c35/app/assets/AssetManifest.bin
2026-10-09T02:11:32.8648374Z ./snapshots/6e48aef9b03778593bc639ababa885b9e2792c35/app/assets/packages/
2026-10-09T02:11:32.8648931Z ./snapshots/6e48aef9b03778593bc639ababa885b9e2792c35/app/assets/packages/cupertino_icons/
2026-10-09T02:11:32.8649574Z ./snapshots/6e48aef9b03778593bc639ababa885b9e2792c35/app/assets/packages/cupertino_icons/assets/
2026-10-09T02:11:32.8650269Z ./snapshots/6e48aef9b03778593bc639ababa885b9e2792c35/app/assets/packages/cupertino_icons/assets/CupertinoIcons.ttf
2026-10-09T02:11:32.8651275Z ./snapshots/6e48aef9b03778593bc639ababa885b9e2792c35/app/assets/FontManifest.json
2026-10-09T02:11:32.8651775Z ./snapshots/6e48aef9b03778593bc639ababa885b9e2792c35/app/assets/shaders/
2026-10-09T02:11:32.8652318Z ./snapshots/6e48aef9b03778593bc639ababa885b9e2792c35/app/assets/shaders/ink_sparkle.frag
2026-10-09T02:11:32.8652910Z ./snapshots/6e48aef9b03778593bc639ababa885b9e2792c35/app/assets/shaders/stretch_effect.frag
2026-10-09T02:11:32.8653444Z ./snapshots/6e48aef9b03778593bc639ababa885b9e2792c35/app/assets/fonts/
2026-10-09T02:11:32.8653989Z ./snapshots/6e48aef9b03778593bc639ababa885b9e2792c35/app/assets/fonts/MaterialIcons-Regular.otf
2026-10-09T02:11:32.8654542Z ./snapshots/6e48aef9b03778593bc639ababa885b9e2792c35/app/index.html
2026-10-09T02:11:32.8654985Z ./snapshots/6e48aef9b03778593bc639ababa885b9e2792c35/app/version.json
2026-10-09T02:11:32.8655563Z ./snapshots/6e48aef9b03778593bc639ababa885b9e2792c35/app/flutter_service_worker.js
2026-10-09T02:11:32.8656382Z ./snapshots/6e48aef9b03778593bc639ababa885b9e2792c35/app/flutter.js
2026-10-09T02:11:32.8656974Z ./snapshots/6e48aef9b03778593bc639ababa885b9e2792c35/app/favicon.png
2026-10-09T02:11:32.8657418Z ./snapshots/6e48aef9b03778593bc639ababa885b9e2792c35/app/main.dart.js
2026-10-09T02:11:32.8657869Z ./snapshots/6e48aef9b03778593bc639ababa885b9e2792c35/app/canvaskit/
2026-10-09T02:11:32.8658353Z ./snapshots/6e48aef9b03778593bc639ababa885b9e2792c35/app/canvaskit/wimp.wasm
2026-10-09T02:11:32.8669623Z ./snapshots/6e48aef9b03778593bc639ababa885b9e2792c35/app/canvaskit/chromium/
2026-10-09T02:11:32.8670604Z ./snapshots/6e48aef9b03778593bc639ababa885b9e2792c35/app/canvaskit/chromium/canvaskit.js
2026-10-09T02:11:32.8671366Z ./snapshots/6e48aef9b03778593bc639ababa885b9e2792c35/app/canvaskit/chromium/canvaskit.wasm
2026-10-09T02:11:32.8700389Z ./snapshots/6e48aef9b03778593bc639ababa885b9e2792c35/app/canvaskit/chromium/canvaskit.js.symbols
2026-10-09T02:11:32.8706746Z ./snapshots/6e48aef9b03778593bc639ababa885b9e2792c35/app/canvaskit/skwasm_heavy.js.symbols
2026-10-09T02:11:32.8715240Z ./snapshots/6e48aef9b03778593bc639ababa885b9e2792c35/app/canvaskit/canvaskit.js
2026-10-09T02:11:32.8716183Z ./snapshots/6e48aef9b03778593bc639ababa885b9e2792c35/app/canvaskit/skwasm.js
2026-10-09T02:11:32.8716976Z ./snapshots/6e48aef9b03778593bc639ababa885b9e2792c35/app/canvaskit/canvaskit.wasm
2026-10-09T02:11:32.8753047Z ./snapshots/6e48aef9b03778593bc639ababa885b9e2792c35/app/canvaskit/skwasm.wasm
2026-10-09T02:11:32.8771152Z ./snapshots/6e48aef9b03778593bc639ababa885b9e2792c35/app/canvaskit/skwasm.js.symbols
2026-10-09T02:11:32.8779209Z ./snapshots/6e48aef9b03778593bc639ababa885b9e2792c35/app/canvaskit/skwasm_heavy.wasm
2026-10-09T02:11:32.8805246Z ./snapshots/6e48aef9b03778593bc639ababa885b9e2792c35/app/canvaskit/canvaskit.js.symbols
2026-10-09T02:11:32.8812509Z ./snapshots/6e48aef9b03778593bc639ababa885b9e2792c35/app/canvaskit/experimental_webparagraph/
2026-10-09T02:11:32.8813767Z ./snapshots/6e48aef9b03778593bc639ababa885b9e2792c35/app/canvaskit/experimental_webparagraph/canvaskit.js
2026-10-09T02:11:32.8814476Z ./snapshots/6e48aef9b03778593bc639ababa885b9e2792c35/app/canvaskit/experimental_webparagraph/canvaskit.wasm
2026-10-09T02:11:32.8834875Z ./snapshots/6e48aef9b03778593bc639ababa885b9e2792c35/app/canvaskit/experimental_webparagraph/canvaskit.js.symbols
2026-10-09T02:11:32.8840015Z ./snapshots/6e48aef9b03778593bc639ababa885b9e2792c35/app/canvaskit/wimp.js
2026-10-09T02:11:32.8840934Z ./snapshots/6e48aef9b03778593bc639ababa885b9e2792c35/app/canvaskit/skwasm_heavy.js
2026-10-09T02:11:32.8841660Z ./snapshots/6e48aef9b03778593bc639ababa885b9e2792c35/app/canvaskit/wimp.js.symbols
2026-10-09T02:11:32.8850616Z ./snapshots/6e48aef9b03778593bc639ababa885b9e2792c35/metadata.json
2026-10-09T02:11:32.8851408Z ./snapshots/6e48aef9b03778593bc639ababa885b9e2792c35/index.html
2026-10-09T02:11:32.8852144Z ./snapshots/6e48aef9b03778593bc639ababa885b9e2792c35/files.json
2026-10-09T02:11:32.8852849Z ./snapshots/08ce07d615905e33f0572f9264808683cab53349/
2026-10-09T02:11:32.8853434Z ./snapshots/08ce07d615905e33f0572f9264808683cab53349/app/
2026-10-09T02:11:32.8854067Z ./snapshots/08ce07d615905e33f0572f9264808683cab53349/app/manifest.json
2026-10-09T02:11:32.8854493Z ./snapshots/08ce07d615905e33f0572f9264808683cab53349/app/icons/
2026-10-09T02:11:32.8854951Z ./snapshots/08ce07d615905e33f0572f9264808683cab53349/app/icons/Icon-512.png
2026-10-09T02:11:32.8855430Z ./snapshots/08ce07d615905e33f0572f9264808683cab53349/app/icons/Icon-192.png
2026-10-09T02:11:32.8855940Z ./snapshots/08ce07d615905e33f0572f9264808683cab53349/app/icons/Icon-maskable-192.png
2026-10-09T02:11:32.8856661Z ./snapshots/08ce07d615905e33f0572f9264808683cab53349/app/icons/Icon-maskable-512.png
2026-10-09T02:11:32.8857190Z ./snapshots/08ce07d615905e33f0572f9264808683cab53349/app/flutter_bootstrap.js
2026-10-09T02:11:32.8857650Z ./snapshots/08ce07d615905e33f0572f9264808683cab53349/app/assets/
2026-10-09T02:11:32.8858148Z ./snapshots/08ce07d615905e33f0572f9264808683cab53349/app/assets/AssetManifest.bin.json
2026-10-09T02:11:32.8858659Z ./snapshots/08ce07d615905e33f0572f9264808683cab53349/app/assets/NOTICES
2026-10-09T02:11:32.8860896Z ./snapshots/08ce07d615905e33f0572f9264808683cab53349/app/assets/shorebird.yaml
2026-10-09T02:11:32.8861810Z ./snapshots/08ce07d615905e33f0572f9264808683cab53349/app/assets/AssetManifest.bin
2026-10-09T02:11:32.8862700Z ./snapshots/08ce07d615905e33f0572f9264808683cab53349/app/assets/packages/
2026-10-09T02:11:32.8863637Z ./snapshots/08ce07d615905e33f0572f9264808683cab53349/app/assets/packages/cupertino_icons/
2026-10-09T02:11:32.8864709Z ./snapshots/08ce07d615905e33f0572f9264808683cab53349/app/assets/packages/cupertino_icons/assets/
2026-10-09T02:11:32.8865732Z ./snapshots/08ce07d615905e33f0572f9264808683cab53349/app/assets/packages/cupertino_icons/assets/CupertinoIcons.ttf
2026-10-09T02:11:32.8866669Z ./snapshots/08ce07d615905e33f0572f9264808683cab53349/app/assets/FontManifest.json
2026-10-09T02:11:32.8867176Z ./snapshots/08ce07d615905e33f0572f9264808683cab53349/app/assets/shaders/
2026-10-09T02:11:32.8867694Z ./snapshots/08ce07d615905e33f0572f9264808683cab53349/app/assets/shaders/ink_sparkle.frag
2026-10-09T02:11:32.8868277Z ./snapshots/08ce07d615905e33f0572f9264808683cab53349/app/assets/shaders/stretch_effect.frag
2026-10-09T02:11:32.8868807Z ./snapshots/08ce07d615905e33f0572f9264808683cab53349/app/assets/fonts/
2026-10-09T02:11:32.8869337Z ./snapshots/08ce07d615905e33f0572f9264808683cab53349/app/assets/fonts/MaterialIcons-Regular.otf
2026-10-09T02:11:32.8869864Z ./snapshots/08ce07d615905e33f0572f9264808683cab53349/app/index.html
2026-10-09T02:11:32.8870298Z ./snapshots/08ce07d615905e33f0572f9264808683cab53349/app/version.json
2026-10-09T02:11:32.8870781Z ./snapshots/08ce07d615905e33f0572f9264808683cab53349/app/flutter_service_worker.js
2026-10-09T02:11:32.8871255Z ./snapshots/08ce07d615905e33f0572f9264808683cab53349/app/flutter.js
2026-10-09T02:11:32.8871684Z ./snapshots/08ce07d615905e33f0572f9264808683cab53349/app/favicon.png
2026-10-09T02:11:32.8872203Z ./snapshots/08ce07d615905e33f0572f9264808683cab53349/app/main.dart.js
2026-10-09T02:11:32.8875860Z ./snapshots/08ce07d615905e33f0572f9264808683cab53349/app/canvaskit/
2026-10-09T02:11:32.8876711Z ./snapshots/08ce07d615905e33f0572f9264808683cab53349/app/canvaskit/wimp.wasm
2026-10-09T02:11:32.8893926Z ./snapshots/08ce07d615905e33f0572f9264808683cab53349/app/canvaskit/chromium/
2026-10-09T02:11:32.8894903Z ./snapshots/08ce07d615905e33f0572f9264808683cab53349/app/canvaskit/chromium/canvaskit.js
2026-10-09T02:11:32.8895490Z ./snapshots/08ce07d615905e33f0572f9264808683cab53349/app/canvaskit/chromium/canvaskit.wasm
2026-10-09T02:11:32.8924150Z ./snapshots/08ce07d615905e33f0572f9264808683cab53349/app/canvaskit/chromium/canvaskit.js.symbols
2026-10-09T02:11:32.8930925Z ./snapshots/08ce07d615905e33f0572f9264808683cab53349/app/canvaskit/skwasm_heavy.js.symbols
2026-10-09T02:11:32.8939715Z ./snapshots/08ce07d615905e33f0572f9264808683cab53349/app/canvaskit/canvaskit.js
2026-10-09T02:11:32.8940657Z ./snapshots/08ce07d615905e33f0572f9264808683cab53349/app/canvaskit/skwasm.js
2026-10-09T02:11:32.8941494Z ./snapshots/08ce07d615905e33f0572f9264808683cab53349/app/canvaskit/canvaskit.wasm
2026-10-09T02:11:32.8978851Z ./snapshots/08ce07d615905e33f0572f9264808683cab53349/app/canvaskit/skwasm.wasm
2026-10-09T02:11:32.8998212Z ./snapshots/08ce07d615905e33f0572f9264808683cab53349/app/canvaskit/skwasm.js.symbols
2026-10-09T02:11:32.9007921Z ./snapshots/08ce07d615905e33f0572f9264808683cab53349/app/canvaskit/skwasm_heavy.wasm
2026-10-09T02:11:32.9035670Z ./snapshots/08ce07d615905e33f0572f9264808683cab53349/app/canvaskit/canvaskit.js.symbols
2026-10-09T02:11:32.9043049Z ./snapshots/08ce07d615905e33f0572f9264808683cab53349/app/canvaskit/experimental_webparagraph/
2026-10-09T02:11:32.9044043Z ./snapshots/08ce07d615905e33f0572f9264808683cab53349/app/canvaskit/experimental_webparagraph/canvaskit.js
2026-10-09T02:11:32.9045054Z ./snapshots/08ce07d615905e33f0572f9264808683cab53349/app/canvaskit/experimental_webparagraph/canvaskit.wasm
2026-10-09T02:11:32.9065449Z ./snapshots/08ce07d615905e33f0572f9264808683cab53349/app/canvaskit/experimental_webparagraph/canvaskit.js.symbols
2026-10-09T02:11:32.9070586Z ./snapshots/08ce07d615905e33f0572f9264808683cab53349/app/canvaskit/wimp.js
2026-10-09T02:11:32.9071479Z ./snapshots/08ce07d615905e33f0572f9264808683cab53349/app/canvaskit/skwasm_heavy.js
2026-10-09T02:11:32.9072229Z ./snapshots/08ce07d615905e33f0572f9264808683cab53349/app/canvaskit/wimp.js.symbols
2026-10-09T02:11:32.9081524Z ./snapshots/08ce07d615905e33f0572f9264808683cab53349/metadata.json
2026-10-09T02:11:32.9082290Z ./snapshots/08ce07d615905e33f0572f9264808683cab53349/index.html
2026-10-09T02:11:32.9083020Z ./snapshots/08ce07d615905e33f0572f9264808683cab53349/files.json
2026-10-09T02:11:32.9083701Z ./snapshots/0fc06c8f2b79a83bd8bcf135b24fcd02ef1bd928/
2026-10-09T02:11:32.9084582Z ./snapshots/0fc06c8f2b79a83bd8bcf135b24fcd02ef1bd928/app/
2026-10-09T02:11:32.9085165Z ./snapshots/0fc06c8f2b79a83bd8bcf135b24fcd02ef1bd928/app/manifest.json
2026-10-09T02:11:32.9085612Z ./snapshots/0fc06c8f2b79a83bd8bcf135b24fcd02ef1bd928/app/icons/
2026-10-09T02:11:32.9086069Z ./snapshots/0fc06c8f2b79a83bd8bcf135b24fcd02ef1bd928/app/icons/Icon-512.png
2026-10-09T02:11:32.9086797Z ./snapshots/0fc06c8f2b79a83bd8bcf135b24fcd02ef1bd928/app/icons/Icon-192.png
2026-10-09T02:11:32.9087333Z ./snapshots/0fc06c8f2b79a83bd8bcf135b24fcd02ef1bd928/app/icons/Icon-maskable-192.png
2026-10-09T02:11:32.9087890Z ./snapshots/0fc06c8f2b79a83bd8bcf135b24fcd02ef1bd928/app/icons/Icon-maskable-512.png
2026-10-09T02:11:32.9088833Z ./snapshots/0fc06c8f2b79a83bd8bcf135b24fcd02ef1bd928/app/flutter_bootstrap.js
2026-10-09T02:11:32.9089313Z ./snapshots/0fc06c8f2b79a83bd8bcf135b24fcd02ef1bd928/app/assets/
2026-10-09T02:11:32.9089826Z ./snapshots/0fc06c8f2b79a83bd8bcf135b24fcd02ef1bd928/app/assets/AssetManifest.bin.json
2026-10-09T02:11:32.9090346Z ./snapshots/0fc06c8f2b79a83bd8bcf135b24fcd02ef1bd928/app/assets/NOTICES
2026-10-09T02:11:32.9092370Z ./snapshots/0fc06c8f2b79a83bd8bcf135b24fcd02ef1bd928/app/assets/shorebird.yaml
2026-10-09T02:11:32.9093315Z ./snapshots/0fc06c8f2b79a83bd8bcf135b24fcd02ef1bd928/app/assets/AssetManifest.bin
2026-10-09T02:11:32.9094232Z ./snapshots/0fc06c8f2b79a83bd8bcf135b24fcd02ef1bd928/app/assets/packages/
2026-10-09T02:11:32.9095188Z ./snapshots/0fc06c8f2b79a83bd8bcf135b24fcd02ef1bd928/app/assets/packages/cupertino_icons/
2026-10-09T02:11:32.9096296Z ./snapshots/0fc06c8f2b79a83bd8bcf135b24fcd02ef1bd928/app/assets/packages/cupertino_icons/assets/
2026-10-09T02:11:32.9097386Z ./snapshots/0fc06c8f2b79a83bd8bcf135b24fcd02ef1bd928/app/assets/packages/cupertino_icons/assets/CupertinoIcons.ttf
2026-10-09T02:11:32.9098026Z ./snapshots/0fc06c8f2b79a83bd8bcf135b24fcd02ef1bd928/app/assets/FontManifest.json
2026-10-09T02:11:32.9098526Z ./snapshots/0fc06c8f2b79a83bd8bcf135b24fcd02ef1bd928/app/assets/shaders/
2026-10-09T02:11:32.9099053Z ./snapshots/0fc06c8f2b79a83bd8bcf135b24fcd02ef1bd928/app/assets/shaders/ink_sparkle.frag
2026-10-09T02:11:32.9099660Z ./snapshots/0fc06c8f2b79a83bd8bcf135b24fcd02ef1bd928/app/assets/shaders/stretch_effect.frag
2026-10-09T02:11:32.9100190Z ./snapshots/0fc06c8f2b79a83bd8bcf135b24fcd02ef1bd928/app/assets/fonts/
2026-10-09T02:11:32.9100734Z ./snapshots/0fc06c8f2b79a83bd8bcf135b24fcd02ef1bd928/app/assets/fonts/MaterialIcons-Regular.otf
2026-10-09T02:11:32.9101285Z ./snapshots/0fc06c8f2b79a83bd8bcf135b24fcd02ef1bd928/app/index.html
2026-10-09T02:11:32.9101729Z ./snapshots/0fc06c8f2b79a83bd8bcf135b24fcd02ef1bd928/app/version.json
2026-10-09T02:11:32.9102225Z ./snapshots/0fc06c8f2b79a83bd8bcf135b24fcd02ef1bd928/app/flutter_service_worker.js
2026-10-09T02:11:32.9102711Z ./snapshots/0fc06c8f2b79a83bd8bcf135b24fcd02ef1bd928/app/flutter.js
2026-10-09T02:11:32.9103166Z ./snapshots/0fc06c8f2b79a83bd8bcf135b24fcd02ef1bd928/app/favicon.png
2026-10-09T02:11:32.9103615Z ./snapshots/0fc06c8f2b79a83bd8bcf135b24fcd02ef1bd928/app/main.dart.js
2026-10-09T02:11:32.9107299Z ./snapshots/0fc06c8f2b79a83bd8bcf135b24fcd02ef1bd928/app/canvaskit/
2026-10-09T02:11:32.9107973Z ./snapshots/0fc06c8f2b79a83bd8bcf135b24fcd02ef1bd928/app/canvaskit/wimp.wasm
2026-10-09T02:11:32.9125694Z ./snapshots/0fc06c8f2b79a83bd8bcf135b24fcd02ef1bd928/app/canvaskit/chromium/
2026-10-09T02:11:32.9126793Z ./snapshots/0fc06c8f2b79a83bd8bcf135b24fcd02ef1bd928/app/canvaskit/chromium/canvaskit.js
2026-10-09T02:11:32.9127389Z ./snapshots/0fc06c8f2b79a83bd8bcf135b24fcd02ef1bd928/app/canvaskit/chromium/canvaskit.wasm
2026-10-09T02:11:32.9155872Z ./snapshots/0fc06c8f2b79a83bd8bcf135b24fcd02ef1bd928/app/canvaskit/chromium/canvaskit.js.symbols
2026-10-09T02:11:32.9162522Z ./snapshots/0fc06c8f2b79a83bd8bcf135b24fcd02ef1bd928/app/canvaskit/skwasm_heavy.js.symbols
2026-10-09T02:11:32.9171330Z ./snapshots/0fc06c8f2b79a83bd8bcf135b24fcd02ef1bd928/app/canvaskit/canvaskit.js
2026-10-09T02:11:32.9172507Z ./snapshots/0fc06c8f2b79a83bd8bcf135b24fcd02ef1bd928/app/canvaskit/skwasm.js
2026-10-09T02:11:32.9173217Z ./snapshots/0fc06c8f2b79a83bd8bcf135b24fcd02ef1bd928/app/canvaskit/canvaskit.wasm
2026-10-09T02:11:32.9208743Z ./snapshots/0fc06c8f2b79a83bd8bcf135b24fcd02ef1bd928/app/canvaskit/skwasm.wasm
2026-10-09T02:11:32.9227261Z ./snapshots/0fc06c8f2b79a83bd8bcf135b24fcd02ef1bd928/app/canvaskit/skwasm.js.symbols
2026-10-09T02:11:32.9235256Z ./snapshots/0fc06c8f2b79a83bd8bcf135b24fcd02ef1bd928/app/canvaskit/skwasm_heavy.wasm
2026-10-09T02:11:32.9261223Z ./snapshots/0fc06c8f2b79a83bd8bcf135b24fcd02ef1bd928/app/canvaskit/canvaskit.js.symbols
2026-10-09T02:11:32.9268349Z ./snapshots/0fc06c8f2b79a83bd8bcf135b24fcd02ef1bd928/app/canvaskit/experimental_webparagraph/
2026-10-09T02:11:32.9269459Z ./snapshots/0fc06c8f2b79a83bd8bcf135b24fcd02ef1bd928/app/canvaskit/experimental_webparagraph/canvaskit.js
2026-10-09T02:11:32.9270163Z ./snapshots/0fc06c8f2b79a83bd8bcf135b24fcd02ef1bd928/app/canvaskit/experimental_webparagraph/canvaskit.wasm
2026-10-09T02:11:32.9290811Z ./snapshots/0fc06c8f2b79a83bd8bcf135b24fcd02ef1bd928/app/canvaskit/experimental_webparagraph/canvaskit.js.symbols
2026-10-09T02:11:32.9295806Z ./snapshots/0fc06c8f2b79a83bd8bcf135b24fcd02ef1bd928/app/canvaskit/wimp.js
2026-10-09T02:11:32.9296849Z ./snapshots/0fc06c8f2b79a83bd8bcf135b24fcd02ef1bd928/app/canvaskit/skwasm_heavy.js
2026-10-09T02:11:32.9297575Z ./snapshots/0fc06c8f2b79a83bd8bcf135b24fcd02ef1bd928/app/canvaskit/wimp.js.symbols
2026-10-09T02:11:32.9306350Z ./snapshots/0fc06c8f2b79a83bd8bcf135b24fcd02ef1bd928/metadata.json
2026-10-09T02:11:32.9307213Z ./snapshots/0fc06c8f2b79a83bd8bcf135b24fcd02ef1bd928/index.html
2026-10-09T02:11:32.9307966Z ./snapshots/0fc06c8f2b79a83bd8bcf135b24fcd02ef1bd928/files.json
2026-10-09T02:11:32.9308663Z ./snapshots/c8d8f337ee390755bcff795d558f8c6f6f19c35b/
2026-10-09T02:11:32.9309302Z ./snapshots/c8d8f337ee390755bcff795d558f8c6f6f19c35b/app/
2026-10-09T02:11:32.9310022Z ./snapshots/c8d8f337ee390755bcff795d558f8c6f6f19c35b/app/manifest.json
2026-10-09T02:11:32.9310460Z ./snapshots/c8d8f337ee390755bcff795d558f8c6f6f19c35b/app/icons/
2026-10-09T02:11:32.9310903Z ./snapshots/c8d8f337ee390755bcff795d558f8c6f6f19c35b/app/icons/Icon-512.png
2026-10-09T02:11:32.9311406Z ./snapshots/c8d8f337ee390755bcff795d558f8c6f6f19c35b/app/icons/Icon-192.png
2026-10-09T02:11:32.9311918Z ./snapshots/c8d8f337ee390755bcff795d558f8c6f6f19c35b/app/icons/Icon-maskable-192.png
2026-10-09T02:11:32.9312456Z ./snapshots/c8d8f337ee390755bcff795d558f8c6f6f19c35b/app/icons/Icon-maskable-512.png
2026-10-09T02:11:32.9312988Z ./snapshots/c8d8f337ee390755bcff795d558f8c6f6f19c35b/app/flutter_bootstrap.js
2026-10-09T02:11:32.9313448Z ./snapshots/c8d8f337ee390755bcff795d558f8c6f6f19c35b/app/assets/
2026-10-09T02:11:32.9313929Z ./snapshots/c8d8f337ee390755bcff795d558f8c6f6f19c35b/app/assets/AssetManifest.bin.json
2026-10-09T02:11:32.9314441Z ./snapshots/c8d8f337ee390755bcff795d558f8c6f6f19c35b/app/assets/NOTICES
2026-10-09T02:11:32.9316831Z ./snapshots/c8d8f337ee390755bcff795d558f8c6f6f19c35b/app/assets/shorebird.yaml
2026-10-09T02:11:32.9317768Z ./snapshots/c8d8f337ee390755bcff795d558f8c6f6f19c35b/app/assets/AssetManifest.bin
2026-10-09T02:11:32.9318677Z ./snapshots/c8d8f337ee390755bcff795d558f8c6f6f19c35b/app/assets/packages/
2026-10-09T02:11:32.9319630Z ./snapshots/c8d8f337ee390755bcff795d558f8c6f6f19c35b/app/assets/packages/cupertino_icons/
2026-10-09T02:11:32.9320738Z ./snapshots/c8d8f337ee390755bcff795d558f8c6f6f19c35b/app/assets/packages/cupertino_icons/assets/
2026-10-09T02:11:32.9321668Z ./snapshots/c8d8f337ee390755bcff795d558f8c6f6f19c35b/app/assets/packages/cupertino_icons/assets/CupertinoIcons.ttf
2026-10-09T02:11:32.9322302Z ./snapshots/c8d8f337ee390755bcff795d558f8c6f6f19c35b/app/assets/FontManifest.json
2026-10-09T02:11:32.9322805Z ./snapshots/c8d8f337ee390755bcff795d558f8c6f6f19c35b/app/assets/shaders/
2026-10-09T02:11:32.9323319Z ./snapshots/c8d8f337ee390755bcff795d558f8c6f6f19c35b/app/assets/shaders/ink_sparkle.frag
2026-10-09T02:11:32.9324066Z ./snapshots/c8d8f337ee390755bcff795d558f8c6f6f19c35b/app/assets/shaders/stretch_effect.frag
2026-10-09T02:11:32.9324606Z ./snapshots/c8d8f337ee390755bcff795d558f8c6f6f19c35b/app/assets/fonts/
2026-10-09T02:11:32.9325167Z ./snapshots/c8d8f337ee390755bcff795d558f8c6f6f19c35b/app/assets/fonts/MaterialIcons-Regular.otf
2026-10-09T02:11:32.9325698Z ./snapshots/c8d8f337ee390755bcff795d558f8c6f6f19c35b/app/index.html
2026-10-09T02:11:32.9326143Z ./snapshots/c8d8f337ee390755bcff795d558f8c6f6f19c35b/app/version.json
2026-10-09T02:11:32.9326831Z ./snapshots/c8d8f337ee390755bcff795d558f8c6f6f19c35b/app/flutter_service_worker.js
2026-10-09T02:11:32.9327312Z ./snapshots/c8d8f337ee390755bcff795d558f8c6f6f19c35b/app/flutter.js
2026-10-09T02:11:32.9327756Z ./snapshots/c8d8f337ee390755bcff795d558f8c6f6f19c35b/app/favicon.png
2026-10-09T02:11:32.9328208Z ./snapshots/c8d8f337ee390755bcff795d558f8c6f6f19c35b/app/main.dart.js
2026-10-09T02:11:32.9331659Z ./snapshots/c8d8f337ee390755bcff795d558f8c6f6f19c35b/app/canvaskit/
2026-10-09T02:11:32.9332392Z ./snapshots/c8d8f337ee390755bcff795d558f8c6f6f19c35b/app/canvaskit/wimp.wasm
2026-10-09T02:11:32.9350110Z ./snapshots/c8d8f337ee390755bcff795d558f8c6f6f19c35b/app/canvaskit/chromium/
2026-10-09T02:11:32.9351185Z ./snapshots/c8d8f337ee390755bcff795d558f8c6f6f19c35b/app/canvaskit/chromium/canvaskit.js
2026-10-09T02:11:32.9351798Z ./snapshots/c8d8f337ee390755bcff795d558f8c6f6f19c35b/app/canvaskit/chromium/canvaskit.wasm
2026-10-09T02:11:32.9379782Z ./snapshots/c8d8f337ee390755bcff795d558f8c6f6f19c35b/app/canvaskit/chromium/canvaskit.js.symbols
2026-10-09T02:11:32.9386374Z ./snapshots/c8d8f337ee390755bcff795d558f8c6f6f19c35b/app/canvaskit/skwasm_heavy.js.symbols
2026-10-09T02:11:32.9395017Z ./snapshots/c8d8f337ee390755bcff795d558f8c6f6f19c35b/app/canvaskit/canvaskit.js
2026-10-09T02:11:32.9395973Z ./snapshots/c8d8f337ee390755bcff795d558f8c6f6f19c35b/app/canvaskit/skwasm.js
2026-10-09T02:11:32.9396847Z ./snapshots/c8d8f337ee390755bcff795d558f8c6f6f19c35b/app/canvaskit/canvaskit.wasm
2026-10-09T02:11:32.9433400Z ./snapshots/c8d8f337ee390755bcff795d558f8c6f6f19c35b/app/canvaskit/skwasm.wasm
2026-10-09T02:11:32.9452568Z ./snapshots/c8d8f337ee390755bcff795d558f8c6f6f19c35b/app/canvaskit/skwasm.js.symbols
2026-10-09T02:11:32.9460605Z ./snapshots/c8d8f337ee390755bcff795d558f8c6f6f19c35b/app/canvaskit/skwasm_heavy.wasm
2026-10-09T02:11:32.9486893Z ./snapshots/c8d8f337ee390755bcff795d558f8c6f6f19c35b/app/canvaskit/canvaskit.js.symbols
2026-10-09T02:11:32.9494632Z ./snapshots/c8d8f337ee390755bcff795d558f8c6f6f19c35b/app/canvaskit/experimental_webparagraph/
2026-10-09T02:11:32.9495795Z ./snapshots/c8d8f337ee390755bcff795d558f8c6f6f19c35b/app/canvaskit/experimental_webparagraph/canvaskit.js
2026-10-09T02:11:32.9496822Z ./snapshots/c8d8f337ee390755bcff795d558f8c6f6f19c35b/app/canvaskit/experimental_webparagraph/canvaskit.wasm
2026-10-09T02:11:32.9516184Z ./snapshots/c8d8f337ee390755bcff795d558f8c6f6f19c35b/app/canvaskit/experimental_webparagraph/canvaskit.js.symbols
2026-10-09T02:11:32.9521504Z ./snapshots/c8d8f337ee390755bcff795d558f8c6f6f19c35b/app/canvaskit/wimp.js
2026-10-09T02:11:32.9522436Z ./snapshots/c8d8f337ee390755bcff795d558f8c6f6f19c35b/app/canvaskit/skwasm_heavy.js
2026-10-09T02:11:32.9523283Z ./snapshots/c8d8f337ee390755bcff795d558f8c6f6f19c35b/app/canvaskit/wimp.js.symbols
2026-10-09T02:11:32.9532487Z ./snapshots/c8d8f337ee390755bcff795d558f8c6f6f19c35b/metadata.json
2026-10-09T02:11:32.9533257Z ./snapshots/c8d8f337ee390755bcff795d558f8c6f6f19c35b/index.html
2026-10-09T02:11:32.9533871Z ./snapshots/c8d8f337ee390755bcff795d558f8c6f6f19c35b/files.json
2026-10-09T02:11:32.9534553Z ./snapshots/1cb8f3ef72a0d21c11cfa3b2c0d51f7c8c769935/
2026-10-09T02:11:32.9535173Z ./snapshots/1cb8f3ef72a0d21c11cfa3b2c0d51f7c8c769935/app/
2026-10-09T02:11:32.9535903Z ./snapshots/1cb8f3ef72a0d21c11cfa3b2c0d51f7c8c769935/app/manifest.json
2026-10-09T02:11:32.9536547Z ./snapshots/1cb8f3ef72a0d21c11cfa3b2c0d51f7c8c769935/app/icons/
2026-10-09T02:11:32.9537016Z ./snapshots/1cb8f3ef72a0d21c11cfa3b2c0d51f7c8c769935/app/icons/Icon-512.png
2026-10-09T02:11:32.9537687Z ./snapshots/1cb8f3ef72a0d21c11cfa3b2c0d51f7c8c769935/app/icons/Icon-192.png
2026-10-09T02:11:32.9538216Z ./snapshots/1cb8f3ef72a0d21c11cfa3b2c0d51f7c8c769935/app/icons/Icon-maskable-192.png
2026-10-09T02:11:32.9538784Z ./snapshots/1cb8f3ef72a0d21c11cfa3b2c0d51f7c8c769935/app/icons/Icon-maskable-512.png
2026-10-09T02:11:32.9539317Z ./snapshots/1cb8f3ef72a0d21c11cfa3b2c0d51f7c8c769935/app/flutter_bootstrap.js
2026-10-09T02:11:32.9539781Z ./snapshots/1cb8f3ef72a0d21c11cfa3b2c0d51f7c8c769935/app/assets/
2026-10-09T02:11:32.9540302Z ./snapshots/1cb8f3ef72a0d21c11cfa3b2c0d51f7c8c769935/app/assets/AssetManifest.bin.json
2026-10-09T02:11:32.9540829Z ./snapshots/1cb8f3ef72a0d21c11cfa3b2c0d51f7c8c769935/app/assets/NOTICES
2026-10-09T02:11:32.9543094Z ./snapshots/1cb8f3ef72a0d21c11cfa3b2c0d51f7c8c769935/app/assets/shorebird.yaml
2026-10-09T02:11:32.9544030Z ./snapshots/1cb8f3ef72a0d21c11cfa3b2c0d51f7c8c769935/app/assets/AssetManifest.bin
2026-10-09T02:11:32.9544936Z ./snapshots/1cb8f3ef72a0d21c11cfa3b2c0d51f7c8c769935/app/assets/packages/
2026-10-09T02:11:32.9545924Z ./snapshots/1cb8f3ef72a0d21c11cfa3b2c0d51f7c8c769935/app/assets/packages/cupertino_icons/
2026-10-09T02:11:32.9547246Z ./snapshots/1cb8f3ef72a0d21c11cfa3b2c0d51f7c8c769935/app/assets/packages/cupertino_icons/assets/
2026-10-09T02:11:32.9548116Z ./snapshots/1cb8f3ef72a0d21c11cfa3b2c0d51f7c8c769935/app/assets/packages/cupertino_icons/assets/CupertinoIcons.ttf
2026-10-09T02:11:32.9548768Z ./snapshots/1cb8f3ef72a0d21c11cfa3b2c0d51f7c8c769935/app/assets/FontManifest.json
2026-10-09T02:11:32.9549272Z ./snapshots/1cb8f3ef72a0d21c11cfa3b2c0d51f7c8c769935/app/assets/shaders/
2026-10-09T02:11:32.9549792Z ./snapshots/1cb8f3ef72a0d21c11cfa3b2c0d51f7c8c769935/app/assets/shaders/ink_sparkle.frag
2026-10-09T02:11:32.9550389Z ./snapshots/1cb8f3ef72a0d21c11cfa3b2c0d51f7c8c769935/app/assets/shaders/stretch_effect.frag
2026-10-09T02:11:32.9551029Z ./snapshots/1cb8f3ef72a0d21c11cfa3b2c0d51f7c8c769935/app/assets/fonts/
2026-10-09T02:11:32.9551586Z ./snapshots/1cb8f3ef72a0d21c11cfa3b2c0d51f7c8c769935/app/assets/fonts/MaterialIcons-Regular.otf
2026-10-09T02:11:32.9552127Z ./snapshots/1cb8f3ef72a0d21c11cfa3b2c0d51f7c8c769935/app/index.html
2026-10-09T02:11:32.9552586Z ./snapshots/1cb8f3ef72a0d21c11cfa3b2c0d51f7c8c769935/app/version.json
2026-10-09T02:11:32.9553076Z ./snapshots/1cb8f3ef72a0d21c11cfa3b2c0d51f7c8c769935/app/flutter_service_worker.js
2026-10-09T02:11:32.9553557Z ./snapshots/1cb8f3ef72a0d21c11cfa3b2c0d51f7c8c769935/app/flutter.js
2026-10-09T02:11:32.9554005Z ./snapshots/1cb8f3ef72a0d21c11cfa3b2c0d51f7c8c769935/app/favicon.png
2026-10-09T02:11:32.9554462Z ./snapshots/1cb8f3ef72a0d21c11cfa3b2c0d51f7c8c769935/app/main.dart.js
2026-10-09T02:11:32.9558189Z ./snapshots/1cb8f3ef72a0d21c11cfa3b2c0d51f7c8c769935/app/canvaskit/
2026-10-09T02:11:32.9558840Z ./snapshots/1cb8f3ef72a0d21c11cfa3b2c0d51f7c8c769935/app/canvaskit/wimp.wasm
2026-10-09T02:11:32.9576808Z ./snapshots/1cb8f3ef72a0d21c11cfa3b2c0d51f7c8c769935/app/canvaskit/chromium/
2026-10-09T02:11:32.9577787Z ./snapshots/1cb8f3ef72a0d21c11cfa3b2c0d51f7c8c769935/app/canvaskit/chromium/canvaskit.js
2026-10-09T02:11:32.9578458Z ./snapshots/1cb8f3ef72a0d21c11cfa3b2c0d51f7c8c769935/app/canvaskit/chromium/canvaskit.wasm
2026-10-09T02:11:32.9606943Z ./snapshots/1cb8f3ef72a0d21c11cfa3b2c0d51f7c8c769935/app/canvaskit/chromium/canvaskit.js.symbols
2026-10-09T02:11:32.9613622Z ./snapshots/1cb8f3ef72a0d21c11cfa3b2c0d51f7c8c769935/app/canvaskit/skwasm_heavy.js.symbols
2026-10-09T02:11:32.9622394Z ./snapshots/1cb8f3ef72a0d21c11cfa3b2c0d51f7c8c769935/app/canvaskit/canvaskit.js
2026-10-09T02:11:32.9623357Z ./snapshots/1cb8f3ef72a0d21c11cfa3b2c0d51f7c8c769935/app/canvaskit/skwasm.js
2026-10-09T02:11:32.9624148Z ./snapshots/1cb8f3ef72a0d21c11cfa3b2c0d51f7c8c769935/app/canvaskit/canvaskit.wasm
2026-10-09T02:11:32.9660223Z ./snapshots/1cb8f3ef72a0d21c11cfa3b2c0d51f7c8c769935/app/canvaskit/skwasm.wasm
2026-10-09T02:11:32.9678330Z ./snapshots/1cb8f3ef72a0d21c11cfa3b2c0d51f7c8c769935/app/canvaskit/skwasm.js.symbols
2026-10-09T02:11:32.9686657Z ./snapshots/1cb8f3ef72a0d21c11cfa3b2c0d51f7c8c769935/app/canvaskit/skwasm_heavy.wasm
2026-10-09T02:11:32.9712606Z ./snapshots/1cb8f3ef72a0d21c11cfa3b2c0d51f7c8c769935/app/canvaskit/canvaskit.js.symbols
2026-10-09T02:11:32.9721598Z ./snapshots/1cb8f3ef72a0d21c11cfa3b2c0d51f7c8c769935/app/canvaskit/experimental_webparagraph/
2026-10-09T02:11:32.9722963Z ./snapshots/1cb8f3ef72a0d21c11cfa3b2c0d51f7c8c769935/app/canvaskit/experimental_webparagraph/canvaskit.js
2026-10-09T02:11:32.9724299Z ./snapshots/1cb8f3ef72a0d21c11cfa3b2c0d51f7c8c769935/app/canvaskit/experimental_webparagraph/canvaskit.wasm
2026-10-09T02:11:32.9744857Z ./snapshots/1cb8f3ef72a0d21c11cfa3b2c0d51f7c8c769935/app/canvaskit/experimental_webparagraph/canvaskit.js.symbols
2026-10-09T02:11:32.9750653Z ./snapshots/1cb8f3ef72a0d21c11cfa3b2c0d51f7c8c769935/app/canvaskit/wimp.js
2026-10-09T02:11:32.9751626Z ./snapshots/1cb8f3ef72a0d21c11cfa3b2c0d51f7c8c769935/app/canvaskit/skwasm_heavy.js
2026-10-09T02:11:32.9752645Z ./snapshots/1cb8f3ef72a0d21c11cfa3b2c0d51f7c8c769935/app/canvaskit/wimp.js.symbols
2026-10-09T02:11:32.9762049Z ./snapshots/1cb8f3ef72a0d21c11cfa3b2c0d51f7c8c769935/metadata.json
2026-10-09T02:11:32.9763234Z ./snapshots/1cb8f3ef72a0d21c11cfa3b2c0d51f7c8c769935/index.html
2026-10-09T02:11:32.9764138Z ./snapshots/1cb8f3ef72a0d21c11cfa3b2c0d51f7c8c769935/files.json
2026-10-09T02:11:32.9764974Z ./snapshots/22b29663d85724ba619600766c78ff38cd3456ec/
2026-10-09T02:11:32.9765703Z ./snapshots/22b29663d85724ba619600766c78ff38cd3456ec/app/
2026-10-09T02:11:32.9766727Z ./snapshots/22b29663d85724ba619600766c78ff38cd3456ec/app/manifest.json
2026-10-09T02:11:32.9767628Z ./snapshots/22b29663d85724ba619600766c78ff38cd3456ec/app/icons/
2026-10-09T02:11:32.9768438Z ./snapshots/22b29663d85724ba619600766c78ff38cd3456ec/app/icons/Icon-512.png
2026-10-09T02:11:32.9769320Z ./snapshots/22b29663d85724ba619600766c78ff38cd3456ec/app/icons/Icon-192.png
2026-10-09T02:11:32.9770274Z ./snapshots/22b29663d85724ba619600766c78ff38cd3456ec/app/icons/Icon-maskable-192.png
2026-10-09T02:11:32.9771306Z ./snapshots/22b29663d85724ba619600766c78ff38cd3456ec/app/icons/Icon-maskable-512.png
2026-10-09T02:11:32.9772255Z ./snapshots/22b29663d85724ba619600766c78ff38cd3456ec/app/flutter_bootstrap.js
2026-10-09T02:11:32.9773091Z ./snapshots/22b29663d85724ba619600766c78ff38cd3456ec/app/assets/
2026-10-09T02:11:32.9773950Z ./snapshots/22b29663d85724ba619600766c78ff38cd3456ec/app/assets/AssetManifest.bin.json
2026-10-09T02:11:32.9774838Z ./snapshots/22b29663d85724ba619600766c78ff38cd3456ec/app/assets/NOTICES
2026-10-09T02:11:32.9775703Z ./snapshots/22b29663d85724ba619600766c78ff38cd3456ec/app/assets/shorebird.yaml
2026-10-09T02:11:32.9776734Z ./snapshots/22b29663d85724ba619600766c78ff38cd3456ec/app/assets/AssetManifest.bin
2026-10-09T02:11:32.9777642Z ./snapshots/22b29663d85724ba619600766c78ff38cd3456ec/app/assets/packages/
2026-10-09T02:11:32.9778598Z ./snapshots/22b29663d85724ba619600766c78ff38cd3456ec/app/assets/packages/cupertino_icons/
2026-10-09T02:11:32.9779733Z ./snapshots/22b29663d85724ba619600766c78ff38cd3456ec/app/assets/packages/cupertino_icons/assets/
2026-10-09T02:11:32.9781029Z ./snapshots/22b29663d85724ba619600766c78ff38cd3456ec/app/assets/packages/cupertino_icons/assets/CupertinoIcons.ttf
2026-10-09T02:11:32.9782186Z ./snapshots/22b29663d85724ba619600766c78ff38cd3456ec/app/assets/FontManifest.json
2026-10-09T02:11:32.9783079Z ./snapshots/22b29663d85724ba619600766c78ff38cd3456ec/app/assets/shaders/
2026-10-09T02:11:32.9784015Z ./snapshots/22b29663d85724ba619600766c78ff38cd3456ec/app/assets/shaders/ink_sparkle.frag
2026-10-09T02:11:32.9785085Z ./snapshots/22b29663d85724ba619600766c78ff38cd3456ec/app/assets/shaders/stretch_effect.frag
2026-10-09T02:11:32.9786061Z ./snapshots/22b29663d85724ba619600766c78ff38cd3456ec/app/assets/fonts/
2026-10-09T02:11:32.9787213Z ./snapshots/22b29663d85724ba619600766c78ff38cd3456ec/app/assets/fonts/MaterialIcons-Regular.otf
2026-10-09T02:11:32.9788192Z ./snapshots/22b29663d85724ba619600766c78ff38cd3456ec/app/index.html
2026-10-09T02:11:32.9789128Z ./snapshots/22b29663d85724ba619600766c78ff38cd3456ec/app/version.json
2026-10-09T02:11:32.9790004Z ./snapshots/22b29663d85724ba619600766c78ff38cd3456ec/app/flutter_service_worker.js
2026-10-09T02:11:32.9790882Z ./snapshots/22b29663d85724ba619600766c78ff38cd3456ec/app/flutter.js
2026-10-09T02:11:32.9791653Z ./snapshots/22b29663d85724ba619600766c78ff38cd3456ec/app/favicon.png
2026-10-09T02:11:32.9792406Z ./snapshots/22b29663d85724ba619600766c78ff38cd3456ec/app/main.dart.js
2026-10-09T02:11:32.9793202Z ./snapshots/22b29663d85724ba619600766c78ff38cd3456ec/app/canvaskit/
2026-10-09T02:11:32.9794040Z ./snapshots/22b29663d85724ba619600766c78ff38cd3456ec/app/canvaskit/wimp.wasm
2026-10-09T02:11:32.9812873Z ./snapshots/22b29663d85724ba619600766c78ff38cd3456ec/app/canvaskit/chromium/
2026-10-09T02:11:32.9813882Z ./snapshots/22b29663d85724ba619600766c78ff38cd3456ec/app/canvaskit/chromium/canvaskit.js
2026-10-09T02:11:32.9814927Z ./snapshots/22b29663d85724ba619600766c78ff38cd3456ec/app/canvaskit/chromium/canvaskit.wasm
2026-10-09T02:11:32.9843691Z ./snapshots/22b29663d85724ba619600766c78ff38cd3456ec/app/canvaskit/chromium/canvaskit.js.symbols
2026-10-09T02:11:32.9850915Z ./snapshots/22b29663d85724ba619600766c78ff38cd3456ec/app/canvaskit/skwasm_heavy.js.symbols
2026-10-09T02:11:32.9860199Z ./snapshots/22b29663d85724ba619600766c78ff38cd3456ec/app/canvaskit/canvaskit.js
2026-10-09T02:11:32.9861297Z ./snapshots/22b29663d85724ba619600766c78ff38cd3456ec/app/canvaskit/skwasm.js
2026-10-09T02:11:32.9862390Z ./snapshots/22b29663d85724ba619600766c78ff38cd3456ec/app/canvaskit/canvaskit.wasm
2026-10-09T02:11:32.9899085Z ./snapshots/22b29663d85724ba619600766c78ff38cd3456ec/app/canvaskit/skwasm.wasm
2026-10-09T02:11:32.9917488Z ./snapshots/22b29663d85724ba619600766c78ff38cd3456ec/app/canvaskit/skwasm.js.symbols
2026-10-09T02:11:32.9925968Z ./snapshots/22b29663d85724ba619600766c78ff38cd3456ec/app/canvaskit/skwasm_heavy.wasm
2026-10-09T02:11:32.9953048Z ./snapshots/22b29663d85724ba619600766c78ff38cd3456ec/app/canvaskit/canvaskit.js.symbols
2026-10-09T02:11:32.9961088Z ./snapshots/22b29663d85724ba619600766c78ff38cd3456ec/app/canvaskit/experimental_webparagraph/
2026-10-09T02:11:32.9962561Z ./snapshots/22b29663d85724ba619600766c78ff38cd3456ec/app/canvaskit/experimental_webparagraph/canvaskit.js
2026-10-09T02:11:32.9964113Z ./snapshots/22b29663d85724ba619600766c78ff38cd3456ec/app/canvaskit/experimental_webparagraph/canvaskit.wasm
2026-10-09T02:11:32.9984622Z ./snapshots/22b29663d85724ba619600766c78ff38cd3456ec/app/canvaskit/experimental_webparagraph/canvaskit.js.symbols
2026-10-09T02:11:32.9990497Z ./snapshots/22b29663d85724ba619600766c78ff38cd3456ec/app/canvaskit/wimp.js
2026-10-09T02:11:32.9991439Z ./snapshots/22b29663d85724ba619600766c78ff38cd3456ec/app/canvaskit/skwasm_heavy.js
2026-10-09T02:11:32.9992422Z ./snapshots/22b29663d85724ba619600766c78ff38cd3456ec/app/canvaskit/wimp.js.symbols
2026-10-09T02:11:33.0001812Z ./snapshots/22b29663d85724ba619600766c78ff38cd3456ec/metadata.json
2026-10-09T02:11:33.0002739Z ./snapshots/22b29663d85724ba619600766c78ff38cd3456ec/index.html
2026-10-09T02:11:33.0003484Z ./snapshots/22b29663d85724ba619600766c78ff38cd3456ec/files.json
2026-10-09T02:11:33.0004132Z ./snapshots/989fe3443ad16df0c67ff0068d6efb3f458c8ace/
2026-10-09T02:11:33.0004818Z ./snapshots/989fe3443ad16df0c67ff0068d6efb3f458c8ace/app/
2026-10-09T02:11:33.0005559Z ./snapshots/989fe3443ad16df0c67ff0068d6efb3f458c8ace/app/manifest.json
2026-10-09T02:11:33.0006363Z ./snapshots/989fe3443ad16df0c67ff0068d6efb3f458c8ace/app/icons/
2026-10-09T02:11:33.0007384Z ./snapshots/989fe3443ad16df0c67ff0068d6efb3f458c8ace/app/icons/Icon-512.png
2026-10-09T02:11:33.0008295Z ./snapshots/989fe3443ad16df0c67ff0068d6efb3f458c8ace/app/icons/Icon-192.png
2026-10-09T02:11:33.0009260Z ./snapshots/989fe3443ad16df0c67ff0068d6efb3f458c8ace/app/icons/Icon-maskable-192.png
2026-10-09T02:11:33.0010281Z ./snapshots/989fe3443ad16df0c67ff0068d6efb3f458c8ace/app/icons/Icon-maskable-512.png
2026-10-09T02:11:33.0011255Z ./snapshots/989fe3443ad16df0c67ff0068d6efb3f458c8ace/app/flutter_bootstrap.js
2026-10-09T02:11:33.0012310Z ./snapshots/989fe3443ad16df0c67ff0068d6efb3f458c8ace/app/assets/
2026-10-09T02:11:33.0013216Z ./snapshots/989fe3443ad16df0c67ff0068d6efb3f458c8ace/app/assets/AssetManifest.bin.json
2026-10-09T02:11:33.0014128Z ./snapshots/989fe3443ad16df0c67ff0068d6efb3f458c8ace/app/assets/NOTICES
2026-10-09T02:11:33.0015014Z ./snapshots/989fe3443ad16df0c67ff0068d6efb3f458c8ace/app/assets/shorebird.yaml
2026-10-09T02:11:33.0015960Z ./snapshots/989fe3443ad16df0c67ff0068d6efb3f458c8ace/app/assets/AssetManifest.bin
2026-10-09T02:11:33.0016985Z ./snapshots/989fe3443ad16df0c67ff0068d6efb3f458c8ace/app/assets/packages/
2026-10-09T02:11:33.0017949Z ./snapshots/989fe3443ad16df0c67ff0068d6efb3f458c8ace/app/assets/packages/cupertino_icons/
2026-10-09T02:11:33.0019081Z ./snapshots/989fe3443ad16df0c67ff0068d6efb3f458c8ace/app/assets/packages/cupertino_icons/assets/
2026-10-09T02:11:33.0020394Z ./snapshots/989fe3443ad16df0c67ff0068d6efb3f458c8ace/app/assets/packages/cupertino_icons/assets/CupertinoIcons.ttf
2026-10-09T02:11:33.0021594Z ./snapshots/989fe3443ad16df0c67ff0068d6efb3f458c8ace/app/assets/FontManifest.json
2026-10-09T02:11:33.0022515Z ./snapshots/989fe3443ad16df0c67ff0068d6efb3f458c8ace/app/assets/shaders/
2026-10-09T02:11:33.0023674Z ./snapshots/989fe3443ad16df0c67ff0068d6efb3f458c8ace/app/assets/shaders/ink_sparkle.frag
2026-10-09T02:11:33.0024775Z ./snapshots/989fe3443ad16df0c67ff0068d6efb3f458c8ace/app/assets/shaders/stretch_effect.frag
2026-10-09T02:11:33.0025747Z ./snapshots/989fe3443ad16df0c67ff0068d6efb3f458c8ace/app/assets/fonts/
2026-10-09T02:11:33.0026864Z ./snapshots/989fe3443ad16df0c67ff0068d6efb3f458c8ace/app/assets/fonts/MaterialIcons-Regular.otf
2026-10-09T02:11:33.0027847Z ./snapshots/989fe3443ad16df0c67ff0068d6efb3f458c8ace/app/index.html
2026-10-09T02:11:33.0028653Z ./snapshots/989fe3443ad16df0c67ff0068d6efb3f458c8ace/app/version.json
2026-10-09T02:11:33.0029562Z ./snapshots/989fe3443ad16df0c67ff0068d6efb3f458c8ace/app/flutter_service_worker.js
2026-10-09T02:11:33.0030442Z ./snapshots/989fe3443ad16df0c67ff0068d6efb3f458c8ace/app/flutter.js
2026-10-09T02:11:33.0031248Z ./snapshots/989fe3443ad16df0c67ff0068d6efb3f458c8ace/app/favicon.png
2026-10-09T02:11:33.0032045Z ./snapshots/989fe3443ad16df0c67ff0068d6efb3f458c8ace/app/main.dart.js
2026-10-09T02:11:33.0032865Z ./snapshots/989fe3443ad16df0c67ff0068d6efb3f458c8ace/app/canvaskit/
2026-10-09T02:11:33.0033703Z ./snapshots/989fe3443ad16df0c67ff0068d6efb3f458c8ace/app/canvaskit/wimp.wasm
2026-10-09T02:11:33.0052343Z ./snapshots/989fe3443ad16df0c67ff0068d6efb3f458c8ace/app/canvaskit/chromium/
2026-10-09T02:11:33.0053431Z ./snapshots/989fe3443ad16df0c67ff0068d6efb3f458c8ace/app/canvaskit/chromium/canvaskit.js
2026-10-09T02:11:33.0054527Z ./snapshots/989fe3443ad16df0c67ff0068d6efb3f458c8ace/app/canvaskit/chromium/canvaskit.wasm
2026-10-09T02:11:33.0083684Z ./snapshots/989fe3443ad16df0c67ff0068d6efb3f458c8ace/app/canvaskit/chromium/canvaskit.js.symbols
2026-10-09T02:11:33.0091418Z ./snapshots/989fe3443ad16df0c67ff0068d6efb3f458c8ace/app/canvaskit/skwasm_heavy.js.symbols
2026-10-09T02:11:33.0101098Z ./snapshots/989fe3443ad16df0c67ff0068d6efb3f458c8ace/app/canvaskit/canvaskit.js
2026-10-09T02:11:33.0102235Z ./snapshots/989fe3443ad16df0c67ff0068d6efb3f458c8ace/app/canvaskit/skwasm.js
2026-10-09T02:11:33.0103321Z ./snapshots/989fe3443ad16df0c67ff0068d6efb3f458c8ace/app/canvaskit/canvaskit.wasm
2026-10-09T02:11:33.0139800Z ./snapshots/989fe3443ad16df0c67ff0068d6efb3f458c8ace/app/canvaskit/skwasm.wasm
2026-10-09T02:11:33.0158059Z ./snapshots/989fe3443ad16df0c67ff0068d6efb3f458c8ace/app/canvaskit/skwasm.js.symbols
2026-10-09T02:11:33.0166746Z ./snapshots/989fe3443ad16df0c67ff0068d6efb3f458c8ace/app/canvaskit/skwasm_heavy.wasm
2026-10-09T02:11:33.0196647Z ./snapshots/989fe3443ad16df0c67ff0068d6efb3f458c8ace/app/canvaskit/canvaskit.js.symbols
2026-10-09T02:11:33.0204773Z ./snapshots/989fe3443ad16df0c67ff0068d6efb3f458c8ace/app/canvaskit/experimental_webparagraph/
2026-10-09T02:11:33.0206038Z ./snapshots/989fe3443ad16df0c67ff0068d6efb3f458c8ace/app/canvaskit/experimental_webparagraph/canvaskit.js
2026-10-09T02:11:33.0207237Z ./snapshots/989fe3443ad16df0c67ff0068d6efb3f458c8ace/app/canvaskit/experimental_webparagraph/canvaskit.wasm
2026-10-09T02:11:33.0227947Z ./snapshots/989fe3443ad16df0c67ff0068d6efb3f458c8ace/app/canvaskit/experimental_webparagraph/canvaskit.js.symbols
2026-10-09T02:11:33.0233397Z ./snapshots/989fe3443ad16df0c67ff0068d6efb3f458c8ace/app/canvaskit/wimp.js
2026-10-09T02:11:33.0234160Z ./snapshots/989fe3443ad16df0c67ff0068d6efb3f458c8ace/app/canvaskit/skwasm_heavy.js
2026-10-09T02:11:33.0235031Z ./snapshots/989fe3443ad16df0c67ff0068d6efb3f458c8ace/app/canvaskit/wimp.js.symbols
2026-10-09T02:11:33.0244275Z ./snapshots/989fe3443ad16df0c67ff0068d6efb3f458c8ace/metadata.json
2026-10-09T02:11:33.0244963Z ./snapshots/989fe3443ad16df0c67ff0068d6efb3f458c8ace/index.html
2026-10-09T02:11:33.0245468Z ./snapshots/989fe3443ad16df0c67ff0068d6efb3f458c8ace/files.json
2026-10-09T02:11:33.0247519Z ##[endgroup]
2026-10-09T02:11:33.0260633Z ##[end-action id=__actions_upload-pages-artifact.__run;outcome=success;conclusion=success;duration_ms=309]
2026-10-09T02:11:33.0264526Z ##[start-action display=Archive artifact;id=__actions_upload-pages-artifact.__run_2]
2026-10-09T02:11:33.0270204Z ##[end-action id=__actions_upload-pages-artifact.__run_2;outcome=skipped;conclusion=skipped;duration_ms=0]
2026-10-09T02:11:33.0272947Z ##[start-action display=Archive artifact;id=__actions_upload-pages-artifact.__run_3]
2026-10-09T02:11:33.0276379Z ##[end-action id=__actions_upload-pages-artifact.__run_3;outcome=skipped;conclusion=skipped;duration_ms=0]
2026-10-09T02:11:33.0278501Z ##[start-action display=Upload artifact;id=__actions_upload-pages-artifact.upload-artifact]
2026-10-09T02:11:33.0322691Z ##[group]Run actions/upload-artifact@bbbca2ddaa5d8feaa63e36b76fdaad77386f024f
2026-10-09T02:11:33.0323088Z with:
2026-10-09T02:11:33.0323295Z   name: github-pages
2026-10-09T02:11:33.0323542Z   path: /home/runner/work/_temp/artifact.tar
2026-10-09T02:11:33.0323822Z   retention-days: 1
2026-10-09T02:11:33.0324041Z   if-no-files-found: error
2026-10-09T02:11:33.0324291Z   compression-level: 6
2026-10-09T02:11:33.0324514Z   overwrite: false
2026-10-09T02:11:33.0324746Z   include-hidden-files: false
2026-10-09T02:11:33.0324982Z   archive: true
2026-10-09T02:11:33.0325183Z ##[endgroup]
2026-10-09T02:11:33.1852900Z With the provided path, there will be 1 file uploaded
2026-10-09T02:11:33.1858948Z Artifact name is valid!
2026-10-09T02:11:33.1859735Z Root directory input is valid!
2026-10-09T02:11:33.5026946Z Uploading artifact: github-pages.zip
2026-10-09T02:11:33.5068372Z Beginning upload of artifact content to blob storage
2026-10-09T02:11:34.9062008Z Uploaded bytes 8388608
2026-10-09T02:11:35.1534434Z Uploaded bytes 16777216
2026-10-09T02:11:35.8484102Z Uploaded bytes 25165824
2026-10-09T02:11:36.5935219Z Uploaded bytes 33554432
2026-10-09T02:11:37.2830291Z Uploaded bytes 41943040
2026-10-09T02:11:38.0266067Z Uploaded bytes 50331648
2026-10-09T02:11:38.8897651Z Uploaded bytes 58720256
2026-10-09T02:11:39.6990575Z Uploaded bytes 67108864
2026-10-09T02:11:40.3913625Z Uploaded bytes 75497472
2026-10-09T02:11:41.1587625Z Uploaded bytes 83886080
2026-10-09T02:11:41.7893010Z Uploaded bytes 92274688
2026-10-09T02:11:42.5054391Z Uploaded bytes 100663296
2026-10-09T02:11:43.1810960Z Uploaded bytes 109051904
2026-10-09T02:11:43.9107867Z Uploaded bytes 117440512
2026-10-09T02:11:44.6188134Z Uploaded bytes 125829120
2026-10-09T02:11:45.3127635Z Uploaded bytes 134217728
2026-10-09T02:11:45.9686110Z Uploaded bytes 142606336
2026-10-09T02:11:46.6532730Z Uploaded bytes 150994944
2026-10-09T02:11:47.3954568Z Uploaded bytes 159383552
2026-10-09T02:11:48.0145011Z Uploaded bytes 167772160
2026-10-09T02:11:48.9143073Z Uploaded bytes 176160768
2026-10-09T02:11:49.4906973Z Uploaded bytes 183742882
2026-10-09T02:11:49.5471383Z Finished uploading artifact content to blob storage!
2026-10-09T02:11:49.5475033Z SHA256 digest of uploaded artifact is f13e545cd74cae4e7aa1352d16d90544f4633c4e93f627af3afc69a2e5c59333
2026-10-09T02:11:49.5477395Z Finalizing artifact upload
2026-10-09T02:11:49.9827491Z Artifact github-pages successfully finalized. Artifact ID 11590224462
2026-10-09T02:11:49.9829069Z Artifact github-pages has been successfully uploaded! Final size is 183742882 bytes. Artifact ID is 11590224462
2026-10-09T02:11:49.9835946Z Artifact download URL: https://github.com/israelhudson/flutter_code_push_example/actions/runs/37873174277/artifacts/11590224462
2026-10-09T02:11:49.9940610Z ##[end-action id=__actions_upload-pages-artifact.upload-artifact;outcome=success;conclusion=success;duration_ms=16966]
2026-10-09T02:11:50.0020846Z ##[group]Run actions/deploy-pages@368f82528645a54fb793d4d04e342629a3f51346
2026-10-09T02:11:50.0021233Z with:
2026-10-09T02:11:50.0023359Z   token: ***
2026-10-09T02:11:50.0023577Z   timeout: 600000
2026-10-09T02:11:50.0023811Z   error_count: 10
2026-10-09T02:11:50.0024030Z   reporting_interval: 5000
2026-10-09T02:11:50.0024284Z   artifact_name: github-pages
2026-10-09T02:11:50.0024555Z   preview: false
2026-10-09T02:11:50.0024777Z ##[endgroup]
2026-10-09T02:11:50.1965498Z (node:2548) [DEP0040] DeprecationWarning: The `punycode` module is deprecated. Please use a userland alternative instead.
2026-10-09T02:11:50.1967711Z (Use `node --trace-deprecation ...` to show where the warning was created)
2026-10-09T02:11:50.4002853Z Fetching artifact metadata for "github-pages" in this workflow run
2026-10-09T02:11:50.6191117Z Found 5 artifact(s)
2026-10-09T02:11:50.6204866Z Creating Pages deployment with payload:
2026-10-09T02:11:50.6205504Z {
2026-10-09T02:11:50.6205997Z 	"artifact_id": 11590224462,
2026-10-09T02:11:50.6206869Z 	"pages_build_version": "fbcf01271e9a03834f7f54bfd92b0ae21745cf0f",
2026-10-09T02:11:50.6261330Z 	"oidc_token": "***"
2026-10-09T02:11:50.6261741Z }
2026-10-09T02:11:52.0290408Z Created deployment for fbcf01271e9a03834f7f54bfd92b0ae21745cf0f, ID: fbcf01271e9a03834f7f54bfd92b0ae21745cf0f
2026-10-09T02:11:57.3243789Z Getting Pages deployment status...
2026-10-09T02:11:57.6329928Z Current status: deployment_in_progress
2026-10-09T02:12:04.5373790Z Getting Pages deployment status...
2026-10-09T02:12:04.8246743Z Current status: updating_pages
2026-10-09T02:12:16.7358798Z Getting Pages deployment status...
2026-10-09T02:12:16.9682544Z Reported success!
2026-10-09T02:12:16.9830248Z ##[group]Run python3 - <<'PY'
2026-10-09T02:12:16.9830579Z [36;1mpython3 - <<'PY'[0m
2026-10-09T02:12:16.9830838Z [36;1mimport json, os, re[0m
2026-10-09T02:12:16.9831103Z [36;1mfrom pathlib import Path[0m
2026-10-09T02:12:16.9831606Z [36;1mmetadata = json.loads(Path(os.environ['RUNNER_TEMP'], 'release-lab', 'preview-metadata.json').read_text())[0m
2026-10-09T02:12:16.9832182Z [36;1mkeys = ('web_content_sha256', 'snapshot_manifest_sha256')[0m
2026-10-09T02:12:16.9832789Z [36;1mif metadata['source_sha'] != os.environ['SOURCE_SHA'] or any(not re.fullmatch(r'[0-9a-f]{64}', metadata[key]) for key in keys):[0m
2026-10-09T02:12:16.9833441Z [36;1m    raise ValueError('Metadata não corresponde à fonte congelada.')[0m
2026-10-09T02:12:16.9833895Z [36;1mwith open(os.environ['GITHUB_OUTPUT'], 'a') as output:[0m
2026-10-09T02:12:16.9834237Z [36;1m    for key in keys:[0m
2026-10-09T02:12:16.9834560Z [36;1m        output.write(key + '=' + metadata[key] + '\n')[0m
2026-10-09T02:12:16.9834913Z [36;1mPY[0m
2026-10-09T02:12:16.9870259Z shell: /usr/bin/bash -e {0}
2026-10-09T02:12:16.9870544Z env:
2026-10-09T02:12:16.9870815Z   SOURCE_SHA: c8d8f337ee390755bcff795d558f8c6f6f19c35b
2026-10-09T02:12:16.9871135Z ##[endgroup]
2026-10-09T02:12:17.0208906Z ##[group]Run python3 trusted/deploy/pages_smoke.py --source-sha "$SOURCE_SHA" --expected-web-content-sha256 "$WEB_CONTENT_SHA256" --expected-snapshot-manifest-sha256 "$SNAPSHOT_MANIFEST_SHA256" --output "$RUNNER_TEMP/pages-smoke.json"
2026-10-09T02:12:17.0210489Z [36;1mpython3 trusted/deploy/pages_smoke.py --source-sha "$SOURCE_SHA" --expected-web-content-sha256 "$WEB_CONTENT_SHA256" --expected-snapshot-manifest-sha256 "$SNAPSHOT_MANIFEST_SHA256" --output "$RUNNER_TEMP/pages-smoke.json"[0m
2026-10-09T02:12:17.0246508Z shell: /usr/bin/bash -e {0}
2026-10-09T02:12:17.0246809Z env:
2026-10-09T02:12:17.0247097Z   SOURCE_SHA: c8d8f337ee390755bcff795d558f8c6f6f19c35b
2026-10-09T02:12:17.0247597Z   WEB_CONTENT_SHA256: 00063b7f8fa10405f43fce2f458a42d4ff0d762898e11ef5a8725a4569675069
2026-10-09T02:12:17.0248206Z   SNAPSHOT_MANIFEST_SHA256: 55bbe8d17dab9d2a6e798160dba682e1662d8e935c327d78f6dc93b536412853
2026-10-09T02:12:17.0248652Z ##[endgroup]
2026-10-09T02:12:18.1620024Z {
2026-10-09T02:12:18.1620744Z   "success": true,
2026-10-09T02:12:18.1621545Z   "source_sha": "c8d8f337ee390755bcff795d558f8c6f6f19c35b",
2026-10-09T02:12:18.1623013Z   "web_content_sha256": "00063b7f8fa10405f43fce2f458a42d4ff0d762898e11ef5a8725a4569675069",
2026-10-09T02:12:18.1624019Z   "snapshot_manifest_sha256": "55bbe8d17dab9d2a6e798160dba682e1662d8e935c327d78f6dc93b536412853",
2026-10-09T02:12:18.1625256Z   "snapshot_url": "https://israelhudson.github.io/flutter_code_push_example/snapshots/c8d8f337ee390755bcff795d558f8c6f6f19c35b/",
2026-10-09T02:12:18.1626130Z   "verified_files": [
2026-10-09T02:12:18.1626739Z     "files.json",
2026-10-09T02:12:18.1627075Z     "metadata.json",
2026-10-09T02:12:18.1627769Z     "index.html",
2026-10-09T02:12:18.1628092Z     "app/index.html",
2026-10-09T02:12:18.1628441Z     "app/flutter_bootstrap.js",
2026-10-09T02:12:18.1628837Z     "app/main.dart.js"
2026-10-09T02:12:18.1629158Z   ],
2026-10-09T02:12:18.1629437Z   "attempts": 1
2026-10-09T02:12:18.1629776Z }
2026-10-09T02:12:18.1743246Z ##[group]Run python3 trusted/tools/delivery/release_lab.py report --candidate-tag "$CANDIDATE_TAG" --preview-report "$RUNNER_TEMP/pages-smoke.json" --preview-metadata "$RUNNER_TEMP/release-lab/preview-metadata.json" --context-artifact release-lab-context --output "$RUNNER_TEMP/release-lab"
2026-10-09T02:12:18.1745147Z [36;1mpython3 trusted/tools/delivery/release_lab.py report --candidate-tag "$CANDIDATE_TAG" --preview-report "$RUNNER_TEMP/pages-smoke.json" --preview-metadata "$RUNNER_TEMP/release-lab/preview-metadata.json" --context-artifact release-lab-context --output "$RUNNER_TEMP/release-lab"[0m
2026-10-09T02:12:18.1781388Z shell: /usr/bin/bash -e {0}
2026-10-09T02:12:18.1781682Z env:
2026-10-09T02:12:18.1784024Z   GH_TOKEN: ***
2026-10-09T02:12:18.1784270Z   CANDIDATE_TAG: v1.8.0-rc.2
2026-10-09T02:12:18.1784521Z ##[endgroup]
2026-10-09T02:12:24.5001959Z {"report_digest": "1ed870ac2e509ac9c10b3b6dc4b09d201cf4fd7cdb7e4099805180a56f9bd71e", "report_url": "https://github.com/israelhudson/flutter_code_push_example/actions/runs/37873174277", "preview_url": "https://israelhudson.github.io/flutter_code_push_example/snapshots/c8d8f337ee390755bcff795d558f8c6f6f19c35b/"}
2026-10-09T02:12:24.5149994Z ##[group]Run actions/upload-artifact@cf430e030ddbb5b0abf93d22962f4752f3646cd9
2026-10-09T02:12:24.5150443Z with:
2026-10-09T02:12:24.5150679Z   name: release-lab-evaluation
2026-10-09T02:12:24.5151086Z   path: /home/runner/work/_temp/release-lab/
/home/runner/work/_temp/pages-smoke.json

2026-10-09T02:12:24.5151523Z   if-no-files-found: ignore
2026-10-09T02:12:24.5151773Z   retention-days: 90
2026-10-09T02:12:24.5152007Z   overwrite: false
2026-10-09T02:12:24.5152230Z   compression-level: 6
2026-10-09T02:12:24.5152488Z   include-hidden-files: false
2026-10-09T02:12:24.5152738Z   archive: true
2026-10-09T02:12:24.5152942Z ##[endgroup]
2026-10-09T02:12:24.6514358Z Multiple search paths detected. Calculating the least common ancestor of all paths
2026-10-09T02:12:24.6516757Z The least common ancestor is /home/runner/work/_temp. This will be the root directory of the artifact
2026-10-09T02:12:24.6517914Z With the provided path, there will be 6 files uploaded
2026-10-09T02:12:24.6522653Z Artifact name is valid!
2026-10-09T02:12:24.6523500Z Root directory input is valid!
2026-10-09T02:12:24.9958918Z Uploading artifact: release-lab-evaluation.zip
2026-10-09T02:12:25.0003510Z Beginning upload of artifact content to blob storage
2026-10-09T02:12:25.2462488Z Uploaded bytes 10011
2026-10-09T02:12:25.3010540Z Finished uploading artifact content to blob storage!
2026-10-09T02:12:25.3011455Z SHA256 digest of uploaded artifact is 6e8ad2ad78a8a541534998b6b177a470cf7b8ce862f5aa9f3c7e03380aabfc18
2026-10-09T02:12:25.3012307Z Finalizing artifact upload
2026-10-09T02:12:25.6889985Z Artifact release-lab-evaluation successfully finalized. Artifact ID 11591121962
2026-10-09T02:12:25.6890818Z Artifact release-lab-evaluation has been successfully uploaded! Final size is 10011 bytes. Artifact ID is 11591121962
2026-10-09T02:12:25.6894931Z Artifact download URL: https://github.com/israelhudson/flutter_code_push_example/actions/runs/37873174277/artifacts/11591121962
2026-10-09T02:12:25.7051505Z Post job cleanup.
2026-10-09T02:12:25.7868518Z [command]/usr/bin/git version
2026-10-09T02:12:25.7923727Z git version 2.55.0
2026-10-09T02:12:25.7980035Z Temporarily overriding HOME='/home/runner/work/_temp/ffa84e8e-83a8-4643-906b-b3b97b8d476e' before making global git config changes
2026-10-09T02:12:25.7980828Z Adding repository directory to the temporary git global config as a safe directory
2026-10-09T02:12:25.7986887Z [command]/usr/bin/git config --global --add safe.directory /home/runner/work/flutter_code_push_example/flutter_code_push_example/trusted
2026-10-09T02:12:25.8027143Z Removing SSH command configuration
2026-10-09T02:12:25.8035875Z [command]/usr/bin/git config --local --name-only --get-regexp core\.sshCommand
2026-10-09T02:12:25.8064790Z [command]/usr/bin/git submodule foreach --recursive sh -c "git config --local --name-only --get-regexp 'core\.sshCommand' && git config --local --unset-all 'core.sshCommand' || :"
2026-10-09T02:12:25.8265032Z Removing HTTP extra header
2026-10-09T02:12:25.8272095Z [command]/usr/bin/git config --local --name-only --get-regexp http\.https\:\/\/github\.com\/\.extraheader
2026-10-09T02:12:25.8306296Z [command]/usr/bin/git submodule foreach --recursive sh -c "git config --local --name-only --get-regexp 'http\.https\:\/\/github\.com\/\.extraheader' && git config --local --unset-all 'http.https://github.com/.extraheader' || :"
2026-10-09T02:12:25.8512359Z Removing includeIf entries pointing to credentials config files
2026-10-09T02:12:25.8522756Z [command]/usr/bin/git config --local --name-only --get-regexp ^includeIf\.gitdir:
2026-10-09T02:12:25.8558837Z [command]/usr/bin/git submodule foreach --recursive git config --local --show-origin --name-only --get-regexp remote.origin.url
2026-10-09T02:12:25.8916846Z Evaluate and set job outputs
2026-10-09T02:12:25.8922482Z Set output 'report_digest'
2026-10-09T02:12:25.8924313Z Set output 'report_url'
2026-10-09T02:12:25.8925241Z Set output 'preview_url'
2026-10-09T02:12:25.8925867Z Evaluate and set environment url
2026-10-09T02:12:25.8929007Z Evaluated environment url: https://israelhudson.github.io/flutter_code_push_example/snapshots/c8d8f337ee390755bcff795d558f8c6f6f19c35b/
2026-10-09T02:12:25.8930066Z Cleaning up orphan processes
