Flutter analyze e test	Set up job	﻿2026-10-09T02:01:37.7894306Z Current runner version: '2.337.0'
Flutter analyze e test	Set up job	2026-10-09T02:01:37.7920091Z ##[group]Runner Image Provisioner
Flutter analyze e test	Set up job	2026-10-09T02:01:37.7921015Z Hosted Compute Agent
Flutter analyze e test	Set up job	2026-10-09T02:01:37.7921593Z Version: 20261002.596
Flutter analyze e test	Set up job	2026-10-09T02:01:37.7922313Z Commit: c3d12f3313a95f25162a1503be624f3b0617f8c0
Flutter analyze e test	Set up job	2026-10-09T02:01:37.7923044Z Build Date: 2026-10-02T22:28:27Z
Flutter analyze e test	Set up job	2026-10-09T02:01:37.7923768Z Worker ID: {0272c3b3-105c-497c-8796-c96d22fa98c2}
Flutter analyze e test	Set up job	2026-10-09T02:01:37.7924559Z Region: westus2
Flutter analyze e test	Set up job	2026-10-09T02:01:37.7925140Z Cloud: Azure
Flutter analyze e test	Set up job	2026-10-09T02:01:37.7925765Z ##[endgroup]
Flutter analyze e test	Set up job	2026-10-09T02:01:37.7927465Z ##[group]Operating System
Flutter analyze e test	Set up job	2026-10-09T02:01:37.7928190Z Ubuntu
Flutter analyze e test	Set up job	2026-10-09T02:01:37.7928771Z 24.04.5
Flutter analyze e test	Set up job	2026-10-09T02:01:37.7929293Z LTS
Flutter analyze e test	Set up job	2026-10-09T02:01:37.7929864Z ##[endgroup]
Flutter analyze e test	Set up job	2026-10-09T02:01:37.7930411Z ##[group]Runner Image
Flutter analyze e test	Set up job	2026-10-09T02:01:37.7931002Z Image: ubuntu-24.04
Flutter analyze e test	Set up job	2026-10-09T02:01:37.7931664Z Version: 20261004.327.1
Flutter analyze e test	Set up job	2026-10-09T02:01:37.7932726Z Included Software: https://github.com/actions/runner-images/blob/ubuntu24/20261004.327/images/ubuntu/Ubuntu2404-Readme.md
Flutter analyze e test	Set up job	2026-10-09T02:01:37.7934489Z Image Release: https://github.com/actions/runner-images/releases/tag/ubuntu24%2F20261004.327
Flutter analyze e test	Set up job	2026-10-09T02:01:37.7935442Z ##[endgroup]
Flutter analyze e test	Set up job	2026-10-09T02:01:37.7936899Z ##[group]GITHUB_TOKEN Permissions
Flutter analyze e test	Set up job	2026-10-09T02:01:37.7938735Z Contents: read
Flutter analyze e test	Set up job	2026-10-09T02:01:37.7939508Z Metadata: read
Flutter analyze e test	Set up job	2026-10-09T02:01:37.7940075Z ##[endgroup]
Flutter analyze e test	Set up job	2026-10-09T02:01:37.7942181Z Secret source: Actions
Flutter analyze e test	Set up job	2026-10-09T02:01:37.7943125Z Cache mode: write
Flutter analyze e test	Set up job	2026-10-09T02:01:37.7943843Z Prepare workflow directory
Flutter analyze e test	Set up job	2026-10-09T02:01:37.8329215Z Prepare all required actions
Flutter analyze e test	Set up job	2026-10-09T02:01:37.8386097Z Getting action download info
Flutter analyze e test	Set up job	2026-10-09T02:01:38.1838687Z Download action repository 'actions/checkout@3d3c42e5aac5ba805825da76410c181273ba90b1' (SHA:3d3c42e5aac5ba805825da76410c181273ba90b1)
Flutter analyze e test	Set up job	2026-10-09T02:01:38.4142381Z Complete job name: Flutter analyze e test
Flutter analyze e test	Checkout das ferramentas da base revisada	﻿2026-10-09T02:01:38.5047961Z ##[group]Run actions/checkout@3d3c42e5aac5ba805825da76410c181273ba90b1
Flutter analyze e test	Checkout das ferramentas da base revisada	2026-10-09T02:01:38.5049080Z with:
Flutter analyze e test	Checkout das ferramentas da base revisada	2026-10-09T02:01:38.5049610Z   ref: 22b29663d85724ba619600766c78ff38cd3456ec
Flutter analyze e test	Checkout das ferramentas da base revisada	2026-10-09T02:01:38.5050230Z   path: trusted
Flutter analyze e test	Checkout das ferramentas da base revisada	2026-10-09T02:01:38.5050709Z   persist-credentials: false
Flutter analyze e test	Checkout das ferramentas da base revisada	2026-10-09T02:01:38.5051318Z   repository: israelhudson/flutter_code_push_example
Flutter analyze e test	Checkout das ferramentas da base revisada	2026-10-09T02:01:38.5055017Z   token: ***
Flutter analyze e test	Checkout das ferramentas da base revisada	2026-10-09T02:01:38.5055458Z   ssh-strict: true
Flutter analyze e test	Checkout das ferramentas da base revisada	2026-10-09T02:01:38.5055905Z   ssh-user: git
Flutter analyze e test	Checkout das ferramentas da base revisada	2026-10-09T02:01:38.5057220Z   clean: true
Flutter analyze e test	Checkout das ferramentas da base revisada	2026-10-09T02:01:38.5057960Z   sparse-checkout-cone-mode: true
Flutter analyze e test	Checkout das ferramentas da base revisada	2026-10-09T02:01:38.5058811Z   fetch-depth: 1
Flutter analyze e test	Checkout das ferramentas da base revisada	2026-10-09T02:01:38.5059534Z   fetch-tags: false
Flutter analyze e test	Checkout das ferramentas da base revisada	2026-10-09T02:01:38.5060267Z   show-progress: true
Flutter analyze e test	Checkout das ferramentas da base revisada	2026-10-09T02:01:38.5061030Z   lfs: false
Flutter analyze e test	Checkout das ferramentas da base revisada	2026-10-09T02:01:38.5061717Z   submodules: false
Flutter analyze e test	Checkout das ferramentas da base revisada	2026-10-09T02:01:38.5062471Z   set-safe-directory: true
Flutter analyze e test	Checkout das ferramentas da base revisada	2026-10-09T02:01:38.5063330Z   allow-unsafe-pr-checkout: false
Flutter analyze e test	Checkout das ferramentas da base revisada	2026-10-09T02:01:38.5064823Z ##[endgroup]
Flutter analyze e test	Checkout das ferramentas da base revisada	2026-10-09T02:01:38.6077394Z Syncing repository: israelhudson/flutter_code_push_example
Flutter analyze e test	Checkout das ferramentas da base revisada	2026-10-09T02:01:38.6080468Z ##[group]Getting Git version info
Flutter analyze e test	Checkout das ferramentas da base revisada	2026-10-09T02:01:38.6082062Z Working directory is '/home/runner/work/flutter_code_push_example/flutter_code_push_example/trusted'
Flutter analyze e test	Checkout das ferramentas da base revisada	2026-10-09T02:01:38.6084169Z [command]/usr/bin/git version
Flutter analyze e test	Checkout das ferramentas da base revisada	2026-10-09T02:01:38.6187245Z git version 2.55.0
Flutter analyze e test	Checkout das ferramentas da base revisada	2026-10-09T02:01:38.6210584Z ##[endgroup]
Flutter analyze e test	Checkout das ferramentas da base revisada	2026-10-09T02:01:38.6222908Z Temporarily overriding HOME='/home/runner/work/_temp/008a2b26-5f8c-42ff-8cf2-d09d6a18728d' before making global git config changes
Flutter analyze e test	Checkout das ferramentas da base revisada	2026-10-09T02:01:38.6225216Z Adding repository directory to the temporary git global config as a safe directory
Flutter analyze e test	Checkout das ferramentas da base revisada	2026-10-09T02:01:38.6228934Z [command]/usr/bin/git config --global --add safe.directory /home/runner/work/flutter_code_push_example/flutter_code_push_example/trusted
Flutter analyze e test	Checkout das ferramentas da base revisada	2026-10-09T02:01:38.6281145Z ##[group]Determining repository object format
Flutter analyze e test	Checkout das ferramentas da base revisada	2026-10-09T02:01:38.6282816Z ##[endgroup]
Flutter analyze e test	Checkout das ferramentas da base revisada	2026-10-09T02:01:38.6284090Z ##[group]Initializing the repository
Flutter analyze e test	Checkout das ferramentas da base revisada	2026-10-09T02:01:38.6288154Z [command]/usr/bin/git init /home/runner/work/flutter_code_push_example/flutter_code_push_example/trusted
Flutter analyze e test	Checkout das ferramentas da base revisada	2026-10-09T02:01:38.6424287Z hint: Using 'master' as the name for the initial branch. This default branch name
Flutter analyze e test	Checkout das ferramentas da base revisada	2026-10-09T02:01:38.6426934Z hint: will change to "main" in Git 3.0. To configure the initial branch name
Flutter analyze e test	Checkout das ferramentas da base revisada	2026-10-09T02:01:38.6428795Z hint: to use in all of your new repositories, which will suppress this warning,
Flutter analyze e test	Checkout das ferramentas da base revisada	2026-10-09T02:01:38.6430177Z hint: call:
Flutter analyze e test	Checkout das ferramentas da base revisada	2026-10-09T02:01:38.6430945Z hint:
Flutter analyze e test	Checkout das ferramentas da base revisada	2026-10-09T02:01:38.6431849Z hint: 	git config --global init.defaultBranch <name>
Flutter analyze e test	Checkout das ferramentas da base revisada	2026-10-09T02:01:38.6432985Z hint:
Flutter analyze e test	Checkout das ferramentas da base revisada	2026-10-09T02:01:38.6434101Z hint: Names commonly chosen instead of 'master' are 'main', 'trunk' and
Flutter analyze e test	Checkout das ferramentas da base revisada	2026-10-09T02:01:38.6435815Z hint: 'development'. The just-created branch can be renamed via this command:
Flutter analyze e test	Checkout das ferramentas da base revisada	2026-10-09T02:01:38.6437519Z hint:
Flutter analyze e test	Checkout das ferramentas da base revisada	2026-10-09T02:01:38.6438428Z hint: 	git branch -m <name>
Flutter analyze e test	Checkout das ferramentas da base revisada	2026-10-09T02:01:38.6439406Z hint:
Flutter analyze e test	Checkout das ferramentas da base revisada	2026-10-09T02:01:38.6440846Z hint: Disable this message with "git config set advice.defaultBranchName false"
Flutter analyze e test	Checkout das ferramentas da base revisada	2026-10-09T02:01:38.6443305Z Initialized empty Git repository in /home/runner/work/flutter_code_push_example/flutter_code_push_example/trusted/.git/
Flutter analyze e test	Checkout das ferramentas da base revisada	2026-10-09T02:01:38.6445894Z [command]/usr/bin/git remote add origin https://github.com/israelhudson/flutter_code_push_example
Flutter analyze e test	Checkout das ferramentas da base revisada	2026-10-09T02:01:38.6496987Z ##[endgroup]
Flutter analyze e test	Checkout das ferramentas da base revisada	2026-10-09T02:01:38.6498308Z ##[group]Disabling automatic garbage collection
Flutter analyze e test	Checkout das ferramentas da base revisada	2026-10-09T02:01:38.6500773Z [command]/usr/bin/git config --local gc.auto 0
Flutter analyze e test	Checkout das ferramentas da base revisada	2026-10-09T02:01:38.6533538Z ##[endgroup]
Flutter analyze e test	Checkout das ferramentas da base revisada	2026-10-09T02:01:38.6534789Z ##[group]Setting up auth
Flutter analyze e test	Checkout das ferramentas da base revisada	2026-10-09T02:01:38.6535639Z Removing SSH command configuration
Flutter analyze e test	Checkout das ferramentas da base revisada	2026-10-09T02:01:38.6540207Z [command]/usr/bin/git config --local --name-only --get-regexp core\.sshCommand
Flutter analyze e test	Checkout das ferramentas da base revisada	2026-10-09T02:01:38.6578068Z [command]/usr/bin/git submodule foreach --recursive sh -c "git config --local --name-only --get-regexp 'core\.sshCommand' && git config --local --unset-all 'core.sshCommand' || :"
Flutter analyze e test	Checkout das ferramentas da base revisada	2026-10-09T02:01:38.6996726Z Removing HTTP extra header
Flutter analyze e test	Checkout das ferramentas da base revisada	2026-10-09T02:01:38.7002510Z [command]/usr/bin/git config --local --name-only --get-regexp http\.https\:\/\/github\.com\/\.extraheader
Flutter analyze e test	Checkout das ferramentas da base revisada	2026-10-09T02:01:38.7040153Z [command]/usr/bin/git submodule foreach --recursive sh -c "git config --local --name-only --get-regexp 'http\.https\:\/\/github\.com\/\.extraheader' && git config --local --unset-all 'http.https://github.com/.extraheader' || :"
Flutter analyze e test	Checkout das ferramentas da base revisada	2026-10-09T02:01:38.7263027Z Removing includeIf entries pointing to credentials config files
Flutter analyze e test	Checkout das ferramentas da base revisada	2026-10-09T02:01:38.7268583Z [command]/usr/bin/git config --local --name-only --get-regexp ^includeIf\.gitdir:
Flutter analyze e test	Checkout das ferramentas da base revisada	2026-10-09T02:01:38.7305441Z [command]/usr/bin/git submodule foreach --recursive git config --local --show-origin --name-only --get-regexp remote.origin.url
Flutter analyze e test	Checkout das ferramentas da base revisada	2026-10-09T02:01:38.7533654Z [command]/usr/bin/git config --file /home/runner/work/_temp/git-credentials-b8b2d5d5-55ed-43aa-ba6d-e6cadfb79357.config http.https://github.com/.extraheader AUTHORIZATION: basic ***
Flutter analyze e test	Checkout das ferramentas da base revisada	2026-10-09T02:01:38.7577880Z [command]/usr/bin/git config --local includeIf.gitdir:/home/runner/work/flutter_code_push_example/flutter_code_push_example/trusted/.git.path /home/runner/work/_temp/git-credentials-b8b2d5d5-55ed-43aa-ba6d-e6cadfb79357.config
Flutter analyze e test	Checkout das ferramentas da base revisada	2026-10-09T02:01:38.7618611Z [command]/usr/bin/git config --local includeIf.gitdir:/home/runner/work/flutter_code_push_example/flutter_code_push_example/trusted/.git/worktrees/*.path /home/runner/work/_temp/git-credentials-b8b2d5d5-55ed-43aa-ba6d-e6cadfb79357.config
Flutter analyze e test	Checkout das ferramentas da base revisada	2026-10-09T02:01:38.7664229Z [command]/usr/bin/git config --local includeIf.gitdir:/github/workspace/trusted/.git.path /github/runner_temp/git-credentials-b8b2d5d5-55ed-43aa-ba6d-e6cadfb79357.config
Flutter analyze e test	Checkout das ferramentas da base revisada	2026-10-09T02:01:38.7701983Z [command]/usr/bin/git config --local includeIf.gitdir:/github/workspace/trusted/.git/worktrees/*.path /github/runner_temp/git-credentials-b8b2d5d5-55ed-43aa-ba6d-e6cadfb79357.config
Flutter analyze e test	Checkout das ferramentas da base revisada	2026-10-09T02:01:38.7734189Z ##[endgroup]
Flutter analyze e test	Checkout das ferramentas da base revisada	2026-10-09T02:01:38.7735504Z ##[group]Fetching the repository
Flutter analyze e test	Checkout das ferramentas da base revisada	2026-10-09T02:01:38.7742238Z [command]/usr/bin/git -c protocol.version=2 fetch --no-tags --prune --no-recurse-submodules --depth=1 origin 22b29663d85724ba619600766c78ff38cd3456ec
Flutter analyze e test	Checkout das ferramentas da base revisada	2026-10-09T02:01:39.1956913Z From https://github.com/israelhudson/flutter_code_push_example
Flutter analyze e test	Checkout das ferramentas da base revisada	2026-10-09T02:01:39.1958813Z  * branch            22b29663d85724ba619600766c78ff38cd3456ec -> FETCH_HEAD
Flutter analyze e test	Checkout das ferramentas da base revisada	2026-10-09T02:01:39.1968908Z [command]/usr/bin/git rev-parse --verify --quiet 22b29663d85724ba619600766c78ff38cd3456ec^{object}
Flutter analyze e test	Checkout das ferramentas da base revisada	2026-10-09T02:01:39.1997117Z 22b29663d85724ba619600766c78ff38cd3456ec
Flutter analyze e test	Checkout das ferramentas da base revisada	2026-10-09T02:01:39.2002042Z ##[endgroup]
Flutter analyze e test	Checkout das ferramentas da base revisada	2026-10-09T02:01:39.2002871Z ##[group]Determining the checkout info
Flutter analyze e test	Checkout das ferramentas da base revisada	2026-10-09T02:01:39.2003719Z ##[endgroup]
Flutter analyze e test	Checkout das ferramentas da base revisada	2026-10-09T02:01:39.2008723Z [command]/usr/bin/git sparse-checkout disable
Flutter analyze e test	Checkout das ferramentas da base revisada	2026-10-09T02:01:39.2071781Z [command]/usr/bin/git config --local --unset-all extensions.worktreeConfig
Flutter analyze e test	Checkout das ferramentas da base revisada	2026-10-09T02:01:39.2105990Z ##[group]Checking out the ref
Flutter analyze e test	Checkout das ferramentas da base revisada	2026-10-09T02:01:39.2112341Z [command]/usr/bin/git checkout --progress --force 22b29663d85724ba619600766c78ff38cd3456ec
Flutter analyze e test	Checkout das ferramentas da base revisada	2026-10-09T02:01:39.2485316Z Note: switching to '22b29663d85724ba619600766c78ff38cd3456ec'.
Flutter analyze e test	Checkout das ferramentas da base revisada	2026-10-09T02:01:39.2486682Z 
Flutter analyze e test	Checkout das ferramentas da base revisada	2026-10-09T02:01:39.2487372Z You are in 'detached HEAD' state. You can look around, make experimental
Flutter analyze e test	Checkout das ferramentas da base revisada	2026-10-09T02:01:39.2488975Z changes and commit them, and you can discard any commits you make in this
Flutter analyze e test	Checkout das ferramentas da base revisada	2026-10-09T02:01:39.2490521Z state without impacting any branches by switching back to a branch.
Flutter analyze e test	Checkout das ferramentas da base revisada	2026-10-09T02:01:39.2491394Z 
Flutter analyze e test	Checkout das ferramentas da base revisada	2026-10-09T02:01:39.2491990Z If you want to create a new branch to retain commits you create, you may
Flutter analyze e test	Checkout das ferramentas da base revisada	2026-10-09T02:01:39.2493390Z do so (now or later) by using -c with the switch command. Example:
Flutter analyze e test	Checkout das ferramentas da base revisada	2026-10-09T02:01:39.2493940Z 
Flutter analyze e test	Checkout das ferramentas da base revisada	2026-10-09T02:01:39.2494193Z   git switch -c <new-branch-name>
Flutter analyze e test	Checkout das ferramentas da base revisada	2026-10-09T02:01:39.2494559Z 
Flutter analyze e test	Checkout das ferramentas da base revisada	2026-10-09T02:01:39.2494788Z Or undo this operation with:
Flutter analyze e test	Checkout das ferramentas da base revisada	2026-10-09T02:01:39.2495111Z 
Flutter analyze e test	Checkout das ferramentas da base revisada	2026-10-09T02:01:39.2495311Z   git switch -
Flutter analyze e test	Checkout das ferramentas da base revisada	2026-10-09T02:01:39.2495592Z 
Flutter analyze e test	Checkout das ferramentas da base revisada	2026-10-09T02:01:39.2496819Z Turn off this advice by setting config variable advice.detachedHead to false
Flutter analyze e test	Checkout das ferramentas da base revisada	2026-10-09T02:01:39.2497467Z 
Flutter analyze e test	Checkout das ferramentas da base revisada	2026-10-09T02:01:39.2498003Z HEAD is now at 22b2966 Merge pull request #19 from israelhudson/codex/slack-candidate-notices
Flutter analyze e test	Checkout das ferramentas da base revisada	2026-10-09T02:01:39.2499923Z ##[endgroup]
Flutter analyze e test	Checkout das ferramentas da base revisada	2026-10-09T02:01:39.2566331Z [command]/usr/bin/git log -1 --format=%H
Flutter analyze e test	Checkout das ferramentas da base revisada	2026-10-09T02:01:39.2595095Z 22b29663d85724ba619600766c78ff38cd3456ec
Flutter analyze e test	Checkout das ferramentas da base revisada	2026-10-09T02:01:39.2605773Z ##[group]Removing auth
Flutter analyze e test	Checkout das ferramentas da base revisada	2026-10-09T02:01:39.2606958Z Removing SSH command configuration
Flutter analyze e test	Checkout das ferramentas da base revisada	2026-10-09T02:01:39.2610852Z [command]/usr/bin/git config --local --name-only --get-regexp core\.sshCommand
Flutter analyze e test	Checkout das ferramentas da base revisada	2026-10-09T02:01:39.2646006Z [command]/usr/bin/git submodule foreach --recursive sh -c "git config --local --name-only --get-regexp 'core\.sshCommand' && git config --local --unset-all 'core.sshCommand' || :"
Flutter analyze e test	Checkout das ferramentas da base revisada	2026-10-09T02:01:39.2871851Z Removing HTTP extra header
Flutter analyze e test	Checkout das ferramentas da base revisada	2026-10-09T02:01:39.2874836Z [command]/usr/bin/git config --local --name-only --get-regexp http\.https\:\/\/github\.com\/\.extraheader
Flutter analyze e test	Checkout das ferramentas da base revisada	2026-10-09T02:01:39.2912978Z [command]/usr/bin/git submodule foreach --recursive sh -c "git config --local --name-only --get-regexp 'http\.https\:\/\/github\.com\/\.extraheader' && git config --local --unset-all 'http.https://github.com/.extraheader' || :"
Flutter analyze e test	Checkout das ferramentas da base revisada	2026-10-09T02:01:39.3136559Z Removing includeIf entries pointing to credentials config files
Flutter analyze e test	Checkout das ferramentas da base revisada	2026-10-09T02:01:39.3139738Z [command]/usr/bin/git config --local --name-only --get-regexp ^includeIf\.gitdir:
Flutter analyze e test	Checkout das ferramentas da base revisada	2026-10-09T02:01:39.3171849Z includeif.gitdir:/home/runner/work/flutter_code_push_example/flutter_code_push_example/trusted/.git.path
Flutter analyze e test	Checkout das ferramentas da base revisada	2026-10-09T02:01:39.3173443Z includeif.gitdir:/home/runner/work/flutter_code_push_example/flutter_code_push_example/trusted/.git/worktrees/*.path
Flutter analyze e test	Checkout das ferramentas da base revisada	2026-10-09T02:01:39.3174615Z includeif.gitdir:/github/workspace/trusted/.git.path
Flutter analyze e test	Checkout das ferramentas da base revisada	2026-10-09T02:01:39.3175480Z includeif.gitdir:/github/workspace/trusted/.git/worktrees/*.path
Flutter analyze e test	Checkout das ferramentas da base revisada	2026-10-09T02:01:39.3180342Z [command]/usr/bin/git config --local --get-all includeif.gitdir:/home/runner/work/flutter_code_push_example/flutter_code_push_example/trusted/.git.path
Flutter analyze e test	Checkout das ferramentas da base revisada	2026-10-09T02:01:39.3206187Z /home/runner/work/_temp/git-credentials-b8b2d5d5-55ed-43aa-ba6d-e6cadfb79357.config
Flutter analyze e test	Checkout das ferramentas da base revisada	2026-10-09T02:01:39.3296899Z [command]/usr/bin/git config --local --unset includeif.gitdir:/home/runner/work/flutter_code_push_example/flutter_code_push_example/trusted/.git.path \/home\/runner\/work\/_temp\/git\-credentials\-b8b2d5d5\-55ed\-43aa\-ba6d\-e6cadfb79357\.config
Flutter analyze e test	Checkout das ferramentas da base revisada	2026-10-09T02:01:39.3301532Z [command]/usr/bin/git config --local --get-all includeif.gitdir:/home/runner/work/flutter_code_push_example/flutter_code_push_example/trusted/.git/worktrees/*.path
Flutter analyze e test	Checkout das ferramentas da base revisada	2026-10-09T02:01:39.3310178Z /home/runner/work/_temp/git-credentials-b8b2d5d5-55ed-43aa-ba6d-e6cadfb79357.config
Flutter analyze e test	Checkout das ferramentas da base revisada	2026-10-09T02:01:39.3322133Z [command]/usr/bin/git config --local --unset includeif.gitdir:/home/runner/work/flutter_code_push_example/flutter_code_push_example/trusted/.git/worktrees/*.path \/home\/runner\/work\/_temp\/git\-credentials\-b8b2d5d5\-55ed\-43aa\-ba6d\-e6cadfb79357\.config
Flutter analyze e test	Checkout das ferramentas da base revisada	2026-10-09T02:01:39.3364002Z [command]/usr/bin/git config --local --get-all includeif.gitdir:/github/workspace/trusted/.git.path
Flutter analyze e test	Checkout das ferramentas da base revisada	2026-10-09T02:01:39.3410552Z /github/runner_temp/git-credentials-b8b2d5d5-55ed-43aa-ba6d-e6cadfb79357.config
Flutter analyze e test	Checkout das ferramentas da base revisada	2026-10-09T02:01:39.3418631Z [command]/usr/bin/git config --local --unset includeif.gitdir:/github/workspace/trusted/.git.path \/github\/runner_temp\/git\-credentials\-b8b2d5d5\-55ed\-43aa\-ba6d\-e6cadfb79357\.config
Flutter analyze e test	Checkout das ferramentas da base revisada	2026-10-09T02:01:39.3502452Z [command]/usr/bin/git config --local --get-all includeif.gitdir:/github/workspace/trusted/.git/worktrees/*.path
Flutter analyze e test	Checkout das ferramentas da base revisada	2026-10-09T02:01:39.3540246Z /github/runner_temp/git-credentials-b8b2d5d5-55ed-43aa-ba6d-e6cadfb79357.config
Flutter analyze e test	Checkout das ferramentas da base revisada	2026-10-09T02:01:39.3548075Z [command]/usr/bin/git config --local --unset includeif.gitdir:/github/workspace/trusted/.git/worktrees/*.path \/github\/runner_temp\/git\-credentials\-b8b2d5d5\-55ed\-43aa\-ba6d\-e6cadfb79357\.config
Flutter analyze e test	Checkout das ferramentas da base revisada	2026-10-09T02:01:39.3586552Z [command]/usr/bin/git submodule foreach --recursive git config --local --show-origin --name-only --get-regexp remote.origin.url
Flutter analyze e test	Checkout das ferramentas da base revisada	2026-10-09T02:01:39.3810976Z Removing credentials config '/home/runner/work/_temp/git-credentials-b8b2d5d5-55ed-43aa-ba6d-e6cadfb79357.config'
Flutter analyze e test	Checkout das ferramentas da base revisada	2026-10-09T02:01:39.3819942Z ##[endgroup]
Flutter analyze e test	Checkout da combinação proposta pelo PR	﻿2026-10-09T02:01:39.4246708Z ##[group]Run actions/checkout@3d3c42e5aac5ba805825da76410c181273ba90b1
Flutter analyze e test	Checkout da combinação proposta pelo PR	2026-10-09T02:01:39.4248109Z with:
Flutter analyze e test	Checkout da combinação proposta pelo PR	2026-10-09T02:01:39.4248852Z   path: app
Flutter analyze e test	Checkout da combinação proposta pelo PR	2026-10-09T02:01:39.4249629Z   persist-credentials: false
Flutter analyze e test	Checkout da combinação proposta pelo PR	2026-10-09T02:01:39.4250632Z   repository: israelhudson/flutter_code_push_example
Flutter analyze e test	Checkout da combinação proposta pelo PR	2026-10-09T02:01:39.4256605Z   token: ***
Flutter analyze e test	Checkout da combinação proposta pelo PR	2026-10-09T02:01:39.4257486Z   ssh-strict: true
Flutter analyze e test	Checkout da combinação proposta pelo PR	2026-10-09T02:01:39.4258270Z   ssh-user: git
Flutter analyze e test	Checkout da combinação proposta pelo PR	2026-10-09T02:01:39.4259028Z   clean: true
Flutter analyze e test	Checkout da combinação proposta pelo PR	2026-10-09T02:01:39.4259810Z   sparse-checkout-cone-mode: true
Flutter analyze e test	Checkout da combinação proposta pelo PR	2026-10-09T02:01:39.4260770Z   fetch-depth: 1
Flutter analyze e test	Checkout da combinação proposta pelo PR	2026-10-09T02:01:39.4261526Z   fetch-tags: false
Flutter analyze e test	Checkout da combinação proposta pelo PR	2026-10-09T02:01:39.4262300Z   show-progress: true
Flutter analyze e test	Checkout da combinação proposta pelo PR	2026-10-09T02:01:39.4263080Z   lfs: false
Flutter analyze e test	Checkout da combinação proposta pelo PR	2026-10-09T02:01:39.4263809Z   submodules: false
Flutter analyze e test	Checkout da combinação proposta pelo PR	2026-10-09T02:01:39.4264608Z   set-safe-directory: true
Flutter analyze e test	Checkout da combinação proposta pelo PR	2026-10-09T02:01:39.4265496Z   allow-unsafe-pr-checkout: false
Flutter analyze e test	Checkout da combinação proposta pelo PR	2026-10-09T02:01:39.4266734Z ##[endgroup]
Flutter analyze e test	Checkout da combinação proposta pelo PR	2026-10-09T02:01:39.5108141Z Syncing repository: israelhudson/flutter_code_push_example
Flutter analyze e test	Checkout da combinação proposta pelo PR	2026-10-09T02:01:39.5121257Z ##[group]Getting Git version info
Flutter analyze e test	Checkout da combinação proposta pelo PR	2026-10-09T02:01:39.5124843Z Working directory is '/home/runner/work/flutter_code_push_example/flutter_code_push_example/app'
Flutter analyze e test	Checkout da combinação proposta pelo PR	2026-10-09T02:01:39.5172807Z [command]/usr/bin/git version
Flutter analyze e test	Checkout da combinação proposta pelo PR	2026-10-09T02:01:39.5218856Z git version 2.55.0
Flutter analyze e test	Checkout da combinação proposta pelo PR	2026-10-09T02:01:39.5243969Z ##[endgroup]
Flutter analyze e test	Checkout da combinação proposta pelo PR	2026-10-09T02:01:39.5256160Z Temporarily overriding HOME='/home/runner/work/_temp/708b382e-5d10-43ff-8f04-eaeac50a238f' before making global git config changes
Flutter analyze e test	Checkout da combinação proposta pelo PR	2026-10-09T02:01:39.5260376Z Adding repository directory to the temporary git global config as a safe directory
Flutter analyze e test	Checkout da combinação proposta pelo PR	2026-10-09T02:01:39.5263396Z [command]/usr/bin/git config --global --add safe.directory /home/runner/work/flutter_code_push_example/flutter_code_push_example/app
Flutter analyze e test	Checkout da combinação proposta pelo PR	2026-10-09T02:01:39.5302327Z ##[group]Determining repository object format
Flutter analyze e test	Checkout da combinação proposta pelo PR	2026-10-09T02:01:39.5305229Z ##[endgroup]
Flutter analyze e test	Checkout da combinação proposta pelo PR	2026-10-09T02:01:39.5307817Z ##[group]Initializing the repository
Flutter analyze e test	Checkout da combinação proposta pelo PR	2026-10-09T02:01:39.5310194Z [command]/usr/bin/git init /home/runner/work/flutter_code_push_example/flutter_code_push_example/app
Flutter analyze e test	Checkout da combinação proposta pelo PR	2026-10-09T02:01:39.5363247Z hint: Using 'master' as the name for the initial branch. This default branch name
Flutter analyze e test	Checkout da combinação proposta pelo PR	2026-10-09T02:01:39.5365997Z hint: will change to "main" in Git 3.0. To configure the initial branch name
Flutter analyze e test	Checkout da combinação proposta pelo PR	2026-10-09T02:01:39.5369562Z hint: to use in all of your new repositories, which will suppress this warning,
Flutter analyze e test	Checkout da combinação proposta pelo PR	2026-10-09T02:01:39.5372223Z hint: call:
Flutter analyze e test	Checkout da combinação proposta pelo PR	2026-10-09T02:01:39.5373767Z hint:
Flutter analyze e test	Checkout da combinação proposta pelo PR	2026-10-09T02:01:39.5375622Z hint: 	git config --global init.defaultBranch <name>
Flutter analyze e test	Checkout da combinação proposta pelo PR	2026-10-09T02:01:39.5378233Z hint:
Flutter analyze e test	Checkout da combinação proposta pelo PR	2026-10-09T02:01:39.5380472Z hint: Names commonly chosen instead of 'master' are 'main', 'trunk' and
Flutter analyze e test	Checkout da combinação proposta pelo PR	2026-10-09T02:01:39.5383521Z hint: 'development'. The just-created branch can be renamed via this command:
Flutter analyze e test	Checkout da combinação proposta pelo PR	2026-10-09T02:01:39.5387017Z hint:
Flutter analyze e test	Checkout da combinação proposta pelo PR	2026-10-09T02:01:39.5389659Z hint: 	git branch -m <name>
Flutter analyze e test	Checkout da combinação proposta pelo PR	2026-10-09T02:01:39.5391065Z hint:
Flutter analyze e test	Checkout da combinação proposta pelo PR	2026-10-09T02:01:39.5392447Z hint: Disable this message with "git config set advice.defaultBranchName false"
Flutter analyze e test	Checkout da combinação proposta pelo PR	2026-10-09T02:01:39.5394800Z Initialized empty Git repository in /home/runner/work/flutter_code_push_example/flutter_code_push_example/app/.git/
Flutter analyze e test	Checkout da combinação proposta pelo PR	2026-10-09T02:01:39.5400442Z [command]/usr/bin/git remote add origin https://github.com/israelhudson/flutter_code_push_example
Flutter analyze e test	Checkout da combinação proposta pelo PR	2026-10-09T02:01:39.5423106Z ##[endgroup]
Flutter analyze e test	Checkout da combinação proposta pelo PR	2026-10-09T02:01:39.5425095Z ##[group]Disabling automatic garbage collection
Flutter analyze e test	Checkout da combinação proposta pelo PR	2026-10-09T02:01:39.5427793Z [command]/usr/bin/git config --local gc.auto 0
Flutter analyze e test	Checkout da combinação proposta pelo PR	2026-10-09T02:01:39.5463872Z ##[endgroup]
Flutter analyze e test	Checkout da combinação proposta pelo PR	2026-10-09T02:01:39.5466755Z ##[group]Setting up auth
Flutter analyze e test	Checkout da combinação proposta pelo PR	2026-10-09T02:01:39.5469118Z Removing SSH command configuration
Flutter analyze e test	Checkout da combinação proposta pelo PR	2026-10-09T02:01:39.5471815Z [command]/usr/bin/git config --local --name-only --get-regexp core\.sshCommand
Flutter analyze e test	Checkout da combinação proposta pelo PR	2026-10-09T02:01:39.5516519Z [command]/usr/bin/git submodule foreach --recursive sh -c "git config --local --name-only --get-regexp 'core\.sshCommand' && git config --local --unset-all 'core.sshCommand' || :"
Flutter analyze e test	Checkout da combinação proposta pelo PR	2026-10-09T02:01:39.5767084Z Removing HTTP extra header
Flutter analyze e test	Checkout da combinação proposta pelo PR	2026-10-09T02:01:39.5773661Z [command]/usr/bin/git config --local --name-only --get-regexp http\.https\:\/\/github\.com\/\.extraheader
Flutter analyze e test	Checkout da combinação proposta pelo PR	2026-10-09T02:01:39.5815437Z [command]/usr/bin/git submodule foreach --recursive sh -c "git config --local --name-only --get-regexp 'http\.https\:\/\/github\.com\/\.extraheader' && git config --local --unset-all 'http.https://github.com/.extraheader' || :"
Flutter analyze e test	Checkout da combinação proposta pelo PR	2026-10-09T02:01:39.6074595Z Removing includeIf entries pointing to credentials config files
Flutter analyze e test	Checkout da combinação proposta pelo PR	2026-10-09T02:01:39.6082939Z [command]/usr/bin/git config --local --name-only --get-regexp ^includeIf\.gitdir:
Flutter analyze e test	Checkout da combinação proposta pelo PR	2026-10-09T02:01:39.6129551Z [command]/usr/bin/git submodule foreach --recursive git config --local --show-origin --name-only --get-regexp remote.origin.url
Flutter analyze e test	Checkout da combinação proposta pelo PR	2026-10-09T02:01:39.6374019Z [command]/usr/bin/git config --file /home/runner/work/_temp/git-credentials-74ee0a96-8585-457e-9ef0-431ce44b12ec.config http.https://github.com/.extraheader AUTHORIZATION: basic ***
Flutter analyze e test	Checkout da combinação proposta pelo PR	2026-10-09T02:01:39.6417774Z [command]/usr/bin/git config --local includeIf.gitdir:/home/runner/work/flutter_code_push_example/flutter_code_push_example/app/.git.path /home/runner/work/_temp/git-credentials-74ee0a96-8585-457e-9ef0-431ce44b12ec.config
Flutter analyze e test	Checkout da combinação proposta pelo PR	2026-10-09T02:01:39.6453702Z [command]/usr/bin/git config --local includeIf.gitdir:/home/runner/work/flutter_code_push_example/flutter_code_push_example/app/.git/worktrees/*.path /home/runner/work/_temp/git-credentials-74ee0a96-8585-457e-9ef0-431ce44b12ec.config
Flutter analyze e test	Checkout da combinação proposta pelo PR	2026-10-09T02:01:39.6488538Z [command]/usr/bin/git config --local includeIf.gitdir:/github/workspace/app/.git.path /github/runner_temp/git-credentials-74ee0a96-8585-457e-9ef0-431ce44b12ec.config
Flutter analyze e test	Checkout da combinação proposta pelo PR	2026-10-09T02:01:39.6526216Z [command]/usr/bin/git config --local includeIf.gitdir:/github/workspace/app/.git/worktrees/*.path /github/runner_temp/git-credentials-74ee0a96-8585-457e-9ef0-431ce44b12ec.config
Flutter analyze e test	Checkout da combinação proposta pelo PR	2026-10-09T02:01:39.6559794Z ##[endgroup]
Flutter analyze e test	Checkout da combinação proposta pelo PR	2026-10-09T02:01:39.6561952Z ##[group]Fetching the repository
Flutter analyze e test	Checkout da combinação proposta pelo PR	2026-10-09T02:01:39.6568786Z [command]/usr/bin/git -c protocol.version=2 fetch --no-tags --prune --no-recurse-submodules --depth=1 origin +65e1b0a762c1f4b125fb491508971fb5af8d925f:refs/remotes/pull/21/merge
Flutter analyze e test	Checkout da combinação proposta pelo PR	2026-10-09T02:01:39.9547060Z From https://github.com/israelhudson/flutter_code_push_example
Flutter analyze e test	Checkout da combinação proposta pelo PR	2026-10-09T02:01:39.9549377Z  * [new ref]         65e1b0a762c1f4b125fb491508971fb5af8d925f -> pull/21/merge
Flutter analyze e test	Checkout da combinação proposta pelo PR	2026-10-09T02:01:39.9552978Z ##[endgroup]
Flutter analyze e test	Checkout da combinação proposta pelo PR	2026-10-09T02:01:39.9554197Z ##[group]Determining the checkout info
Flutter analyze e test	Checkout da combinação proposta pelo PR	2026-10-09T02:01:39.9558044Z ##[endgroup]
Flutter analyze e test	Checkout da combinação proposta pelo PR	2026-10-09T02:01:39.9560060Z [command]/usr/bin/git sparse-checkout disable
Flutter analyze e test	Checkout da combinação proposta pelo PR	2026-10-09T02:01:39.9606083Z [command]/usr/bin/git config --local --unset-all extensions.worktreeConfig
Flutter analyze e test	Checkout da combinação proposta pelo PR	2026-10-09T02:01:39.9640786Z ##[group]Checking out the ref
Flutter analyze e test	Checkout da combinação proposta pelo PR	2026-10-09T02:01:39.9644769Z [command]/usr/bin/git checkout --progress --force refs/remotes/pull/21/merge
Flutter analyze e test	Checkout da combinação proposta pelo PR	2026-10-09T02:01:40.0001317Z Note: switching to 'refs/remotes/pull/21/merge'.
Flutter analyze e test	Checkout da combinação proposta pelo PR	2026-10-09T02:01:40.0002532Z 
Flutter analyze e test	Checkout da combinação proposta pelo PR	2026-10-09T02:01:40.0003386Z You are in 'detached HEAD' state. You can look around, make experimental
Flutter analyze e test	Checkout da combinação proposta pelo PR	2026-10-09T02:01:40.0005518Z changes and commit them, and you can discard any commits you make in this
Flutter analyze e test	Checkout da combinação proposta pelo PR	2026-10-09T02:01:40.0007454Z state without impacting any branches by switching back to a branch.
Flutter analyze e test	Checkout da combinação proposta pelo PR	2026-10-09T02:01:40.0008380Z 
Flutter analyze e test	Checkout da combinação proposta pelo PR	2026-10-09T02:01:40.0009118Z If you want to create a new branch to retain commits you create, you may
Flutter analyze e test	Checkout da combinação proposta pelo PR	2026-10-09T02:01:40.0011265Z do so (now or later) by using -c with the switch command. Example:
Flutter analyze e test	Checkout da combinação proposta pelo PR	2026-10-09T02:01:40.0012579Z 
Flutter analyze e test	Checkout da combinação proposta pelo PR	2026-10-09T02:01:40.0012959Z   git switch -c <new-branch-name>
Flutter analyze e test	Checkout da combinação proposta pelo PR	2026-10-09T02:01:40.0013576Z 
Flutter analyze e test	Checkout da combinação proposta pelo PR	2026-10-09T02:01:40.0013848Z Or undo this operation with:
Flutter analyze e test	Checkout da combinação proposta pelo PR	2026-10-09T02:01:40.0014417Z 
Flutter analyze e test	Checkout da combinação proposta pelo PR	2026-10-09T02:01:40.0014774Z   git switch -
Flutter analyze e test	Checkout da combinação proposta pelo PR	2026-10-09T02:01:40.0015167Z 
Flutter analyze e test	Checkout da combinação proposta pelo PR	2026-10-09T02:01:40.0015984Z Turn off this advice by setting config variable advice.detachedHead to false
Flutter analyze e test	Checkout da combinação proposta pelo PR	2026-10-09T02:01:40.0017509Z 
Flutter analyze e test	Checkout da combinação proposta pelo PR	2026-10-09T02:01:40.0018775Z HEAD is now at 65e1b0a Merge c3101cd22e19f667bb664aad8fccb45cf4bbe1fc into 22b29663d85724ba619600766c78ff38cd3456ec
Flutter analyze e test	Checkout da combinação proposta pelo PR	2026-10-09T02:01:40.0022174Z ##[endgroup]
Flutter analyze e test	Checkout da combinação proposta pelo PR	2026-10-09T02:01:40.0055847Z [command]/usr/bin/git log -1 --format=%H
Flutter analyze e test	Checkout da combinação proposta pelo PR	2026-10-09T02:01:40.0085267Z 65e1b0a762c1f4b125fb491508971fb5af8d925f
Flutter analyze e test	Checkout da combinação proposta pelo PR	2026-10-09T02:01:40.0094925Z ##[group]Removing auth
Flutter analyze e test	Checkout da combinação proposta pelo PR	2026-10-09T02:01:40.0095715Z Removing SSH command configuration
Flutter analyze e test	Checkout da combinação proposta pelo PR	2026-10-09T02:01:40.0099271Z [command]/usr/bin/git config --local --name-only --get-regexp core\.sshCommand
Flutter analyze e test	Checkout da combinação proposta pelo PR	2026-10-09T02:01:40.0137064Z [command]/usr/bin/git submodule foreach --recursive sh -c "git config --local --name-only --get-regexp 'core\.sshCommand' && git config --local --unset-all 'core.sshCommand' || :"
Flutter analyze e test	Checkout da combinação proposta pelo PR	2026-10-09T02:01:40.0362582Z Removing HTTP extra header
Flutter analyze e test	Checkout da combinação proposta pelo PR	2026-10-09T02:01:40.0366902Z [command]/usr/bin/git config --local --name-only --get-regexp http\.https\:\/\/github\.com\/\.extraheader
Flutter analyze e test	Checkout da combinação proposta pelo PR	2026-10-09T02:01:40.0407505Z [command]/usr/bin/git submodule foreach --recursive sh -c "git config --local --name-only --get-regexp 'http\.https\:\/\/github\.com\/\.extraheader' && git config --local --unset-all 'http.https://github.com/.extraheader' || :"
Flutter analyze e test	Checkout da combinação proposta pelo PR	2026-10-09T02:01:40.0631705Z Removing includeIf entries pointing to credentials config files
Flutter analyze e test	Checkout da combinação proposta pelo PR	2026-10-09T02:01:40.0634992Z [command]/usr/bin/git config --local --name-only --get-regexp ^includeIf\.gitdir:
Flutter analyze e test	Checkout da combinação proposta pelo PR	2026-10-09T02:01:40.0664745Z includeif.gitdir:/home/runner/work/flutter_code_push_example/flutter_code_push_example/app/.git.path
Flutter analyze e test	Checkout da combinação proposta pelo PR	2026-10-09T02:01:40.0669775Z includeif.gitdir:/home/runner/work/flutter_code_push_example/flutter_code_push_example/app/.git/worktrees/*.path
Flutter analyze e test	Checkout da combinação proposta pelo PR	2026-10-09T02:01:40.0673302Z includeif.gitdir:/github/workspace/app/.git.path
Flutter analyze e test	Checkout da combinação proposta pelo PR	2026-10-09T02:01:40.0675515Z includeif.gitdir:/github/workspace/app/.git/worktrees/*.path
Flutter analyze e test	Checkout da combinação proposta pelo PR	2026-10-09T02:01:40.0681738Z [command]/usr/bin/git config --local --get-all includeif.gitdir:/home/runner/work/flutter_code_push_example/flutter_code_push_example/app/.git.path
Flutter analyze e test	Checkout da combinação proposta pelo PR	2026-10-09T02:01:40.0704200Z /home/runner/work/_temp/git-credentials-74ee0a96-8585-457e-9ef0-431ce44b12ec.config
Flutter analyze e test	Checkout da combinação proposta pelo PR	2026-10-09T02:01:40.0715484Z [command]/usr/bin/git config --local --unset includeif.gitdir:/home/runner/work/flutter_code_push_example/flutter_code_push_example/app/.git.path \/home\/runner\/work\/_temp\/git\-credentials\-74ee0a96\-8585\-457e\-9ef0\-431ce44b12ec\.config
Flutter analyze e test	Checkout da combinação proposta pelo PR	2026-10-09T02:01:40.0753655Z [command]/usr/bin/git config --local --get-all includeif.gitdir:/home/runner/work/flutter_code_push_example/flutter_code_push_example/app/.git/worktrees/*.path
Flutter analyze e test	Checkout da combinação proposta pelo PR	2026-10-09T02:01:40.0784127Z /home/runner/work/_temp/git-credentials-74ee0a96-8585-457e-9ef0-431ce44b12ec.config
Flutter analyze e test	Checkout da combinação proposta pelo PR	2026-10-09T02:01:40.0793925Z [command]/usr/bin/git config --local --unset includeif.gitdir:/home/runner/work/flutter_code_push_example/flutter_code_push_example/app/.git/worktrees/*.path \/home\/runner\/work\/_temp\/git\-credentials\-74ee0a96\-8585\-457e\-9ef0\-431ce44b12ec\.config
Flutter analyze e test	Checkout da combinação proposta pelo PR	2026-10-09T02:01:40.0829305Z [command]/usr/bin/git config --local --get-all includeif.gitdir:/github/workspace/app/.git.path
Flutter analyze e test	Checkout da combinação proposta pelo PR	2026-10-09T02:01:40.0855692Z /github/runner_temp/git-credentials-74ee0a96-8585-457e-9ef0-431ce44b12ec.config
Flutter analyze e test	Checkout da combinação proposta pelo PR	2026-10-09T02:01:40.0865589Z [command]/usr/bin/git config --local --unset includeif.gitdir:/github/workspace/app/.git.path \/github\/runner_temp\/git\-credentials\-74ee0a96\-8585\-457e\-9ef0\-431ce44b12ec\.config
Flutter analyze e test	Checkout da combinação proposta pelo PR	2026-10-09T02:01:40.0904505Z [command]/usr/bin/git config --local --get-all includeif.gitdir:/github/workspace/app/.git/worktrees/*.path
Flutter analyze e test	Checkout da combinação proposta pelo PR	2026-10-09T02:01:40.0938523Z /github/runner_temp/git-credentials-74ee0a96-8585-457e-9ef0-431ce44b12ec.config
Flutter analyze e test	Checkout da combinação proposta pelo PR	2026-10-09T02:01:40.0972164Z [command]/usr/bin/git config --local --unset includeif.gitdir:/github/workspace/app/.git/worktrees/*.path \/github\/runner_temp\/git\-credentials\-74ee0a96\-8585\-457e\-9ef0\-431ce44b12ec\.config
Flutter analyze e test	Checkout da combinação proposta pelo PR	2026-10-09T02:01:40.1023529Z [command]/usr/bin/git submodule foreach --recursive git config --local --show-origin --name-only --get-regexp remote.origin.url
Flutter analyze e test	Checkout da combinação proposta pelo PR	2026-10-09T02:01:40.1246967Z Removing credentials config '/home/runner/work/_temp/git-credentials-74ee0a96-8585-457e-9ef0-431ce44b12ec.config'
Flutter analyze e test	Checkout da combinação proposta pelo PR	2026-10-09T02:01:40.1269993Z ##[endgroup]
Flutter analyze e test	Instalar Flutter fixado na candidata	﻿2026-10-09T02:01:40.1616093Z Prepare all required actions
Flutter analyze e test	Instalar Flutter fixado na candidata	2026-10-09T02:01:40.1791628Z ##[group]Run ./trusted/.github/actions/setup-flutter
Flutter analyze e test	Instalar Flutter fixado na candidata	2026-10-09T02:01:40.1792489Z with:
Flutter analyze e test	Instalar Flutter fixado na candidata	2026-10-09T02:01:40.1793038Z   build-inputs: app/delivery/build-inputs.json
Flutter analyze e test	Instalar Flutter fixado na candidata	2026-10-09T02:01:40.1793838Z ##[endgroup]
Flutter analyze e test	Instalar Flutter fixado na candidata	2026-10-09T02:01:40.1861984Z ##[start-action display=Run python3 - <<'PY';id=__self.inputs]
Flutter analyze e test	Instalar Flutter fixado na candidata	2026-10-09T02:01:40.1921902Z ##[group]Run python3 - <<'PY'
Flutter analyze e test	Instalar Flutter fixado na candidata	2026-10-09T02:01:40.1922648Z ^[[36;1mpython3 - <<'PY'^[[0m
Flutter analyze e test	Instalar Flutter fixado na candidata	2026-10-09T02:01:40.1923279Z ^[[36;1mimport json, os, re^[[0m
Flutter analyze e test	Instalar Flutter fixado na candidata	2026-10-09T02:01:40.1923955Z ^[[36;1mfrom pathlib import Path^[[0m
Flutter analyze e test	Instalar Flutter fixado na candidata	2026-10-09T02:01:40.1924955Z ^[[36;1mworkspace = Path(os.environ['GITHUB_WORKSPACE']).resolve()^[[0m
Flutter analyze e test	Instalar Flutter fixado na candidata	2026-10-09T02:01:40.1926199Z ^[[36;1mpath = Path(os.environ['BUILD_INPUTS']).resolve()^[[0m
Flutter analyze e test	Instalar Flutter fixado na candidata	2026-10-09T02:01:40.1927464Z ^[[36;1mif not path.is_relative_to(workspace):^[[0m
Flutter analyze e test	Instalar Flutter fixado na candidata	2026-10-09T02:01:40.1928765Z ^[[36;1m    raise ValueError('Build inputs precisa pertencer ao checkout deste job.')^[[0m
Flutter analyze e test	Instalar Flutter fixado na candidata	2026-10-09T02:01:40.1930226Z ^[[36;1minputs = json.loads(path.read_text())^[[0m
Flutter analyze e test	Instalar Flutter fixado na candidata	2026-10-09T02:01:40.1931517Z ^[[36;1mversion, revision = inputs['flutter_version'], inputs['flutter_revision']^[[0m
Flutter analyze e test	Instalar Flutter fixado na candidata	2026-10-09T02:01:40.1933308Z ^[[36;1mif not re.fullmatch(r'[0-9]+\.[0-9]+\.[0-9]+', version) or not re.fullmatch(r'[0-9a-f]{40}', revision):^[[0m
Flutter analyze e test	Instalar Flutter fixado na candidata	2026-10-09T02:01:40.1935098Z ^[[36;1m    raise ValueError('Versão e revisão Flutter precisam estar fixadas.')^[[0m
Flutter analyze e test	Instalar Flutter fixado na candidata	2026-10-09T02:01:40.1936741Z ^[[36;1mwith open(os.environ['GITHUB_OUTPUT'], 'a') as f:^[[0m
Flutter analyze e test	Instalar Flutter fixado na candidata	2026-10-09T02:01:40.1938052Z ^[[36;1m    f.write('version=' + version + '\nrevision=' + revision + '\n')^[[0m
Flutter analyze e test	Instalar Flutter fixado na candidata	2026-10-09T02:01:40.1939077Z ^[[36;1mPY^[[0m
Flutter analyze e test	Instalar Flutter fixado na candidata	2026-10-09T02:01:40.2233384Z shell: /usr/bin/bash --noprofile --norc -e -o pipefail {0}
Flutter analyze e test	Instalar Flutter fixado na candidata	2026-10-09T02:01:40.2234504Z env:
Flutter analyze e test	Instalar Flutter fixado na candidata	2026-10-09T02:01:40.2235406Z   BUILD_INPUTS: app/delivery/build-inputs.json
Flutter analyze e test	Instalar Flutter fixado na candidata	2026-10-09T02:01:40.2236614Z ##[endgroup]
Flutter analyze e test	Instalar Flutter fixado na candidata	2026-10-09T02:01:40.2656624Z ##[end-action id=__self.inputs;outcome=success;conclusion=success;duration_ms=79]
Flutter analyze e test	Instalar Flutter fixado na candidata	2026-10-09T02:01:40.2665965Z ##[start-action display=Instalar e conferir o SDK;id=__self.__run]
Flutter analyze e test	Instalar Flutter fixado na candidata	2026-10-09T02:01:40.2708919Z ##[group]Run set -euo pipefail
Flutter analyze e test	Instalar Flutter fixado na candidata	2026-10-09T02:01:40.2709622Z ^[[36;1mset -euo pipefail^[[0m
Flutter analyze e test	Instalar Flutter fixado na candidata	2026-10-09T02:01:40.2710364Z ^[[36;1mSDK_PATH="$RUNNER_TEMP/flutter-delivery"^[[0m
Flutter analyze e test	Instalar Flutter fixado na candidata	2026-10-09T02:01:40.2712102Z ^[[36;1mgit clone --no-checkout --depth 1 --branch "$FLUTTER_VERSION" https://github.com/flutter/flutter.git "$SDK_PATH"^[[0m
Flutter analyze e test	Instalar Flutter fixado na candidata	2026-10-09T02:01:40.2714011Z ^[[36;1mtest "$(git -C "$SDK_PATH" rev-parse HEAD)" = "$FLUTTER_REVISION"^[[0m
Flutter analyze e test	Instalar Flutter fixado na candidata	2026-10-09T02:01:40.2715265Z ^[[36;1mgit -C "$SDK_PATH" checkout --detach "$FLUTTER_REVISION"^[[0m
Flutter analyze e test	Instalar Flutter fixado na candidata	2026-10-09T02:01:40.2716880Z ^[[36;1m# The first invocation bootstraps the tool and prints a welcome banner.^[[0m
Flutter analyze e test	Instalar Flutter fixado na candidata	2026-10-09T02:01:40.2718361Z ^[[36;1m# Run it before helpers parse --version --machine as strict JSON.^[[0m
Flutter analyze e test	Instalar Flutter fixado na candidata	2026-10-09T02:01:40.2719507Z ^[[36;1m"$SDK_PATH/bin/flutter" --version^[[0m
Flutter analyze e test	Instalar Flutter fixado na candidata	2026-10-09T02:01:40.2720344Z ^[[36;1mecho "$SDK_PATH/bin" >> "$GITHUB_PATH"^[[0m
Flutter analyze e test	Instalar Flutter fixado na candidata	2026-10-09T02:01:40.2785361Z shell: /usr/bin/bash --noprofile --norc -e -o pipefail {0}
Flutter analyze e test	Instalar Flutter fixado na candidata	2026-10-09T02:01:40.2786551Z env:
Flutter analyze e test	Instalar Flutter fixado na candidata	2026-10-09T02:01:40.2787024Z   FLUTTER_VERSION: 3.44.1
Flutter analyze e test	Instalar Flutter fixado na candidata	2026-10-09T02:01:40.2787795Z   FLUTTER_REVISION: 924134a44c189315be2148659913dda1671cbe99
Flutter analyze e test	Instalar Flutter fixado na candidata	2026-10-09T02:01:40.2788684Z ##[endgroup]
Flutter analyze e test	Instalar Flutter fixado na candidata	2026-10-09T02:01:40.2890237Z Cloning into '/home/runner/work/_temp/flutter-delivery'...
Flutter analyze e test	Instalar Flutter fixado na candidata	2026-10-09T02:01:47.7988312Z HEAD is now at 924134a4 Update CHANGELOG with Flutter 3.44 changes (#187258)
Flutter analyze e test	Instalar Flutter fixado na candidata	2026-10-09T02:01:47.8401969Z Downloading Linux x64 Dart SDK from Flutter engine c416acfeb8126e097f758c664aaa3da929e27da0...
Flutter analyze e test	Instalar Flutter fixado na candidata	2026-10-09T02:01:47.8509346Z   % Total    % Received % Xferd  Average Speed   Time    Time     Time  Current
Flutter analyze e test	Instalar Flutter fixado na candidata	2026-10-09T02:01:47.8510452Z                                  Dload  Upload   Total   Spent    Left  Speed
Flutter analyze e test	Instalar Flutter fixado na candidata	2026-10-09T02:01:47.8511384Z 
Flutter analyze e test	Instalar Flutter fixado na candidata	2026-10-09T02:01:48.6905708Z   0     0    0     0    0     0      0      0 --:--:-- --:--:-- --:--:--     0
Flutter analyze e test	Instalar Flutter fixado na candidata	2026-10-09T02:01:49.3155502Z  69  222M   69  154M    0     0   184M      0  0:00:01 --:--:--  0:00:01  184M
Flutter analyze e test	Instalar Flutter fixado na candidata	2026-10-09T02:01:49.3157837Z 100  222M  100  222M    0     0   151M      0  0:00:01  0:00:01 --:--:--  151M
Flutter analyze e test	Instalar Flutter fixado na candidata	2026-10-09T02:01:54.0726635Z Building flutter tool...
Flutter analyze e test	Instalar Flutter fixado na candidata	2026-10-09T02:01:54.0898310Z Resolving dependencies...
Flutter analyze e test	Instalar Flutter fixado na candidata	2026-10-09T02:01:54.5376936Z Downloading packages...
Flutter analyze e test	Instalar Flutter fixado na candidata	2026-10-09T02:01:57.8187088Z + _fe_analyzer_shared 95.0.0 (109.0.0 available)
Flutter analyze e test	Instalar Flutter fixado na candidata	2026-10-09T02:01:57.8187736Z + analyzer 10.1.0 (14.5.0 available)
Flutter analyze e test	Instalar Flutter fixado na candidata	2026-10-09T02:01:57.8188221Z + archive 3.6.1 (4.3.0 available)
Flutter analyze e test	Instalar Flutter fixado na candidata	2026-10-09T02:01:57.8188677Z + args 2.7.0
Flutter analyze e test	Instalar Flutter fixado na candidata	2026-10-09T02:01:57.8189025Z + async 2.13.1
Flutter analyze e test	Instalar Flutter fixado na candidata	2026-10-09T02:01:57.8189400Z + boolean_selector 2.1.2
Flutter analyze e test	Instalar Flutter fixado na candidata	2026-10-09T02:01:57.8189853Z + browser_launcher 1.1.3 (1.2.0 available)
Flutter analyze e test	Instalar Flutter fixado na candidata	2026-10-09T02:01:57.8190607Z + built_collection 5.1.1 (5.1.2 available)
Flutter analyze e test	Instalar Flutter fixado na candidata	2026-10-09T02:01:57.8191144Z + built_value 8.12.5 (8.13.0 available)
Flutter analyze e test	Instalar Flutter fixado na candidata	2026-10-09T02:01:57.8191577Z + checked_yaml 2.0.4
Flutter analyze e test	Instalar Flutter fixado na candidata	2026-10-09T02:01:57.8191923Z + cli_config 0.2.0
Flutter analyze e test	Instalar Flutter fixado na candidata	2026-10-09T02:01:57.8192287Z + clock 1.1.2 (1.1.3 available)
Flutter analyze e test	Instalar Flutter fixado na candidata	2026-10-09T02:01:57.8192747Z + code_assets 1.0.0 (2.1.0 available)
Flutter analyze e test	Instalar Flutter fixado na candidata	2026-10-09T02:01:57.8193263Z + code_builder 4.11.1 (4.12.0 available)
Flutter analyze e test	Instalar Flutter fixado na candidata	2026-10-09T02:01:57.8193796Z + collection 1.19.1
Flutter analyze e test	Instalar Flutter fixado na candidata	2026-10-09T02:01:57.8194233Z + completion 1.0.2
Flutter analyze e test	Instalar Flutter fixado na candidata	2026-10-09T02:01:57.8194634Z + convert 3.1.2
Flutter analyze e test	Instalar Flutter fixado na candidata	2026-10-09T02:01:57.8195070Z + coverage 1.15.0 (1.15.1 available)
Flutter analyze e test	Instalar Flutter fixado na candidata	2026-10-09T02:01:57.8195525Z + crypto 3.0.7
Flutter analyze e test	Instalar Flutter fixado na candidata	2026-10-09T02:01:57.8195898Z + csslib 1.0.2
Flutter analyze e test	Instalar Flutter fixado na candidata	2026-10-09T02:01:57.8196580Z + dap 1.4.0
Flutter analyze e test	Instalar Flutter fixado na candidata	2026-10-09T02:01:57.8196970Z + dart_service_protocol_shared 0.0.3
Flutter analyze e test	Instalar Flutter fixado na candidata	2026-10-09T02:01:57.8197512Z + dart_style 3.1.7 (3.1.13 available)
Flutter analyze e test	Instalar Flutter fixado na candidata	2026-10-09T02:01:57.8198035Z + data_assets 0.19.6 (0.20.0 available)
Flutter analyze e test	Instalar Flutter fixado na candidata	2026-10-09T02:01:57.8198558Z + dds 5.3.0 (5.4.0 available)
Flutter analyze e test	Instalar Flutter fixado na candidata	2026-10-09T02:01:57.8199042Z + dds_service_extensions 2.1.0
Flutter analyze e test	Instalar Flutter fixado na candidata	2026-10-09T02:01:57.8199995Z + devtools_shared 12.1.0 (14.0.0 available)
Flutter analyze e test	Instalar Flutter fixado na candidata	2026-10-09T02:01:57.8200487Z + dtd 4.0.0
Flutter analyze e test	Instalar Flutter fixado na candidata	2026-10-09T02:01:57.8200792Z + dwds 26.2.5 (27.1.4 available)
Flutter analyze e test	Instalar Flutter fixado na candidata	2026-10-09T02:01:57.8201200Z + extension_discovery 2.1.0
Flutter analyze e test	Instalar Flutter fixado na candidata	2026-10-09T02:01:57.8201628Z + fake_async 1.3.3
Flutter analyze e test	Instalar Flutter fixado na candidata	2026-10-09T02:01:57.8201996Z + ffi 2.2.0
Flutter analyze e test	Instalar Flutter fixado na candidata	2026-10-09T02:01:57.8202337Z + file 7.0.1
Flutter analyze e test	Instalar Flutter fixado na candidata	2026-10-09T02:01:57.8202705Z + file_testing 3.0.2 (3.1.0 available)
Flutter analyze e test	Instalar Flutter fixado na candidata	2026-10-09T02:01:57.8203188Z + fixnum 1.1.1
Flutter analyze e test	Instalar Flutter fixado na candidata	2026-10-09T02:01:57.8203605Z + flutter_template_images 5.0.0 (5.0.1 available)
Flutter analyze e test	Instalar Flutter fixado na candidata	2026-10-09T02:01:57.8204193Z + frontend_server_client 4.0.0 (4.1.0 available)
Flutter analyze e test	Instalar Flutter fixado na candidata	2026-10-09T02:01:57.8204717Z + glob 2.1.3 (2.2.0 available)
Flutter analyze e test	Instalar Flutter fixado na candidata	2026-10-09T02:01:57.8205125Z + graphs 2.3.2
Flutter analyze e test	Instalar Flutter fixado na candidata	2026-10-09T02:01:57.8205476Z + hooks 1.0.2 (2.2.0 available)
Flutter analyze e test	Instalar Flutter fixado na candidata	2026-10-09T02:01:57.8205922Z + hooks_runner 1.1.1 (1.6.4 available)
Flutter analyze e test	Instalar Flutter fixado na candidata	2026-10-09T02:01:57.8206677Z + html 0.15.6 (0.15.7 available)
Flutter analyze e test	Instalar Flutter fixado na candidata	2026-10-09T02:01:57.8207126Z + http 1.6.0
Flutter analyze e test	Instalar Flutter fixado na candidata	2026-10-09T02:01:57.8207498Z + http_multi_server 3.2.2
Flutter analyze e test	Instalar Flutter fixado na candidata	2026-10-09T02:01:57.8207945Z + http_parser 4.1.2
Flutter analyze e test	Instalar Flutter fixado na candidata	2026-10-09T02:01:57.8208350Z + intl 0.20.2 (0.20.3 available)
Flutter analyze e test	Instalar Flutter fixado na candidata	2026-10-09T02:01:57.8208779Z + io 1.0.5 (1.1.0 available)
Flutter analyze e test	Instalar Flutter fixado na candidata	2026-10-09T02:01:57.8209193Z + js 0.7.2 (discontinued)
Flutter analyze e test	Instalar Flutter fixado na candidata	2026-10-09T02:01:57.8209635Z + json_annotation 4.11.0 (4.12.0 available)
Flutter analyze e test	Instalar Flutter fixado na candidata	2026-10-09T02:01:57.8210124Z + json_rpc_2 4.1.0
Flutter analyze e test	Instalar Flutter fixado na candidata	2026-10-09T02:01:57.8210480Z + logging 1.3.0
Flutter analyze e test	Instalar Flutter fixado na candidata	2026-10-09T02:01:57.8210847Z + matcher 0.12.19 (0.12.20 available)
Flutter analyze e test	Instalar Flutter fixado na candidata	2026-10-09T02:01:57.8231539Z + meta 1.18.0 (1.19.0 available)
Flutter analyze e test	Instalar Flutter fixado na candidata	2026-10-09T02:01:57.8232076Z + mime 2.0.0 (2.1.0 available)
Flutter analyze e test	Instalar Flutter fixado na candidata	2026-10-09T02:01:57.8232555Z + multicast_dns 0.3.3 (0.3.3+1 available)
Flutter analyze e test	Instalar Flutter fixado na candidata	2026-10-09T02:01:57.8233094Z + mustache_template 2.0.4 (2.0.6 available)
Flutter analyze e test	Instalar Flutter fixado na candidata	2026-10-09T02:01:57.8233648Z + native_stack_traces 0.6.1 (0.7.0 available)
Flutter analyze e test	Instalar Flutter fixado na candidata	2026-10-09T02:01:57.8234137Z + node_preamble 2.0.2
Flutter analyze e test	Instalar Flutter fixado na candidata	2026-10-09T02:01:57.8234548Z + package_config 2.2.0 (3.0.0 available)
Flutter analyze e test	Instalar Flutter fixado na candidata	2026-10-09T02:01:57.8234998Z + path 1.9.1
Flutter analyze e test	Instalar Flutter fixado na candidata	2026-10-09T02:01:57.8235370Z + petitparser 7.0.2 (7.1.0 available)
Flutter analyze e test	Instalar Flutter fixado na candidata	2026-10-09T02:01:57.8235871Z + platform 3.1.6 (3.2.0 available)
Flutter analyze e test	Instalar Flutter fixado na candidata	2026-10-09T02:01:57.8236584Z + pool 1.5.2 (1.5.3 available)
Flutter analyze e test	Instalar Flutter fixado na candidata	2026-10-09T02:01:57.8237031Z + process 5.0.5 (5.0.6 available)
Flutter analyze e test	Instalar Flutter fixado na candidata	2026-10-09T02:01:57.8237478Z + pub_semver 2.2.0 (2.2.1 available)
Flutter analyze e test	Instalar Flutter fixado na candidata	2026-10-09T02:01:57.8238302Z + pubspec_parse 1.5.0 (1.6.0 available)
Flutter analyze e test	Instalar Flutter fixado na candidata	2026-10-09T02:01:57.8238795Z + record_use 0.6.0 (1.1.1 available)
Flutter analyze e test	Instalar Flutter fixado na candidata	2026-10-09T02:01:57.8239246Z + shelf 1.4.2
Flutter analyze e test	Instalar Flutter fixado na candidata	2026-10-09T02:01:57.8239615Z + shelf_packages_handler 3.0.2
Flutter analyze e test	Instalar Flutter fixado na candidata	2026-10-09T02:01:57.8240071Z + shelf_proxy 1.0.4 (1.0.5 available)
Flutter analyze e test	Instalar Flutter fixado na candidata	2026-10-09T02:01:57.8240532Z + shelf_static 1.1.3
Flutter analyze e test	Instalar Flutter fixado na candidata	2026-10-09T02:01:57.8240913Z + shelf_web_socket 3.0.0
Flutter analyze e test	Instalar Flutter fixado na candidata	2026-10-09T02:01:57.8241323Z + source_map_stack_trace 2.1.2
Flutter analyze e test	Instalar Flutter fixado na candidata	2026-10-09T02:01:57.8241768Z + source_maps 0.10.13 (0.10.14 available)
Flutter analyze e test	Instalar Flutter fixado na candidata	2026-10-09T02:01:57.8242234Z + source_span 1.10.2
Flutter analyze e test	Instalar Flutter fixado na candidata	2026-10-09T02:01:57.8242605Z + sprintf 7.0.0
Flutter analyze e test	Instalar Flutter fixado na candidata	2026-10-09T02:01:57.8242957Z + sse 4.1.8 (4.2.0 available)
Flutter analyze e test	Instalar Flutter fixado na candidata	2026-10-09T02:01:57.8243384Z + stack_trace 1.12.1 (1.12.2 available)
Flutter analyze e test	Instalar Flutter fixado na candidata	2026-10-09T02:01:57.8243917Z + standard_message_codec 0.0.1+4 (0.0.1+5 available)
Flutter analyze e test	Instalar Flutter fixado na candidata	2026-10-09T02:01:57.8244432Z + stream_channel 2.1.4
Flutter analyze e test	Instalar Flutter fixado na candidata	2026-10-09T02:01:57.8244801Z + string_scanner 1.4.1
Flutter analyze e test	Instalar Flutter fixado na candidata	2026-10-09T02:01:57.8245164Z + sync_http 0.3.1
Flutter analyze e test	Instalar Flutter fixado na candidata	2026-10-09T02:01:57.8245522Z + term_glyph 1.2.2
Flutter analyze e test	Instalar Flutter fixado na candidata	2026-10-09T02:01:57.8245887Z + test 1.31.0 (1.33.0 available)
Flutter analyze e test	Instalar Flutter fixado na candidata	2026-10-09T02:01:57.8246551Z + test_api 0.7.11 (0.7.15 available)
Flutter analyze e test	Instalar Flutter fixado na candidata	2026-10-09T02:01:57.8247029Z + test_core 0.6.17 (0.6.21 available)
Flutter analyze e test	Instalar Flutter fixado na candidata	2026-10-09T02:01:57.8247483Z + typed_data 1.4.0
Flutter analyze e test	Instalar Flutter fixado na candidata	2026-10-09T02:01:57.8247903Z + unified_analytics 8.0.14 (8.0.18 available)
Flutter analyze e test	Instalar Flutter fixado na candidata	2026-10-09T02:01:57.8248409Z + usage 4.1.1 (discontinued)
Flutter analyze e test	Instalar Flutter fixado na candidata	2026-10-09T02:01:57.8248823Z + uuid 4.5.3 (4.6.0 available)
Flutter analyze e test	Instalar Flutter fixado na candidata	2026-10-09T02:01:57.8249242Z + vm_service 15.0.2 (15.3.0 available)
Flutter analyze e test	Instalar Flutter fixado na candidata	2026-10-09T02:01:57.8249700Z + vm_service_interface 2.0.1
Flutter analyze e test	Instalar Flutter fixado na candidata	2026-10-09T02:01:57.8250129Z + vm_snapshot_analysis 0.7.6
Flutter analyze e test	Instalar Flutter fixado na candidata	2026-10-09T02:01:57.8250592Z + watcher 1.2.1
Flutter analyze e test	Instalar Flutter fixado na candidata	2026-10-09T02:01:57.8250928Z + web 1.1.1
Flutter analyze e test	Instalar Flutter fixado na candidata	2026-10-09T02:01:57.8251532Z + web_socket 1.0.1
Flutter analyze e test	Instalar Flutter fixado na candidata	2026-10-09T02:01:57.8251922Z + web_socket_channel 3.0.3
Flutter analyze e test	Instalar Flutter fixado na candidata	2026-10-09T02:01:57.8252410Z + webdriver 3.1.0 (3.2.0 available)
Flutter analyze e test	Instalar Flutter fixado na candidata	2026-10-09T02:01:57.8252914Z + webkit_inspection_protocol 1.2.1
Flutter analyze e test	Instalar Flutter fixado na candidata	2026-10-09T02:01:57.8253388Z + xml 6.6.1 (7.1.0 available)
Flutter analyze e test	Instalar Flutter fixado na candidata	2026-10-09T02:01:57.8253651Z + yaml 3.1.3 (3.1.4 available)
Flutter analyze e test	Instalar Flutter fixado na candidata	2026-10-09T02:01:57.8253881Z + yaml_edit 2.2.4
Flutter analyze e test	Instalar Flutter fixado na candidata	2026-10-09T02:01:57.8254102Z Changed 102 dependencies!
Flutter analyze e test	Instalar Flutter fixado na candidata	2026-10-09T02:01:57.8254572Z 2 packages are discontinued.
Flutter analyze e test	Instalar Flutter fixado na candidata	2026-10-09T02:01:57.8255170Z 53 packages have newer versions incompatible with dependency constraints.
Flutter analyze e test	Instalar Flutter fixado na candidata	2026-10-09T02:01:57.8255856Z Try `dart pub outdated` for more information.
Flutter analyze e test	Instalar Flutter fixado na candidata	2026-10-09T02:02:13.5908772Z Flutter 3.44.1 • channel [user-branch] • unknown source
Flutter analyze e test	Instalar Flutter fixado na candidata	2026-10-09T02:02:13.5943417Z Framework • revision 924134a44c (4 months ago) • 2026-05-29 12:13:22 -0400
Flutter analyze e test	Instalar Flutter fixado na candidata	2026-10-09T02:02:13.5945527Z Engine • hash 39b1f7043775b9578bbb26a1676e79c4e31c8b5e (revision c416acfeb8) (4 months ago) • 2026-05-27 20:19:31.000Z
Flutter analyze e test	Instalar Flutter fixado na candidata	2026-10-09T02:02:13.5946562Z Tools • Dart 3.12.1 • DevTools 2.57.0
Flutter analyze e test	Instalar Flutter fixado na candidata	2026-10-09T02:02:13.5954606Z ##[end-action id=__self.__run;outcome=success;conclusion=success;duration_ms=33328]
Flutter analyze e test	Verificar aplicativo	﻿2026-10-09T02:02:13.6014286Z ##[group]Run flutter pub get --enforce-lockfile
Flutter analyze e test	Verificar aplicativo	2026-10-09T02:02:13.6014687Z ^[[36;1mflutter pub get --enforce-lockfile^[[0m
Flutter analyze e test	Verificar aplicativo	2026-10-09T02:02:13.6014983Z ^[[36;1mflutter analyze^[[0m
Flutter analyze e test	Verificar aplicativo	2026-10-09T02:02:13.6015209Z ^[[36;1mflutter test^[[0m
Flutter analyze e test	Verificar aplicativo	2026-10-09T02:02:13.6083335Z shell: /usr/bin/bash -e {0}
Flutter analyze e test	Verificar aplicativo	2026-10-09T02:02:13.6083600Z ##[endgroup]
Flutter analyze e test	Verificar aplicativo	2026-10-09T02:02:14.0436371Z [1/10] Material Fonts                                              283ms
Flutter analyze e test	Verificar aplicativo	2026-10-09T02:02:14.1097708Z [2/10] Gradle Wrapper                                               18ms
Flutter analyze e test	Verificar aplicativo	2026-10-09T02:02:14.1198135Z [3/10] Flutter SDK
Flutter analyze e test	Verificar aplicativo	2026-10-09T02:02:14.4025507Z   ├─ [1/5] sky_engine                                              277ms
Flutter analyze e test	Verificar aplicativo	2026-10-09T02:02:14.5468637Z   ├─ [2/5] flutter_gpu                                              76ms
Flutter analyze e test	Verificar aplicativo	2026-10-09T02:02:14.9329161Z   ├─ [3/5] flutter_patched_sdk                                     373ms
Flutter analyze e test	Verificar aplicativo	2026-10-09T02:02:15.3157945Z   ├─ [4/5] flutter_patched_sdk_product                             292ms
Flutter analyze e test	Verificar aplicativo	2026-10-09T02:02:16.4370732Z   └─ [5/5] linux-x64                                             1,029ms
Flutter analyze e test	Verificar aplicativo	2026-10-09T02:02:17.1447284Z [10/10] linux-x64/font-subset                                      108ms
Flutter analyze e test	Verificar aplicativo	2026-10-09T02:02:17.2623049Z Resolving dependencies...
Flutter analyze e test	Verificar aplicativo	2026-10-09T02:02:17.5006913Z Downloading packages...
Flutter analyze e test	Verificar aplicativo	2026-10-09T02:02:18.5784608Z   clock 1.1.2 (1.1.3 available)
Flutter analyze e test	Verificar aplicativo	2026-10-09T02:02:18.5785189Z   cupertino_icons 1.0.9 (2.0.0 available)
Flutter analyze e test	Verificar aplicativo	2026-10-09T02:02:18.5785661Z   matcher 0.12.19 (0.12.20 available)
Flutter analyze e test	Verificar aplicativo	2026-10-09T02:02:18.5786167Z   material_color_utilities 0.13.0 (0.13.1 available)
Flutter analyze e test	Verificar aplicativo	2026-10-09T02:02:18.5787342Z   meta 1.18.0 (1.19.0 available)
Flutter analyze e test	Verificar aplicativo	2026-10-09T02:02:18.5787811Z   stack_trace 1.12.1 (1.12.2 available)
Flutter analyze e test	Verificar aplicativo	2026-10-09T02:02:18.5788290Z   test_api 0.7.11 (0.7.15 available)
Flutter analyze e test	Verificar aplicativo	2026-10-09T02:02:18.5788761Z   vector_math 2.2.0 (2.4.3 available)
Flutter analyze e test	Verificar aplicativo	2026-10-09T02:02:18.5789271Z   vm_service 15.2.0 (15.3.0 available)
Flutter analyze e test	Verificar aplicativo	2026-10-09T02:02:18.5789723Z Got dependencies!
Flutter analyze e test	Verificar aplicativo	2026-10-09T02:02:18.5797450Z 9 packages have newer versions incompatible with dependency constraints.
Flutter analyze e test	Verificar aplicativo	2026-10-09T02:02:18.5815388Z Try `flutter pub outdated` for more information.
Flutter analyze e test	Verificar aplicativo	2026-10-09T02:02:18.9659960Z Resolving dependencies...
Flutter analyze e test	Verificar aplicativo	2026-10-09T02:02:18.9905304Z Downloading packages...
Flutter analyze e test	Verificar aplicativo	2026-10-09T02:02:18.9937220Z   clock 1.1.2 (1.1.3 available)
Flutter analyze e test	Verificar aplicativo	2026-10-09T02:02:18.9938020Z   cupertino_icons 1.0.9 (2.0.0 available)
Flutter analyze e test	Verificar aplicativo	2026-10-09T02:02:18.9938612Z   matcher 0.12.19 (0.12.20 available)
Flutter analyze e test	Verificar aplicativo	2026-10-09T02:02:18.9939185Z   material_color_utilities 0.13.0 (0.13.1 available)
Flutter analyze e test	Verificar aplicativo	2026-10-09T02:02:18.9939778Z   meta 1.18.0 (1.19.0 available)
Flutter analyze e test	Verificar aplicativo	2026-10-09T02:02:18.9940267Z   stack_trace 1.12.1 (1.12.2 available)
Flutter analyze e test	Verificar aplicativo	2026-10-09T02:02:18.9940777Z   test_api 0.7.11 (0.7.15 available)
Flutter analyze e test	Verificar aplicativo	2026-10-09T02:02:18.9941247Z   vector_math 2.2.0 (2.4.3 available)
Flutter analyze e test	Verificar aplicativo	2026-10-09T02:02:18.9941711Z   vm_service 15.2.0 (15.3.0 available)
Flutter analyze e test	Verificar aplicativo	2026-10-09T02:02:18.9942642Z Got dependencies!
Flutter analyze e test	Verificar aplicativo	2026-10-09T02:02:18.9943250Z 9 packages have newer versions incompatible with dependency constraints.
Flutter analyze e test	Verificar aplicativo	2026-10-09T02:02:18.9944034Z Try `flutter pub outdated` for more information.
Flutter analyze e test	Verificar aplicativo	2026-10-09T02:02:26.8152106Z Analyzing app...                                                
Flutter analyze e test	Verificar aplicativo	2026-10-09T02:02:26.8166991Z No issues found! (ran in 7.3s)
Flutter analyze e test	Verificar aplicativo	2026-10-09T02:02:27.0151886Z Resolving dependencies...
Flutter analyze e test	Verificar aplicativo	2026-10-09T02:02:27.0399979Z Downloading packages...
Flutter analyze e test	Verificar aplicativo	2026-10-09T02:02:27.0412019Z   clock 1.1.2 (1.1.3 available)
Flutter analyze e test	Verificar aplicativo	2026-10-09T02:02:27.0412463Z   cupertino_icons 1.0.9 (2.0.0 available)
Flutter analyze e test	Verificar aplicativo	2026-10-09T02:02:27.0412906Z   matcher 0.12.19 (0.12.20 available)
Flutter analyze e test	Verificar aplicativo	2026-10-09T02:02:27.0413382Z   material_color_utilities 0.13.0 (0.13.1 available)
Flutter analyze e test	Verificar aplicativo	2026-10-09T02:02:27.0413938Z   meta 1.18.0 (1.19.0 available)
Flutter analyze e test	Verificar aplicativo	2026-10-09T02:02:27.0414356Z   stack_trace 1.12.1 (1.12.2 available)
Flutter analyze e test	Verificar aplicativo	2026-10-09T02:02:27.0414827Z   test_api 0.7.11 (0.7.15 available)
Flutter analyze e test	Verificar aplicativo	2026-10-09T02:02:27.0415287Z   vector_math 2.2.0 (2.4.3 available)
Flutter analyze e test	Verificar aplicativo	2026-10-09T02:02:27.0415777Z   vm_service 15.2.0 (15.3.0 available)
Flutter analyze e test	Verificar aplicativo	2026-10-09T02:02:27.0416460Z Got dependencies!
Flutter analyze e test	Verificar aplicativo	2026-10-09T02:02:27.0417049Z 9 packages have newer versions incompatible with dependency constraints.
Flutter analyze e test	Verificar aplicativo	2026-10-09T02:02:27.0418293Z Try `flutter pub outdated` for more information.
Flutter analyze e test	Verificar aplicativo	2026-10-09T02:02:27.7248285Z 
Flutter analyze e test	Verificar aplicativo	2026-10-09T02:02:36.1887210Z ##[group]✅ exibe a mensagem inicial
Flutter analyze e test	Verificar aplicativo	2026-10-09T02:02:36.1887893Z -------------------------------------------------------------------------------
Flutter analyze e test	Verificar aplicativo	2026-10-09T02:02:36.1888716Z The Shorebird Updater is unavailable in the current environment.
Flutter analyze e test	Verificar aplicativo	2026-10-09T02:02:36.1889522Z -------------------------------------------------------------------------------
Flutter analyze e test	Verificar aplicativo	2026-10-09T02:02:36.1890451Z This occurs when using pkg:shorebird_code_push in an app that does not
Flutter analyze e test	Verificar aplicativo	2026-10-09T02:02:36.1891320Z contain the Shorebird Engine. Most commonly this is due to building with
Flutter analyze e test	Verificar aplicativo	2026-10-09T02:02:36.1892373Z `flutter build` or `flutter run` instead of `shorebird release` or `shorebird preview`.
Flutter analyze e test	Verificar aplicativo	2026-10-09T02:02:36.1893368Z It can also occur when running on an unsupported platform (e.g. web).
Flutter analyze e test	Verificar aplicativo	2026-10-09T02:02:36.1893915Z 
Flutter analyze e test	Verificar aplicativo	2026-10-09T02:02:36.1894227Z -------------------------------------------------------------------------------
Flutter analyze e test	Verificar aplicativo	2026-10-09T02:02:36.1895093Z The Shorebird Updater is unavailable in the current environment.
Flutter analyze e test	Verificar aplicativo	2026-10-09T02:02:36.1896013Z -------------------------------------------------------------------------------
Flutter analyze e test	Verificar aplicativo	2026-10-09T02:02:36.1897185Z This occurs when using pkg:shorebird_code_push in an app that does not
Flutter analyze e test	Verificar aplicativo	2026-10-09T02:02:36.1897976Z contain the Shorebird Engine. Most commonly this is due to building with
Flutter analyze e test	Verificar aplicativo	2026-10-09T02:02:36.1898768Z `flutter build` or `flutter run` instead of `shorebird release` or `shorebird preview`.
Flutter analyze e test	Verificar aplicativo	2026-10-09T02:02:36.1899348Z It can also occur when running on an unsupported platform (e.g. web).
Flutter analyze e test	Verificar aplicativo	2026-10-09T02:02:36.1899663Z 
Flutter analyze e test	Verificar aplicativo	2026-10-09T02:02:36.1899976Z ##[endgroup]
Flutter analyze e test	Verificar aplicativo	2026-10-09T02:02:36.4388739Z ##[group]✅ inicia claro e ignora mudanças do tema do sistema
Flutter analyze e test	Verificar aplicativo	2026-10-09T02:02:36.4389595Z -------------------------------------------------------------------------------
Flutter analyze e test	Verificar aplicativo	2026-10-09T02:02:36.4390421Z The Shorebird Updater is unavailable in the current environment.
Flutter analyze e test	Verificar aplicativo	2026-10-09T02:02:36.4391614Z -------------------------------------------------------------------------------
Flutter analyze e test	Verificar aplicativo	2026-10-09T02:02:36.4392752Z This occurs when using pkg:shorebird_code_push in an app that does not
Flutter analyze e test	Verificar aplicativo	2026-10-09T02:02:36.4393923Z contain the Shorebird Engine. Most commonly this is due to building with
Flutter analyze e test	Verificar aplicativo	2026-10-09T02:02:36.4395183Z `flutter build` or `flutter run` instead of `shorebird release` or `shorebird preview`.
Flutter analyze e test	Verificar aplicativo	2026-10-09T02:02:36.4396699Z It can also occur when running on an unsupported platform (e.g. web).
Flutter analyze e test	Verificar aplicativo	2026-10-09T02:02:36.4397503Z 
Flutter analyze e test	Verificar aplicativo	2026-10-09T02:02:36.4398135Z -------------------------------------------------------------------------------
Flutter analyze e test	Verificar aplicativo	2026-10-09T02:02:36.4399231Z The Shorebird Updater is unavailable in the current environment.
Flutter analyze e test	Verificar aplicativo	2026-10-09T02:02:36.4400293Z -------------------------------------------------------------------------------
Flutter analyze e test	Verificar aplicativo	2026-10-09T02:02:36.4401899Z This occurs when using pkg:shorebird_code_push in an app that does not
Flutter analyze e test	Verificar aplicativo	2026-10-09T02:02:36.4403040Z contain the Shorebird Engine. Most commonly this is due to building with
Flutter analyze e test	Verificar aplicativo	2026-10-09T02:02:36.4404276Z `flutter build` or `flutter run` instead of `shorebird release` or `shorebird preview`.
Flutter analyze e test	Verificar aplicativo	2026-10-09T02:02:36.4405505Z It can also occur when running on an unsupported platform (e.g. web).
Flutter analyze e test	Verificar aplicativo	2026-10-09T02:02:36.4406603Z 
Flutter analyze e test	Verificar aplicativo	2026-10-09T02:02:36.4407513Z ##[endgroup]
Flutter analyze e test	Verificar aplicativo	2026-10-09T02:02:36.6785859Z ##[group]✅ alterna pelo botão e reinicia claro sem persistir a escolha
Flutter analyze e test	Verificar aplicativo	2026-10-09T02:02:36.6787455Z -------------------------------------------------------------------------------
Flutter analyze e test	Verificar aplicativo	2026-10-09T02:02:36.6788443Z The Shorebird Updater is unavailable in the current environment.
Flutter analyze e test	Verificar aplicativo	2026-10-09T02:02:36.6789684Z -------------------------------------------------------------------------------
Flutter analyze e test	Verificar aplicativo	2026-10-09T02:02:36.6790716Z This occurs when using pkg:shorebird_code_push in an app that does not
Flutter analyze e test	Verificar aplicativo	2026-10-09T02:02:36.6792144Z contain the Shorebird Engine. Most commonly this is due to building with
Flutter analyze e test	Verificar aplicativo	2026-10-09T02:02:36.6793350Z `flutter build` or `flutter run` instead of `shorebird release` or `shorebird preview`.
Flutter analyze e test	Verificar aplicativo	2026-10-09T02:02:36.6794891Z It can also occur when running on an unsupported platform (e.g. web).
Flutter analyze e test	Verificar aplicativo	2026-10-09T02:02:36.6795587Z 
Flutter analyze e test	Verificar aplicativo	2026-10-09T02:02:36.6796094Z -------------------------------------------------------------------------------
Flutter analyze e test	Verificar aplicativo	2026-10-09T02:02:36.6797293Z The Shorebird Updater is unavailable in the current environment.
Flutter analyze e test	Verificar aplicativo	2026-10-09T02:02:36.6798223Z -------------------------------------------------------------------------------
Flutter analyze e test	Verificar aplicativo	2026-10-09T02:02:36.6799192Z This occurs when using pkg:shorebird_code_push in an app that does not
Flutter analyze e test	Verificar aplicativo	2026-10-09T02:02:36.6800427Z contain the Shorebird Engine. Most commonly this is due to building with
Flutter analyze e test	Verificar aplicativo	2026-10-09T02:02:36.6801561Z `flutter build` or `flutter run` instead of `shorebird release` or `shorebird preview`.
Flutter analyze e test	Verificar aplicativo	2026-10-09T02:02:36.6802653Z It can also occur when running on an unsupported platform (e.g. web).
Flutter analyze e test	Verificar aplicativo	2026-10-09T02:02:36.6803341Z 
Flutter analyze e test	Verificar aplicativo	2026-10-09T02:02:36.6803755Z -------------------------------------------------------------------------------
Flutter analyze e test	Verificar aplicativo	2026-10-09T02:02:36.6804694Z The Shorebird Updater is unavailable in the current environment.
Flutter analyze e test	Verificar aplicativo	2026-10-09T02:02:36.6805603Z -------------------------------------------------------------------------------
Flutter analyze e test	Verificar aplicativo	2026-10-09T02:02:36.6806753Z This occurs when using pkg:shorebird_code_push in an app that does not
Flutter analyze e test	Verificar aplicativo	2026-10-09T02:02:36.6807765Z contain the Shorebird Engine. Most commonly this is due to building with
Flutter analyze e test	Verificar aplicativo	2026-10-09T02:02:36.6808842Z `flutter build` or `flutter run` instead of `shorebird release` or `shorebird preview`.
Flutter analyze e test	Verificar aplicativo	2026-10-09T02:02:36.6809910Z It can also occur when running on an unsupported platform (e.g. web).
Flutter analyze e test	Verificar aplicativo	2026-10-09T02:02:36.6810579Z 
Flutter analyze e test	Verificar aplicativo	2026-10-09T02:02:36.6810990Z -------------------------------------------------------------------------------
Flutter analyze e test	Verificar aplicativo	2026-10-09T02:02:36.6811913Z The Shorebird Updater is unavailable in the current environment.
Flutter analyze e test	Verificar aplicativo	2026-10-09T02:02:36.6812825Z -------------------------------------------------------------------------------
Flutter analyze e test	Verificar aplicativo	2026-10-09T02:02:36.6813774Z This occurs when using pkg:shorebird_code_push in an app that does not
Flutter analyze e test	Verificar aplicativo	2026-10-09T02:02:36.6814782Z contain the Shorebird Engine. Most commonly this is due to building with
Flutter analyze e test	Verificar aplicativo	2026-10-09T02:02:36.6815857Z `flutter build` or `flutter run` instead of `shorebird release` or `shorebird preview`.
Flutter analyze e test	Verificar aplicativo	2026-10-09T02:02:36.6817105Z It can also occur when running on an unsupported platform (e.g. web).
Flutter analyze e test	Verificar aplicativo	2026-10-09T02:02:36.6817784Z 
Flutter analyze e test	Verificar aplicativo	2026-10-09T02:02:36.6818384Z ##[endgroup]
Flutter analyze e test	Verificar aplicativo	2026-10-09T02:02:36.9203526Z ##[group]✅ aviso de atualização acompanha as cores do tema escuro
Flutter analyze e test	Verificar aplicativo	2026-10-09T02:02:36.9204862Z -------------------------------------------------------------------------------
Flutter analyze e test	Verificar aplicativo	2026-10-09T02:02:36.9205859Z The Shorebird Updater is unavailable in the current environment.
Flutter analyze e test	Verificar aplicativo	2026-10-09T02:02:36.9207209Z -------------------------------------------------------------------------------
Flutter analyze e test	Verificar aplicativo	2026-10-09T02:02:36.9208760Z This occurs when using pkg:shorebird_code_push in an app that does not
Flutter analyze e test	Verificar aplicativo	2026-10-09T02:02:36.9209557Z contain the Shorebird Engine. Most commonly this is due to building with
Flutter analyze e test	Verificar aplicativo	2026-10-09T02:02:36.9210253Z `flutter build` or `flutter run` instead of `shorebird release` or `shorebird preview`.
Flutter analyze e test	Verificar aplicativo	2026-10-09T02:02:36.9210888Z It can also occur when running on an unsupported platform (e.g. web).
Flutter analyze e test	Verificar aplicativo	2026-10-09T02:02:36.9211301Z 
Flutter analyze e test	Verificar aplicativo	2026-10-09T02:02:36.9211588Z -------------------------------------------------------------------------------
Flutter analyze e test	Verificar aplicativo	2026-10-09T02:02:36.9212145Z The Shorebird Updater is unavailable in the current environment.
Flutter analyze e test	Verificar aplicativo	2026-10-09T02:02:36.9212754Z -------------------------------------------------------------------------------
Flutter analyze e test	Verificar aplicativo	2026-10-09T02:02:36.9213334Z This occurs when using pkg:shorebird_code_push in an app that does not
Flutter analyze e test	Verificar aplicativo	2026-10-09T02:02:36.9213948Z contain the Shorebird Engine. Most commonly this is due to building with
Flutter analyze e test	Verificar aplicativo	2026-10-09T02:02:36.9217332Z `flutter build` or `flutter run` instead of `shorebird release` or `shorebird preview`.
Flutter analyze e test	Verificar aplicativo	2026-10-09T02:02:36.9218370Z It can also occur when running on an unsupported platform (e.g. web).
Flutter analyze e test	Verificar aplicativo	2026-10-09T02:02:36.9219194Z 
Flutter analyze e test	Verificar aplicativo	2026-10-09T02:02:36.9219888Z ##[endgroup]
Flutter analyze e test	Verificar aplicativo	2026-10-09T02:02:37.0012775Z ##[group]✅ botão de tema funciona em tela estreita
Flutter analyze e test	Verificar aplicativo	2026-10-09T02:02:37.0017038Z -------------------------------------------------------------------------------
Flutter analyze e test	Verificar aplicativo	2026-10-09T02:02:37.0017850Z The Shorebird Updater is unavailable in the current environment.
Flutter analyze e test	Verificar aplicativo	2026-10-09T02:02:37.0018591Z -------------------------------------------------------------------------------
Flutter analyze e test	Verificar aplicativo	2026-10-09T02:02:37.0019364Z This occurs when using pkg:shorebird_code_push in an app that does not
Flutter analyze e test	Verificar aplicativo	2026-10-09T02:02:37.0020183Z contain the Shorebird Engine. Most commonly this is due to building with
Flutter analyze e test	Verificar aplicativo	2026-10-09T02:02:37.0021071Z `flutter build` or `flutter run` instead of `shorebird release` or `shorebird preview`.
Flutter analyze e test	Verificar aplicativo	2026-10-09T02:02:37.0021947Z It can also occur when running on an unsupported platform (e.g. web).
Flutter analyze e test	Verificar aplicativo	2026-10-09T02:02:37.0022463Z 
Flutter analyze e test	Verificar aplicativo	2026-10-09T02:02:37.0022744Z -------------------------------------------------------------------------------
Flutter analyze e test	Verificar aplicativo	2026-10-09T02:02:37.0023494Z The Shorebird Updater is unavailable in the current environment.
Flutter analyze e test	Verificar aplicativo	2026-10-09T02:02:37.0024206Z -------------------------------------------------------------------------------
Flutter analyze e test	Verificar aplicativo	2026-10-09T02:02:37.0024963Z This occurs when using pkg:shorebird_code_push in an app that does not
Flutter analyze e test	Verificar aplicativo	2026-10-09T02:02:37.0025764Z contain the Shorebird Engine. Most commonly this is due to building with
Flutter analyze e test	Verificar aplicativo	2026-10-09T02:02:37.0026879Z `flutter build` or `flutter run` instead of `shorebird release` or `shorebird preview`.
Flutter analyze e test	Verificar aplicativo	2026-10-09T02:02:37.0027748Z It can also occur when running on an unsupported platform (e.g. web).
Flutter analyze e test	Verificar aplicativo	2026-10-09T02:02:37.0028216Z 
Flutter analyze e test	Verificar aplicativo	2026-10-09T02:02:37.0028643Z ##[endgroup]
Flutter analyze e test	Verificar aplicativo	2026-10-09T02:02:37.0232242Z 
Flutter analyze e test	Verificar aplicativo	2026-10-09T02:02:37.0239458Z 🎉 5 tests passed.
Flutter analyze e test	Verificar contratos e bloqueios da esteira	﻿2026-10-09T02:02:37.1043828Z ##[group]Run python3 -m unittest discover -s tests/delivery -v
Flutter analyze e test	Verificar contratos e bloqueios da esteira	2026-10-09T02:02:37.1044336Z ^[[36;1mpython3 -m unittest discover -s tests/delivery -v^[[0m
Flutter analyze e test	Verificar contratos e bloqueios da esteira	2026-10-09T02:02:37.1109532Z shell: /usr/bin/bash -e {0}
Flutter analyze e test	Verificar contratos e bloqueios da esteira	2026-10-09T02:02:37.1109799Z ##[endgroup]
Flutter analyze e test	Verificar contratos e bloqueios da esteira	2026-10-09T02:02:37.4775684Z test_ai_failure_timeout_or_no_credit_use_commits_instead_of_pr_sections (test_changelog_summary.FrozenCommunicationTests.test_ai_failure_timeout_or_no_credit_use_commits_instead_of_pr_sections) ... ok
Flutter analyze e test	Verificar contratos e bloqueios da esteira	2026-10-09T02:02:37.4793524Z test_cli_writes_copies_and_does_not_modify_source_report (test_changelog_summary.FrozenCommunicationTests.test_cli_writes_copies_and_does_not_modify_source_report) ... ok
Flutter analyze e test	Verificar contratos e bloqueios da esteira	2026-10-09T02:02:37.4797626Z test_context_from_other_rc_or_changed_commit_interval_is_refused (test_changelog_summary.FrozenCommunicationTests.test_context_from_other_rc_or_changed_commit_interval_is_refused) ... ok
Flutter analyze e test	Verificar contratos e bloqueios da esteira	2026-10-09T02:02:37.4800419Z test_duplicate_sources_or_invalid_url_fail (test_changelog_summary.FrozenCommunicationTests.test_duplicate_sources_or_invalid_url_fail) ... ok
Flutter analyze e test	Verificar contratos e bloqueios da esteira	2026-10-09T02:02:37.4811346Z test_explicit_pr_sections_are_copied_without_technical_section (test_changelog_summary.FrozenCommunicationTests.test_explicit_pr_sections_are_copied_without_technical_section) ... ok
Flutter analyze e test	Verificar contratos e bloqueios da esteira	2026-10-09T02:02:37.4814338Z test_fractional_seconds_do_not_make_late_ai_result_look_early (test_changelog_summary.FrozenCommunicationTests.test_fractional_seconds_do_not_make_late_ai_result_look_early) ... ok
Flutter analyze e test	Verificar contratos e bloqueios da esteira	2026-10-09T02:02:37.4838059Z test_frozen_selection_cannot_be_replaced_without_hash_change (test_changelog_summary.FrozenCommunicationTests.test_frozen_selection_cannot_be_replaced_without_hash_change) ... ok
Flutter analyze e test	Verificar contratos e bloqueios da esteira	2026-10-09T02:02:37.4844306Z test_late_result_is_evidence_only_even_if_it_arrives_during_revision (test_changelog_summary.FrozenCommunicationTests.test_late_result_is_evidence_only_even_if_it_arrives_during_revision) ... ok
Flutter analyze e test	Verificar contratos e bloqueios da esteira	2026-10-09T02:02:37.4874404Z test_legitimate_long_or_control_character_commit_history_never_blocks_freeze (test_changelog_summary.FrozenCommunicationTests.test_legitimate_long_or_control_character_commit_history_never_blocks_freeze) ... ok
Flutter analyze e test	Verificar contratos e bloqueios da esteira	2026-10-09T02:02:37.4886524Z test_long_commit_history_is_bounded_and_links_back_to_full_report (test_changelog_summary.FrozenCommunicationTests.test_long_commit_history_is_bounded_and_links_back_to_full_report) ... ok
Flutter analyze e test	Verificar contratos e bloqueios da esteira	2026-10-09T02:02:37.4891810Z test_missing_timestamp_invalid_sources_or_metadata_are_fallback (test_changelog_summary.FrozenCommunicationTests.test_missing_timestamp_invalid_sources_or_metadata_are_fallback) ... ok
Flutter analyze e test	Verificar contratos e bloqueios da esteira	2026-10-09T02:02:37.4894037Z test_no_context_is_immediate_commit_fallback (test_changelog_summary.FrozenCommunicationTests.test_no_context_is_immediate_commit_fallback) ... ok
Flutter analyze e test	Verificar contratos e bloqueios da esteira	2026-10-09T02:02:37.4895946Z test_old_rc_result_never_attaches_to_new_rc (test_changelog_summary.FrozenCommunicationTests.test_old_rc_result_never_attaches_to_new_rc) ... ok
Flutter analyze e test	Verificar contratos e bloqueios da esteira	2026-10-09T02:02:37.4908372Z test_oversized_pr_sections_fall_back_without_dropping_limitations (test_changelog_summary.FrozenCommunicationTests.test_oversized_pr_sections_fall_back_without_dropping_limitations) ... ok
Flutter analyze e test	Verificar contratos e bloqueios da esteira	2026-10-09T02:02:37.4910745Z test_source_edit_after_collect_does_not_mutate_snapshot (test_changelog_summary.FrozenCommunicationTests.test_source_edit_after_collect_does_not_mutate_snapshot) ... ok
Flutter analyze e test	Verificar contratos e bloqueios da esteira	2026-10-09T02:02:37.4912910Z test_tampered_source_description_fails_hash_verification (test_changelog_summary.FrozenCommunicationTests.test_tampered_source_description_fails_hash_verification) ... ok
Flutter analyze e test	Verificar contratos e bloqueios da esteira	2026-10-09T02:02:37.4915090Z test_technical_title_is_not_rewritten_as_a_product_claim (test_changelog_summary.FrozenCommunicationTests.test_technical_title_is_not_rewritten_as_a_product_claim) ... ok
Flutter analyze e test	Verificar contratos e bloqueios da esteira	2026-10-09T02:02:37.4917663Z test_valid_result_requires_exact_identity_sources_and_provider_metadata (test_changelog_summary.FrozenCommunicationTests.test_valid_result_requires_exact_identity_sources_and_provider_metadata) ... ok
Flutter analyze e test	Verificar contratos e bloqueios da esteira	2026-10-09T02:02:37.4929415Z test_available_context_read_is_bounded_and_linked_to_same_run (test_changelog_summary.OpportunisticArtifactTests.test_available_context_read_is_bounded_and_linked_to_same_run) ... ok
Flutter analyze e test	Verificar contratos e bloqueios da esteira	2026-10-09T02:02:37.4937603Z test_different_run_or_expired_or_oversized_metadata_prevent_download (test_changelog_summary.OpportunisticArtifactTests.test_different_run_or_expired_or_oversized_metadata_prevent_download) ... ok
Flutter analyze e test	Verificar contratos e bloqueios da esteira	2026-10-09T02:02:37.4940072Z test_missing_artifact_never_polls_or_downloads (test_changelog_summary.OpportunisticArtifactTests.test_missing_artifact_never_polls_or_downloads) ... ok
Flutter analyze e test	Verificar contratos e bloqueios da esteira	2026-10-09T02:02:37.4942729Z test_request_cannot_select_another_artifact_or_unbounded_timeout (test_changelog_summary.OpportunisticArtifactTests.test_request_cannot_select_another_artifact_or_unbounded_timeout) ... ok
Flutter analyze e test	Verificar contratos e bloqueios da esteira	2026-10-09T02:02:37.4945262Z test_timeout_is_fallback_not_delivery_exception (test_changelog_summary.OpportunisticArtifactTests.test_timeout_is_fallback_not_delivery_exception) ... ok
Flutter analyze e test	Verificar contratos e bloqueios da esteira	2026-10-09T02:02:37.4968664Z test_traversal_duplicate_context_or_zip_bomb_are_refused_without_extracting (test_changelog_summary.OpportunisticArtifactTests.test_traversal_duplicate_context_or_zip_bomb_are_refused_without_extracting) ... ok
Flutter analyze e test	Verificar contratos e bloqueios da esteira	2026-10-09T02:02:37.4974322Z test_api_timeout_preserves_commits_without_retaining_token_stderr (test_changelog_summary.OptionalCollectionTests.test_api_timeout_preserves_commits_without_retaining_token_stderr) ... ok
Flutter analyze e test	Verificar contratos e bloqueios da esteira	2026-10-09T02:02:37.4998473Z test_cli_collector_writes_context_without_touching_candidate (test_changelog_summary.OptionalCollectionTests.test_cli_collector_writes_context_without_touching_candidate) ... ok
Flutter analyze e test	Verificar contratos e bloqueios da esteira	2026-10-09T02:02:37.5007876Z test_collector_enforces_total_budget_without_waiting_for_other_commits (test_changelog_summary.OptionalCollectionTests.test_collector_enforces_total_budget_without_waiting_for_other_commits) ... ok
Flutter analyze e test	Verificar contratos e bloqueios da esteira	2026-10-09T02:02:37.5010230Z test_collects_only_merged_pr_in_exact_commit_interval (test_changelog_summary.OptionalCollectionTests.test_collects_only_merged_pr_in_exact_commit_interval) ... ok
Flutter analyze e test	Verificar contratos e bloqueios da esteira	2026-10-09T02:02:37.5026998Z test_existing_capture_never_overwritten (test_collect_evidence.CollectorTests.test_existing_capture_never_overwritten) ... ok
Flutter analyze e test	Verificar contratos e bloqueios da esteira	2026-10-09T02:02:37.5039990Z test_log_error_keeps_bytes_and_marks_partial (test_collect_evidence.CollectorTests.test_log_error_keeps_bytes_and_marks_partial) ... ok
Flutter analyze e test	Verificar contratos e bloqueios da esteira	2026-10-09T02:02:37.5051555Z test_original_failure_and_ansi_preserved_without_claiming_scenario_pass (test_collect_evidence.CollectorTests.test_original_failure_and_ansi_preserved_without_claiming_scenario_pass) ... ok
Flutter analyze e test	Verificar contratos e bloqueios da esteira	2026-10-09T02:02:37.5053981Z test_other_repository_or_non_numeric_run_refused_before_io (test_collect_evidence.CollectorTests.test_other_repository_or_non_numeric_run_refused_before_io) ... ok
Flutter analyze e test	Verificar contratos e bloqueios da esteira	2026-10-09T02:02:37.5063055Z test_pending_job_not_queried_for_unavailable_log (test_collect_evidence.CollectorTests.test_pending_job_not_queried_for_unavailable_log) ... ok
Flutter analyze e test	Verificar contratos e bloqueios da esteira	2026-10-09T02:02:37.5111139Z test_admin_bypass_divergence_remains_blocked_without_overwriting (test_configure_release_lab.ConfigureIdempotenceTests.test_admin_bypass_divergence_remains_blocked_without_overwriting) ... ok
Flutter analyze e test	Verificar contratos e bloqueios da esteira	2026-10-09T02:02:37.5146114Z test_real_required_review_count_divergence_remains_blocked_without_overwriting (test_configure_release_lab.ConfigureIdempotenceTests.test_real_required_review_count_divergence_remains_blocked_without_overwriting) ... ok
Flutter analyze e test	Verificar contratos e bloqueios da esteira	2026-10-09T02:02:37.5184552Z test_repeated_configuration_accepts_safe_github_defaults_without_creating_more_rulesets (test_configure_release_lab.ConfigureIdempotenceTests.test_repeated_configuration_accepts_safe_github_defaults_without_creating_more_rulesets) ... ok
Flutter analyze e test	Verificar contratos e bloqueios da esteira	2026-10-09T02:02:37.5219772Z test_unexpected_required_reviewer_defaults_are_not_silently_ignored (test_configure_release_lab.ConfigureIdempotenceTests.test_unexpected_required_reviewer_defaults_are_not_silently_ignored) ... ok
Flutter analyze e test	Verificar contratos e bloqueios da esteira	2026-10-09T02:02:37.5253775Z test_unsafe_extra_approval_default_is_not_treated_as_safe_normalization (test_configure_release_lab.ConfigureIdempotenceTests.test_unsafe_extra_approval_default_is_not_treated_as_safe_normalization) ... ok
Flutter analyze e test	Verificar contratos e bloqueios da esteira	2026-10-09T02:02:37.8340101Z test_creates_one_verified_object_and_ref_with_owner_audit_without_state_writes (test_create_lab_tag.CreateLabTagTests.test_creates_one_verified_object_and_ref_with_owner_audit_without_state_writes) ... ok
Flutter analyze e test	Verificar contratos e bloqueios da esteira	2026-10-09T02:02:38.1116024Z test_existing_exact_tag_is_read_only_idempotent (test_create_lab_tag.CreateLabTagTests.test_existing_exact_tag_is_read_only_idempotent) ... ok
Flutter analyze e test	Verificar contratos e bloqueios da esteira	2026-10-09T02:02:38.3839770Z test_existing_wrong_tag_is_never_replaced (test_create_lab_tag.CreateLabTagTests.test_existing_wrong_tag_is_never_replaced) ... ok
Flutter analyze e test	Verificar contratos e bloqueios da esteira	2026-10-09T02:02:38.6563767Z test_lost_ref_reply_manual_get_confirms_existing_tag_without_another_post (test_create_lab_tag.CreateLabTagTests.test_lost_ref_reply_manual_get_confirms_existing_tag_without_another_post) ... ok
Flutter analyze e test	Verificar contratos e bloqueios da esteira	2026-10-09T02:02:38.9284930Z test_lost_tag_object_reply_preserves_uncertainty_without_creating_ref_or_retry (test_create_lab_tag.CreateLabTagTests.test_lost_tag_object_reply_preserves_uncertainty_without_creating_ref_or_retry) ... ok
Flutter analyze e test	Verificar contratos e bloqueios da esteira	2026-10-09T02:02:39.1806949Z test_spec_cannot_substitute_another_manifest_hash (test_create_lab_tag.CreateLabTagTests.test_spec_cannot_substitute_another_manifest_hash) ... ok
Flutter analyze e test	Verificar contratos e bloqueios da esteira	2026-10-09T02:02:39.4853668Z test_tampered_source_message_ref_identity_and_extra_field_never_mutate (test_create_lab_tag.CreateLabTagTests.test_tampered_source_message_ref_identity_and_extra_field_never_mutate) ... ok
Flutter analyze e test	Verificar contratos e bloqueios da esteira	2026-10-09T02:02:39.7386999Z test_unprotected_namespace_blocks_before_any_post (test_create_lab_tag.CreateLabTagTests.test_unprotected_namespace_blocks_before_any_post) ... ok
Flutter analyze e test	Verificar contratos e bloqueios da esteira	2026-10-09T02:02:39.9782256Z test_user_api_error_is_sanitized_and_never_echoes_cli_stderr (test_create_lab_tag.CreateLabTagTests.test_user_api_error_is_sanitized_and_never_echoes_cli_stderr) ... ok
Flutter analyze e test	Verificar contratos e bloqueios da esteira	2026-10-09T02:02:40.2196774Z test_wrong_owner_login_or_id_and_actions_identity_are_rejected (test_create_lab_tag.CreateLabTagTests.test_wrong_owner_login_or_id_and_actions_identity_are_rejected) ... ok
Flutter analyze e test	Verificar contratos e bloqueios da esteira	2026-10-09T02:02:40.4729792Z test_wrong_tag_object_reply_blocks_ref_and_keeps_uncertain_checkpoint (test_create_lab_tag.CreateLabTagTests.test_wrong_tag_object_reply_blocks_ref_and_keeps_uncertain_checkpoint) ... ok
Flutter analyze e test	Verificar contratos e bloqueios da esteira	2026-10-09T02:02:40.4750530Z test_legacy_signature_and_first_baseline_remain_supported (test_github_candidate.CandidateTests.test_legacy_signature_and_first_baseline_remain_supported) ... ok
Flutter analyze e test	Verificar contratos e bloqueios da esteira	2026-10-09T02:02:40.4755734Z test_missing_baseline_and_invalid_delivery_reject_without_remote_access (test_github_candidate.CandidateTests.test_missing_baseline_and_invalid_delivery_reject_without_remote_access) ... ok
Flutter analyze e test	Verificar contratos e bloqueios da esteira	2026-10-09T02:02:40.4799427Z test_namespace_rules_are_required_before_any_mutation (test_github_candidate.CandidateTests.test_namespace_rules_are_required_before_any_mutation) ... ok
Flutter analyze e test	Verificar contratos e bloqueios da esteira	2026-10-09T02:02:40.4811825Z test_neutral_rc_and_release_branch_bind_exact_snapshot (test_github_candidate.CandidateTests.test_neutral_rc_and_release_branch_bind_exact_snapshot) ... ok
Flutter analyze e test	Verificar contratos e bloqueios da esteira	2026-10-09T02:02:40.4823361Z test_open_candidate_blocks_new_rc_without_mutations (test_github_candidate.CandidateTests.test_open_candidate_blocks_new_rc_without_mutations) ... ok
Flutter analyze e test	Verificar contratos e bloqueios da esteira	2026-10-09T02:02:40.4837104Z test_rc2_fixes_release_without_using_new_main_or_rc1_as_baseline (test_github_candidate.CandidateTests.test_rc2_fixes_release_without_using_new_main_or_rc1_as_baseline) ... ok
Flutter analyze e test	Verificar contratos e bloqueios da esteira	2026-10-09T02:02:40.4844105Z test_unrelated_release_snapshot_cannot_force_push (test_github_candidate.CandidateTests.test_unrelated_release_snapshot_cannot_force_push) ... ok
Flutter analyze e test	Verificar contratos e bloqueios da esteira	2026-10-09T02:02:40.4850557Z test_adds_neutral_rule_without_replacing_legacy_or_weakening_two_reviews (test_github_candidate.ConfigureTests.test_adds_neutral_rule_without_replacing_legacy_or_weakening_two_reviews) ... ok
Flutter analyze e test	Verificar contratos e bloqueios da esteira	2026-10-09T02:02:40.4853636Z test_conflicting_existing_rule_causes_no_mutations (test_github_candidate.ConfigureTests.test_conflicting_existing_rule_causes_no_mutations) ... ok
Flutter analyze e test	Verificar contratos e bloqueios da esteira	2026-10-09T02:02:40.4865967Z test_delivery_identity_mismatch_rejects_before_tag_read (test_github_candidate.InspectTests.test_delivery_identity_mismatch_rejects_before_tag_read) ... ok
Flutter analyze e test	Verificar contratos e bloqueios da esteira	2026-10-09T02:02:40.4877550Z test_neutral_manifest_preserves_real_review_gate_and_fixed_snapshot (test_github_candidate.InspectTests.test_neutral_manifest_preserves_real_review_gate_and_fixed_snapshot) ... ok
Flutter analyze e test	Verificar contratos e bloqueios da esteira	2026-10-09T02:02:40.4892044Z test_original_snapshot_cannot_replace_corrected_snapshot (test_github_candidate.InspectTests.test_original_snapshot_cannot_replace_corrected_snapshot) ... ok
Flutter analyze e test	Verificar contratos e bloqueios da esteira	2026-10-09T02:02:40.4894109Z test_old_rc_cannot_publish_after_newer_tag_exists (test_github_candidate.RealApprovalBoundaryTests.test_old_rc_cannot_publish_after_newer_tag_exists) ... ok
Flutter analyze e test	Verificar contratos e bloqueios da esteira	2026-10-09T02:02:40.4909130Z test_rc_created_during_asset_upload_leaves_release_in_draft (test_github_candidate.RealApprovalBoundaryTests.test_rc_created_during_asset_upload_leaves_release_in_draft) ... ok
Flutter analyze e test	Verificar contratos e bloqueios da esteira	2026-10-09T02:02:40.4911372Z test_simulated_required_names_do_not_count_as_real_reviews (test_github_candidate.RealApprovalBoundaryTests.test_simulated_required_names_do_not_count_as_real_reviews) ... ok
Flutter analyze e test	Verificar contratos e bloqueios da esteira	2026-10-09T02:02:40.4913484Z test_two_reviews_only_release_the_manual_command (test_github_candidate.RealApprovalBoundaryTests.test_two_reviews_only_release_the_manual_command) ... ok
Flutter analyze e test	Verificar contratos e bloqueios da esteira	2026-10-09T02:02:40.7894619Z test_asset_id_drift_after_effect_prevents_success_confirmation (test_github_lab_promote.GitHubLabPromoteTests.test_asset_id_drift_after_effect_prevents_success_confirmation) ... ok
Flutter analyze e test	Verificar contratos e bloqueios da esteira	2026-10-09T02:02:41.1107616Z test_asset_id_replaced_before_patch_fails_even_with_identical_digest (test_github_lab_promote.GitHubLabPromoteTests.test_asset_id_replaced_before_patch_fails_even_with_identical_digest) ... ok
Flutter analyze e test	Verificar contratos e bloqueios da esteira	2026-10-09T02:02:41.4083858Z test_comment_identity_and_dates_cannot_claim_other_issue (test_github_lab_promote.GitHubLabPromoteTests.test_comment_identity_and_dates_cannot_claim_other_issue) ... ok
Flutter analyze e test	Verificar contratos e bloqueios da esteira	2026-10-09T02:02:41.7194042Z test_comment_pagination_limit_duplicate_ids_and_invalid_ids_fail_closed (test_github_lab_promote.GitHubLabPromoteTests.test_comment_pagination_limit_duplicate_ids_and_invalid_ids_fail_closed) ... ok
Flutter analyze e test	Verificar contratos e bloqueios da esteira	2026-10-09T02:02:42.0137334Z test_deleted_selected_approval_is_not_accepted (test_github_lab_promote.GitHubLabPromoteTests.test_deleted_selected_approval_is_not_accepted) ... ok
Flutter analyze e test	Verificar contratos e bloqueios da esteira	2026-10-09T02:02:42.3106638Z test_edited_latest_command_invalidates_earlier_approval (test_github_lab_promote.GitHubLabPromoteTests.test_edited_latest_command_invalidates_earlier_approval) ... ok
Flutter analyze e test	Verificar contratos e bloqueios da esteira	2026-10-09T02:02:42.6064095Z test_harmless_download_count_changes_do_not_block_promotion (test_github_lab_promote.GitHubLabPromoteTests.test_harmless_download_count_changes_do_not_block_promotion) ... ok
Flutter analyze e test	Verificar contratos e bloqueios da esteira	2026-10-09T02:02:42.9650419Z test_issue_must_be_open_owner_assigned_exact_record_and_not_a_pr (test_github_lab_promote.GitHubLabPromoteTests.test_issue_must_be_open_owner_assigned_exact_record_and_not_a_pr) ... ok
Flutter analyze e test	Verificar contratos e bloqueios da esteira	2026-10-09T02:02:43.2630801Z test_latest_owner_decisive_comment_wins_by_id (test_github_lab_promote.GitHubLabPromoteTests.test_latest_owner_decisive_comment_wins_by_id) ... ok
Flutter analyze e test	Verificar contratos e bloqueios da esteira	2026-10-09T02:02:43.5960665Z test_missing_draft_changed_release_tag_or_asset_is_blocked (test_github_lab_promote.GitHubLabPromoteTests.test_missing_draft_changed_release_tag_or_asset_is_blocked) ... ok
Flutter analyze e test	Verificar contratos e bloqueios da esteira	2026-10-09T02:02:43.8911387Z test_newer_edited_owner_comment_cannot_resurrect_older_approval (test_github_lab_promote.GitHubLabPromoteTests.test_newer_edited_owner_comment_cannot_resurrect_older_approval) ... ok
Flutter analyze e test	Verificar contratos e bloqueios da esteira	2026-10-09T02:02:44.1973854Z test_old_owner_comment_edited_after_approval_requires_new_decision (test_github_lab_promote.GitHubLabPromoteTests.test_old_owner_comment_edited_after_approval_requires_new_decision) ... ok
Flutter analyze e test	Verificar contratos e bloqueios da esteira	2026-10-09T02:02:44.4910211Z test_only_exact_owner_user_command_without_simulation_counts (test_github_lab_promote.GitHubLabPromoteTests.test_only_exact_owner_user_command_without_simulation_counts) ... ok
Flutter analyze e test	Verificar contratos e bloqueios da esteira	2026-10-09T02:02:44.7672633Z test_owner_workflow_branch_and_actor_numeric_id_required (test_github_lab_promote.GitHubLabPromoteTests.test_owner_workflow_branch_and_actor_numeric_id_required) ... ok
Flutter analyze e test	Verificar contratos e bloqueios da esteira	2026-10-09T02:02:45.0916606Z test_plan_after_revocation_reports_stable_history_without_rewriting (test_github_lab_promote.GitHubLabPromoteTests.test_plan_after_revocation_reports_stable_history_without_rewriting) ... ok
Flutter analyze e test	Verificar contratos e bloqueios da esteira	2026-10-09T02:02:45.3721085Z test_plan_without_approval_is_read_only_and_awaits_real_issue_review (test_github_lab_promote.GitHubLabPromoteTests.test_plan_without_approval_is_read_only_and_awaits_real_issue_review) ... ok
Flutter analyze e test	Verificar contratos e bloqueios da esteira	2026-10-09T02:02:45.6682581Z test_promotion_preserves_same_id_tag_source_asset_ids_and_bytes (test_github_lab_promote.GitHubLabPromoteTests.test_promotion_preserves_same_id_tag_source_asset_ids_and_bytes) ... ok
Flutter analyze e test	Verificar contratos e bloqueios da esteira	2026-10-09T02:02:45.9902433Z test_repeat_after_promotion_verifies_same_receipt_without_remote_writes (test_github_lab_promote.GitHubLabPromoteTests.test_repeat_after_promotion_verifies_same_receipt_without_remote_writes) ... ok
Flutter analyze e test	Verificar contratos e bloqueios da esteira	2026-10-09T02:02:46.2831938Z test_review_revoke_or_issue_edit_during_recheck_blocks_only_patch (test_github_lab_promote.GitHubLabPromoteTests.test_review_revoke_or_issue_edit_during_recheck_blocks_only_patch) ... ok
Flutter analyze e test	Verificar contratos e bloqueios da esteira	2026-10-09T02:02:46.6120367Z test_revoked_candidate_during_recheck_blocks_promotion (test_github_lab_promote.GitHubLabPromoteTests.test_revoked_candidate_during_recheck_blocks_promotion) ... ok
Flutter analyze e test	Verificar contratos e bloqueios da esteira	2026-10-09T02:02:46.9292767Z test_uncertain_promotion_reply_recovers_on_next_manual_run_without_retry (test_github_lab_promote.GitHubLabPromoteTests.test_uncertain_promotion_reply_recovers_on_next_manual_run_without_retry) ... ok
Flutter analyze e test	Verificar contratos e bloqueios da esteira	2026-10-09T02:02:47.2125471Z test_wrong_manifest_hash_never_promotes (test_github_lab_promote.GitHubLabPromoteTests.test_wrong_manifest_hash_never_promotes) ... ok
Flutter analyze e test	Verificar contratos e bloqueios da esteira	2026-10-09T02:02:47.5072027Z test_ambiguous_upload_is_not_retried_and_manual_run_recovers_same_draft (test_github_lab_release.GitHubLabReleaseTests.test_ambiguous_upload_is_not_retried_and_manual_run_recovers_same_draft) ... ok
Flutter analyze e test	Verificar contratos e bloqueios da esteira	2026-10-09T02:02:47.7911970Z test_lost_publication_reply_preserves_checkpoint_then_manual_read_confirms (test_github_lab_release.GitHubLabReleaseTests.test_lost_publication_reply_preserves_checkpoint_then_manual_read_confirms) ... ok
Flutter analyze e test	Verificar contratos e bloqueios da esteira	2026-10-09T02:02:48.0261460Z test_owner_repository_main_workflow_and_triggering_identity_gates (test_github_lab_release.GitHubLabReleaseTests.test_owner_repository_main_workflow_and_triggering_identity_gates) ... ok
Flutter analyze e test	Verificar contratos e bloqueios da esteira	2026-10-09T02:02:48.2608578Z test_plan_has_no_effects_or_database_assets_and_labels_two_simulated_zero_real (test_github_lab_release.GitHubLabReleaseTests.test_plan_has_no_effects_or_database_assets_and_labels_two_simulated_zero_real) ... ok
Flutter analyze e test	Verificar contratos e bloqueios da esteira	2026-10-09T02:02:48.5315711Z test_publish_draft_uploads_confirmed_assets_then_records_prerelease (test_github_lab_release.GitHubLabReleaseTests.test_publish_draft_uploads_confirmed_assets_then_records_prerelease) ... ok
Flutter analyze e test	Verificar contratos e bloqueios da esteira	2026-10-09T02:02:48.7977743Z test_publish_requires_existing_owner_tag_and_existing_protection (test_github_lab_release.GitHubLabReleaseTests.test_publish_requires_existing_owner_tag_and_existing_protection) ... ok
Flutter analyze e test	Verificar contratos e bloqueios da esteira	2026-10-09T02:02:49.0858897Z test_published_matching_identity_is_read_only_idempotent_across_runs (test_github_lab_release.GitHubLabReleaseTests.test_published_matching_identity_is_read_only_idempotent_across_runs) ... ok
Flutter analyze e test	Verificar contratos e bloqueios da esteira	2026-10-09T02:02:50.1113759Z test_real_gh_stdin_upload_requires_explicit_byte_length_and_preserves_bytes (test_github_lab_release.GitHubLabReleaseTests.test_real_gh_stdin_upload_requires_explicit_byte_length_and_preserves_bytes) ... ok
Flutter analyze e test	Verificar contratos e bloqueios da esteira	2026-10-09T02:02:50.4119954Z test_revocation_during_upload_keeps_draft_unpublished (test_github_lab_release.GitHubLabReleaseTests.test_revocation_during_upload_keeps_draft_unpublished) ... ok
Flutter analyze e test	Verificar contratos e bloqueios da esteira	2026-10-09T02:02:50.6836072Z test_unsafe_zip_or_wrong_zip_bytes_are_rejected_before_release_creation (test_github_lab_release.GitHubLabReleaseTests.test_unsafe_zip_or_wrong_zip_bytes_are_rejected_before_release_creation) ... ok
Flutter analyze e test	Verificar contratos e bloqueios da esteira	2026-10-09T02:02:50.9088303Z test_upload_uses_absolute_github_uploads_url_and_sanitizes_cli_errors (test_github_lab_release.GitHubLabReleaseTests.test_upload_uses_absolute_github_uploads_url_and_sanitizes_cli_errors) ... ok
Flutter analyze e test	Verificar contratos e bloqueios da esteira	2026-10-09T02:02:51.1790183Z test_wrong_existing_draft_asset_fails_without_overwrite_or_delete (test_github_lab_release.GitHubLabReleaseTests.test_wrong_existing_draft_asset_fails_without_overwrite_or_delete) ... ok
Flutter analyze e test	Verificar contratos e bloqueios da esteira	2026-10-09T02:02:51.4656941Z test_wrong_manifest_hash_source_tree_and_missing_simulated_approval_fail (test_github_lab_release.GitHubLabReleaseTests.test_wrong_manifest_hash_source_tree_and_missing_simulated_approval_fail) ... ok
Flutter analyze e test	Verificar contratos e bloqueios da esteira	2026-10-09T02:02:51.7341683Z test_wrong_tag_source_or_annotation_is_never_overwritten (test_github_lab_release.GitHubLabReleaseTests.test_wrong_tag_source_or_annotation_is_never_overwritten) ... ok
Flutter analyze e test	Verificar contratos e bloqueios da esteira	2026-10-09T02:02:52.1505976Z test_abandon_refuses_confirmed_or_unknown_effect_in_same_provider (test_lab_engine.LaboratoryTests.test_abandon_refuses_confirmed_or_unknown_effect_in_same_provider) ... ok
Flutter analyze e test	Verificar contratos e bloqueios da esteira	2026-10-09T02:02:52.4737694Z test_audit_history_and_manifests_are_immutable_and_seed_cannot_reset_production (test_lab_engine.LaboratoryTests.test_audit_history_and_manifests_are_immutable_and_seed_cannot_reset_production) ... ok
Flutter analyze e test	Verificar contratos e bloqueios da esteira	2026-10-09T02:02:52.7728063Z test_concurrent_preparations_leave_exactly_one_active_candidate (test_lab_engine.LaboratoryTests.test_concurrent_preparations_leave_exactly_one_active_candidate) ... ok
Flutter analyze e test	Verificar contratos e bloqueios da esteira	2026-10-09T02:02:53.1642763Z test_failure_after_effect_but_before_receipt_record_is_reconciled (test_lab_engine.LaboratoryTests.test_failure_after_effect_but_before_receipt_record_is_reconciled) ... ok
Flutter analyze e test	Verificar contratos e bloqueios da esteira	2026-10-09T02:02:53.5025881Z test_final_command_does_not_follow_advanced_branch_and_is_repeatable (test_lab_engine.LaboratoryTests.test_final_command_does_not_follow_advanced_branch_and_is_repeatable) ... ok
Flutter analyze e test	Verificar contratos e bloqueios da esteira	2026-10-09T02:02:53.8494097Z test_missing_base_evidence_and_native_change_block_publication (test_lab_engine.LaboratoryTests.test_missing_base_evidence_and_native_change_block_publication) ... ok
Flutter analyze e test	Verificar contratos e bloqueios da esteira	2026-10-09T02:02:54.2428635Z test_provider_warning_blocks_and_never_falls_back_to_store (test_lab_engine.LaboratoryTests.test_provider_warning_blocks_and_never_falls_back_to_store) ... ok
Flutter analyze e test	Verificar contratos e bloqueios da esteira	2026-10-09T02:02:54.8822393Z test_queue_revisions_replace_queued_rc_and_old_production_requires_new_rc (test_lab_engine.LaboratoryTests.test_queue_revisions_replace_queued_rc_and_old_production_requires_new_rc) ... ok
Flutter analyze e test	Verificar contratos e bloqueios da esteira	2026-10-09T02:02:55.1743650Z test_recovery_cannot_switch_provider_to_claim_no_effects_or_repeat (test_lab_engine.LaboratoryTests.test_recovery_cannot_switch_provider_to_claim_no_effects_or_repeat) ... ok
Flutter analyze e test	Verificar contratos e bloqueios da esteira	2026-10-09T02:02:55.5522802Z test_reopened_database_preserves_roles_gate_and_explicit_final_command (test_lab_engine.LaboratoryTests.test_reopened_database_preserves_roles_gate_and_explicit_final_command) ... ok
Flutter analyze e test	Verificar contratos e bloqueios da esteira	2026-10-09T02:02:55.7444467Z test_request_ids_are_idempotent_and_payload_bound (test_lab_engine.LaboratoryTests.test_request_ids_are_idempotent_and_payload_bound) ... ok
Flutter analyze e test	Verificar contratos e bloqueios da esteira	2026-10-09T02:02:56.0693551Z test_revision_invalidates_old_hash_and_zeroes_approvals (test_lab_engine.LaboratoryTests.test_revision_invalidates_old_hash_and_zeroes_approvals) ... ok
Flutter analyze e test	Verificar contratos e bloqueios da esteira	2026-10-09T02:02:56.4540197Z test_source_older_than_confirmed_production_is_rejected (test_lab_engine.LaboratoryTests.test_source_older_than_confirmed_production_is_rejected) ... ok
Flutter analyze e test	Verificar contratos e bloqueios da esteira	2026-10-09T02:02:56.7124452Z test_tampered_preview_wrong_identity_and_destination_reduction_block (test_lab_engine.LaboratoryTests.test_tampered_preview_wrong_identity_and_destination_reduction_block) ... ok
Flutter analyze e test	Verificar contratos e bloqueios da esteira	2026-10-09T02:02:57.1355378Z test_timeout_requires_lookup_before_resume_and_does_not_duplicate (test_lab_engine.LaboratoryTests.test_timeout_requires_lookup_before_resume_and_does_not_duplicate) ... ok
Flutter analyze e test	Verificar contratos e bloqueios da esteira	2026-10-09T02:02:57.5924195Z test_two_publishers_cannot_run_and_revocation_stops_remaining_destinations (test_lab_engine.LaboratoryTests.test_two_publishers_cannot_run_and_revocation_stops_remaining_destinations) ... ok
Flutter analyze e test	Verificar contratos e bloqueios da esteira	2026-10-09T02:02:57.9995021Z test_urgency_is_blocked_until_partial_result_is_reconciled (test_lab_engine.LaboratoryTests.test_urgency_is_blocked_until_partial_result_is_reconciled) ... ok
Flutter analyze e test	Verificar contratos e bloqueios da esteira	2026-10-09T02:02:58.5836449Z test_urgent_fix_excludes_main_features_then_reintegration_gets_new_approvals (test_lab_engine.LaboratoryTests.test_urgent_fix_excludes_main_features_then_reintegration_gets_new_approvals) ... ok
Flutter analyze e test	Verificar contratos e bloqueios da esteira	2026-10-09T02:02:58.5862844Z test_android_packages_exact_snapshot_and_records_no_distribution_or_patch (test_mobile_build.MobileBuildTests.test_android_packages_exact_snapshot_and_records_no_distribution_or_patch) ... ok
Flutter analyze e test	Verificar contratos e bloqueios da esteira	2026-10-09T02:02:58.5878730Z test_build_cannot_package_artifact_left_by_prior_attempt (test_mobile_build.MobileBuildTests.test_build_cannot_package_artifact_left_by_prior_attempt) ... ok
Flutter analyze e test	Verificar contratos e bloqueios da esteira	2026-10-09T02:02:58.5881270Z test_build_flags_are_fixed_and_defines_are_arguments_without_shell (test_mobile_build.MobileBuildTests.test_build_flags_are_fixed_and_defines_are_arguments_without_shell) ... ok
Flutter analyze e test	Verificar contratos e bloqueios da esteira	2026-10-09T02:02:58.5890456Z test_bundle_cannot_reference_files_outside_itself (test_mobile_build.MobileBuildTests.test_bundle_cannot_reference_files_outside_itself) ... ok
Flutter analyze e test	Verificar contratos e bloqueios da esteira	2026-10-09T02:02:58.5901798Z test_compiler_error_produces_no_metadata (test_mobile_build.MobileBuildTests.test_compiler_error_produces_no_metadata) ... ok
Flutter analyze e test	Verificar contratos e bloqueios da esteira	2026-10-09T02:02:58.5909915Z test_ios_linux_runner_is_rejected (test_mobile_build.MobileBuildTests.test_ios_linux_runner_is_rejected) ... ok
Flutter analyze e test	Verificar contratos e bloqueios da esteira	2026-10-09T02:02:58.5944844Z test_ios_without_codesign_packages_xcarchive_and_does_not_claim_ipa (test_mobile_build.MobileBuildTests.test_ios_without_codesign_packages_xcarchive_and_does_not_claim_ipa) ... ok
Flutter analyze e test	Verificar contratos e bloqueios da esteira	2026-10-09T02:02:58.5953353Z test_mutable_ref_and_wrong_checkout_never_start_compiler (test_mobile_build.MobileBuildTests.test_mutable_ref_and_wrong_checkout_never_start_compiler) ... ok
Flutter analyze e test	Verificar contratos e bloqueios da esteira	2026-10-09T02:02:58.5960333Z test_tools_checkout_must_match_the_caller_commit (test_mobile_build.MobileBuildTests.test_tools_checkout_must_match_the_caller_commit) ... ok
Flutter analyze e test	Verificar contratos e bloqueios da esteira	2026-10-09T02:02:58.5979089Z test_tracked_change_during_build_invalidates_result (test_mobile_build.MobileBuildTests.test_tracked_change_during_build_invalidates_result) ... ok
Flutter analyze e test	Verificar contratos e bloqueios da esteira	2026-10-09T02:02:58.5998014Z test_wrong_sdk_version_or_revision_blocks_build (test_mobile_build.MobileBuildTests.test_wrong_sdk_version_or_revision_blocks_build) ... ok
Flutter analyze e test	Verificar contratos e bloqueios da esteira	2026-10-09T02:02:58.6603940Z test_delivery_is_visible_separately_from_app_metadata (test_pages_preview.PagesPreviewTests.test_delivery_is_visible_separately_from_app_metadata) ... ok
Flutter analyze e test	Verificar contratos e bloqueios da esteira	2026-10-09T02:02:58.7342304Z test_existing_bytes_cannot_be_replaced (test_pages_preview.PagesPreviewTests.test_existing_bytes_cannot_be_replaced) ... ok
Flutter analyze e test	Verificar contratos e bloqueios da esteira	2026-10-09T02:02:58.8113792Z test_existing_snapshot_reuses_bytes_without_rebuilding (test_pages_preview.PagesPreviewTests.test_existing_snapshot_reuses_bytes_without_rebuilding) ... ok
Flutter analyze e test	Verificar contratos e bloqueios da esteira	2026-10-09T02:02:58.8871656Z test_export_excludes_git_and_blocks_state (test_pages_preview.PagesPreviewTests.test_export_excludes_git_and_blocks_state) ... ok
Flutter analyze e test	Verificar contratos e bloqueios da esteira	2026-10-09T02:02:58.9487932Z test_flutter_build_marker_is_not_published (test_pages_preview.PagesPreviewTests.test_flutter_build_marker_is_not_published) ... ok
Flutter analyze e test	Verificar contratos e bloqueios da esteira	2026-10-09T02:02:59.0134987Z test_frozen_candidate_must_identify_the_same_source_and_tag (test_pages_preview.PagesPreviewTests.test_frozen_candidate_must_identify_the_same_source_and_tag) ... ok
Flutter analyze e test	Verificar contratos e bloqueios da esteira	2026-10-09T02:02:59.0464951Z test_invalid_delivery_tag_is_rejected_before_build (test_pages_preview.PagesPreviewTests.test_invalid_delivery_tag_is_rejected_before_build) ... ok
Flutter analyze e test	Verificar contratos e bloqueios da esteira	2026-10-09T02:02:59.0861879Z test_mutable_checkout_and_unknown_sha_are_rejected (test_pages_preview.PagesPreviewTests.test_mutable_checkout_and_unknown_sha_are_rejected) ... ok
Flutter analyze e test	Verificar contratos e bloqueios da esteira	2026-10-09T02:02:59.1976727Z test_new_snapshot_retains_previous_and_updates_root (test_pages_preview.PagesPreviewTests.test_new_snapshot_retains_previous_and_updates_root) ... ok
Flutter analyze e test	Verificar contratos e bloqueios da esteira	2026-10-09T02:02:59.3046798Z test_other_hidden_files_are_still_rejected (test_pages_preview.PagesPreviewTests.test_other_hidden_files_are_still_rejected) ... ok
Flutter analyze e test	Verificar contratos e bloqueios da esteira	2026-10-09T02:02:59.3836788Z test_same_sha_in_another_candidate_preserves_original_snapshot_identity (test_pages_preview.PagesPreviewTests.test_same_sha_in_another_candidate_preserves_original_snapshot_identity) ... ok
Flutter analyze e test	Verificar contratos e bloqueios da esteira	2026-10-09T02:02:59.4462505Z test_site_rejects_links_and_banks_hidden_as_assets (test_pages_preview.PagesPreviewTests.test_site_rejects_links_and_banks_hidden_as_assets) ... ok
Flutter analyze e test	Verificar contratos e bloqueios da esteira	2026-10-09T02:02:59.5128419Z test_snapshot_metadata_matches_code_and_preserves_ci_identity (test_pages_preview.PagesPreviewTests.test_snapshot_metadata_matches_code_and_preserves_ci_identity) ... ok
Flutter analyze e test	Verificar contratos e bloqueios da esteira	2026-10-09T02:02:59.5136899Z test_base_href_and_bootstrap_reference_are_checked_beyond_hashes (test_pages_smoke.PagesSmokeTests.test_base_href_and_bootstrap_reference_are_checked_beyond_hashes) ... ok
Flutter analyze e test	Verificar contratos e bloqueios da esteira	2026-10-09T02:02:59.5141162Z test_confirms_snapshot_and_attests_full_map_without_downloading_engine (test_pages_smoke.PagesSmokeTests.test_confirms_snapshot_and_attests_full_map_without_downloading_engine) ... ok
Flutter analyze e test	Verificar contratos e bloqueios da esteira	2026-10-09T02:02:59.5149551Z test_delivery_label_must_match_declared_metadata (test_pages_smoke.PagesSmokeTests.test_delivery_label_must_match_declared_metadata) ... ok
Flutter analyze e test	Verificar contratos e bloqueios da esteira	2026-10-09T02:02:59.5185394Z test_http_only_retries_selected_statuses_and_refuses_redirects (test_pages_smoke.PagesSmokeTests.test_http_only_retries_selected_statuses_and_refuses_redirects) ... ok
Flutter analyze e test	Verificar contratos e bloqueios da esteira	2026-10-09T02:02:59.5188889Z test_map_hash_must_match_trusted_build_even_if_metadata_claims_it_does (test_pages_smoke.PagesSmokeTests.test_map_hash_must_match_trusted_build_even_if_metadata_claims_it_does) ... ok
Flutter analyze e test	Verificar contratos e bloqueios da esteira	2026-10-09T02:02:59.5191498Z test_metadata_tampering_with_recomputed_manifest_keeps_web_hash_but_is_rejected (test_pages_smoke.PagesSmokeTests.test_metadata_tampering_with_recomputed_manifest_keeps_web_hash_but_is_rejected) ... ok
Flutter analyze e test	Verificar contratos e bloqueios da esteira	2026-10-09T02:02:59.5193611Z test_retries_propagation_and_stops_at_190_seconds (test_pages_smoke.PagesSmokeTests.test_retries_propagation_and_stops_at_190_seconds) ... Aguardando propagação Pages: HTTP 404
Flutter analyze e test	Verificar contratos e bloqueios da esteira	2026-10-09T02:02:59.5194504Z Aguardando propagação Pages: HTTP 404
Flutter analyze e test	Verificar contratos e bloqueios da esteira	2026-10-09T02:02:59.5195341Z Aguardando propagação Pages: HTTP 503
Flutter analyze e test	Verificar contratos e bloqueios da esteira	2026-10-09T02:02:59.5195891Z Aguardando propagação Pages: HTTP 503
Flutter analyze e test	Verificar contratos e bloqueios da esteira	2026-10-09T02:02:59.5196722Z Aguardando propagação Pages: HTTP 503
Flutter analyze e test	Verificar contratos e bloqueios da esteira	2026-10-09T02:02:59.5197317Z Aguardando propagação Pages: HTTP 503
Flutter analyze e test	Verificar contratos e bloqueios da esteira	2026-10-09T02:02:59.5197862Z Aguardando propagação Pages: HTTP 503
Flutter analyze e test	Verificar contratos e bloqueios da esteira	2026-10-09T02:02:59.5198414Z Aguardando propagação Pages: HTTP 503
Flutter analyze e test	Verificar contratos e bloqueios da esteira	2026-10-09T02:02:59.5198945Z Aguardando propagação Pages: HTTP 503
Flutter analyze e test	Verificar contratos e bloqueios da esteira	2026-10-09T02:02:59.5199478Z Aguardando propagação Pages: HTTP 503
Flutter analyze e test	Verificar contratos e bloqueios da esteira	2026-10-09T02:02:59.5200019Z Aguardando propagação Pages: HTTP 503
Flutter analyze e test	Verificar contratos e bloqueios da esteira	2026-10-09T02:02:59.5200546Z Aguardando propagação Pages: HTTP 503
Flutter analyze e test	Verificar contratos e bloqueios da esteira	2026-10-09T02:02:59.5201069Z Aguardando propagação Pages: HTTP 503
Flutter analyze e test	Verificar contratos e bloqueios da esteira	2026-10-09T02:02:59.5201610Z Aguardando propagação Pages: HTTP 503
Flutter analyze e test	Verificar contratos e bloqueios da esteira	2026-10-09T02:02:59.5201973Z Aguardando propagação Pages: HTTP 503
Flutter analyze e test	Verificar contratos e bloqueios da esteira	2026-10-09T02:02:59.5202559Z Aguardando propagação Pages: HTTP 503
Flutter analyze e test	Verificar contratos e bloqueios da esteira	2026-10-09T02:02:59.5203064Z Aguardando propagação Pages: HTTP 503
Flutter analyze e test	Verificar contratos e bloqueios da esteira	2026-10-09T02:02:59.5203529Z Aguardando propagação Pages: HTTP 503
Flutter analyze e test	Verificar contratos e bloqueios da esteira	2026-10-09T02:02:59.5203963Z Aguardando propagação Pages: HTTP 503
Flutter analyze e test	Verificar contratos e bloqueios da esteira	2026-10-09T02:02:59.5204390Z Aguardando propagação Pages: HTTP 503
Flutter analyze e test	Verificar contratos e bloqueios da esteira	2026-10-09T02:02:59.5204840Z Aguardando propagação Pages: HTTP 503
Flutter analyze e test	Verificar contratos e bloqueios da esteira	2026-10-09T02:02:59.5205207Z ok
Flutter analyze e test	Verificar contratos e bloqueios da esteira	2026-10-09T02:02:59.5209133Z test_unsafe_manifest_paths_fail_before_asset_requests (test_pages_smoke.PagesSmokeTests.test_unsafe_manifest_paths_fail_before_asset_requests) ... ok
Flutter analyze e test	Verificar contratos e bloqueios da esteira	2026-10-09T02:02:59.5211725Z test_wrapper_tampering_with_recomputed_manifest_keeps_web_hash_but_is_rejected (test_pages_smoke.PagesSmokeTests.test_wrapper_tampering_with_recomputed_manifest_keeps_web_hash_but_is_rejected) ... ok
Flutter analyze e test	Verificar contratos e bloqueios da esteira	2026-10-09T02:02:59.5216943Z test_wrong_metadata_or_main_bytes_fail_without_retry (test_pages_smoke.PagesSmokeTests.test_wrong_metadata_or_main_bytes_fail_without_retry) ... ok
Flutter analyze e test	Verificar contratos e bloqueios da esteira	2026-10-09T02:02:59.5219454Z test_bot_and_pending_do_not_count (test_policy.ApprovalTests.test_bot_and_pending_do_not_count) ... ok
Flutter analyze e test	Verificar contratos e bloqueios da esteira	2026-10-09T02:02:59.5235509Z test_comment_does_not_revoke_and_api_order_does_not_matter (test_policy.ApprovalTests.test_comment_does_not_revoke_and_api_order_does_not_matter) ... ok
Flutter analyze e test	Verificar contratos e bloqueios da esteira	2026-10-09T02:02:59.5238119Z test_commit_change_invalidates_approvals (test_policy.ApprovalTests.test_commit_change_invalidates_approvals) ... ok
Flutter analyze e test	Verificar contratos e bloqueios da esteira	2026-10-09T02:02:59.5239646Z test_dismissal_and_changes_requested_revoke (test_policy.ApprovalTests.test_dismissal_and_changes_requested_revoke) ... ok
Flutter analyze e test	Verificar contratos e bloqueios da esteira	2026-10-09T02:02:59.5240984Z test_no_publish_side_effect_at_zero_one_or_unmerged_two (test_policy.ApprovalTests.test_no_publish_side_effect_at_zero_one_or_unmerged_two) ... ok
Flutter analyze e test	Verificar contratos e bloqueios da esteira	2026-10-09T02:02:59.5241813Z test_only_one_new_manifest (test_policy.ApprovalTests.test_only_one_new_manifest) ... ok
Flutter analyze e test	Verificar contratos e bloqueios da esteira	2026-10-09T02:02:59.5242912Z test_other_people_and_author_cannot_substitute (test_policy.ApprovalTests.test_other_people_and_author_cannot_substitute) ... ok
Flutter analyze e test	Verificar contratos e bloqueios da esteira	2026-10-09T02:02:59.5243707Z test_reapproval_after_changes (test_policy.ApprovalTests.test_reapproval_after_changes) ... ok
Flutter analyze e test	Verificar contratos e bloqueios da esteira	2026-10-09T02:02:59.5244506Z test_record_hash_binds_source_preview_and_changelog (test_policy.ApprovalTests.test_record_hash_binds_source_preview_and_changelog) ... ok
Flutter analyze e test	Verificar contratos e bloqueios da esteira	2026-10-09T02:02:59.5245641Z test_same_person_twice_cannot_approve_alone (test_policy.ApprovalTests.test_same_person_twice_cannot_approve_alone) ... ok
Flutter analyze e test	Verificar contratos e bloqueios da esteira	2026-10-09T02:02:59.5247186Z test_submission_time_wins_over_draft_creation_id (test_policy.ApprovalTests.test_submission_time_wins_over_draft_creation_id) ... ok
Flutter analyze e test	Verificar contratos e bloqueios da esteira	2026-10-09T02:02:59.5248123Z test_zero_one_and_two (test_policy.ApprovalTests.test_zero_one_and_two) ... ok
Flutter analyze e test	Verificar contratos e bloqueios da esteira	2026-10-09T02:02:59.5248744Z test_expiration_and_changed_inputs (test_policy.PreviewTests.test_expiration_and_changed_inputs) ... ok
Flutter analyze e test	Verificar contratos e bloqueios da esteira	2026-10-09T02:02:59.5675355Z test_squash_sha_difference_preserves_content_identity (test_policy.PreviewTests.test_squash_sha_difference_preserves_content_identity) ... ok
Flutter analyze e test	Verificar contratos e bloqueios da esteira	2026-10-09T02:02:59.5691810Z test_revocation_during_upload_never_publishes_draft (test_policy.PublisherBoundaryTests.test_revocation_during_upload_never_publishes_draft) ... ok
Flutter analyze e test	Verificar contratos e bloqueios da esteira	2026-10-09T02:02:59.5718161Z test_two_current_review_payloads_allow_only_lab_release_and_receipt (test_policy.PublisherBoundaryTests.test_two_current_review_payloads_allow_only_lab_release_and_receipt) ... ok
Flutter analyze e test	Verificar contratos e bloqueios da esteira	2026-10-09T02:02:59.5720368Z test_changed_source_cannot_reuse_candidate_authorization (test_release_lab.CandidateStateTests.test_changed_source_cannot_reuse_candidate_authorization) ... ok
Flutter analyze e test	Verificar contratos e bloqueios da esteira	2026-10-09T02:02:59.5722415Z test_current_candidate_is_bound_to_its_exact_source_commit (test_release_lab.CandidateStateTests.test_current_candidate_is_bound_to_its_exact_source_commit) ... ok
Flutter analyze e test	Verificar contratos e bloqueios da esteira	2026-10-09T02:02:59.5724364Z test_missing_record_does_not_get_created_by_the_gate (test_release_lab.CandidateStateTests.test_missing_record_does_not_get_created_by_the_gate) ... ok
Flutter analyze e test	Verificar contratos e bloqueios da esteira	2026-10-09T02:02:59.5726444Z test_new_rc_blocks_old_rc_without_deleting_its_history (test_release_lab.CandidateStateTests.test_new_rc_blocks_old_rc_without_deleting_its_history) ... ok
Flutter analyze e test	Verificar contratos e bloqueios da esteira	2026-10-09T02:02:59.5728344Z test_dart_only_is_a_preliminary_forecast_with_a_reason (test_release_lab.ClassificationTests.test_dart_only_is_a_preliminary_forecast_with_a_reason) ... ok
Flutter analyze e test	Verificar contratos e bloqueios da esteira	2026-10-09T02:02:59.5730431Z test_dependency_change_remains_unknown_without_compatibility_evidence (test_release_lab.ClassificationTests.test_dependency_change_remains_unknown_without_compatibility_evidence) ... ok
Flutter analyze e test	Verificar contratos e bloqueios da esteira	2026-10-09T02:02:59.5732632Z test_native_sdk_and_packaged_asset_changes_require_a_store_release (test_release_lab.ClassificationTests.test_native_sdk_and_packaged_asset_changes_require_a_store_release) ... ok
Flutter analyze e test	Verificar contratos e bloqueios da esteira	2026-10-09T02:02:59.5734767Z test_unknown_mobile_base_blocks_patch_forecast_even_for_dart_only (test_release_lab.ClassificationTests.test_unknown_mobile_base_blocks_patch_forecast_even_for_dart_only) ... ok
Flutter analyze e test	Verificar contratos e bloqueios da esteira	2026-10-09T02:02:59.5736865Z test_bot_cannot_be_counted_as_a_human_review (test_release_lab.EnvironmentReviewTests.test_bot_cannot_be_counted_as_a_human_review) ... ok
Flutter analyze e test	Verificar contratos e bloqueios da esteira	2026-10-09T02:02:59.5738667Z test_changed_environment_id_invalidates_a_familiar_name (test_release_lab.EnvironmentReviewTests.test_changed_environment_id_invalidates_a_familiar_name) ... ok
Flutter analyze e test	Verificar contratos e bloqueios da esteira	2026-10-09T02:02:59.5741012Z test_conflicting_history_cannot_choose_a_convenient_api_order (test_release_lab.EnvironmentReviewTests.test_conflicting_history_cannot_choose_a_convenient_api_order) ... ok
Flutter analyze e test	Verificar contratos e bloqueios da esteira	2026-10-09T02:02:59.5742823Z test_duplicate_person_in_two_environments_is_not_two_approvals (test_release_lab.EnvironmentReviewTests.test_duplicate_person_in_two_environments_is_not_two_approvals) ... ok
Flutter analyze e test	Verificar contratos e bloqueios da esteira	2026-10-09T02:02:59.5744018Z test_either_required_approver_can_take_the_final_decision (test_release_lab.EnvironmentReviewTests.test_either_required_approver_can_take_the_final_decision) ... ok
Flutter analyze e test	Verificar contratos e bloqueios da esteira	2026-10-09T02:02:59.5745192Z test_final_decision_does_not_replace_a_missing_version_approval (test_release_lab.EnvironmentReviewTests.test_final_decision_does_not_replace_a_missing_version_approval) ... ok
Flutter analyze e test	Verificar contratos e bloqueios da esteira	2026-10-09T02:02:59.5746696Z test_final_requires_a_third_separate_human_decision (test_release_lab.EnvironmentReviewTests.test_final_requires_a_third_separate_human_decision) ... ok
Flutter analyze e test	Verificar contratos e bloqueios da esteira	2026-10-09T02:02:59.5747960Z test_login_alone_cannot_substitute_numeric_account_identity (test_release_lab.EnvironmentReviewTests.test_login_alone_cannot_substitute_numeric_account_identity) ... ok
Flutter analyze e test	Verificar contratos e bloqueios da esteira	2026-10-09T02:02:59.5749380Z test_numeric_id_alone_cannot_substitute_another_login (test_release_lab.EnvironmentReviewTests.test_numeric_id_alone_cannot_substitute_another_login) ... ok
Flutter analyze e test	Verificar contratos e bloqueios da esteira	2026-10-09T02:02:59.5750441Z test_rejection_or_pending_cannot_count_as_approval (test_release_lab.EnvironmentReviewTests.test_rejection_or_pending_cannot_count_as_approval) ... ok
Flutter analyze e test	Verificar contratos e bloqueios da esteira	2026-10-09T02:02:59.5751584Z test_two_real_identities_enable_approval_stage_without_publishing (test_release_lab.EnvironmentReviewTests.test_two_real_identities_enable_approval_stage_without_publishing) ... ok
Flutter analyze e test	Verificar contratos e bloqueios da esteira	2026-10-09T02:02:59.5752765Z test_unlisted_publisher_cannot_use_the_final_environment (test_release_lab.EnvironmentReviewTests.test_unlisted_publisher_cannot_use_the_final_environment) ... ok
Flutter analyze e test	Verificar contratos e bloqueios da esteira	2026-10-09T02:02:59.5753985Z test_wrong_identity_in_history_cannot_be_hidden_behind_a_valid_approval (test_release_lab.EnvironmentReviewTests.test_wrong_identity_in_history_cannot_be_hidden_behind_a_valid_approval) ... ok
Flutter analyze e test	Verificar contratos e bloqueios da esteira	2026-10-09T02:02:59.5755173Z test_zero_or_one_approval_cannot_enable_final_command (test_release_lab.EnvironmentReviewTests.test_zero_or_one_approval_cannot_enable_final_command) ... ok
Flutter analyze e test	Verificar contratos e bloqueios da esteira	2026-10-09T02:02:59.5790684Z test_failed_cancelled_skipped_or_pending_job_cannot_complete (test_release_lab.FinalReceiptTests.test_failed_cancelled_skipped_or_pending_job_cannot_complete) ... ok
Flutter analyze e test	Verificar contratos e bloqueios da esteira	2026-10-09T02:02:59.5802994Z test_old_run_cannot_complete_after_rc2_replaced_it (test_release_lab.FinalReceiptTests.test_old_run_cannot_complete_after_rc2_replaced_it) ... ok
Flutter analyze e test	Verificar contratos e bloqueios da esteira	2026-10-09T02:02:59.5816265Z test_report_drift_cannot_complete_or_write_a_receipt (test_release_lab.FinalReceiptTests.test_report_drift_cannot_complete_or_write_a_receipt) ... ok
Flutter analyze e test	Verificar contratos e bloqueios da esteira	2026-10-09T02:02:59.5829508Z test_reviews_without_both_successful_job_receipts_cannot_complete (test_release_lab.FinalReceiptTests.test_reviews_without_both_successful_job_receipts_cannot_complete) ... ok
Flutter analyze e test	Verificar contratos e bloqueios da esteira	2026-10-09T02:02:59.5851465Z test_success_records_real_decisions_but_only_simulated_result (test_release_lab.FinalReceiptTests.test_success_records_real_decisions_but_only_simulated_result) ... ok
Flutter analyze e test	Verificar contratos e bloqueios da esteira	2026-10-09T02:02:59.5856635Z test_advanced_release_requires_new_rc_instead_of_old_approval (test_release_lab.FrozenIdentityTests.test_advanced_release_requires_new_rc_instead_of_old_approval) ... ok
Flutter analyze e test	Verificar contratos e bloqueios da esteira	2026-10-09T02:02:59.5859269Z test_changed_policy_does_not_reuse_frozen_approvals (test_release_lab.FrozenIdentityTests.test_changed_policy_does_not_reuse_frozen_approvals) ... ok
Flutter analyze e test	Verificar contratos e bloqueios da esteira	2026-10-09T02:02:59.5862737Z test_moved_tag_blocks_before_reading_environment_rules (test_release_lab.FrozenIdentityTests.test_moved_tag_blocks_before_reading_environment_rules) ... ok
Flutter analyze e test	Verificar contratos e bloqueios da esteira	2026-10-09T02:02:59.5883063Z test_invalid_version_or_title_is_rejected_before_any_remote_mutation (test_release_lab.InputValidationTests.test_invalid_version_or_title_is_rejected_before_any_remote_mutation) ... ok
Flutter analyze e test	Verificar contratos e bloqueios da esteira	2026-10-09T02:02:59.5884921Z test_distinct_roles_cannot_share_one_environment (test_release_lab.PolicyTests.test_distinct_roles_cannot_share_one_environment) ... ok
Flutter analyze e test	Verificar contratos e bloqueios da esteira	2026-10-09T02:02:59.5886963Z test_empty_or_ambiguous_account_identity_is_rejected (test_release_lab.PolicyTests.test_empty_or_ambiguous_account_identity_is_rejected) ... ok
Flutter analyze e test	Verificar contratos e bloqueios da esteira	2026-10-09T02:02:59.5888601Z test_final_decision_has_its_own_environment (test_release_lab.PolicyTests.test_final_decision_has_its_own_environment) ... ok
Flutter analyze e test	Verificar contratos e bloqueios da esteira	2026-10-09T02:02:59.5890228Z test_final_publishers_must_be_the_required_approver_set (test_release_lab.PolicyTests.test_final_publishers_must_be_the_required_approver_set) ... ok
Flutter analyze e test	Verificar contratos e bloqueios da esteira	2026-10-09T02:02:59.5892216Z test_policy_accepts_distinct_mandatory_approvers_and_either_publisher (test_release_lab.PolicyTests.test_policy_accepts_distinct_mandatory_approvers_and_either_publisher) ... ok
Flutter analyze e test	Verificar contratos e bloqueios da esteira	2026-10-09T02:02:59.5894104Z test_same_person_cannot_fill_both_mandatory_roles (test_release_lab.PolicyTests.test_same_person_cannot_fill_both_mandatory_roles) ... ok
Flutter analyze e test	Verificar contratos e bloqueios da esteira	2026-10-09T02:02:59.6644275Z test_an_extra_valid_snapshot_cannot_cross_the_candidate_boundary (test_release_lab.StaticArtifactBoundaryTests.test_an_extra_valid_snapshot_cannot_cross_the_candidate_boundary) ... ok
Flutter analyze e test	Verificar contratos e bloqueios da esteira	2026-10-09T02:02:59.7506155Z test_divergent_historical_snapshot_is_preserved_instead_of_overwritten (test_release_lab.StaticArtifactBoundaryTests.test_divergent_historical_snapshot_is_preserved_instead_of_overwritten) ... ok
Flutter analyze e test	Verificar contratos e bloqueios da esteira	2026-10-09T02:02:59.8155456Z test_root_or_nested_git_payload_is_rejected_before_import (test_release_lab.StaticArtifactBoundaryTests.test_root_or_nested_git_payload_is_rejected_before_import) ... ok
Flutter analyze e test	Verificar contratos e bloqueios da esteira	2026-10-09T02:02:59.9355189Z test_self_consistent_metadata_must_still_match_trusted_git_inputs (test_release_lab.StaticArtifactBoundaryTests.test_self_consistent_metadata_must_still_match_trusted_git_inputs) ... ok
Flutter analyze e test	Verificar contratos e bloqueios da esteira	2026-10-09T02:02:59.9978463Z test_symlink_as_artifact_root_is_rejected_without_following_it (test_release_lab.StaticArtifactBoundaryTests.test_symlink_as_artifact_root_is_rejected_without_following_it) ... ok
Flutter analyze e test	Verificar contratos e bloqueios da esteira	2026-10-09T02:02:59.9980717Z test_operator_can_prepare_only_once_from_main (test_release_lab.TrustedContextTests.test_operator_can_prepare_only_once_from_main) ... ok
Flutter analyze e test	Verificar contratos e bloqueios da esteira	2026-10-09T02:02:59.9982698Z test_repository_account_and_trusted_ref_cannot_be_substituted (test_release_lab.TrustedContextTests.test_repository_account_and_trusted_ref_cannot_be_substituted) ... ok
Flutter analyze e test	Verificar contratos e bloqueios da esteira	2026-10-09T02:02:59.9984762Z test_rerun_cannot_reuse_earlier_human_approvals (test_release_lab.TrustedContextTests.test_rerun_cannot_reuse_earlier_human_approvals) ... ok
Flutter analyze e test	Verificar contratos e bloqueios da esteira	2026-10-09T02:03:00.0903653Z test_conflicting_release_name_body_or_state_is_not_patched (test_release_lab_promotion.PromotionFlowTests.test_conflicting_release_name_body_or_state_is_not_patched) ... ok
Flutter analyze e test	Verificar contratos e bloqueios da esteira	2026-10-09T02:03:00.1872606Z test_conflicting_stable_ref_is_never_moved_or_deleted (test_release_lab_promotion.PromotionFlowTests.test_conflicting_stable_ref_is_never_moved_or_deleted) ... ok
Flutter analyze e test	Verificar contratos e bloqueios da esteira	2026-10-09T02:03:00.2636254Z test_failed_preview_cannot_produce_report_approval_or_publication (test_release_lab_promotion.PromotionFlowTests.test_failed_preview_cannot_produce_report_approval_or_publication) ... ok
Flutter analyze e test	Verificar contratos e bloqueios da esteira	2026-10-09T02:03:00.3747599Z test_interleaved_approval_writers_retry_cas_without_losing_either_receipt (test_release_lab_promotion.PromotionFlowTests.test_interleaved_approval_writers_retry_cas_without_losing_either_receipt) ... ok
Flutter analyze e test	Verificar contratos e bloqueios da esteira	2026-10-09T02:03:00.4847771Z test_lost_release_post_response_is_read_back_before_receipt (test_release_lab_promotion.PromotionFlowTests.test_lost_release_post_response_is_read_back_before_receipt) ... ok
Flutter analyze e test	Verificar contratos e bloqueios da esteira	2026-10-09T02:03:00.5413021Z test_lost_response_after_final_cut_journal_commit_returns_the_same_rc (test_release_lab_promotion.PromotionFlowTests.test_lost_response_after_final_cut_journal_commit_returns_the_same_rc) ... ok
Flutter analyze e test	Verificar contratos e bloqueios da esteira	2026-10-09T02:03:00.6674515Z test_lost_responses_and_partial_failure_reconcile_exactly_one_release (test_release_lab_promotion.PromotionFlowTests.test_lost_responses_and_partial_failure_reconcile_exactly_one_release) ... ok
Flutter analyze e test	Verificar contratos e bloqueios da esteira	2026-10-09T02:03:00.7858266Z test_lost_tag_post_response_is_proven_by_get_before_release_post (test_release_lab_promotion.PromotionFlowTests.test_lost_tag_post_response_is_proven_by_get_before_release_post) ... ok
Flutter analyze e test	Verificar contratos e bloqueios da esteira	2026-10-09T02:03:00.9827031Z test_old_completed_version_wrong_initiator_rerun_and_bot_are_blocked (test_release_lab_promotion.PromotionFlowTests.test_old_completed_version_wrong_initiator_rerun_and_bot_are_blocked) ... ok
Flutter analyze e test	Verificar contratos e bloqueios da esteira	2026-10-09T02:03:01.0733166Z test_pending_or_cancelled_review_job_blocks_external_effects_even_if_reviews_exist (test_release_lab_promotion.PromotionFlowTests.test_pending_or_cancelled_review_job_blocks_external_effects_even_if_reviews_exist) ... ok
Flutter analyze e test	Verificar contratos e bloqueios da esteira	2026-10-09T02:03:01.1826082Z test_publication_failure_keeps_intent_and_blocks_new_candidate (test_release_lab_promotion.PromotionFlowTests.test_publication_failure_keeps_intent_and_blocks_new_candidate) ... ok
Flutter analyze e test	Verificar contratos e bloqueios da esteira	2026-10-09T02:03:01.3024352Z test_recovery_cannot_continue_after_a_correction_changed_release_branch (test_release_lab_promotion.PromotionFlowTests.test_recovery_cannot_continue_after_a_correction_changed_release_branch) ... ok
Flutter analyze e test	Verificar contratos e bloqueios da esteira	2026-10-09T02:03:01.4368518Z test_recovery_requires_new_final_decision_and_preserves_original_approval_evidence (test_release_lab_promotion.PromotionFlowTests.test_recovery_requires_new_final_decision_and_preserves_original_approval_evidence) ... ok
Flutter analyze e test	Verificar contratos e bloqueios da esteira	2026-10-09T02:03:01.6230752Z test_rejected_rc1_is_preserved_corrected_rc2_starts_at_zero_and_is_promoted (test_release_lab_promotion.PromotionFlowTests.test_rejected_rc1_is_preserved_corrected_rc2_starts_at_zero_and_is_promoted) ... ok
Flutter analyze e test	Verificar contratos e bloqueios da esteira	2026-10-09T02:03:01.7116093Z test_removed_rules_after_approvals_and_final_command_prevent_publication_intent (test_release_lab_promotion.PromotionFlowTests.test_removed_rules_after_approvals_and_final_command_prevent_publication_intent) ... ok
Flutter analyze e test	Verificar contratos e bloqueios da esteira	2026-10-09T02:03:01.8182999Z test_removed_rules_after_stable_creation_block_release_and_preserve_partial_intent (test_release_lab_promotion.PromotionFlowTests.test_removed_rules_after_stable_creation_block_release_and_preserve_partial_intent) ... ok
Flutter analyze e test	Verificar contratos e bloqueios da esteira	2026-10-09T02:03:01.9165129Z test_report_tag_release_branch_and_base_drift_do_not_reuse_approvals (test_release_lab_promotion.PromotionFlowTests.test_report_tag_release_branch_and_base_drift_do_not_reuse_approvals) ... ok
Flutter analyze e test	Verificar contratos e bloqueios da esteira	2026-10-09T02:03:02.0419515Z test_same_attempt_process_retry_reuses_intent_and_cannot_duplicate_release (test_release_lab_promotion.PromotionFlowTests.test_same_attempt_process_retry_reuses_intent_and_cannot_duplicate_release) ... ok
Flutter analyze e test	Verificar contratos e bloqueios da esteira	2026-10-09T02:03:02.1710699Z test_second_successful_finish_is_idempotent_without_a_second_post (test_release_lab_promotion.PromotionFlowTests.test_second_successful_finish_is_idempotent_without_a_second_post) ... ok
Flutter analyze e test	Verificar contratos e bloqueios da esteira	2026-10-09T02:03:02.2259950Z test_simulated_completion_cannot_replace_the_real_stable_changelog_baseline (test_release_lab_promotion.PromotionFlowTests.test_simulated_completion_cannot_replace_the_real_stable_changelog_baseline) ... ok
Flutter analyze e test	Verificar contratos e bloqueios da esteira	2026-10-09T02:03:02.3339643Z test_successful_post_without_published_get_proof_cannot_write_receipt (test_release_lab_promotion.PromotionFlowTests.test_successful_post_without_published_get_proof_cannot_write_receipt) ... ok
Flutter analyze e test	Verificar contratos e bloqueios da esteira	2026-10-09T02:03:02.4270214Z test_unowned_stable_tag_at_same_commit_does_not_imply_publication_authority (test_release_lab_promotion.PromotionFlowTests.test_unowned_stable_tag_at_same_commit_does_not_imply_publication_authority) ... ok
Flutter analyze e test	Verificar contratos e bloqueios da esteira	2026-10-09T02:03:02.4599831Z test_version_comparison_is_numeric_instead_of_lexicographic (test_release_lab_promotion.PromotionFlowTests.test_version_comparison_is_numeric_instead_of_lexicographic) ... ok
Flutter analyze e test	Verificar contratos e bloqueios da esteira	2026-10-09T02:03:02.5798555Z test_zero_one_two_approvals_require_separate_command_before_github_promotion (test_release_lab_promotion.PromotionFlowTests.test_zero_one_two_approvals_require_separate_command_before_github_promotion) ... ok
Flutter analyze e test	Verificar contratos e bloqueios da esteira	2026-10-09T02:03:02.6675749Z test_changed_original_run_attempt_actor_workflow_or_repository_is_blocked (test_release_lab_rejection_close.RejectionCloseTests.test_changed_original_run_attempt_actor_workflow_or_repository_is_blocked) ... ok
Flutter analyze e test	Verificar contratos e bloqueios da esteira	2026-10-09T02:03:02.7477211Z test_close_requires_original_operator_context_and_default_observer_is_unchanged (test_release_lab_rejection_close.RejectionCloseTests.test_close_requires_original_operator_context_and_default_observer_is_unchanged) ... ok
Flutter analyze e test	Verificar contratos e bloqueios da esteira	2026-10-09T02:03:02.8292580Z test_completed_original_run_does_not_cancel_or_rewrite_candidate (test_release_lab_rejection_close.RejectionCloseTests.test_completed_original_run_does_not_cancel_or_rewrite_candidate) ... ok
Flutter analyze e test	Verificar contratos e bloqueios da esteira	2026-10-09T02:03:02.9221554Z test_first_rejection_closes_without_waiting_for_the_second (test_release_lab_rejection_close.RejectionCloseTests.test_first_rejection_closes_without_waiting_for_the_second) ... ok
Flutter analyze e test	Verificar contratos e bloqueios da esteira	2026-10-09T02:03:03.0030229Z test_new_preparation_intent_is_preserved_without_cancel (test_release_lab_rejection_close.RejectionCloseTests.test_new_preparation_intent_is_preserved_without_cancel) ... ok
Flutter analyze e test	Verificar contratos e bloqueios da esteira	2026-10-09T02:03:03.0826955Z test_other_run_id_is_blocked_before_any_effect (test_release_lab_rejection_close.RejectionCloseTests.test_other_run_id_is_blocked_before_any_effect) ... ok
Flutter analyze e test	Verificar contratos e bloqueios da esteira	2026-10-09T02:03:03.1653874Z test_publication_appearing_during_recheck_prevents_cancellation_and_is_preserved (test_release_lab_rejection_close.RejectionCloseTests.test_publication_appearing_during_recheck_prevents_cancellation_and_is_preserved) ... ok
Flutter analyze e test	Verificar contratos e bloqueios da esteira	2026-10-09T02:03:03.2538508Z test_second_rejection_closes_without_waiting_for_the_first_and_preserves_rc (test_release_lab_rejection_close.RejectionCloseTests.test_second_rejection_closes_without_waiting_for_the_first_and_preserves_rc) ... ok
Flutter analyze e test	Verificar contratos e bloqueios da esteira	2026-10-09T02:03:03.3418266Z test_tampered_report_policy_or_tag_is_blocked (test_release_lab_rejection_close.RejectionCloseTests.test_tampered_report_policy_or_tag_is_blocked) ... ok
Flutter analyze e test	Verificar contratos e bloqueios da esteira	2026-10-09T02:03:03.4249261Z test_technical_gate_failure_without_official_rejection_never_cancels_or_mutates (test_release_lab_rejection_close.RejectionCloseTests.test_technical_gate_failure_without_official_rejection_never_cancels_or_mutates) ... ok
Flutter analyze e test	Verificar contratos e bloqueios da esteira	2026-10-09T02:03:03.5201098Z test_terminal_history_receipt_or_publication_intent_is_preserved_without_cancel (test_release_lab_rejection_close.RejectionCloseTests.test_terminal_history_receipt_or_publication_intent_is_preserved_without_cancel) ... ok
Flutter analyze e test	Verificar contratos e bloqueios da esteira	2026-10-09T02:03:03.6094304Z test_unknown_cancel_response_preserves_proven_rejection_and_never_retries_inside_cas (test_release_lab_rejection_close.RejectionCloseTests.test_unknown_cancel_response_preserves_proven_rejection_and_never_retries_inside_cas) ... ok
Flutter analyze e test	Verificar contratos e bloqueios da esteira	2026-10-09T02:03:03.6956844Z test_wrong_gate_id_no_review_and_wrong_reviewer_no_cancel (test_release_lab_rejection_close.RejectionCloseTests.test_wrong_gate_id_no_review_and_wrong_reviewer_no_cancel) ... ok
Flutter analyze e test	Verificar contratos e bloqueios da esteira	2026-10-09T02:03:03.7843504Z test_available_matching_pr_context_is_frozen_without_waiting_for_ai (test_release_lab_state.CandidateStateTests.test_available_matching_pr_context_is_frozen_without_waiting_for_ai) ... ok
Flutter analyze e test	Verificar contratos e bloqueios da esteira	2026-10-09T02:03:03.8685121Z test_cancelled_original_run_is_registered_after_its_finalizer_cannot_run (test_release_lab_state.CandidateStateTests.test_cancelled_original_run_is_registered_after_its_finalizer_cannot_run) ... ok
Flutter analyze e test	Verificar contratos e bloqueios da esteira	2026-10-09T02:03:03.9819026Z test_completed_release_survives_a_failed_evidence_upload_job (test_release_lab_state.CandidateStateTests.test_completed_release_survives_a_failed_evidence_upload_job) ... ok
Flutter analyze e test	Verificar contratos e bloqueios da esteira	2026-10-09T02:03:04.0618206Z test_completion_observer_context_cannot_be_used_by_a_manual_effectful_command (test_release_lab_state.CandidateStateTests.test_completion_observer_context_cannot_be_used_by_a_manual_effectful_command) ... ok
Flutter analyze e test	Verificar contratos e bloqueios da esteira	2026-10-09T02:03:04.1528849Z test_concurrent_second_approval_is_not_overwritten_by_older_reconciliation (test_release_lab_state.CandidateStateTests.test_concurrent_second_approval_is_not_overwritten_by_older_reconciliation) ... ok
Flutter analyze e test	Verificar contratos e bloqueios da esteira	2026-10-09T02:03:04.2391710Z test_context_from_a_different_rc_is_ignored_with_immediate_commit_fallback (test_release_lab_state.CandidateStateTests.test_context_from_a_different_rc_is_ignored_with_immediate_commit_fallback) ... ok
Flutter analyze e test	Verificar contratos e bloqueios da esteira	2026-10-09T02:03:04.3279826Z test_failed_or_cancelled_evaluation_cannot_reopen_after_later_observation (test_release_lab_state.CandidateStateTests.test_failed_or_cancelled_evaluation_cannot_reopen_after_later_observation) ... ok
Flutter analyze e test	Verificar contratos e bloqueios da esteira	2026-10-09T02:03:04.4117880Z test_failed_preview_job_closes_evaluation_without_publishing (test_release_lab_state.CandidateStateTests.test_failed_preview_job_closes_evaluation_without_publishing) ... ok
Flutter analyze e test	Verificar contratos e bloqueios da esteira	2026-10-09T02:03:04.4918367Z test_frozen_summary_hash_mismatch_is_blocked_before_creating_a_publication_intent (test_release_lab_state.CandidateStateTests.test_frozen_summary_hash_mismatch_is_blocked_before_creating_a_publication_intent) ... ok
Flutter analyze e test	Verificar contratos e bloqueios da esteira	2026-10-09T02:03:04.6037019Z test_frozen_version_table_and_communication_are_copied_to_release_and_receipt (test_release_lab_state.CandidateStateTests.test_frozen_version_table_and_communication_are_copied_to_release_and_receipt) ... ok
Flutter analyze e test	Verificar contratos e bloqueios da esteira	2026-10-09T02:03:04.6894808Z test_future_dated_optional_context_cannot_block_required_report (test_release_lab_state.CandidateStateTests.test_future_dated_optional_context_cannot_block_required_report) ... ok
Flutter analyze e test	Verificar contratos e bloqueios da esteira	2026-10-09T02:03:04.7771904Z test_invalid_receipt_closes_observation_without_rewriting_the_receipt (test_release_lab_state.CandidateStateTests.test_invalid_receipt_closes_observation_without_rewriting_the_receipt) ... ok
Flutter analyze e test	Verificar contratos e bloqueios da esteira	2026-10-09T02:03:04.8712760Z test_long_or_large_commit_history_is_preserved_without_blocking_required_report (test_release_lab_state.CandidateStateTests.test_long_or_large_commit_history_is_preserved_without_blocking_required_report) ... ok
Flutter analyze e test	Verificar contratos e bloqueios da esteira	2026-10-09T02:03:04.9537367Z test_official_review_without_receipt_does_not_create_approval (test_release_lab_state.CandidateStateTests.test_official_review_without_receipt_does_not_create_approval) ... ok
Flutter analyze e test	Verificar contratos e bloqueios da esteira	2026-10-09T02:03:05.0370317Z test_optional_slack_failure_does_not_close_an_otherwise_waiting_evaluation (test_release_lab_state.CandidateStateTests.test_optional_slack_failure_does_not_close_an_otherwise_waiting_evaluation) ... ok
Flutter analyze e test	Verificar contratos e bloqueios da esteira	2026-10-09T02:03:05.1465478Z test_partial_publication_failure_is_preserved_for_explicit_recovery (test_release_lab_state.CandidateStateTests.test_partial_publication_failure_is_preserved_for_explicit_recovery) ... ok
Flutter analyze e test	Verificar contratos e bloqueios da esteira	2026-10-09T02:03:05.2276556Z test_preparation_error_with_no_registered_evaluation_changes_no_candidate (test_release_lab_state.CandidateStateTests.test_preparation_error_with_no_registered_evaluation_changes_no_candidate) ... ok
Flutter analyze e test	Verificar contratos e bloqueios da esteira	2026-10-09T02:03:05.3157216Z test_rejected_review_is_registered_without_modifying_frozen_material (test_release_lab_state.CandidateStateTests.test_rejected_review_is_registered_without_modifying_frozen_material) ... ok
Flutter analyze e test	Verificar contratos e bloqueios da esteira	2026-10-09T02:03:05.3944375Z test_state_finalizer_uses_always_and_completion_observer_has_no_artifact_input (test_release_lab_state.CandidateStateTests.test_state_finalizer_uses_always_and_completion_observer_has_no_artifact_input) ... ok
Flutter analyze e test	Verificar contratos e bloqueios da esteira	2026-10-09T02:03:05.4983391Z test_superseded_candidate_history_is_not_rewritten_by_late_completion (test_release_lab_state.CandidateStateTests.test_superseded_candidate_history_is_not_rewritten_by_late_completion) ... ok
Flutter analyze e test	Verificar contratos e bloqueios da esteira	2026-10-09T02:03:05.5880784Z test_wrong_actor_rerun_or_untrusted_workflow_cannot_write_observational_state (test_release_lab_state.CandidateStateTests.test_wrong_actor_rerun_or_untrusted_workflow_cannot_write_observational_state) ... ok
Flutter analyze e test	Verificar contratos e bloqueios da esteira	2026-10-09T02:03:05.6828737Z test_zero_one_and_two_recorded_approvals_have_distinct_waiting_states (test_release_lab_state.CandidateStateTests.test_zero_one_and_two_recorded_approvals_have_distinct_waiting_states) ... ok
Flutter analyze e test	Verificar contratos e bloqueios da esteira	2026-10-09T02:03:05.8725837Z test_absent_provider_is_not_silently_recreated_or_treated_as_negative (test_remote_state.RemoteStateTests.test_absent_provider_is_not_silently_recreated_or_treated_as_negative) ... ok
Flutter analyze e test	Verificar contratos e bloqueios da esteira	2026-10-09T02:03:06.0862461Z test_bootstrap_race_cannot_replace_another_initialized_ref (test_remote_state.RemoteStateTests.test_bootstrap_race_cannot_replace_another_initialized_ref) ... ok
Flutter analyze e test	Verificar contratos e bloqueios da esteira	2026-10-09T02:03:06.2794492Z test_checkpoint_exists_before_ref_mutation (test_remote_state.RemoteStateTests.test_checkpoint_exists_before_ref_mutation) ... ok
Flutter analyze e test	Verificar contratos e bloqueios da esteira	2026-10-09T02:03:06.4840966Z test_checksums_and_truncated_tree_or_extra_files_block_before_import (test_remote_state.RemoteStateTests.test_checksums_and_truncated_tree_or_extra_files_block_before_import) ... ok
Flutter analyze e test	Verificar contratos e bloqueios da esteira	2026-10-09T02:03:06.7252137Z test_concurrent_sibling_writer_is_conflict_never_rebased_or_reapplied (test_remote_state.RemoteStateTests.test_concurrent_sibling_writer_is_conflict_never_rebased_or_reapplied) ... ok
Flutter analyze e test	Verificar contratos e bloqueios da esteira	2026-10-09T02:03:06.9797527Z test_confirmation_after_another_writer_advances_still_identifies_our_commit (test_remote_state.RemoteStateTests.test_confirmation_after_another_writer_advances_still_identifies_our_commit) ... ok
Flutter analyze e test	Verificar contratos e bloqueios da esteira	2026-10-09T02:03:07.2148304Z test_denied_update_can_only_retry_same_proposal_with_same_payload (test_remote_state.RemoteStateTests.test_denied_update_can_only_retry_same_proposal_with_same_payload) ... ok
Flutter analyze e test	Verificar contratos e bloqueios da esteira	2026-10-09T02:03:07.4253620Z test_empty_directory_allowed_but_existing_state_is_not_overwritten (test_remote_state.RemoteStateTests.test_empty_directory_allowed_but_existing_state_is_not_overwritten) ... ok
Flutter analyze e test	Verificar contratos e bloqueios da esteira	2026-10-09T02:03:07.6186958Z test_lost_ref_reply_is_reconciled_without_second_update (test_remote_state.RemoteStateTests.test_lost_ref_reply_is_reconciled_without_second_update) ... ok
Flutter analyze e test	Verificar contratos e bloqueios da esteira	2026-10-09T02:03:07.8129788Z test_opaque_credential_setting_or_unexpected_secret_column_is_rejected (test_remote_state.RemoteStateTests.test_opaque_credential_setting_or_unexpected_secret_column_is_rejected) ... ok
Flutter analyze e test	Verificar contratos e bloqueios da esteira	2026-10-09T02:03:07.9890059Z test_restriction_to_personal_repository_and_dedicated_ref (test_remote_state.RemoteStateTests.test_restriction_to_personal_repository_and_dedicated_ref) ... ok
Flutter analyze e test	Verificar contratos e bloqueios da esteira	2026-10-09T02:03:08.2059419Z test_round_trip_preserves_hash_approvals_all_journals_and_path_plan (test_remote_state.RemoteStateTests.test_round_trip_preserves_hash_approvals_all_journals_and_path_plan) ... ok
Flutter analyze e test	Verificar contratos e bloqueios da esteira	2026-10-09T02:03:08.3878151Z test_secret_values_are_rejected_and_never_written_to_git (test_remote_state.RemoteStateTests.test_secret_values_are_rejected_and_never_written_to_git) ... ok
Flutter analyze e test	Verificar contratos e bloqueios da esteira	2026-10-09T02:03:08.5910083Z test_sqlite_wal_is_exported_by_backup_and_remote_journal_remains_consistent (test_remote_state.RemoteStateTests.test_sqlite_wal_is_exported_by_backup_and_remote_journal_remains_consistent) ... ok
Flutter analyze e test	Verificar contratos e bloqueios da esteira	2026-10-09T02:03:08.8503099Z test_two_actions_advance_one_parent_without_force_and_preserve_zero_to_two (test_remote_state.RemoteStateTests.test_two_actions_advance_one_parent_without_force_and_preserve_zero_to_two) ... ok
Flutter analyze e test	Verificar contratos e bloqueios da esteira	2026-10-09T02:03:09.0828275Z test_unknown_confirmation_preserves_checkpoint_and_exact_proposal_for_retry (test_remote_state.RemoteStateTests.test_unknown_confirmation_preserves_checkpoint_and_exact_proposal_for_retry) ... ok
Flutter analyze e test	Verificar contratos e bloqueios da esteira	2026-10-09T02:03:09.6805005Z test_reopened_actions_preserve_zero_one_two_and_publish_exact_snapshot_once (test_runner.CoordinatorTests.test_reopened_actions_preserve_zero_one_two_and_publish_exact_snapshot_once) ... ok
Flutter analyze e test	Verificar contratos e bloqueios da esteira	2026-10-09T02:03:09.8028386Z test_slack_checkpoint_failure_prevents_post_and_keeps_unknown_locally (test_runner.CoordinatorTests.test_slack_checkpoint_failure_prevents_post_and_keeps_unknown_locally) ... ok
Flutter analyze e test	Verificar contratos e bloqueios da esteira	2026-10-09T02:03:09.9554770Z test_slack_unknown_checkpoint_is_remote_before_post_and_sent_rerun_does_not_duplicate (test_runner.CoordinatorTests.test_slack_unknown_checkpoint_is_remote_before_post_and_sent_rerun_does_not_duplicate) ... ok
Flutter analyze e test	Verificar contratos e bloqueios da esteira	2026-10-09T02:03:09.9558465Z test_metadata_read_is_allowed_but_repo_root_mutation_is_rejected (test_runner.RequestTests.test_metadata_read_is_allowed_but_repo_root_mutation_is_rejected) ... ok
Flutter analyze e test	Verificar contratos e bloqueios da esteira	2026-10-09T02:03:09.9560996Z test_only_authenticated_owner_on_personal_main_can_operate (test_runner.RequestTests.test_only_authenticated_owner_on_personal_main_can_operate) ... ok
Flutter analyze e test	Verificar contratos e bloqueios da esteira	2026-10-09T02:03:09.9563885Z test_rc_and_urgency_do_not_silently_coerce_other_json_types (test_runner.RequestTests.test_rc_and_urgency_do_not_silently_coerce_other_json_types) ... ok
Flutter analyze e test	Verificar contratos e bloqueios da esteira	2026-10-09T02:03:09.9565706Z test_sha_candidate_and_hash_require_text_before_regex_checks (test_runner.RequestTests.test_sha_candidate_and_hash_require_text_before_regex_checks) ... ok
Flutter analyze e test	Verificar contratos e bloqueios da esteira	2026-10-09T02:03:10.0486909Z test_all_queued_events_are_drained_not_only_the_last_trigger (test_slack_events.SlackEventsTests.test_all_queued_events_are_drained_not_only_the_last_trigger) ... ok
Flutter analyze e test	Verificar contratos e bloqueios da esteira	2026-10-09T02:03:10.1299595Z test_altered_tag_report_run_or_queued_pointer_is_blocked_before_sender (test_slack_events.SlackEventsTests.test_altered_tag_report_run_or_queued_pointer_is_blocked_before_sender) ... ok
Flutter analyze e test	Verificar contratos e bloqueios da esteira	2026-10-09T02:03:10.2141194Z test_cancelled_run_is_queued_and_worker_does_not_reopen_the_candidate (test_slack_events.SlackEventsTests.test_cancelled_run_is_queued_and_worker_does_not_reopen_the_candidate) ... ok
Flutter analyze e test	Verificar contratos e bloqueios da esteira	2026-10-09T02:03:10.2939849Z test_candidate_is_queued_only_after_report_and_keeps_commit_fallback (test_slack_events.SlackEventsTests.test_candidate_is_queued_only_after_report_and_keeps_commit_fallback) ... ok
Flutter analyze e test	Verificar contratos e bloqueios da esteira	2026-10-09T02:03:10.3748496Z test_legacy_delivery_and_failed_unfrozen_preview_are_not_backfilled (test_slack_events.SlackEventsTests.test_legacy_delivery_and_failed_unfrozen_preview_are_not_backfilled) ... ok
Flutter analyze e test	Verificar contratos e bloqueios da esteira	2026-10-09T02:03:10.4685912Z test_one_approval_then_two_approvals_queue_distinct_milestones_without_publish (test_slack_events.SlackEventsTests.test_one_approval_then_two_approvals_queue_distinct_milestones_without_publish) ... ok
Flutter analyze e test	Verificar contratos e bloqueios da esteira	2026-10-09T02:03:10.5867445Z test_promotion_notice_requires_real_release_and_same_final_receipt (test_slack_events.SlackEventsTests.test_promotion_notice_requires_real_release_and_same_final_receipt) ... ok
Flutter analyze e test	Verificar contratos e bloqueios da esteira	2026-10-09T02:03:10.7363987Z test_rejection_is_historical_and_new_rc_has_own_frozen_identity (test_slack_events.SlackEventsTests.test_rejection_is_historical_and_new_rc_has_own_frozen_identity) ... ok
Flutter analyze e test	Verificar contratos e bloqueios da esteira	2026-10-09T02:03:10.8263094Z test_two_approvals_do_not_queue_publication_before_final_command (test_slack_events.SlackEventsTests.test_two_approvals_do_not_queue_publication_before_final_command) ... ok
Flutter analyze e test	Verificar contratos e bloqueios da esteira	2026-10-09T02:03:10.8265307Z test_extra_human_or_another_bot_or_missing_israel_blocks (test_slack_notify.DestinationTests.test_extra_human_or_another_bot_or_missing_israel_blocks) ... ok
Flutter analyze e test	Verificar contratos e bloqueios da esteira	2026-10-09T02:03:10.8267502Z test_membership_is_checked_through_all_pages (test_slack_notify.DestinationTests.test_membership_is_checked_through_all_pages) ... ok
Flutter analyze e test	Verificar contratos e bloqueios da esteira	2026-10-09T02:03:10.8269518Z test_only_exact_private_channel_and_bot_plus_israel_are_accepted (test_slack_notify.DestinationTests.test_only_exact_private_channel_and_bot_plus_israel_are_accepted) ... ok
Flutter analyze e test	Verificar contratos e bloqueios da esteira	2026-10-09T02:03:10.8271506Z test_repeated_or_malformed_cursor_fails_closed (test_slack_notify.DestinationTests.test_repeated_or_malformed_cursor_fails_closed) ... ok
Flutter analyze e test	Verificar contratos e bloqueios da esteira	2026-10-09T02:03:10.8273213Z test_user_token_cannot_impersonate_israel (test_slack_notify.DestinationTests.test_user_token_cannot_impersonate_israel) ... ok
Flutter analyze e test	Verificar contratos e bloqueios da esteira	2026-10-09T02:03:10.8275140Z test_wrong_public_shared_archived_or_renamed_channel_has_no_post (test_slack_notify.DestinationTests.test_wrong_public_shared_archived_or_renamed_channel_has_no_post) ... ok
Flutter analyze e test	Verificar contratos e bloqueios da esteira	2026-10-09T02:03:10.8322493Z test_concurrent_attempt_is_blocked_while_first_post_is_in_flight (test_slack_notify.OutboxTests.test_concurrent_attempt_is_blocked_while_first_post_is_in_flight) ... ok
Flutter analyze e test	Verificar contratos e bloqueios da esteira	2026-10-09T02:03:10.8370790Z test_confirmed_send_is_persisted_and_retry_has_no_api_call (test_slack_notify.OutboxTests.test_confirmed_send_is_persisted_and_retry_has_no_api_call) ... ok
Flutter analyze e test	Verificar contratos e bloqueios da esteira	2026-10-09T02:03:10.8396078Z test_failed_destination_check_creates_no_attempt_and_never_posts (test_slack_notify.OutboxTests.test_failed_destination_check_creates_no_attempt_and_never_posts) ... ok
Flutter analyze e test	Verificar contratos e bloqueios da esteira	2026-10-09T02:03:10.8419071Z test_missing_token_cannot_read_or_post_to_slack (test_slack_notify.OutboxTests.test_missing_token_cannot_read_or_post_to_slack) ... ok
Flutter analyze e test	Verificar contratos e bloqueios da esteira	2026-10-09T02:03:10.8504652Z test_post_response_without_exact_channel_ts_is_unknown (test_slack_notify.OutboxTests.test_post_response_without_exact_channel_ts_is_unknown) ... ok
Flutter analyze e test	Verificar contratos e bloqueios da esteira	2026-10-09T02:03:10.8557538Z test_same_key_with_changed_payload_blocks_repetition (test_slack_notify.OutboxTests.test_same_key_with_changed_payload_blocks_repetition) ... ok
Flutter analyze e test	Verificar contratos e bloqueios da esteira	2026-10-09T02:03:10.8593472Z test_transport_uncertainty_stays_unknown_and_never_retries (test_slack_notify.OutboxTests.test_transport_uncertainty_stays_unknown_and_never_retries) ... ok
Flutter analyze e test	Verificar contratos e bloqueios da esteira	2026-10-09T02:03:10.8596233Z test_client_id_is_stable_and_bound_to_candidate_and_content (test_slack_notify.RenderTests.test_client_id_is_stable_and_bound_to_candidate_and_content) ... ok
Flutter analyze e test	Verificar contratos e bloqueios da esteira	2026-10-09T02:03:10.8612913Z test_default_cli_renders_without_token_network_or_outbox (test_slack_notify.RenderTests.test_default_cli_renders_without_token_network_or_outbox) ... ok
Flutter analyze e test	Verificar contratos e bloqueios da esteira	2026-10-09T02:03:10.8615532Z test_github_links_cannot_redirect_to_other_repositories_or_mentions (test_slack_notify.RenderTests.test_github_links_cannot_redirect_to_other_repositories_or_mentions) ... ok
Flutter analyze e test	Verificar contratos e bloqueios da esteira	2026-10-09T02:03:10.8617681Z test_lab_flags_are_explicit_and_real_notice_cannot_claim_distribution (test_slack_notify.RenderTests.test_lab_flags_are_explicit_and_real_notice_cannot_claim_distribution) ... ok
Flutter analyze e test	Verificar contratos e bloqueios da esteira	2026-10-09T02:03:10.8619956Z test_status_uses_plain_text_and_does_not_enable_mentions (test_slack_notify.RenderTests.test_status_uses_plain_text_and_does_not_enable_mentions) ... ok
Flutter analyze e test	Verificar contratos e bloqueios da esteira	2026-10-09T02:03:10.8621094Z test_cross_host_redirect_is_never_followed (test_slack_notify.TransportTests.test_cross_host_redirect_is_never_followed) ... ok
Flutter analyze e test	Verificar contratos e bloqueios da esteira	2026-10-09T02:03:10.8627764Z test_network_errors_never_echo_token_or_raw_response (test_slack_notify.TransportTests.test_network_errors_never_echo_token_or_raw_response) ... ok
Flutter analyze e test	Verificar contratos e bloqueios da esteira	2026-10-09T02:03:10.8631262Z test_token_is_header_only_and_write_is_json_to_fixed_slack_endpoint (test_slack_notify.TransportTests.test_token_is_header_only_and_write_is_json_to_fixed_slack_endpoint) ... ok
Flutter analyze e test	Verificar contratos e bloqueios da esteira	2026-10-09T02:03:10.8633151Z test_unknown_method_does_not_call_network (test_slack_notify.TransportTests.test_unknown_method_does_not_call_network) ... ok
Flutter analyze e test	Verificar contratos e bloqueios da esteira	2026-10-09T02:03:10.8670593Z test_actual_concurrent_writers_append_different_events_without_lost_updates (test_slack_outbox.DurableSlackTests.test_actual_concurrent_writers_append_different_events_without_lost_updates) ... ok
Flutter analyze e test	Verificar contratos e bloqueios da esteira	2026-10-09T02:03:10.8711899Z test_checkpoint_persistence_failure_never_posts (test_slack_outbox.DurableSlackTests.test_checkpoint_persistence_failure_never_posts) ... ok
Flutter analyze e test	Verificar contratos e bloqueios da esteira	2026-10-09T02:03:10.8774111Z test_claim_race_observes_owner_confirmation_without_a_second_post (test_slack_outbox.DurableSlackTests.test_claim_race_observes_owner_confirmation_without_a_second_post) ... ok
Flutter analyze e test	Verificar contratos e bloqueios da esteira	2026-10-09T02:03:10.8820055Z test_claim_race_persistent_unknown_stops_after_bounded_reads_without_post (test_slack_outbox.DurableSlackTests.test_claim_race_persistent_unknown_stops_after_bounded_reads_without_post) ... ok
Flutter analyze e test	Verificar contratos e bloqueios da esteira	2026-10-09T02:03:10.8832924Z test_cli_invalid_frozen_notice_is_optional_and_no_raw_content_is_printed (test_slack_outbox.DurableSlackTests.test_cli_invalid_frozen_notice_is_optional_and_no_raw_content_is_printed) ... ok
Flutter analyze e test	Verificar contratos e bloqueios da esteira	2026-10-09T02:03:10.8938573Z test_competing_different_events_preserve_both_and_candidate_journal (test_slack_outbox.DurableSlackTests.test_competing_different_events_preserve_both_and_candidate_journal) ... ok
Flutter analyze e test	Verificar contratos e bloqueios da esteira	2026-10-09T02:03:10.8953095Z test_confirmation_poll_does_not_adopt_different_source_identity (test_slack_outbox.DurableSlackTests.test_confirmation_poll_does_not_adopt_different_source_identity) ... ok
Flutter analyze e test	Verificar contratos e bloqueios da esteira	2026-10-09T02:03:10.9006872Z test_evaluation_run_change_keeps_key_but_blocks_frozen_provenance_replacement (test_slack_outbox.DurableSlackTests.test_evaluation_run_change_keeps_key_but_blocks_frozen_provenance_replacement) ... ok
Flutter analyze e test	Verificar contratos e bloqueios da esteira	2026-10-09T02:03:10.9064080Z test_history_pagination_is_bounded_and_positive_later_page_reconciles (test_slack_outbox.DurableSlackTests.test_history_pagination_is_bounded_and_positive_later_page_reconciles) ... ok
Flutter analyze e test	Verificar contratos e bloqueios da esteira	2026-10-09T02:03:10.9114948Z test_lost_unknown_write_reply_rechecks_exact_checkpoint_before_post (test_slack_outbox.DurableSlackTests.test_lost_unknown_write_reply_rechecks_exact_checkpoint_before_post) ... ok
Flutter analyze e test	Verificar contratos e bloqueios da esteira	2026-10-09T02:03:10.9147550Z test_missing_or_malformed_secret_skips_without_remote_or_slack_calls (test_slack_outbox.DurableSlackTests.test_missing_or_malformed_secret_skips_without_remote_or_slack_calls) ... ok
Flutter analyze e test	Verificar contratos e bloqueios da esteira	2026-10-09T02:03:10.9199824Z test_only_preview_for_exact_frozen_source_is_allowed (test_slack_outbox.DurableSlackTests.test_only_preview_for_exact_frozen_source_is_allowed) ... ok
Flutter analyze e test	Verificar contratos e bloqueios da esteira	2026-10-09T02:03:10.9212890Z test_poll_deadline_stops_before_network_when_budget_has_expired (test_slack_outbox.DurableSlackTests.test_poll_deadline_stops_before_network_when_budget_has_expired) ... ok
Flutter analyze e test	Verificar contratos e bloqueios da esteira	2026-10-09T02:03:10.9233244Z test_poll_transport_is_get_only_and_timeout_error_is_sanitized (test_slack_outbox.DurableSlackTests.test_poll_transport_is_get_only_and_timeout_error_is_sanitized) ... ok
Flutter analyze e test	Verificar contratos e bloqueios da esteira	2026-10-09T02:03:10.9300736Z test_post_timeout_remains_remote_unknown_and_fresh_retry_never_posts (test_slack_outbox.DurableSlackTests.test_post_timeout_remains_remote_unknown_and_fresh_retry_never_posts) ... ok
Flutter analyze e test	Verificar contratos e bloqueios da esteira	2026-10-09T02:03:10.9382296Z test_public_or_shared_channel_or_extra_member_never_reserves (test_slack_outbox.DurableSlackTests.test_public_or_shared_channel_or_extra_member_never_reserves) ... ok
Flutter analyze e test	Verificar contratos e bloqueios da esteira	2026-10-09T02:03:10.9434003Z test_receipts_logs_and_remote_checkpoints_exclude_secrets_and_full_payload (test_slack_outbox.DurableSlackTests.test_receipts_logs_and_remote_checkpoints_exclude_secrets_and_full_payload) ... ok
Flutter analyze e test	Verificar contratos e bloqueios da esteira	2026-10-09T02:03:10.9495005Z test_remote_unknown_with_positive_history_reconciles_without_post (test_slack_outbox.DurableSlackTests.test_remote_unknown_with_positive_history_reconciles_without_post) ... ok
Flutter analyze e test	Verificar contratos e bloqueios da esteira	2026-10-09T02:03:10.9552181Z test_same_logical_key_different_payload_blocks_before_slack_read (test_slack_outbox.DurableSlackTests.test_same_logical_key_different_payload_blocks_before_slack_read) ... ok
Flutter analyze e test	Verificar contratos e bloqueios da esteira	2026-10-09T02:03:10.9660082Z test_sent_checkpoint_lost_requires_history_on_fresh_runner (test_slack_outbox.DurableSlackTests.test_sent_checkpoint_lost_requires_history_on_fresh_runner) ... ok
Flutter analyze e test	Verificar contratos e bloqueios da esteira	2026-10-09T02:03:10.9738038Z test_sent_on_fresh_runner_skips_every_slack_call_and_restores_sqlite (test_slack_outbox.DurableSlackTests.test_sent_on_fresh_runner_skips_every_slack_call_and_restores_sqlite) ... ok
Flutter analyze e test	Verificar contratos e bloqueios da esteira	2026-10-09T02:03:10.9789891Z test_short_poll_timeout_preserves_positive_history_reconciliation_for_unknown (test_slack_outbox.DurableSlackTests.test_short_poll_timeout_preserves_positive_history_reconciliation_for_unknown) ... ok
Flutter analyze e test	Verificar contratos e bloqueios da esteira	2026-10-09T02:03:10.9842160Z test_success_is_unknown_before_post_then_sent_with_exact_receipt (test_slack_outbox.DurableSlackTests.test_success_is_unknown_before_post_then_sent_with_exact_receipt) ... ok
Flutter analyze e test	Verificar contratos e bloqueios da esteira	2026-10-09T02:03:10.9924401Z test_two_fresh_runners_same_event_only_one_may_post (test_slack_outbox.DurableSlackTests.test_two_fresh_runners_same_event_only_one_may_post) ... ok
Flutter analyze e test	Verificar contratos e bloqueios da esteira	2026-10-09T02:03:10.9968290Z test_unbounded_history_without_evidence_stops_at_three_pages (test_slack_outbox.DurableSlackTests.test_unbounded_history_without_evidence_stops_at_three_pages) ... ok
Flutter analyze e test	Verificar contratos e bloqueios da esteira	2026-10-09T02:03:11.0103383Z test_unknown_client_id_with_wrong_hash_bot_app_or_channel_blocks (test_slack_outbox.DurableSlackTests.test_unknown_client_id_with_wrong_hash_bot_app_or_channel_blocks) ... ok
Flutter analyze e test	Verificar contratos e bloqueios da esteira	2026-10-09T02:03:11.0185378Z test_unknown_empty_history_or_missing_scope_never_authorizes_resend (test_slack_outbox.DurableSlackTests.test_unknown_empty_history_or_missing_scope_never_authorizes_resend) ... ok
Flutter analyze e test	Verificar contratos e bloqueios da esteira	2026-10-09T02:03:11.0231783Z test_unknown_initial_read_observes_owner_sent_without_slack_history_or_post (test_slack_outbox.DurableSlackTests.test_unknown_initial_read_observes_owner_sent_without_slack_history_or_post) ... ok
Flutter analyze e test	Verificar contratos e bloqueios da esteira	2026-10-09T02:03:11.0291753Z test_wrong_exact_bot_or_app_never_reserves_or_posts (test_slack_outbox.DurableSlackTests.test_wrong_exact_bot_or_app_never_reserves_or_posts) ... ok
Flutter analyze e test	Verificar contratos e bloqueios da esteira	2026-10-09T02:03:11.0306637Z test_cli_preserves_frozen_report_and_writes_preview (test_slack_preview.SlackPreviewTests.test_cli_preserves_frozen_report_and_writes_preview) ... ok
Flutter analyze e test	Verificar contratos e bloqueios da esteira	2026-10-09T02:03:11.0313835Z test_credentials_are_not_read_or_inserted_in_the_artifact (test_slack_preview.SlackPreviewTests.test_credentials_are_not_read_or_inserted_in_the_artifact) ... ok
Flutter analyze e test	Verificar contratos e bloqueios da esteira	2026-10-09T02:03:11.0320469Z test_frozen_pr_sections_are_labelled_without_claiming_ai_generated_them (test_slack_preview.SlackPreviewTests.test_frozen_pr_sections_are_labelled_without_claiming_ai_generated_them) ... ok
Flutter analyze e test	Verificar contratos e bloqueios da esteira	2026-10-09T02:03:11.0322080Z test_legacy_report_remains_literal_fallback (test_slack_preview.SlackPreviewTests.test_legacy_report_remains_literal_fallback) ... ok
Flutter analyze e test	Verificar contratos e bloqueios da esteira	2026-10-09T02:03:11.0345852Z test_long_commit_history_is_truncated_before_slack_limit (test_slack_preview.SlackPreviewTests.test_long_commit_history_is_truncated_before_slack_limit) ... ok
Flutter analyze e test	Verificar contratos e bloqueios da esteira	2026-10-09T02:03:11.0396623Z test_long_subjects_and_controls_do_not_turn_optional_notice_into_failure (test_slack_preview.SlackPreviewTests.test_long_subjects_and_controls_do_not_turn_optional_notice_into_failure) ... ok
Flutter analyze e test	Verificar contratos e bloqueios da esteira	2026-10-09T02:03:11.0399111Z test_modified_selected_summary_is_refused (test_slack_preview.SlackPreviewTests.test_modified_selected_summary_is_refused) ... ok
Flutter analyze e test	Verificar contratos e bloqueios da esteira	2026-10-09T02:03:11.0407553Z test_send_option_does_not_exist (test_slack_preview.SlackPreviewTests.test_send_option_does_not_exist) ... usage: python3 -m unittest [-h] --report REPORT --policy POLICY --output
Flutter analyze e test	Verificar contratos e bloqueios da esteira	2026-10-09T02:03:11.0408818Z                            OUTPUT
Flutter analyze e test	Verificar contratos e bloqueios da esteira	2026-10-09T02:03:11.0409619Z python3 -m unittest: error: the following arguments are required: --report, --policy, --output
Flutter analyze e test	Verificar contratos e bloqueios da esteira	2026-10-09T02:03:11.0410405Z ok
Flutter analyze e test	Verificar contratos e bloqueios da esteira	2026-10-09T02:03:11.0411588Z test_summary_for_different_rc_is_refused_even_with_valid_digest (test_slack_preview.SlackPreviewTests.test_summary_for_different_rc_is_refused_even_with_valid_digest) ... ok
Flutter analyze e test	Verificar contratos e bloqueios da esteira	2026-10-09T02:03:11.0415998Z test_wrong_preview_or_source_is_refused (test_slack_preview.SlackPreviewTests.test_wrong_preview_or_source_is_refused) ... ok
Flutter analyze e test	Verificar contratos e bloqueios da esteira	2026-10-09T02:03:11.1180866Z test_complex_yaml_is_pending_instead_of_guessed (test_snapshots.PreAnalysisTests.test_complex_yaml_is_pending_instead_of_guessed) ... ok
Flutter analyze e test	Verificar contratos e bloqueios da esteira	2026-10-09T02:03:11.1783895Z test_dart_prediction_is_distinct_from_web_and_native_validation (test_snapshots.PreAnalysisTests.test_dart_prediction_is_distinct_from_web_and_native_validation) ... ok
Flutter analyze e test	Verificar contratos e bloqueios da esteira	2026-10-09T02:03:11.3278153Z test_dependency_manifest_lock_and_unknown_files_fail_closed (test_snapshots.PreAnalysisTests.test_dependency_manifest_lock_and_unknown_files_fail_closed) ... ok
Flutter analyze e test	Verificar contratos e bloqueios da esteira	2026-10-09T02:03:11.4085727Z test_docs_and_tools_do_not_force_store_but_do_affect_preview_identity (test_snapshots.PreAnalysisTests.test_docs_and_tools_do_not_force_store_but_do_affect_preview_identity) ... ok
Flutter analyze e test	Verificar contratos e bloqueios da esteira	2026-10-09T02:03:11.4775834Z test_each_platform_uses_its_own_release_base_not_last_rc (test_snapshots.PreAnalysisTests.test_each_platform_uses_its_own_release_base_not_last_rc) ... ok
Flutter analyze e test	Verificar contratos e bloqueios da esteira	2026-10-09T02:03:11.5072568Z test_missing_candidate_input_is_pending_not_assumed_from_base (test_snapshots.PreAnalysisTests.test_missing_candidate_input_is_pending_not_assumed_from_base) ... ok
Flutter analyze e test	Verificar contratos e bloqueios da esteira	2026-10-09T02:03:11.5540368Z test_missing_or_mismatched_base_evidence_blocks_prediction (test_snapshots.PreAnalysisTests.test_missing_or_mismatched_base_evidence_blocks_prediction) ... ok
Flutter analyze e test	Verificar contratos e bloqueios da esteira	2026-10-09T02:03:11.6962855Z test_packaged_asset_and_resolution_variant_require_store (test_snapshots.PreAnalysisTests.test_packaged_asset_and_resolution_variant_require_store) ... ok
Flutter analyze e test	Verificar contratos e bloqueios da esteira	2026-10-09T02:03:11.7471224Z test_platform_inputs_are_separate (test_snapshots.PreAnalysisTests.test_platform_inputs_are_separate) ... ok
Flutter analyze e test	Verificar contratos e bloqueios da esteira	2026-10-09T02:03:11.8072177Z test_pubspec_asset_declarations_require_store (test_snapshots.PreAnalysisTests.test_pubspec_asset_declarations_require_store) ... ok
Flutter analyze e test	Verificar contratos e bloqueios da esteira	2026-10-09T02:03:11.9484203Z test_toolchain_entrypoint_or_flavor_change_requires_store (test_snapshots.PreAnalysisTests.test_toolchain_entrypoint_or_flavor_change_requires_store) ... ok
Flutter analyze e test	Verificar contratos e bloqueios da esteira	2026-10-09T02:03:11.9895354Z test_verified_release_needs_provider_identifier (test_snapshots.PreAnalysisTests.test_verified_release_needs_provider_identifier) ... ok
Flutter analyze e test	Verificar contratos e bloqueios da esteira	2026-10-09T02:03:12.0725222Z test_build_fingerprint_is_conservative_and_json_is_finite (test_snapshots.PreviewTests.test_build_fingerprint_is_conservative_and_json_is_finite) ... ok
Flutter analyze e test	Verificar contratos e bloqueios da esteira	2026-10-09T02:03:12.1165409Z test_cannot_substitute_origin_sha_even_with_claimed_candidate_fingerprint (test_snapshots.PreviewTests.test_cannot_substitute_origin_sha_even_with_claimed_candidate_fingerprint) ... ok
Flutter analyze e test	Verificar contratos e bloqueios da esteira	2026-10-09T02:03:12.1604954Z test_changed_code_or_build_inputs_refuses_reuse (test_snapshots.PreviewTests.test_changed_code_or_build_inputs_refuses_reuse) ... ok
Flutter analyze e test	Verificar contratos e bloqueios da esteira	2026-10-09T02:03:12.2222931Z test_equal_tree_with_different_commit_and_docs_can_reuse (test_snapshots.PreviewTests.test_equal_tree_with_different_commit_and_docs_can_reuse) ... ok
Flutter analyze e test	Verificar contratos e bloqueios da esteira	2026-10-09T02:03:12.2790659Z test_fixture_format_is_explicit_and_flutter_zip_is_checked (test_snapshots.PreviewTests.test_fixture_format_is_explicit_and_flutter_zip_is_checked) ... ok
Flutter analyze e test	Verificar contratos e bloqueios da esteira	2026-10-09T02:03:12.3143781Z test_flutter_zip_rejects_path_traversal (test_snapshots.PreviewTests.test_flutter_zip_rejects_path_traversal) ... ok
Flutter analyze e test	Verificar contratos e bloqueios da esteira	2026-10-09T02:03:12.3738000Z test_hash_expiration_and_incomplete_metadata_block (test_snapshots.PreviewTests.test_hash_expiration_and_incomplete_metadata_block) ... ok
Flutter analyze e test	Verificar contratos e bloqueios da esteira	2026-10-09T02:03:12.4438463Z test_candidate_requires_production_ancestor_and_exact_shas (test_snapshots.SnapshotTests.test_candidate_requires_production_ancestor_and_exact_shas) ... ok
Flutter analyze e test	Verificar contratos e bloqueios da esteira	2026-10-09T02:03:12.5064486Z test_exception_in_build_still_removes_clone (test_snapshots.SnapshotTests.test_exception_in_build_still_removes_clone) ... ok
Flutter analyze e test	Verificar contratos e bloqueios da esteira	2026-10-09T02:03:12.5285212Z test_latest_and_mutable_release_base_are_rejected (test_snapshots.SnapshotTests.test_latest_and_mutable_release_base_are_rejected) ... ok
Flutter analyze e test	Verificar contratos e bloqueios da esteira	2026-10-09T02:03:12.5657095Z test_orphan_history_is_rejected_even_with_similar_versioned_files (test_snapshots.SnapshotTests.test_orphan_history_is_rejected_even_with_similar_versioned_files) ... ok
Flutter analyze e test	Verificar contratos e bloqueios da esteira	2026-10-09T02:03:12.6979334Z test_release_correction_does_not_import_main_features (test_snapshots.SnapshotTests.test_release_correction_does_not_import_main_features) ... ok
Flutter analyze e test	Verificar contratos e bloqueios da esteira	2026-10-09T02:03:12.8171731Z test_returning_to_a_branch_or_new_commit_blocks_even_if_source_files_match (test_snapshots.SnapshotTests.test_returning_to_a_branch_or_new_commit_blocks_even_if_source_files_match) ... ok
Flutter analyze e test	Verificar contratos e bloqueios da esteira	2026-10-09T02:03:12.9038865Z test_snapshot_is_fixed_even_when_original_checkout_is_dirty (test_snapshots.SnapshotTests.test_snapshot_is_fixed_even_when_original_checkout_is_dirty) ... ok
Flutter analyze e test	Verificar contratos e bloqueios da esteira	2026-10-09T02:03:12.9437537Z test_tracked_symlink_requires_audited_strategy (test_snapshots.SnapshotTests.test_tracked_symlink_requires_audited_strategy) ... ok
Flutter analyze e test	Verificar contratos e bloqueios da esteira	2026-10-09T02:03:13.0207618Z test_wrong_tree_or_mutating_checkout_blocks_and_cleans_up (test_snapshots.SnapshotTests.test_wrong_tree_or_mutating_checkout_blocks_and_cleans_up) ... ok
Flutter analyze e test	Verificar contratos e bloqueios da esteira	2026-10-09T02:03:13.0209223Z test_delivery_ref_and_source_cannot_drift (test_version_manifest.VersionManifestTests.test_delivery_ref_and_source_cannot_drift) ... ok
Flutter analyze e test	Verificar contratos e bloqueios da esteira	2026-10-09T02:03:13.0210733Z test_delivery_version_and_web_metadata_have_independent_identity (test_version_manifest.VersionManifestTests.test_delivery_version_and_web_metadata_have_independent_identity) ... ok
Flutter analyze e test	Verificar contratos e bloqueios da esteira	2026-10-09T02:03:13.0212497Z test_failed_or_different_preview_cannot_become_version_evidence (test_version_manifest.VersionManifestTests.test_failed_or_different_preview_cannot_become_version_evidence) ... ok
Flutter analyze e test	Verificar contratos e bloqueios da esteira	2026-10-09T02:03:13.0214429Z test_mobile_input_is_not_an_observed_provider_result (test_version_manifest.VersionManifestTests.test_mobile_input_is_not_an_observed_provider_result) ... ok
Flutter analyze e test	Verificar contratos e bloqueios da esteira	2026-10-09T02:03:13.0621365Z test_offline_cli_writes_both_machine_manifest_and_readable_table (test_version_manifest.VersionManifestTests.test_offline_cli_writes_both_machine_manifest_and_readable_table) ... ok
Flutter analyze e test	Verificar contratos e bloqueios da esteira	2026-10-09T02:03:13.0623346Z test_patch_identification_refuses_web_latest_implicit_build_and_fake_numbers (test_version_manifest.VersionManifestTests.test_patch_identification_refuses_web_latest_implicit_build_and_fake_numbers) ... ok
Flutter analyze e test	Verificar contratos e bloqueios da esteira	2026-10-09T02:03:13.0624698Z test_patch_identity_includes_app_platform_base_and_number (test_version_manifest.VersionManifestTests.test_patch_identity_includes_app_platform_base_and_number) ... ok
Flutter analyze e test	Verificar contratos e bloqueios da esteira	2026-10-09T02:03:13.0626762Z test_platforms_may_have_different_exact_shorebird_bases (test_version_manifest.VersionManifestTests.test_platforms_may_have_different_exact_shorebird_bases) ... ok
Flutter analyze e test	Verificar contratos e bloqueios da esteira	2026-10-09T02:03:13.0631342Z test_validating_frozen_plan_rejects_fabricated_mobile_delivery (test_version_manifest.VersionManifestTests.test_validating_frozen_plan_rejects_fabricated_mobile_delivery) ... ok
Flutter analyze e test	Verificar contratos e bloqueios da esteira	2026-10-09T02:03:13.0634072Z test_web_does_not_acquire_shorebird_patch_or_an_altered_app_version (test_version_manifest.VersionManifestTests.test_web_does_not_acquire_shorebird_patch_or_an_altered_app_version) ... ok
Flutter analyze e test	Verificar contratos e bloqueios da esteira	2026-10-09T02:03:13.0635040Z 
Flutter analyze e test	Verificar contratos e bloqueios da esteira	2026-10-09T02:03:13.0635333Z ----------------------------------------------------------------------
Flutter analyze e test	Verificar contratos e bloqueios da esteira	2026-10-09T02:03:13.0635720Z Ran 404 tests in 35.587s
Flutter analyze e test	Verificar contratos e bloqueios da esteira	2026-10-09T02:03:13.0635876Z 
Flutter analyze e test	Verificar contratos e bloqueios da esteira	2026-10-09T02:03:13.0635956Z OK
Flutter analyze e test	Verificar contratos e bloqueios da esteira	2026-10-09T02:03:13.0636453Z Material copiado e selecionado; nenhuma IA consultada e nenhum aviso enviado.
Flutter analyze e test	Verificar contratos e bloqueios da esteira	2026-10-09T02:03:13.0637224Z Material copiado e selecionado; nenhuma IA consultada e nenhum aviso enviado.
Flutter analyze e test	Verificar contratos e bloqueios da esteira	2026-10-09T02:03:13.0637654Z https://github.com/example/pull/4
Flutter analyze e test	Verificar contratos e bloqueios da esteira	2026-10-09T02:03:13.0637932Z https://github.com/example/pull/4
Flutter analyze e test	Verificar contratos e bloqueios da esteira	2026-10-09T02:03:13.0638192Z https://github.com/example/pull/4
Flutter analyze e test	Verificar contratos e bloqueios da esteira	2026-10-09T02:03:13.0638970Z Laboratório protegido: 2 reviews, status obrigatório, admins incluídos; RC legado e neutro sem update/delete.
Flutter analyze e test	Verificar contratos e bloqueios da esteira	2026-10-09T02:03:13.0639749Z main e permissões de pessoas/Actions não foram alteradas.
Flutter analyze e test	Verificar contratos e bloqueios da esteira	2026-10-09T02:03:13.0640113Z https://github.com/example/releases/tag/lab
Flutter analyze e test	Verificar contratos e bloqueios da esteira	2026-10-09T02:03:13.0640572Z SIMULAÇÃO: aviso gerado localmente; nenhuma mensagem enviada ao Slack.
Flutter analyze e test	Explicar o alcance das verificações	﻿2026-10-09T02:03:13.0932861Z ##[group]Run python3 - <<'PY'
Flutter analyze e test	Explicar o alcance das verificações	2026-10-09T02:03:13.0933185Z ^[[36;1mpython3 - <<'PY'^[[0m
Flutter analyze e test	Explicar o alcance das verificações	2026-10-09T02:03:13.0933420Z ^[[36;1mimport os^[[0m
Flutter analyze e test	Explicar o alcance das verificações	2026-10-09T02:03:13.0933731Z ^[[36;1mwith open(os.environ['GITHUB_STEP_SUMMARY'], 'a') as summary:^[[0m
Flutter analyze e test	Explicar o alcance das verificações	2026-10-09T02:03:13.0934404Z ^[[36;1m    summary.write('# Verificar PR\n\nFlutter analyze, Flutter test e testes dos contratos da esteira concluídos.\n\n')^[[0m
Flutter analyze e test	Explicar o alcance das verificações	2026-10-09T02:03:13.0935293Z ^[[36;1m    summary.write('Revisão técnica continua humana. Este check não prepara RC, não pede avais e não distribui o aplicativo.\n')^[[0m
Flutter analyze e test	Explicar o alcance das verificações	2026-10-09T02:03:13.0935889Z ^[[36;1mPY^[[0m
Flutter analyze e test	Explicar o alcance das verificações	2026-10-09T02:03:13.0996931Z shell: /usr/bin/bash -e {0}
Flutter analyze e test	Explicar o alcance das verificações	2026-10-09T02:03:13.0997199Z ##[endgroup]
Flutter analyze e test	Post Checkout da combinação proposta pelo PR	﻿2026-10-09T02:03:13.1357443Z Post job cleanup.
Flutter analyze e test	Post Checkout da combinação proposta pelo PR	2026-10-09T02:03:13.2222630Z [command]/usr/bin/git version
Flutter analyze e test	Post Checkout da combinação proposta pelo PR	2026-10-09T02:03:13.2279136Z git version 2.55.0
Flutter analyze e test	Post Checkout da combinação proposta pelo PR	2026-10-09T02:03:13.2319901Z Temporarily overriding HOME='/home/runner/work/_temp/03341d3e-28b7-4c79-8f38-b06c387ae333' before making global git config changes
Flutter analyze e test	Post Checkout da combinação proposta pelo PR	2026-10-09T02:03:13.2321618Z Adding repository directory to the temporary git global config as a safe directory
Flutter analyze e test	Post Checkout da combinação proposta pelo PR	2026-10-09T02:03:13.2325954Z [command]/usr/bin/git config --global --add safe.directory /home/runner/work/flutter_code_push_example/flutter_code_push_example/app
Flutter analyze e test	Post Checkout da combinação proposta pelo PR	2026-10-09T02:03:13.2360669Z Removing SSH command configuration
Flutter analyze e test	Post Checkout da combinação proposta pelo PR	2026-10-09T02:03:13.2368111Z [command]/usr/bin/git config --local --name-only --get-regexp core\.sshCommand
Flutter analyze e test	Post Checkout da combinação proposta pelo PR	2026-10-09T02:03:13.2404999Z [command]/usr/bin/git submodule foreach --recursive sh -c "git config --local --name-only --get-regexp 'core\.sshCommand' && git config --local --unset-all 'core.sshCommand' || :"
Flutter analyze e test	Post Checkout da combinação proposta pelo PR	2026-10-09T02:03:13.2649492Z Removing HTTP extra header
Flutter analyze e test	Post Checkout da combinação proposta pelo PR	2026-10-09T02:03:13.2655110Z [command]/usr/bin/git config --local --name-only --get-regexp http\.https\:\/\/github\.com\/\.extraheader
Flutter analyze e test	Post Checkout da combinação proposta pelo PR	2026-10-09T02:03:13.2697362Z [command]/usr/bin/git submodule foreach --recursive sh -c "git config --local --name-only --get-regexp 'http\.https\:\/\/github\.com\/\.extraheader' && git config --local --unset-all 'http.https://github.com/.extraheader' || :"
Flutter analyze e test	Post Checkout da combinação proposta pelo PR	2026-10-09T02:03:13.2980923Z Removing includeIf entries pointing to credentials config files
Flutter analyze e test	Post Checkout da combinação proposta pelo PR	2026-10-09T02:03:13.2997439Z [command]/usr/bin/git config --local --name-only --get-regexp ^includeIf\.gitdir:
Flutter analyze e test	Post Checkout da combinação proposta pelo PR	2026-10-09T02:03:13.3061472Z [command]/usr/bin/git submodule foreach --recursive git config --local --show-origin --name-only --get-regexp remote.origin.url
Flutter analyze e test	Post Checkout das ferramentas da base revisada	﻿2026-10-09T02:03:13.3565426Z Post job cleanup.
Flutter analyze e test	Post Checkout das ferramentas da base revisada	2026-10-09T02:03:13.4437141Z [command]/usr/bin/git version
Flutter analyze e test	Post Checkout das ferramentas da base revisada	2026-10-09T02:03:13.4492110Z git version 2.55.0
Flutter analyze e test	Post Checkout das ferramentas da base revisada	2026-10-09T02:03:13.4535851Z Temporarily overriding HOME='/home/runner/work/_temp/faf89c9d-234e-4fb3-8e18-18cb4b0586e0' before making global git config changes
Flutter analyze e test	Post Checkout das ferramentas da base revisada	2026-10-09T02:03:13.4537773Z Adding repository directory to the temporary git global config as a safe directory
Flutter analyze e test	Post Checkout das ferramentas da base revisada	2026-10-09T02:03:13.4549209Z [command]/usr/bin/git config --global --add safe.directory /home/runner/work/flutter_code_push_example/flutter_code_push_example/trusted
Flutter analyze e test	Post Checkout das ferramentas da base revisada	2026-10-09T02:03:13.4600234Z Removing SSH command configuration
Flutter analyze e test	Post Checkout das ferramentas da base revisada	2026-10-09T02:03:13.4601440Z [command]/usr/bin/git config --local --name-only --get-regexp core\.sshCommand
Flutter analyze e test	Post Checkout das ferramentas da base revisada	2026-10-09T02:03:13.4662286Z [command]/usr/bin/git submodule foreach --recursive sh -c "git config --local --name-only --get-regexp 'core\.sshCommand' && git config --local --unset-all 'core.sshCommand' || :"
Flutter analyze e test	Post Checkout das ferramentas da base revisada	2026-10-09T02:03:13.4970764Z Removing HTTP extra header
Flutter analyze e test	Post Checkout das ferramentas da base revisada	2026-10-09T02:03:13.4981809Z [command]/usr/bin/git config --local --name-only --get-regexp http\.https\:\/\/github\.com\/\.extraheader
Flutter analyze e test	Post Checkout das ferramentas da base revisada	2026-10-09T02:03:13.5028505Z [command]/usr/bin/git submodule foreach --recursive sh -c "git config --local --name-only --get-regexp 'http\.https\:\/\/github\.com\/\.extraheader' && git config --local --unset-all 'http.https://github.com/.extraheader' || :"
Flutter analyze e test	Post Checkout das ferramentas da base revisada	2026-10-09T02:03:13.5301500Z Removing includeIf entries pointing to credentials config files
Flutter analyze e test	Post Checkout das ferramentas da base revisada	2026-10-09T02:03:13.5309102Z [command]/usr/bin/git config --local --name-only --get-regexp ^includeIf\.gitdir:
Flutter analyze e test	Post Checkout das ferramentas da base revisada	2026-10-09T02:03:13.5352018Z [command]/usr/bin/git submodule foreach --recursive git config --local --show-origin --name-only --get-regexp remote.origin.url
Flutter analyze e test	Complete job	﻿2026-10-09T02:03:13.5760448Z Cleaning up orphan processes
