Flutter analyze e test	Set up job	﻿2026-10-09T02:11:30.4930042Z Current runner version: '2.337.0'
Flutter analyze e test	Set up job	2026-10-09T02:11:30.4947691Z ##[group]Runner Image Provisioner
Flutter analyze e test	Set up job	2026-10-09T02:11:30.4948293Z Hosted Compute Agent
Flutter analyze e test	Set up job	2026-10-09T02:11:30.4948630Z Version: 20261002.596
Flutter analyze e test	Set up job	2026-10-09T02:11:30.4949012Z Commit: c3d12f3313a95f25162a1503be624f3b0617f8c0
Flutter analyze e test	Set up job	2026-10-09T02:11:30.4949468Z Build Date: 2026-10-02T22:28:27Z
Flutter analyze e test	Set up job	2026-10-09T02:11:30.4949860Z Worker ID: {0b38ca67-21df-48df-830a-fa5214bd6342}
Flutter analyze e test	Set up job	2026-10-09T02:11:30.4950318Z Region: westus3
Flutter analyze e test	Set up job	2026-10-09T02:11:30.4950635Z Cloud: Azure
Flutter analyze e test	Set up job	2026-10-09T02:11:30.4950967Z ##[endgroup]
Flutter analyze e test	Set up job	2026-10-09T02:11:30.4951725Z ##[group]Operating System
Flutter analyze e test	Set up job	2026-10-09T02:11:30.4952072Z Ubuntu
Flutter analyze e test	Set up job	2026-10-09T02:11:30.4952411Z 24.04.5
Flutter analyze e test	Set up job	2026-10-09T02:11:30.4952708Z LTS
Flutter analyze e test	Set up job	2026-10-09T02:11:30.4952995Z ##[endgroup]
Flutter analyze e test	Set up job	2026-10-09T02:11:30.4953383Z ##[group]Runner Image
Flutter analyze e test	Set up job	2026-10-09T02:11:30.4953725Z Image: ubuntu-24.04
Flutter analyze e test	Set up job	2026-10-09T02:11:30.4954104Z Version: 20261004.327.1
Flutter analyze e test	Set up job	2026-10-09T02:11:30.4954806Z Included Software: https://github.com/actions/runner-images/blob/ubuntu24/20261004.327/images/ubuntu/Ubuntu2404-Readme.md
Flutter analyze e test	Set up job	2026-10-09T02:11:30.4955821Z Image Release: https://github.com/actions/runner-images/releases/tag/ubuntu24%2F20261004.327
Flutter analyze e test	Set up job	2026-10-09T02:11:30.4956370Z ##[endgroup]
Flutter analyze e test	Set up job	2026-10-09T02:11:30.4957026Z ##[group]GITHUB_TOKEN Permissions
Flutter analyze e test	Set up job	2026-10-09T02:11:30.4958140Z Contents: read
Flutter analyze e test	Set up job	2026-10-09T02:11:30.4958545Z Metadata: read
Flutter analyze e test	Set up job	2026-10-09T02:11:30.4958865Z ##[endgroup]
Flutter analyze e test	Set up job	2026-10-09T02:11:30.4960078Z Secret source: Actions
Flutter analyze e test	Set up job	2026-10-09T02:11:30.4960665Z Cache mode: write
Flutter analyze e test	Set up job	2026-10-09T02:11:30.4961047Z Prepare workflow directory
Flutter analyze e test	Set up job	2026-10-09T02:11:30.5899516Z Prepare all required actions
Flutter analyze e test	Set up job	2026-10-09T02:11:30.5930493Z Getting action download info
Flutter analyze e test	Set up job	2026-10-09T02:11:30.8855757Z Download action repository 'actions/checkout@3d3c42e5aac5ba805825da76410c181273ba90b1' (SHA:3d3c42e5aac5ba805825da76410c181273ba90b1)
Flutter analyze e test	Set up job	2026-10-09T02:11:31.5240511Z Complete job name: Flutter analyze e test
Flutter analyze e test	Checkout das ferramentas da base revisada	﻿2026-10-09T02:11:31.6302688Z ##[group]Run actions/checkout@3d3c42e5aac5ba805825da76410c181273ba90b1
Flutter analyze e test	Checkout das ferramentas da base revisada	2026-10-09T02:11:31.6303294Z with:
Flutter analyze e test	Checkout das ferramentas da base revisada	2026-10-09T02:11:31.6303598Z   ref: fbcf01271e9a03834f7f54bfd92b0ae21745cf0f
Flutter analyze e test	Checkout das ferramentas da base revisada	2026-10-09T02:11:31.6303934Z   path: trusted
Flutter analyze e test	Checkout das ferramentas da base revisada	2026-10-09T02:11:31.6304195Z   persist-credentials: false
Flutter analyze e test	Checkout das ferramentas da base revisada	2026-10-09T02:11:31.6304725Z   repository: israelhudson/flutter_code_push_example
Flutter analyze e test	Checkout das ferramentas da base revisada	2026-10-09T02:11:31.6306994Z   token: ***
Flutter analyze e test	Checkout das ferramentas da base revisada	2026-10-09T02:11:31.6307243Z   ssh-strict: true
Flutter analyze e test	Checkout das ferramentas da base revisada	2026-10-09T02:11:31.6307498Z   ssh-user: git
Flutter analyze e test	Checkout das ferramentas da base revisada	2026-10-09T02:11:31.6307743Z   clean: true
Flutter analyze e test	Checkout das ferramentas da base revisada	2026-10-09T02:11:31.6308001Z   sparse-checkout-cone-mode: true
Flutter analyze e test	Checkout das ferramentas da base revisada	2026-10-09T02:11:31.6308309Z   fetch-depth: 1
Flutter analyze e test	Checkout das ferramentas da base revisada	2026-10-09T02:11:31.6308559Z   fetch-tags: false
Flutter analyze e test	Checkout das ferramentas da base revisada	2026-10-09T02:11:31.6308815Z   show-progress: true
Flutter analyze e test	Checkout das ferramentas da base revisada	2026-10-09T02:11:31.6309094Z   lfs: false
Flutter analyze e test	Checkout das ferramentas da base revisada	2026-10-09T02:11:31.6309333Z   submodules: false
Flutter analyze e test	Checkout das ferramentas da base revisada	2026-10-09T02:11:31.6309591Z   set-safe-directory: true
Flutter analyze e test	Checkout das ferramentas da base revisada	2026-10-09T02:11:31.6309878Z   allow-unsafe-pr-checkout: false
Flutter analyze e test	Checkout das ferramentas da base revisada	2026-10-09T02:11:31.6310266Z ##[endgroup]
Flutter analyze e test	Checkout das ferramentas da base revisada	2026-10-09T02:11:31.6982871Z Syncing repository: israelhudson/flutter_code_push_example
Flutter analyze e test	Checkout das ferramentas da base revisada	2026-10-09T02:11:31.6984949Z ##[group]Getting Git version info
Flutter analyze e test	Checkout das ferramentas da base revisada	2026-10-09T02:11:31.6985958Z Working directory is '/home/runner/work/flutter_code_push_example/flutter_code_push_example/trusted'
Flutter analyze e test	Checkout das ferramentas da base revisada	2026-10-09T02:11:31.6987094Z [command]/usr/bin/git version
Flutter analyze e test	Checkout das ferramentas da base revisada	2026-10-09T02:11:31.7064379Z git version 2.55.0
Flutter analyze e test	Checkout das ferramentas da base revisada	2026-10-09T02:11:31.7077459Z ##[endgroup]
Flutter analyze e test	Checkout das ferramentas da base revisada	2026-10-09T02:11:31.7084636Z Temporarily overriding HOME='/home/runner/work/_temp/cdc526a5-02dc-427c-bfe1-2433f4aca018' before making global git config changes
Flutter analyze e test	Checkout das ferramentas da base revisada	2026-10-09T02:11:31.7086059Z Adding repository directory to the temporary git global config as a safe directory
Flutter analyze e test	Checkout das ferramentas da base revisada	2026-10-09T02:11:31.7088833Z [command]/usr/bin/git config --global --add safe.directory /home/runner/work/flutter_code_push_example/flutter_code_push_example/trusted
Flutter analyze e test	Checkout das ferramentas da base revisada	2026-10-09T02:11:31.7215231Z ##[group]Determining repository object format
Flutter analyze e test	Checkout das ferramentas da base revisada	2026-10-09T02:11:31.7216316Z ##[endgroup]
Flutter analyze e test	Checkout das ferramentas da base revisada	2026-10-09T02:11:31.7217005Z ##[group]Initializing the repository
Flutter analyze e test	Checkout das ferramentas da base revisada	2026-10-09T02:11:31.7236893Z [command]/usr/bin/git init /home/runner/work/flutter_code_push_example/flutter_code_push_example/trusted
Flutter analyze e test	Checkout das ferramentas da base revisada	2026-10-09T02:11:31.7731372Z hint: Using 'master' as the name for the initial branch. This default branch name
Flutter analyze e test	Checkout das ferramentas da base revisada	2026-10-09T02:11:31.7732393Z hint: will change to "main" in Git 3.0. To configure the initial branch name
Flutter analyze e test	Checkout das ferramentas da base revisada	2026-10-09T02:11:31.7732932Z hint: to use in all of your new repositories, which will suppress this warning,
Flutter analyze e test	Checkout das ferramentas da base revisada	2026-10-09T02:11:31.7733360Z hint: call:
Flutter analyze e test	Checkout das ferramentas da base revisada	2026-10-09T02:11:31.7733594Z hint:
Flutter analyze e test	Checkout das ferramentas da base revisada	2026-10-09T02:11:31.7733928Z hint: 	git config --global init.defaultBranch <name>
Flutter analyze e test	Checkout das ferramentas da base revisada	2026-10-09T02:11:31.7734285Z hint:
Flutter analyze e test	Checkout das ferramentas da base revisada	2026-10-09T02:11:31.7734747Z hint: Names commonly chosen instead of 'master' are 'main', 'trunk' and
Flutter analyze e test	Checkout das ferramentas da base revisada	2026-10-09T02:11:31.7735284Z hint: 'development'. The just-created branch can be renamed via this command:
Flutter analyze e test	Checkout das ferramentas da base revisada	2026-10-09T02:11:31.7735702Z hint:
Flutter analyze e test	Checkout das ferramentas da base revisada	2026-10-09T02:11:31.7735943Z hint: 	git branch -m <name>
Flutter analyze e test	Checkout das ferramentas da base revisada	2026-10-09T02:11:31.7736225Z hint:
Flutter analyze e test	Checkout das ferramentas da base revisada	2026-10-09T02:11:31.7736655Z hint: Disable this message with "git config set advice.defaultBranchName false"
Flutter analyze e test	Checkout das ferramentas da base revisada	2026-10-09T02:11:31.7815160Z Initialized empty Git repository in /home/runner/work/flutter_code_push_example/flutter_code_push_example/trusted/.git/
Flutter analyze e test	Checkout das ferramentas da base revisada	2026-10-09T02:11:31.7824120Z [command]/usr/bin/git remote add origin https://github.com/israelhudson/flutter_code_push_example
Flutter analyze e test	Checkout das ferramentas da base revisada	2026-10-09T02:11:31.8110910Z ##[endgroup]
Flutter analyze e test	Checkout das ferramentas da base revisada	2026-10-09T02:11:31.8111584Z ##[group]Disabling automatic garbage collection
Flutter analyze e test	Checkout das ferramentas da base revisada	2026-10-09T02:11:31.8113933Z [command]/usr/bin/git config --local gc.auto 0
Flutter analyze e test	Checkout das ferramentas da base revisada	2026-10-09T02:11:31.8309570Z ##[endgroup]
Flutter analyze e test	Checkout das ferramentas da base revisada	2026-10-09T02:11:31.8310073Z ##[group]Setting up auth
Flutter analyze e test	Checkout das ferramentas da base revisada	2026-10-09T02:11:31.8310553Z Removing SSH command configuration
Flutter analyze e test	Checkout das ferramentas da base revisada	2026-10-09T02:11:31.8314101Z [command]/usr/bin/git config --local --name-only --get-regexp core\.sshCommand
Flutter analyze e test	Checkout das ferramentas da base revisada	2026-10-09T02:11:31.8344744Z [command]/usr/bin/git submodule foreach --recursive sh -c "git config --local --name-only --get-regexp 'core\.sshCommand' && git config --local --unset-all 'core.sshCommand' || :"
Flutter analyze e test	Checkout das ferramentas da base revisada	2026-10-09T02:11:31.8765047Z Removing HTTP extra header
Flutter analyze e test	Checkout das ferramentas da base revisada	2026-10-09T02:11:31.8769972Z [command]/usr/bin/git config --local --name-only --get-regexp http\.https\:\/\/github\.com\/\.extraheader
Flutter analyze e test	Checkout das ferramentas da base revisada	2026-10-09T02:11:31.8798637Z [command]/usr/bin/git submodule foreach --recursive sh -c "git config --local --name-only --get-regexp 'http\.https\:\/\/github\.com\/\.extraheader' && git config --local --unset-all 'http.https://github.com/.extraheader' || :"
Flutter analyze e test	Checkout das ferramentas da base revisada	2026-10-09T02:11:31.8967562Z Removing includeIf entries pointing to credentials config files
Flutter analyze e test	Checkout das ferramentas da base revisada	2026-10-09T02:11:31.8971377Z [command]/usr/bin/git config --local --name-only --get-regexp ^includeIf\.gitdir:
Flutter analyze e test	Checkout das ferramentas da base revisada	2026-10-09T02:11:31.8999251Z [command]/usr/bin/git submodule foreach --recursive git config --local --show-origin --name-only --get-regexp remote.origin.url
Flutter analyze e test	Checkout das ferramentas da base revisada	2026-10-09T02:11:31.9175231Z [command]/usr/bin/git config --file /home/runner/work/_temp/git-credentials-15d13ce0-1c94-4a2c-abe5-44686612d9bc.config http.https://github.com/.extraheader AUTHORIZATION: basic ***
Flutter analyze e test	Checkout das ferramentas da base revisada	2026-10-09T02:11:31.9312540Z [command]/usr/bin/git config --local includeIf.gitdir:/home/runner/work/flutter_code_push_example/flutter_code_push_example/trusted/.git.path /home/runner/work/_temp/git-credentials-15d13ce0-1c94-4a2c-abe5-44686612d9bc.config
Flutter analyze e test	Checkout das ferramentas da base revisada	2026-10-09T02:11:31.9348513Z [command]/usr/bin/git config --local includeIf.gitdir:/home/runner/work/flutter_code_push_example/flutter_code_push_example/trusted/.git/worktrees/*.path /home/runner/work/_temp/git-credentials-15d13ce0-1c94-4a2c-abe5-44686612d9bc.config
Flutter analyze e test	Checkout das ferramentas da base revisada	2026-10-09T02:11:31.9512022Z [command]/usr/bin/git config --local includeIf.gitdir:/github/workspace/trusted/.git.path /github/runner_temp/git-credentials-15d13ce0-1c94-4a2c-abe5-44686612d9bc.config
Flutter analyze e test	Checkout das ferramentas da base revisada	2026-10-09T02:11:31.9618026Z [command]/usr/bin/git config --local includeIf.gitdir:/github/workspace/trusted/.git/worktrees/*.path /github/runner_temp/git-credentials-15d13ce0-1c94-4a2c-abe5-44686612d9bc.config
Flutter analyze e test	Checkout das ferramentas da base revisada	2026-10-09T02:11:31.9823954Z ##[endgroup]
Flutter analyze e test	Checkout das ferramentas da base revisada	2026-10-09T02:11:31.9824866Z ##[group]Fetching the repository
Flutter analyze e test	Checkout das ferramentas da base revisada	2026-10-09T02:11:31.9826055Z [command]/usr/bin/git -c protocol.version=2 fetch --no-tags --prune --no-recurse-submodules --depth=1 origin fbcf01271e9a03834f7f54bfd92b0ae21745cf0f
Flutter analyze e test	Checkout das ferramentas da base revisada	2026-10-09T02:11:32.9754295Z From https://github.com/israelhudson/flutter_code_push_example
Flutter analyze e test	Checkout das ferramentas da base revisada	2026-10-09T02:11:32.9756094Z  * branch            fbcf01271e9a03834f7f54bfd92b0ae21745cf0f -> FETCH_HEAD
Flutter analyze e test	Checkout das ferramentas da base revisada	2026-10-09T02:11:32.9763477Z [command]/usr/bin/git rev-parse --verify --quiet fbcf01271e9a03834f7f54bfd92b0ae21745cf0f^{object}
Flutter analyze e test	Checkout das ferramentas da base revisada	2026-10-09T02:11:32.9788075Z fbcf01271e9a03834f7f54bfd92b0ae21745cf0f
Flutter analyze e test	Checkout das ferramentas da base revisada	2026-10-09T02:11:32.9792639Z ##[endgroup]
Flutter analyze e test	Checkout das ferramentas da base revisada	2026-10-09T02:11:32.9794034Z ##[group]Determining the checkout info
Flutter analyze e test	Checkout das ferramentas da base revisada	2026-10-09T02:11:32.9795754Z ##[endgroup]
Flutter analyze e test	Checkout das ferramentas da base revisada	2026-10-09T02:11:32.9796756Z [command]/usr/bin/git sparse-checkout disable
Flutter analyze e test	Checkout das ferramentas da base revisada	2026-10-09T02:11:32.9841529Z [command]/usr/bin/git config --local --unset-all extensions.worktreeConfig
Flutter analyze e test	Checkout das ferramentas da base revisada	2026-10-09T02:11:32.9870160Z ##[group]Checking out the ref
Flutter analyze e test	Checkout das ferramentas da base revisada	2026-10-09T02:11:32.9872429Z [command]/usr/bin/git checkout --progress --force fbcf01271e9a03834f7f54bfd92b0ae21745cf0f
Flutter analyze e test	Checkout das ferramentas da base revisada	2026-10-09T02:11:33.0142412Z Note: switching to 'fbcf01271e9a03834f7f54bfd92b0ae21745cf0f'.
Flutter analyze e test	Checkout das ferramentas da base revisada	2026-10-09T02:11:33.0143458Z 
Flutter analyze e test	Checkout das ferramentas da base revisada	2026-10-09T02:11:33.0144173Z You are in 'detached HEAD' state. You can look around, make experimental
Flutter analyze e test	Checkout das ferramentas da base revisada	2026-10-09T02:11:33.0145945Z changes and commit them, and you can discard any commits you make in this
Flutter analyze e test	Checkout das ferramentas da base revisada	2026-10-09T02:11:33.0147615Z state without impacting any branches by switching back to a branch.
Flutter analyze e test	Checkout das ferramentas da base revisada	2026-10-09T02:11:33.0148761Z 
Flutter analyze e test	Checkout das ferramentas da base revisada	2026-10-09T02:11:33.0149644Z If you want to create a new branch to retain commits you create, you may
Flutter analyze e test	Checkout das ferramentas da base revisada	2026-10-09T02:11:33.0151760Z do so (now or later) by using -c with the switch command. Example:
Flutter analyze e test	Checkout das ferramentas da base revisada	2026-10-09T02:11:33.0152923Z 
Flutter analyze e test	Checkout das ferramentas da base revisada	2026-10-09T02:11:33.0153452Z   git switch -c <new-branch-name>
Flutter analyze e test	Checkout das ferramentas da base revisada	2026-10-09T02:11:33.0154290Z 
Flutter analyze e test	Checkout das ferramentas da base revisada	2026-10-09T02:11:33.0154947Z Or undo this operation with:
Flutter analyze e test	Checkout das ferramentas da base revisada	2026-10-09T02:11:33.0155717Z 
Flutter analyze e test	Checkout das ferramentas da base revisada	2026-10-09T02:11:33.0156173Z   git switch -
Flutter analyze e test	Checkout das ferramentas da base revisada	2026-10-09T02:11:33.0156766Z 
Flutter analyze e test	Checkout das ferramentas da base revisada	2026-10-09T02:11:33.0158087Z Turn off this advice by setting config variable advice.detachedHead to false
Flutter analyze e test	Checkout das ferramentas da base revisada	2026-10-09T02:11:33.0159437Z 
Flutter analyze e test	Checkout das ferramentas da base revisada	2026-10-09T02:11:33.0160553Z HEAD is now at fbcf012 Merge pull request #21 from israelhudson/codex/slack-rejection-close
Flutter analyze e test	Checkout das ferramentas da base revisada	2026-10-09T02:11:33.0164268Z ##[endgroup]
Flutter analyze e test	Checkout das ferramentas da base revisada	2026-10-09T02:11:33.0188816Z [command]/usr/bin/git log -1 --format=%H
Flutter analyze e test	Checkout das ferramentas da base revisada	2026-10-09T02:11:33.0211622Z fbcf01271e9a03834f7f54bfd92b0ae21745cf0f
Flutter analyze e test	Checkout das ferramentas da base revisada	2026-10-09T02:11:33.0219503Z ##[group]Removing auth
Flutter analyze e test	Checkout das ferramentas da base revisada	2026-10-09T02:11:33.0220883Z Removing SSH command configuration
Flutter analyze e test	Checkout das ferramentas da base revisada	2026-10-09T02:11:33.0222831Z [command]/usr/bin/git config --local --name-only --get-regexp core\.sshCommand
Flutter analyze e test	Checkout das ferramentas da base revisada	2026-10-09T02:11:33.0250977Z [command]/usr/bin/git submodule foreach --recursive sh -c "git config --local --name-only --get-regexp 'core\.sshCommand' && git config --local --unset-all 'core.sshCommand' || :"
Flutter analyze e test	Checkout das ferramentas da base revisada	2026-10-09T02:11:33.0422667Z Removing HTTP extra header
Flutter analyze e test	Checkout das ferramentas da base revisada	2026-10-09T02:11:33.0424787Z [command]/usr/bin/git config --local --name-only --get-regexp http\.https\:\/\/github\.com\/\.extraheader
Flutter analyze e test	Checkout das ferramentas da base revisada	2026-10-09T02:11:33.0456764Z [command]/usr/bin/git submodule foreach --recursive sh -c "git config --local --name-only --get-regexp 'http\.https\:\/\/github\.com\/\.extraheader' && git config --local --unset-all 'http.https://github.com/.extraheader' || :"
Flutter analyze e test	Checkout das ferramentas da base revisada	2026-10-09T02:11:33.0633316Z Removing includeIf entries pointing to credentials config files
Flutter analyze e test	Checkout das ferramentas da base revisada	2026-10-09T02:11:33.0635601Z [command]/usr/bin/git config --local --name-only --get-regexp ^includeIf\.gitdir:
Flutter analyze e test	Checkout das ferramentas da base revisada	2026-10-09T02:11:33.0660865Z includeif.gitdir:/home/runner/work/flutter_code_push_example/flutter_code_push_example/trusted/.git.path
Flutter analyze e test	Checkout das ferramentas da base revisada	2026-10-09T02:11:33.0663201Z includeif.gitdir:/home/runner/work/flutter_code_push_example/flutter_code_push_example/trusted/.git/worktrees/*.path
Flutter analyze e test	Checkout das ferramentas da base revisada	2026-10-09T02:11:33.0665170Z includeif.gitdir:/github/workspace/trusted/.git.path
Flutter analyze e test	Checkout das ferramentas da base revisada	2026-10-09T02:11:33.0666819Z includeif.gitdir:/github/workspace/trusted/.git/worktrees/*.path
Flutter analyze e test	Checkout das ferramentas da base revisada	2026-10-09T02:11:33.0670131Z [command]/usr/bin/git config --local --get-all includeif.gitdir:/home/runner/work/flutter_code_push_example/flutter_code_push_example/trusted/.git.path
Flutter analyze e test	Checkout das ferramentas da base revisada	2026-10-09T02:11:33.0688937Z /home/runner/work/_temp/git-credentials-15d13ce0-1c94-4a2c-abe5-44686612d9bc.config
Flutter analyze e test	Checkout das ferramentas da base revisada	2026-10-09T02:11:33.0697291Z [command]/usr/bin/git config --local --unset includeif.gitdir:/home/runner/work/flutter_code_push_example/flutter_code_push_example/trusted/.git.path \/home\/runner\/work\/_temp\/git\-credentials\-15d13ce0\-1c94\-4a2c\-abe5\-44686612d9bc\.config
Flutter analyze e test	Checkout das ferramentas da base revisada	2026-10-09T02:11:33.0727761Z [command]/usr/bin/git config --local --get-all includeif.gitdir:/home/runner/work/flutter_code_push_example/flutter_code_push_example/trusted/.git/worktrees/*.path
Flutter analyze e test	Checkout das ferramentas da base revisada	2026-10-09T02:11:33.0748698Z /home/runner/work/_temp/git-credentials-15d13ce0-1c94-4a2c-abe5-44686612d9bc.config
Flutter analyze e test	Checkout das ferramentas da base revisada	2026-10-09T02:11:33.0755666Z [command]/usr/bin/git config --local --unset includeif.gitdir:/home/runner/work/flutter_code_push_example/flutter_code_push_example/trusted/.git/worktrees/*.path \/home\/runner\/work\/_temp\/git\-credentials\-15d13ce0\-1c94\-4a2c\-abe5\-44686612d9bc\.config
Flutter analyze e test	Checkout das ferramentas da base revisada	2026-10-09T02:11:33.0785263Z [command]/usr/bin/git config --local --get-all includeif.gitdir:/github/workspace/trusted/.git.path
Flutter analyze e test	Checkout das ferramentas da base revisada	2026-10-09T02:11:33.0809664Z /github/runner_temp/git-credentials-15d13ce0-1c94-4a2c-abe5-44686612d9bc.config
Flutter analyze e test	Checkout das ferramentas da base revisada	2026-10-09T02:11:33.0814796Z [command]/usr/bin/git config --local --unset includeif.gitdir:/github/workspace/trusted/.git.path \/github\/runner_temp\/git\-credentials\-15d13ce0\-1c94\-4a2c\-abe5\-44686612d9bc\.config
Flutter analyze e test	Checkout das ferramentas da base revisada	2026-10-09T02:11:33.0866081Z [command]/usr/bin/git config --local --get-all includeif.gitdir:/github/workspace/trusted/.git/worktrees/*.path
Flutter analyze e test	Checkout das ferramentas da base revisada	2026-10-09T02:11:33.0901932Z /github/runner_temp/git-credentials-15d13ce0-1c94-4a2c-abe5-44686612d9bc.config
Flutter analyze e test	Checkout das ferramentas da base revisada	2026-10-09T02:11:33.0907974Z [command]/usr/bin/git config --local --unset includeif.gitdir:/github/workspace/trusted/.git/worktrees/*.path \/github\/runner_temp\/git\-credentials\-15d13ce0\-1c94\-4a2c\-abe5\-44686612d9bc\.config
Flutter analyze e test	Checkout das ferramentas da base revisada	2026-10-09T02:11:33.0969038Z [command]/usr/bin/git submodule foreach --recursive git config --local --show-origin --name-only --get-regexp remote.origin.url
Flutter analyze e test	Checkout das ferramentas da base revisada	2026-10-09T02:11:33.1139557Z Removing credentials config '/home/runner/work/_temp/git-credentials-15d13ce0-1c94-4a2c-abe5-44686612d9bc.config'
Flutter analyze e test	Checkout das ferramentas da base revisada	2026-10-09T02:11:33.1146498Z ##[endgroup]
Flutter analyze e test	Checkout da combinação proposta pelo PR	﻿2026-10-09T02:11:33.1475364Z ##[group]Run actions/checkout@3d3c42e5aac5ba805825da76410c181273ba90b1
Flutter analyze e test	Checkout da combinação proposta pelo PR	2026-10-09T02:11:33.1476383Z with:
Flutter analyze e test	Checkout da combinação proposta pelo PR	2026-10-09T02:11:33.1476984Z   path: app
Flutter analyze e test	Checkout da combinação proposta pelo PR	2026-10-09T02:11:33.1477618Z   persist-credentials: false
Flutter analyze e test	Checkout da combinação proposta pelo PR	2026-10-09T02:11:33.1478435Z   repository: israelhudson/flutter_code_push_example
Flutter analyze e test	Checkout da combinação proposta pelo PR	2026-10-09T02:11:33.1483702Z   token: ***
Flutter analyze e test	Checkout da combinação proposta pelo PR	2026-10-09T02:11:33.1484303Z   ssh-strict: true
Flutter analyze e test	Checkout da combinação proposta pelo PR	2026-10-09T02:11:33.1485182Z   ssh-user: git
Flutter analyze e test	Checkout da combinação proposta pelo PR	2026-10-09T02:11:33.1485799Z   clean: true
Flutter analyze e test	Checkout da combinação proposta pelo PR	2026-10-09T02:11:33.1486458Z   sparse-checkout-cone-mode: true
Flutter analyze e test	Checkout da combinação proposta pelo PR	2026-10-09T02:11:33.1487212Z   fetch-depth: 1
Flutter analyze e test	Checkout da combinação proposta pelo PR	2026-10-09T02:11:33.1487839Z   fetch-tags: false
Flutter analyze e test	Checkout da combinação proposta pelo PR	2026-10-09T02:11:33.1488482Z   show-progress: true
Flutter analyze e test	Checkout da combinação proposta pelo PR	2026-10-09T02:11:33.1489129Z   lfs: false
Flutter analyze e test	Checkout da combinação proposta pelo PR	2026-10-09T02:11:33.1489732Z   submodules: false
Flutter analyze e test	Checkout da combinação proposta pelo PR	2026-10-09T02:11:33.1490393Z   set-safe-directory: true
Flutter analyze e test	Checkout da combinação proposta pelo PR	2026-10-09T02:11:33.1491126Z   allow-unsafe-pr-checkout: false
Flutter analyze e test	Checkout da combinação proposta pelo PR	2026-10-09T02:11:33.1491872Z ##[endgroup]
Flutter analyze e test	Checkout da combinação proposta pelo PR	2026-10-09T02:11:33.2071012Z Syncing repository: israelhudson/flutter_code_push_example
Flutter analyze e test	Checkout da combinação proposta pelo PR	2026-10-09T02:11:33.2073016Z ##[group]Getting Git version info
Flutter analyze e test	Checkout da combinação proposta pelo PR	2026-10-09T02:11:33.2074391Z Working directory is '/home/runner/work/flutter_code_push_example/flutter_code_push_example/app'
Flutter analyze e test	Checkout da combinação proposta pelo PR	2026-10-09T02:11:33.2095248Z [command]/usr/bin/git version
Flutter analyze e test	Checkout da combinação proposta pelo PR	2026-10-09T02:11:33.2127776Z git version 2.55.0
Flutter analyze e test	Checkout da combinação proposta pelo PR	2026-10-09T02:11:33.2143814Z ##[endgroup]
Flutter analyze e test	Checkout da combinação proposta pelo PR	2026-10-09T02:11:33.2147419Z Temporarily overriding HOME='/home/runner/work/_temp/9ef543f1-5935-45ab-bd82-032cf3764030' before making global git config changes
Flutter analyze e test	Checkout da combinação proposta pelo PR	2026-10-09T02:11:33.2149611Z Adding repository directory to the temporary git global config as a safe directory
Flutter analyze e test	Checkout da combinação proposta pelo PR	2026-10-09T02:11:33.2152227Z [command]/usr/bin/git config --global --add safe.directory /home/runner/work/flutter_code_push_example/flutter_code_push_example/app
Flutter analyze e test	Checkout da combinação proposta pelo PR	2026-10-09T02:11:33.2177111Z ##[group]Determining repository object format
Flutter analyze e test	Checkout da combinação proposta pelo PR	2026-10-09T02:11:33.2178512Z ##[endgroup]
Flutter analyze e test	Checkout da combinação proposta pelo PR	2026-10-09T02:11:33.2179651Z ##[group]Initializing the repository
Flutter analyze e test	Checkout da combinação proposta pelo PR	2026-10-09T02:11:33.2182225Z [command]/usr/bin/git init /home/runner/work/flutter_code_push_example/flutter_code_push_example/app
Flutter analyze e test	Checkout da combinação proposta pelo PR	2026-10-09T02:11:33.2216794Z hint: Using 'master' as the name for the initial branch. This default branch name
Flutter analyze e test	Checkout da combinação proposta pelo PR	2026-10-09T02:11:33.2219065Z hint: will change to "main" in Git 3.0. To configure the initial branch name
Flutter analyze e test	Checkout da combinação proposta pelo PR	2026-10-09T02:11:33.2220894Z hint: to use in all of your new repositories, which will suppress this warning,
Flutter analyze e test	Checkout da combinação proposta pelo PR	2026-10-09T02:11:33.2222017Z hint: call:
Flutter analyze e test	Checkout da combinação proposta pelo PR	2026-10-09T02:11:33.2222597Z hint:
Flutter analyze e test	Checkout da combinação proposta pelo PR	2026-10-09T02:11:33.2223413Z hint: 	git config --global init.defaultBranch <name>
Flutter analyze e test	Checkout da combinação proposta pelo PR	2026-10-09T02:11:33.2224571Z hint:
Flutter analyze e test	Checkout da combinação proposta pelo PR	2026-10-09T02:11:33.2225473Z hint: Names commonly chosen instead of 'master' are 'main', 'trunk' and
Flutter analyze e test	Checkout da combinação proposta pelo PR	2026-10-09T02:11:33.2227291Z hint: 'development'. The just-created branch can be renamed via this command:
Flutter analyze e test	Checkout da combinação proposta pelo PR	2026-10-09T02:11:33.2228681Z hint:
Flutter analyze e test	Checkout da combinação proposta pelo PR	2026-10-09T02:11:33.2229280Z hint: 	git branch -m <name>
Flutter analyze e test	Checkout da combinação proposta pelo PR	2026-10-09T02:11:33.2229945Z hint:
Flutter analyze e test	Checkout da combinação proposta pelo PR	2026-10-09T02:11:33.2230814Z hint: Disable this message with "git config set advice.defaultBranchName false"
Flutter analyze e test	Checkout da combinação proposta pelo PR	2026-10-09T02:11:33.2233136Z Initialized empty Git repository in /home/runner/work/flutter_code_push_example/flutter_code_push_example/app/.git/
Flutter analyze e test	Checkout da combinação proposta pelo PR	2026-10-09T02:11:33.2237141Z [command]/usr/bin/git remote add origin https://github.com/israelhudson/flutter_code_push_example
Flutter analyze e test	Checkout da combinação proposta pelo PR	2026-10-09T02:11:33.2257768Z ##[endgroup]
Flutter analyze e test	Checkout da combinação proposta pelo PR	2026-10-09T02:11:33.2258885Z ##[group]Disabling automatic garbage collection
Flutter analyze e test	Checkout da combinação proposta pelo PR	2026-10-09T02:11:33.2259966Z [command]/usr/bin/git config --local gc.auto 0
Flutter analyze e test	Checkout da combinação proposta pelo PR	2026-10-09T02:11:33.2286397Z ##[endgroup]
Flutter analyze e test	Checkout da combinação proposta pelo PR	2026-10-09T02:11:33.2287548Z ##[group]Setting up auth
Flutter analyze e test	Checkout da combinação proposta pelo PR	2026-10-09T02:11:33.2288356Z Removing SSH command configuration
Flutter analyze e test	Checkout da combinação proposta pelo PR	2026-10-09T02:11:33.2290057Z [command]/usr/bin/git config --local --name-only --get-regexp core\.sshCommand
Flutter analyze e test	Checkout da combinação proposta pelo PR	2026-10-09T02:11:33.2316238Z [command]/usr/bin/git submodule foreach --recursive sh -c "git config --local --name-only --get-regexp 'core\.sshCommand' && git config --local --unset-all 'core.sshCommand' || :"
Flutter analyze e test	Checkout da combinação proposta pelo PR	2026-10-09T02:11:33.2515369Z Removing HTTP extra header
Flutter analyze e test	Checkout da combinação proposta pelo PR	2026-10-09T02:11:33.2521477Z [command]/usr/bin/git config --local --name-only --get-regexp http\.https\:\/\/github\.com\/\.extraheader
Flutter analyze e test	Checkout da combinação proposta pelo PR	2026-10-09T02:11:33.2552884Z [command]/usr/bin/git submodule foreach --recursive sh -c "git config --local --name-only --get-regexp 'http\.https\:\/\/github\.com\/\.extraheader' && git config --local --unset-all 'http.https://github.com/.extraheader' || :"
Flutter analyze e test	Checkout da combinação proposta pelo PR	2026-10-09T02:11:33.2743667Z Removing includeIf entries pointing to credentials config files
Flutter analyze e test	Checkout da combinação proposta pelo PR	2026-10-09T02:11:33.2747282Z [command]/usr/bin/git config --local --name-only --get-regexp ^includeIf\.gitdir:
Flutter analyze e test	Checkout da combinação proposta pelo PR	2026-10-09T02:11:33.2775825Z [command]/usr/bin/git submodule foreach --recursive git config --local --show-origin --name-only --get-regexp remote.origin.url
Flutter analyze e test	Checkout da combinação proposta pelo PR	2026-10-09T02:11:33.2947715Z [command]/usr/bin/git config --file /home/runner/work/_temp/git-credentials-5b096f1f-194f-41ee-b26c-5fe369e5b159.config http.https://github.com/.extraheader AUTHORIZATION: basic ***
Flutter analyze e test	Checkout da combinação proposta pelo PR	2026-10-09T02:11:33.2983694Z [command]/usr/bin/git config --local includeIf.gitdir:/home/runner/work/flutter_code_push_example/flutter_code_push_example/app/.git.path /home/runner/work/_temp/git-credentials-5b096f1f-194f-41ee-b26c-5fe369e5b159.config
Flutter analyze e test	Checkout da combinação proposta pelo PR	2026-10-09T02:11:33.3013903Z [command]/usr/bin/git config --local includeIf.gitdir:/home/runner/work/flutter_code_push_example/flutter_code_push_example/app/.git/worktrees/*.path /home/runner/work/_temp/git-credentials-5b096f1f-194f-41ee-b26c-5fe369e5b159.config
Flutter analyze e test	Checkout da combinação proposta pelo PR	2026-10-09T02:11:33.3042706Z [command]/usr/bin/git config --local includeIf.gitdir:/github/workspace/app/.git.path /github/runner_temp/git-credentials-5b096f1f-194f-41ee-b26c-5fe369e5b159.config
Flutter analyze e test	Checkout da combinação proposta pelo PR	2026-10-09T02:11:33.3070856Z [command]/usr/bin/git config --local includeIf.gitdir:/github/workspace/app/.git/worktrees/*.path /github/runner_temp/git-credentials-5b096f1f-194f-41ee-b26c-5fe369e5b159.config
Flutter analyze e test	Checkout da combinação proposta pelo PR	2026-10-09T02:11:33.3097793Z ##[endgroup]
Flutter analyze e test	Checkout da combinação proposta pelo PR	2026-10-09T02:11:33.3098827Z ##[group]Fetching the repository
Flutter analyze e test	Checkout da combinação proposta pelo PR	2026-10-09T02:11:33.3102142Z [command]/usr/bin/git -c protocol.version=2 fetch --no-tags --prune --no-recurse-submodules --depth=1 origin +e2dbd1687b69216b9cc24f39eea761b1ee2ea6cb:refs/remotes/pull/22/merge
Flutter analyze e test	Checkout da combinação proposta pelo PR	2026-10-09T02:11:34.2241090Z From https://github.com/israelhudson/flutter_code_push_example
Flutter analyze e test	Checkout da combinação proposta pelo PR	2026-10-09T02:11:34.2241820Z  * [new ref]         e2dbd1687b69216b9cc24f39eea761b1ee2ea6cb -> pull/22/merge
Flutter analyze e test	Checkout da combinação proposta pelo PR	2026-10-09T02:11:34.2253313Z ##[endgroup]
Flutter analyze e test	Checkout da combinação proposta pelo PR	2026-10-09T02:11:34.2253661Z ##[group]Determining the checkout info
Flutter analyze e test	Checkout da combinação proposta pelo PR	2026-10-09T02:11:34.2258595Z ##[endgroup]
Flutter analyze e test	Checkout da combinação proposta pelo PR	2026-10-09T02:11:34.2265030Z [command]/usr/bin/git sparse-checkout disable
Flutter analyze e test	Checkout da combinação proposta pelo PR	2026-10-09T02:11:34.2371464Z [command]/usr/bin/git config --local --unset-all extensions.worktreeConfig
Flutter analyze e test	Checkout da combinação proposta pelo PR	2026-10-09T02:11:34.2443396Z ##[group]Checking out the ref
Flutter analyze e test	Checkout da combinação proposta pelo PR	2026-10-09T02:11:34.2457088Z [command]/usr/bin/git checkout --progress --force refs/remotes/pull/22/merge
Flutter analyze e test	Checkout da combinação proposta pelo PR	2026-10-09T02:11:34.2917578Z Note: switching to 'refs/remotes/pull/22/merge'.
Flutter analyze e test	Checkout da combinação proposta pelo PR	2026-10-09T02:11:34.2918040Z 
Flutter analyze e test	Checkout da combinação proposta pelo PR	2026-10-09T02:11:34.2918502Z You are in 'detached HEAD' state. You can look around, make experimental
Flutter analyze e test	Checkout da combinação proposta pelo PR	2026-10-09T02:11:34.2920322Z changes and commit them, and you can discard any commits you make in this
Flutter analyze e test	Checkout da combinação proposta pelo PR	2026-10-09T02:11:34.2920864Z state without impacting any branches by switching back to a branch.
Flutter analyze e test	Checkout da combinação proposta pelo PR	2026-10-09T02:11:34.2921267Z 
Flutter analyze e test	Checkout da combinação proposta pelo PR	2026-10-09T02:11:34.2922514Z If you want to create a new branch to retain commits you create, you may
Flutter analyze e test	Checkout da combinação proposta pelo PR	2026-10-09T02:11:34.2923084Z do so (now or later) by using -c with the switch command. Example:
Flutter analyze e test	Checkout da combinação proposta pelo PR	2026-10-09T02:11:34.2924755Z 
Flutter analyze e test	Checkout da combinação proposta pelo PR	2026-10-09T02:11:34.2924994Z   git switch -c <new-branch-name>
Flutter analyze e test	Checkout da combinação proposta pelo PR	2026-10-09T02:11:34.2925277Z 
Flutter analyze e test	Checkout da combinação proposta pelo PR	2026-10-09T02:11:34.2925466Z Or undo this operation with:
Flutter analyze e test	Checkout da combinação proposta pelo PR	2026-10-09T02:11:34.2925681Z 
Flutter analyze e test	Checkout da combinação proposta pelo PR	2026-10-09T02:11:34.2925863Z   git switch -
Flutter analyze e test	Checkout da combinação proposta pelo PR	2026-10-09T02:11:34.2926124Z 
Flutter analyze e test	Checkout da combinação proposta pelo PR	2026-10-09T02:11:34.2926372Z Turn off this advice by setting config variable advice.detachedHead to false
Flutter analyze e test	Checkout da combinação proposta pelo PR	2026-10-09T02:11:34.2926695Z 
Flutter analyze e test	Checkout da combinação proposta pelo PR	2026-10-09T02:11:34.2927031Z HEAD is now at e2dbd16 Merge c8d8f337ee390755bcff795d558f8c6f6f19c35b into fbcf01271e9a03834f7f54bfd92b0ae21745cf0f
Flutter analyze e test	Checkout da combinação proposta pelo PR	2026-10-09T02:11:34.2931140Z ##[endgroup]
Flutter analyze e test	Checkout da combinação proposta pelo PR	2026-10-09T02:11:34.3014700Z [command]/usr/bin/git log -1 --format=%H
Flutter analyze e test	Checkout da combinação proposta pelo PR	2026-10-09T02:11:34.3072046Z e2dbd1687b69216b9cc24f39eea761b1ee2ea6cb
Flutter analyze e test	Checkout da combinação proposta pelo PR	2026-10-09T02:11:34.3088103Z ##[group]Removing auth
Flutter analyze e test	Checkout da combinação proposta pelo PR	2026-10-09T02:11:34.3088270Z Removing SSH command configuration
Flutter analyze e test	Checkout da combinação proposta pelo PR	2026-10-09T02:11:34.3095491Z [command]/usr/bin/git config --local --name-only --get-regexp core\.sshCommand
Flutter analyze e test	Checkout da combinação proposta pelo PR	2026-10-09T02:11:34.3144369Z [command]/usr/bin/git submodule foreach --recursive sh -c "git config --local --name-only --get-regexp 'core\.sshCommand' && git config --local --unset-all 'core.sshCommand' || :"
Flutter analyze e test	Checkout da combinação proposta pelo PR	2026-10-09T02:11:34.3347086Z Removing HTTP extra header
Flutter analyze e test	Checkout da combinação proposta pelo PR	2026-10-09T02:11:34.3349668Z [command]/usr/bin/git config --local --name-only --get-regexp http\.https\:\/\/github\.com\/\.extraheader
Flutter analyze e test	Checkout da combinação proposta pelo PR	2026-10-09T02:11:34.3380448Z [command]/usr/bin/git submodule foreach --recursive sh -c "git config --local --name-only --get-regexp 'http\.https\:\/\/github\.com\/\.extraheader' && git config --local --unset-all 'http.https://github.com/.extraheader' || :"
Flutter analyze e test	Checkout da combinação proposta pelo PR	2026-10-09T02:11:34.3555419Z Removing includeIf entries pointing to credentials config files
Flutter analyze e test	Checkout da combinação proposta pelo PR	2026-10-09T02:11:34.3557617Z [command]/usr/bin/git config --local --name-only --get-regexp ^includeIf\.gitdir:
Flutter analyze e test	Checkout da combinação proposta pelo PR	2026-10-09T02:11:34.3581394Z includeif.gitdir:/home/runner/work/flutter_code_push_example/flutter_code_push_example/app/.git.path
Flutter analyze e test	Checkout da combinação proposta pelo PR	2026-10-09T02:11:34.3582036Z includeif.gitdir:/home/runner/work/flutter_code_push_example/flutter_code_push_example/app/.git/worktrees/*.path
Flutter analyze e test	Checkout da combinação proposta pelo PR	2026-10-09T02:11:34.3582359Z includeif.gitdir:/github/workspace/app/.git.path
Flutter analyze e test	Checkout da combinação proposta pelo PR	2026-10-09T02:11:34.3582577Z includeif.gitdir:/github/workspace/app/.git/worktrees/*.path
Flutter analyze e test	Checkout da combinação proposta pelo PR	2026-10-09T02:11:34.3588062Z [command]/usr/bin/git config --local --get-all includeif.gitdir:/home/runner/work/flutter_code_push_example/flutter_code_push_example/app/.git.path
Flutter analyze e test	Checkout da combinação proposta pelo PR	2026-10-09T02:11:34.3611092Z /home/runner/work/_temp/git-credentials-5b096f1f-194f-41ee-b26c-5fe369e5b159.config
Flutter analyze e test	Checkout da combinação proposta pelo PR	2026-10-09T02:11:34.3620862Z [command]/usr/bin/git config --local --unset includeif.gitdir:/home/runner/work/flutter_code_push_example/flutter_code_push_example/app/.git.path \/home\/runner\/work\/_temp\/git\-credentials\-5b096f1f\-194f\-41ee\-b26c\-5fe369e5b159\.config
Flutter analyze e test	Checkout da combinação proposta pelo PR	2026-10-09T02:11:34.3652536Z [command]/usr/bin/git config --local --get-all includeif.gitdir:/home/runner/work/flutter_code_push_example/flutter_code_push_example/app/.git/worktrees/*.path
Flutter analyze e test	Checkout da combinação proposta pelo PR	2026-10-09T02:11:34.3681854Z /home/runner/work/_temp/git-credentials-5b096f1f-194f-41ee-b26c-5fe369e5b159.config
Flutter analyze e test	Checkout da combinação proposta pelo PR	2026-10-09T02:11:34.3688022Z [command]/usr/bin/git config --local --unset includeif.gitdir:/home/runner/work/flutter_code_push_example/flutter_code_push_example/app/.git/worktrees/*.path \/home\/runner\/work\/_temp\/git\-credentials\-5b096f1f\-194f\-41ee\-b26c\-5fe369e5b159\.config
Flutter analyze e test	Checkout da combinação proposta pelo PR	2026-10-09T02:11:34.3718492Z [command]/usr/bin/git config --local --get-all includeif.gitdir:/github/workspace/app/.git.path
Flutter analyze e test	Checkout da combinação proposta pelo PR	2026-10-09T02:11:34.3740774Z /github/runner_temp/git-credentials-5b096f1f-194f-41ee-b26c-5fe369e5b159.config
Flutter analyze e test	Checkout da combinação proposta pelo PR	2026-10-09T02:11:34.3746204Z [command]/usr/bin/git config --local --unset includeif.gitdir:/github/workspace/app/.git.path \/github\/runner_temp\/git\-credentials\-5b096f1f\-194f\-41ee\-b26c\-5fe369e5b159\.config
Flutter analyze e test	Checkout da combinação proposta pelo PR	2026-10-09T02:11:34.3778965Z [command]/usr/bin/git config --local --get-all includeif.gitdir:/github/workspace/app/.git/worktrees/*.path
Flutter analyze e test	Checkout da combinação proposta pelo PR	2026-10-09T02:11:34.3801311Z /github/runner_temp/git-credentials-5b096f1f-194f-41ee-b26c-5fe369e5b159.config
Flutter analyze e test	Checkout da combinação proposta pelo PR	2026-10-09T02:11:34.3837754Z [command]/usr/bin/git config --local --unset includeif.gitdir:/github/workspace/app/.git/worktrees/*.path \/github\/runner_temp\/git\-credentials\-5b096f1f\-194f\-41ee\-b26c\-5fe369e5b159\.config
Flutter analyze e test	Checkout da combinação proposta pelo PR	2026-10-09T02:11:34.3873819Z [command]/usr/bin/git submodule foreach --recursive git config --local --show-origin --name-only --get-regexp remote.origin.url
Flutter analyze e test	Checkout da combinação proposta pelo PR	2026-10-09T02:11:34.4055634Z Removing credentials config '/home/runner/work/_temp/git-credentials-5b096f1f-194f-41ee-b26c-5fe369e5b159.config'
Flutter analyze e test	Checkout da combinação proposta pelo PR	2026-10-09T02:11:34.4064085Z ##[endgroup]
Flutter analyze e test	Instalar Flutter fixado na candidata	﻿2026-10-09T02:11:34.4239709Z Prepare all required actions
Flutter analyze e test	Instalar Flutter fixado na candidata	2026-10-09T02:11:34.4284007Z ##[group]Run ./trusted/.github/actions/setup-flutter
Flutter analyze e test	Instalar Flutter fixado na candidata	2026-10-09T02:11:34.4284194Z with:
Flutter analyze e test	Instalar Flutter fixado na candidata	2026-10-09T02:11:34.4284339Z   build-inputs: app/delivery/build-inputs.json
Flutter analyze e test	Instalar Flutter fixado na candidata	2026-10-09T02:11:34.4284719Z ##[endgroup]
Flutter analyze e test	Instalar Flutter fixado na candidata	2026-10-09T02:11:34.4325794Z ##[start-action display=Run python3 - <<'PY';id=__self.inputs]
Flutter analyze e test	Instalar Flutter fixado na candidata	2026-10-09T02:11:34.4352496Z ##[group]Run python3 - <<'PY'
Flutter analyze e test	Instalar Flutter fixado na candidata	2026-10-09T02:11:34.4352723Z ^[[36;1mpython3 - <<'PY'^[[0m
Flutter analyze e test	Instalar Flutter fixado na candidata	2026-10-09T02:11:34.4352876Z ^[[36;1mimport json, os, re^[[0m
Flutter analyze e test	Instalar Flutter fixado na candidata	2026-10-09T02:11:34.4353035Z ^[[36;1mfrom pathlib import Path^[[0m
Flutter analyze e test	Instalar Flutter fixado na candidata	2026-10-09T02:11:34.4353248Z ^[[36;1mworkspace = Path(os.environ['GITHUB_WORKSPACE']).resolve()^[[0m
Flutter analyze e test	Instalar Flutter fixado na candidata	2026-10-09T02:11:34.4353498Z ^[[36;1mpath = Path(os.environ['BUILD_INPUTS']).resolve()^[[0m
Flutter analyze e test	Instalar Flutter fixado na candidata	2026-10-09T02:11:34.4353722Z ^[[36;1mif not path.is_relative_to(workspace):^[[0m
Flutter analyze e test	Instalar Flutter fixado na candidata	2026-10-09T02:11:34.4353972Z ^[[36;1m    raise ValueError('Build inputs precisa pertencer ao checkout deste job.')^[[0m
Flutter analyze e test	Instalar Flutter fixado na candidata	2026-10-09T02:11:34.4354234Z ^[[36;1minputs = json.loads(path.read_text())^[[0m
Flutter analyze e test	Instalar Flutter fixado na candidata	2026-10-09T02:11:34.4354725Z ^[[36;1mversion, revision = inputs['flutter_version'], inputs['flutter_revision']^[[0m
Flutter analyze e test	Instalar Flutter fixado na candidata	2026-10-09T02:11:34.4355067Z ^[[36;1mif not re.fullmatch(r'[0-9]+\.[0-9]+\.[0-9]+', version) or not re.fullmatch(r'[0-9a-f]{40}', revision):^[[0m
Flutter analyze e test	Instalar Flutter fixado na candidata	2026-10-09T02:11:34.4355421Z ^[[36;1m    raise ValueError('Versão e revisão Flutter precisam estar fixadas.')^[[0m
Flutter analyze e test	Instalar Flutter fixado na candidata	2026-10-09T02:11:34.4355690Z ^[[36;1mwith open(os.environ['GITHUB_OUTPUT'], 'a') as f:^[[0m
Flutter analyze e test	Instalar Flutter fixado na candidata	2026-10-09T02:11:34.4355930Z ^[[36;1m    f.write('version=' + version + '\nrevision=' + revision + '\n')^[[0m
Flutter analyze e test	Instalar Flutter fixado na candidata	2026-10-09T02:11:34.4356132Z ^[[36;1mPY^[[0m
Flutter analyze e test	Instalar Flutter fixado na candidata	2026-10-09T02:11:34.4590331Z shell: /usr/bin/bash --noprofile --norc -e -o pipefail {0}
Flutter analyze e test	Instalar Flutter fixado na candidata	2026-10-09T02:11:34.4590537Z env:
Flutter analyze e test	Instalar Flutter fixado na candidata	2026-10-09T02:11:34.4590841Z   BUILD_INPUTS: app/delivery/build-inputs.json
Flutter analyze e test	Instalar Flutter fixado na candidata	2026-10-09T02:11:34.4591015Z ##[endgroup]
Flutter analyze e test	Instalar Flutter fixado na candidata	2026-10-09T02:11:34.4887986Z ##[end-action id=__self.inputs;outcome=success;conclusion=success;duration_ms=56]
Flutter analyze e test	Instalar Flutter fixado na candidata	2026-10-09T02:11:34.4892673Z ##[start-action display=Instalar e conferir o SDK;id=__self.__run]
Flutter analyze e test	Instalar Flutter fixado na candidata	2026-10-09T02:11:34.4907729Z ##[group]Run set -euo pipefail
Flutter analyze e test	Instalar Flutter fixado na candidata	2026-10-09T02:11:34.4907907Z ^[[36;1mset -euo pipefail^[[0m
Flutter analyze e test	Instalar Flutter fixado na candidata	2026-10-09T02:11:34.4908066Z ^[[36;1mSDK_PATH="$RUNNER_TEMP/flutter-delivery"^[[0m
Flutter analyze e test	Instalar Flutter fixado na candidata	2026-10-09T02:11:34.4908409Z ^[[36;1mgit clone --no-checkout --depth 1 --branch "$FLUTTER_VERSION" https://github.com/flutter/flutter.git "$SDK_PATH"^[[0m
Flutter analyze e test	Instalar Flutter fixado na candidata	2026-10-09T02:11:34.4908753Z ^[[36;1mtest "$(git -C "$SDK_PATH" rev-parse HEAD)" = "$FLUTTER_REVISION"^[[0m
Flutter analyze e test	Instalar Flutter fixado na candidata	2026-10-09T02:11:34.4908991Z ^[[36;1mgit -C "$SDK_PATH" checkout --detach "$FLUTTER_REVISION"^[[0m
Flutter analyze e test	Instalar Flutter fixado na candidata	2026-10-09T02:11:34.4909254Z ^[[36;1m# The first invocation bootstraps the tool and prints a welcome banner.^[[0m
Flutter analyze e test	Instalar Flutter fixado na candidata	2026-10-09T02:11:34.4909520Z ^[[36;1m# Run it before helpers parse --version --machine as strict JSON.^[[0m
Flutter analyze e test	Instalar Flutter fixado na candidata	2026-10-09T02:11:34.4909748Z ^[[36;1m"$SDK_PATH/bin/flutter" --version^[[0m
Flutter analyze e test	Instalar Flutter fixado na candidata	2026-10-09T02:11:34.4909918Z ^[[36;1mecho "$SDK_PATH/bin" >> "$GITHUB_PATH"^[[0m
Flutter analyze e test	Instalar Flutter fixado na candidata	2026-10-09T02:11:34.4961521Z shell: /usr/bin/bash --noprofile --norc -e -o pipefail {0}
Flutter analyze e test	Instalar Flutter fixado na candidata	2026-10-09T02:11:34.4961709Z env:
Flutter analyze e test	Instalar Flutter fixado na candidata	2026-10-09T02:11:34.4961824Z   FLUTTER_VERSION: 3.44.1
Flutter analyze e test	Instalar Flutter fixado na candidata	2026-10-09T02:11:34.4961986Z   FLUTTER_REVISION: 924134a44c189315be2148659913dda1671cbe99
Flutter analyze e test	Instalar Flutter fixado na candidata	2026-10-09T02:11:34.4962165Z ##[endgroup]
Flutter analyze e test	Instalar Flutter fixado na candidata	2026-10-09T02:11:34.5036213Z Cloning into '/home/runner/work/_temp/flutter-delivery'...
Flutter analyze e test	Instalar Flutter fixado na candidata	2026-10-09T02:11:44.8693867Z HEAD is now at 924134a4 Update CHANGELOG with Flutter 3.44 changes (#187258)
Flutter analyze e test	Instalar Flutter fixado na candidata	2026-10-09T02:11:44.9006940Z Downloading Linux x64 Dart SDK from Flutter engine c416acfeb8126e097f758c664aaa3da929e27da0...
Flutter analyze e test	Instalar Flutter fixado na candidata	2026-10-09T02:11:44.9087029Z   % Total    % Received % Xferd  Average Speed   Time    Time     Time  Current
Flutter analyze e test	Instalar Flutter fixado na candidata	2026-10-09T02:11:44.9087539Z                                  Dload  Upload   Total   Spent    Left  Speed
Flutter analyze e test	Instalar Flutter fixado na candidata	2026-10-09T02:11:44.9087820Z 
Flutter analyze e test	Instalar Flutter fixado na candidata	2026-10-09T02:11:45.8781155Z   0     0    0     0    0     0      0      0 --:--:-- --:--:-- --:--:--     0
Flutter analyze e test	Instalar Flutter fixado na candidata	2026-10-09T02:11:46.8785530Z  17  222M   17 39.2M    0     0  40.4M      0  0:00:05 --:--:--  0:00:05 40.4M
Flutter analyze e test	Instalar Flutter fixado na candidata	2026-10-09T02:11:47.8786741Z  46  222M   46  102M    0     0  52.0M      0  0:00:04  0:00:01  0:00:03 52.0M
Flutter analyze e test	Instalar Flutter fixado na candidata	2026-10-09T02:11:48.2503929Z  86  222M   86  192M    0     0  64.7M      0  0:00:03  0:00:02  0:00:01 64.7M
Flutter analyze e test	Instalar Flutter fixado na candidata	2026-10-09T02:11:48.2504235Z 100  222M  100  222M    0     0  66.5M      0  0:00:03  0:00:03 --:--:-- 66.5M
Flutter analyze e test	Instalar Flutter fixado na candidata	2026-10-09T02:11:52.3024858Z Building flutter tool...
Flutter analyze e test	Instalar Flutter fixado na candidata	2026-10-09T02:11:52.3138838Z Resolving dependencies...
Flutter analyze e test	Instalar Flutter fixado na candidata	2026-10-09T02:11:52.5517051Z Downloading packages...
Flutter analyze e test	Instalar Flutter fixado na candidata	2026-10-09T02:11:54.1401680Z + _fe_analyzer_shared 95.0.0 (109.0.0 available)
Flutter analyze e test	Instalar Flutter fixado na candidata	2026-10-09T02:11:54.1402113Z + analyzer 10.1.0 (14.5.0 available)
Flutter analyze e test	Instalar Flutter fixado na candidata	2026-10-09T02:11:54.1402377Z + archive 3.6.1 (4.3.0 available)
Flutter analyze e test	Instalar Flutter fixado na candidata	2026-10-09T02:11:54.1402606Z + args 2.7.0
Flutter analyze e test	Instalar Flutter fixado na candidata	2026-10-09T02:11:54.1402813Z + async 2.13.1
Flutter analyze e test	Instalar Flutter fixado na candidata	2026-10-09T02:11:54.1403026Z + boolean_selector 2.1.2
Flutter analyze e test	Instalar Flutter fixado na candidata	2026-10-09T02:11:54.1403247Z + browser_launcher 1.1.3 (1.2.0 available)
Flutter analyze e test	Instalar Flutter fixado na candidata	2026-10-09T02:11:54.1403507Z + built_collection 5.1.1 (5.1.2 available)
Flutter analyze e test	Instalar Flutter fixado na candidata	2026-10-09T02:11:54.1403770Z + built_value 8.12.5 (8.13.0 available)
Flutter analyze e test	Instalar Flutter fixado na candidata	2026-10-09T02:11:54.1404004Z + checked_yaml 2.0.4
Flutter analyze e test	Instalar Flutter fixado na candidata	2026-10-09T02:11:54.1404191Z + cli_config 0.2.0
Flutter analyze e test	Instalar Flutter fixado na candidata	2026-10-09T02:11:54.1404377Z + clock 1.1.2 (1.1.3 available)
Flutter analyze e test	Instalar Flutter fixado na candidata	2026-10-09T02:11:54.1404728Z + code_assets 1.0.0 (2.1.0 available)
Flutter analyze e test	Instalar Flutter fixado na candidata	2026-10-09T02:11:54.1404966Z + code_builder 4.11.1 (4.12.0 available)
Flutter analyze e test	Instalar Flutter fixado na candidata	2026-10-09T02:11:54.1405195Z + collection 1.19.1
Flutter analyze e test	Instalar Flutter fixado na candidata	2026-10-09T02:11:54.1405382Z + completion 1.0.2
Flutter analyze e test	Instalar Flutter fixado na candidata	2026-10-09T02:11:54.1405562Z + convert 3.1.2
Flutter analyze e test	Instalar Flutter fixado na candidata	2026-10-09T02:11:54.1405748Z + coverage 1.15.0 (1.15.1 available)
Flutter analyze e test	Instalar Flutter fixado na candidata	2026-10-09T02:11:54.1405965Z + crypto 3.0.7
Flutter analyze e test	Instalar Flutter fixado na candidata	2026-10-09T02:11:54.1406135Z + csslib 1.0.2
Flutter analyze e test	Instalar Flutter fixado na candidata	2026-10-09T02:11:54.1406307Z + dap 1.4.0
Flutter analyze e test	Instalar Flutter fixado na candidata	2026-10-09T02:11:54.1406487Z + dart_service_protocol_shared 0.0.3
Flutter analyze e test	Instalar Flutter fixado na candidata	2026-10-09T02:11:54.1406965Z + dart_style 3.1.7 (3.1.13 available)
Flutter analyze e test	Instalar Flutter fixado na candidata	2026-10-09T02:11:54.1407188Z + data_assets 0.19.6 (0.20.0 available)
Flutter analyze e test	Instalar Flutter fixado na candidata	2026-10-09T02:11:54.1407412Z + dds 5.3.0 (5.4.0 available)
Flutter analyze e test	Instalar Flutter fixado na candidata	2026-10-09T02:11:54.1407634Z + dds_service_extensions 2.1.0
Flutter analyze e test	Instalar Flutter fixado na candidata	2026-10-09T02:11:54.1407880Z + devtools_shared 12.1.0 (14.0.0 available)
Flutter analyze e test	Instalar Flutter fixado na candidata	2026-10-09T02:11:54.1408118Z + dtd 4.0.0
Flutter analyze e test	Instalar Flutter fixado na candidata	2026-10-09T02:11:54.1408286Z + dwds 26.2.5 (27.1.4 available)
Flutter analyze e test	Instalar Flutter fixado na candidata	2026-10-09T02:11:54.1408494Z + extension_discovery 2.1.0
Flutter analyze e test	Instalar Flutter fixado na candidata	2026-10-09T02:11:54.1408685Z + fake_async 1.3.3
Flutter analyze e test	Instalar Flutter fixado na candidata	2026-10-09T02:11:54.1408856Z + ffi 2.2.0
Flutter analyze e test	Instalar Flutter fixado na candidata	2026-10-09T02:11:54.1409022Z + file 7.0.1
Flutter analyze e test	Instalar Flutter fixado na candidata	2026-10-09T02:11:54.1409206Z + file_testing 3.0.2 (3.1.0 available)
Flutter analyze e test	Instalar Flutter fixado na candidata	2026-10-09T02:11:54.1409443Z + fixnum 1.1.1
Flutter analyze e test	Instalar Flutter fixado na candidata	2026-10-09T02:11:54.1409659Z + flutter_template_images 5.0.0 (5.0.1 available)
Flutter analyze e test	Instalar Flutter fixado na candidata	2026-10-09T02:11:54.1409965Z + frontend_server_client 4.0.0 (4.1.0 available)
Flutter analyze e test	Instalar Flutter fixado na candidata	2026-10-09T02:11:54.1410236Z + glob 2.1.3 (2.2.0 available)
Flutter analyze e test	Instalar Flutter fixado na candidata	2026-10-09T02:11:54.1410457Z + graphs 2.3.2
Flutter analyze e test	Instalar Flutter fixado na candidata	2026-10-09T02:11:54.1410643Z + hooks 1.0.2 (2.2.0 available)
Flutter analyze e test	Instalar Flutter fixado na candidata	2026-10-09T02:11:54.1410878Z + hooks_runner 1.1.1 (1.6.4 available)
Flutter analyze e test	Instalar Flutter fixado na candidata	2026-10-09T02:11:54.1411120Z + html 0.15.6 (0.15.7 available)
Flutter analyze e test	Instalar Flutter fixado na candidata	2026-10-09T02:11:54.1411346Z + http 1.6.0
Flutter analyze e test	Instalar Flutter fixado na candidata	2026-10-09T02:11:54.1411533Z + http_multi_server 3.2.2
Flutter analyze e test	Instalar Flutter fixado na candidata	2026-10-09T02:11:54.1411751Z + http_parser 4.1.2
Flutter analyze e test	Instalar Flutter fixado na candidata	2026-10-09T02:11:54.1411950Z + intl 0.20.2 (0.20.3 available)
Flutter analyze e test	Instalar Flutter fixado na candidata	2026-10-09T02:11:54.1412173Z + io 1.0.5 (1.1.0 available)
Flutter analyze e test	Instalar Flutter fixado na candidata	2026-10-09T02:11:54.1412393Z + js 0.7.2 (discontinued)
Flutter analyze e test	Instalar Flutter fixado na candidata	2026-10-09T02:11:54.1412618Z + json_annotation 4.11.0 (4.12.0 available)
Flutter analyze e test	Instalar Flutter fixado na candidata	2026-10-09T02:11:54.1412867Z + json_rpc_2 4.1.0
Flutter analyze e test	Instalar Flutter fixado na candidata	2026-10-09T02:11:54.1413056Z + logging 1.3.0
Flutter analyze e test	Instalar Flutter fixado na candidata	2026-10-09T02:11:54.1413251Z + matcher 0.12.19 (0.12.20 available)
Flutter analyze e test	Instalar Flutter fixado na candidata	2026-10-09T02:11:54.1413492Z + meta 1.18.0 (1.19.0 available)
Flutter analyze e test	Instalar Flutter fixado na candidata	2026-10-09T02:11:54.1413714Z + mime 2.0.0 (2.1.0 available)
Flutter analyze e test	Instalar Flutter fixado na candidata	2026-10-09T02:11:54.1413949Z + multicast_dns 0.3.3 (0.3.3+1 available)
Flutter analyze e test	Instalar Flutter fixado na candidata	2026-10-09T02:11:54.1414213Z + mustache_template 2.0.4 (2.0.6 available)
Flutter analyze e test	Instalar Flutter fixado na candidata	2026-10-09T02:11:54.1414616Z + native_stack_traces 0.6.1 (0.7.0 available)
Flutter analyze e test	Instalar Flutter fixado na candidata	2026-10-09T02:11:54.1414857Z + node_preamble 2.0.2
Flutter analyze e test	Instalar Flutter fixado na candidata	2026-10-09T02:11:54.1415062Z + package_config 2.2.0 (3.0.0 available)
Flutter analyze e test	Instalar Flutter fixado na candidata	2026-10-09T02:11:54.1415305Z + path 1.9.1
Flutter analyze e test	Instalar Flutter fixado na candidata	2026-10-09T02:11:54.1415497Z + petitparser 7.0.2 (7.1.0 available)
Flutter analyze e test	Instalar Flutter fixado na candidata	2026-10-09T02:11:54.1415935Z + platform 3.1.6 (3.2.0 available)
Flutter analyze e test	Instalar Flutter fixado na candidata	2026-10-09T02:11:54.1439358Z + pool 1.5.2 (1.5.3 available)
Flutter analyze e test	Instalar Flutter fixado na candidata	2026-10-09T02:11:54.1439642Z + process 5.0.5 (5.0.6 available)
Flutter analyze e test	Instalar Flutter fixado na candidata	2026-10-09T02:11:54.1439886Z + pub_semver 2.2.0 (2.2.1 available)
Flutter analyze e test	Instalar Flutter fixado na candidata	2026-10-09T02:11:54.1440126Z + pubspec_parse 1.5.0 (1.6.0 available)
Flutter analyze e test	Instalar Flutter fixado na candidata	2026-10-09T02:11:54.1440373Z + record_use 0.6.0 (1.1.1 available)
Flutter analyze e test	Instalar Flutter fixado na candidata	2026-10-09T02:11:54.1440594Z + shelf 1.4.2
Flutter analyze e test	Instalar Flutter fixado na candidata	2026-10-09T02:11:54.1440785Z + shelf_packages_handler 3.0.2
Flutter analyze e test	Instalar Flutter fixado na candidata	2026-10-09T02:11:54.1441017Z + shelf_proxy 1.0.4 (1.0.5 available)
Flutter analyze e test	Instalar Flutter fixado na candidata	2026-10-09T02:11:54.1441244Z + shelf_static 1.1.3
Flutter analyze e test	Instalar Flutter fixado na candidata	2026-10-09T02:11:54.1441444Z + shelf_web_socket 3.0.0
Flutter analyze e test	Instalar Flutter fixado na candidata	2026-10-09T02:11:54.1441654Z + source_map_stack_trace 2.1.2
Flutter analyze e test	Instalar Flutter fixado na candidata	2026-10-09T02:11:54.1441896Z + source_maps 0.10.13 (0.10.14 available)
Flutter analyze e test	Instalar Flutter fixado na candidata	2026-10-09T02:11:54.1442156Z + source_span 1.10.2
Flutter analyze e test	Instalar Flutter fixado na candidata	2026-10-09T02:11:54.1442355Z + sprintf 7.0.0
Flutter analyze e test	Instalar Flutter fixado na candidata	2026-10-09T02:11:54.1442550Z + sse 4.1.8 (4.2.0 available)
Flutter analyze e test	Instalar Flutter fixado na candidata	2026-10-09T02:11:54.1442779Z + stack_trace 1.12.1 (1.12.2 available)
Flutter analyze e test	Instalar Flutter fixado na candidata	2026-10-09T02:11:54.1443064Z + standard_message_codec 0.0.1+4 (0.0.1+5 available)
Flutter analyze e test	Instalar Flutter fixado na candidata	2026-10-09T02:11:54.1443351Z + stream_channel 2.1.4
Flutter analyze e test	Instalar Flutter fixado na candidata	2026-10-09T02:11:54.1443557Z + string_scanner 1.4.1
Flutter analyze e test	Instalar Flutter fixado na candidata	2026-10-09T02:11:54.1443757Z + sync_http 0.3.1
Flutter analyze e test	Instalar Flutter fixado na candidata	2026-10-09T02:11:54.1443951Z + term_glyph 1.2.2
Flutter analyze e test	Instalar Flutter fixado na candidata	2026-10-09T02:11:54.1444150Z + test 1.31.0 (1.33.0 available)
Flutter analyze e test	Instalar Flutter fixado na candidata	2026-10-09T02:11:54.1444386Z + test_api 0.7.11 (0.7.15 available)
Flutter analyze e test	Instalar Flutter fixado na candidata	2026-10-09T02:11:54.1444755Z + test_core 0.6.17 (0.6.21 available)
Flutter analyze e test	Instalar Flutter fixado na candidata	2026-10-09T02:11:54.1444987Z + typed_data 1.4.0
Flutter analyze e test	Instalar Flutter fixado na candidata	2026-10-09T02:11:54.1445199Z + unified_analytics 8.0.14 (8.0.18 available)
Flutter analyze e test	Instalar Flutter fixado na candidata	2026-10-09T02:11:54.1445461Z + usage 4.1.1 (discontinued)
Flutter analyze e test	Instalar Flutter fixado na candidata	2026-10-09T02:11:54.1445683Z + uuid 4.5.3 (4.6.0 available)
Flutter analyze e test	Instalar Flutter fixado na candidata	2026-10-09T02:11:54.1445905Z + vm_service 15.0.2 (15.3.0 available)
Flutter analyze e test	Instalar Flutter fixado na candidata	2026-10-09T02:11:54.1446295Z + vm_service_interface 2.0.1
Flutter analyze e test	Instalar Flutter fixado na candidata	2026-10-09T02:11:54.1446506Z + vm_snapshot_analysis 0.7.6
Flutter analyze e test	Instalar Flutter fixado na candidata	2026-10-09T02:11:54.1446714Z + watcher 1.2.1
Flutter analyze e test	Instalar Flutter fixado na candidata	2026-10-09T02:11:54.1446883Z + web 1.1.1
Flutter analyze e test	Instalar Flutter fixado na candidata	2026-10-09T02:11:54.1447057Z + web_socket 1.0.1
Flutter analyze e test	Instalar Flutter fixado na candidata	2026-10-09T02:11:54.1447246Z + web_socket_channel 3.0.3
Flutter analyze e test	Instalar Flutter fixado na candidata	2026-10-09T02:11:54.1447456Z + webdriver 3.1.0 (3.2.0 available)
Flutter analyze e test	Instalar Flutter fixado na candidata	2026-10-09T02:11:54.1447693Z + webkit_inspection_protocol 1.2.1
Flutter analyze e test	Instalar Flutter fixado na candidata	2026-10-09T02:11:54.1447921Z + xml 6.6.1 (7.1.0 available)
Flutter analyze e test	Instalar Flutter fixado na candidata	2026-10-09T02:11:54.1448133Z + yaml 3.1.3 (3.1.4 available)
Flutter analyze e test	Instalar Flutter fixado na candidata	2026-10-09T02:11:54.1448334Z + yaml_edit 2.2.4
Flutter analyze e test	Instalar Flutter fixado na candidata	2026-10-09T02:11:54.1448541Z Changed 102 dependencies!
Flutter analyze e test	Instalar Flutter fixado na candidata	2026-10-09T02:11:54.1448768Z 2 packages are discontinued.
Flutter analyze e test	Instalar Flutter fixado na candidata	2026-10-09T02:11:54.1449071Z 53 packages have newer versions incompatible with dependency constraints.
Flutter analyze e test	Instalar Flutter fixado na candidata	2026-10-09T02:11:54.1449427Z Try `dart pub outdated` for more information.
Flutter analyze e test	Instalar Flutter fixado na candidata	2026-10-09T02:12:04.0133081Z Flutter 3.44.1 • channel [user-branch] • unknown source
Flutter analyze e test	Instalar Flutter fixado na candidata	2026-10-09T02:12:04.0133482Z Framework • revision 924134a44c (4 months ago) • 2026-05-29 12:13:22 -0400
Flutter analyze e test	Instalar Flutter fixado na candidata	2026-10-09T02:12:04.0134023Z Engine • hash 39b1f7043775b9578bbb26a1676e79c4e31c8b5e (revision c416acfeb8) (4 months ago) • 2026-05-27 20:19:31.000Z
Flutter analyze e test	Instalar Flutter fixado na candidata	2026-10-09T02:12:04.0134348Z Tools • Dart 3.12.1 • DevTools 2.57.0
Flutter analyze e test	Instalar Flutter fixado na candidata	2026-10-09T02:12:04.0164106Z ##[end-action id=__self.__run;outcome=success;conclusion=success;duration_ms=29527]
Flutter analyze e test	Verificar aplicativo	﻿2026-10-09T02:12:04.0203406Z ##[group]Run flutter pub get --enforce-lockfile
Flutter analyze e test	Verificar aplicativo	2026-10-09T02:12:04.0203621Z ^[[36;1mflutter pub get --enforce-lockfile^[[0m
Flutter analyze e test	Verificar aplicativo	2026-10-09T02:12:04.0203776Z ^[[36;1mflutter analyze^[[0m
Flutter analyze e test	Verificar aplicativo	2026-10-09T02:12:04.0203898Z ^[[36;1mflutter test^[[0m
Flutter analyze e test	Verificar aplicativo	2026-10-09T02:12:04.0256968Z shell: /usr/bin/bash -e {0}
Flutter analyze e test	Verificar aplicativo	2026-10-09T02:12:04.0257113Z ##[endgroup]
Flutter analyze e test	Verificar aplicativo	2026-10-09T02:12:04.2988975Z [1/10] Material Fonts                                              182ms
Flutter analyze e test	Verificar aplicativo	2026-10-09T02:12:04.3499734Z [2/10] Gradle Wrapper                                               16ms
Flutter analyze e test	Verificar aplicativo	2026-10-09T02:12:04.3569209Z [3/10] Flutter SDK
Flutter analyze e test	Verificar aplicativo	2026-10-09T02:12:04.6053911Z   ├─ [1/5] sky_engine                                              245ms
Flutter analyze e test	Verificar aplicativo	2026-10-09T02:12:04.8320194Z   ├─ [2/5] flutter_gpu                                             177ms
Flutter analyze e test	Verificar aplicativo	2026-10-09T02:12:05.1360930Z   ├─ [3/5] flutter_patched_sdk                                     295ms
Flutter analyze e test	Verificar aplicativo	2026-10-09T02:12:05.4499926Z   ├─ [4/5] flutter_patched_sdk_product                             247ms
Flutter analyze e test	Verificar aplicativo	2026-10-09T02:12:06.2947161Z   └─ [5/5] linux-x64                                               777ms
Flutter analyze e test	Verificar aplicativo	2026-10-09T02:12:06.9705954Z [10/10] linux-x64/font-subset                                      228ms
Flutter analyze e test	Verificar aplicativo	2026-10-09T02:12:07.0527466Z Resolving dependencies...
Flutter analyze e test	Verificar aplicativo	2026-10-09T02:12:07.2091044Z Downloading packages...
Flutter analyze e test	Verificar aplicativo	2026-10-09T02:12:07.7216754Z   clock 1.1.2 (1.1.3 available)
Flutter analyze e test	Verificar aplicativo	2026-10-09T02:12:07.7217028Z   cupertino_icons 1.0.9 (2.0.0 available)
Flutter analyze e test	Verificar aplicativo	2026-10-09T02:12:07.7217190Z   matcher 0.12.19 (0.12.20 available)
Flutter analyze e test	Verificar aplicativo	2026-10-09T02:12:07.7217359Z   material_color_utilities 0.13.0 (0.13.1 available)
Flutter analyze e test	Verificar aplicativo	2026-10-09T02:12:07.7217522Z   meta 1.18.0 (1.19.0 available)
Flutter analyze e test	Verificar aplicativo	2026-10-09T02:12:07.7217697Z   stack_trace 1.12.1 (1.12.2 available)
Flutter analyze e test	Verificar aplicativo	2026-10-09T02:12:07.7217838Z   test_api 0.7.11 (0.7.15 available)
Flutter analyze e test	Verificar aplicativo	2026-10-09T02:12:07.7217975Z   vector_math 2.2.0 (2.4.3 available)
Flutter analyze e test	Verificar aplicativo	2026-10-09T02:12:07.7218111Z   vm_service 15.2.0 (15.3.0 available)
Flutter analyze e test	Verificar aplicativo	2026-10-09T02:12:07.7218245Z Got dependencies!
Flutter analyze e test	Verificar aplicativo	2026-10-09T02:12:07.7218423Z 9 packages have newer versions incompatible with dependency constraints.
Flutter analyze e test	Verificar aplicativo	2026-10-09T02:12:07.7218678Z Try `flutter pub outdated` for more information.
Flutter analyze e test	Verificar aplicativo	2026-10-09T02:12:07.9477329Z Resolving dependencies...
Flutter analyze e test	Verificar aplicativo	2026-10-09T02:12:07.9616171Z Downloading packages...
Flutter analyze e test	Verificar aplicativo	2026-10-09T02:12:07.9623631Z   clock 1.1.2 (1.1.3 available)
Flutter analyze e test	Verificar aplicativo	2026-10-09T02:12:07.9623847Z   cupertino_icons 1.0.9 (2.0.0 available)
Flutter analyze e test	Verificar aplicativo	2026-10-09T02:12:07.9624091Z   matcher 0.12.19 (0.12.20 available)
Flutter analyze e test	Verificar aplicativo	2026-10-09T02:12:07.9624329Z   material_color_utilities 0.13.0 (0.13.1 available)
Flutter analyze e test	Verificar aplicativo	2026-10-09T02:12:07.9624689Z   meta 1.18.0 (1.19.0 available)
Flutter analyze e test	Verificar aplicativo	2026-10-09T02:12:07.9624889Z   stack_trace 1.12.1 (1.12.2 available)
Flutter analyze e test	Verificar aplicativo	2026-10-09T02:12:07.9625452Z   test_api 0.7.11 (0.7.15 available)
Flutter analyze e test	Verificar aplicativo	2026-10-09T02:12:07.9625660Z   vector_math 2.2.0 (2.4.3 available)
Flutter analyze e test	Verificar aplicativo	2026-10-09T02:12:07.9625867Z   vm_service 15.2.0 (15.3.0 available)
Flutter analyze e test	Verificar aplicativo	2026-10-09T02:12:07.9626072Z Got dependencies!
Flutter analyze e test	Verificar aplicativo	2026-10-09T02:12:07.9626330Z 9 packages have newer versions incompatible with dependency constraints.
Flutter analyze e test	Verificar aplicativo	2026-10-09T02:12:07.9633808Z Try `flutter pub outdated` for more information.
Flutter analyze e test	Verificar aplicativo	2026-10-09T02:12:13.3929343Z Analyzing app...                                                
Flutter analyze e test	Verificar aplicativo	2026-10-09T02:12:13.3941263Z No issues found! (ran in 5.2s)
Flutter analyze e test	Verificar aplicativo	2026-10-09T02:12:13.5154241Z Resolving dependencies...
Flutter analyze e test	Verificar aplicativo	2026-10-09T02:12:13.5286163Z Downloading packages...
Flutter analyze e test	Verificar aplicativo	2026-10-09T02:12:13.5293205Z   clock 1.1.2 (1.1.3 available)
Flutter analyze e test	Verificar aplicativo	2026-10-09T02:12:13.5293811Z   cupertino_icons 1.0.9 (2.0.0 available)
Flutter analyze e test	Verificar aplicativo	2026-10-09T02:12:13.5294126Z   matcher 0.12.19 (0.12.20 available)
Flutter analyze e test	Verificar aplicativo	2026-10-09T02:12:13.5294375Z   material_color_utilities 0.13.0 (0.13.1 available)
Flutter analyze e test	Verificar aplicativo	2026-10-09T02:12:13.5294759Z   meta 1.18.0 (1.19.0 available)
Flutter analyze e test	Verificar aplicativo	2026-10-09T02:12:13.5295013Z   stack_trace 1.12.1 (1.12.2 available)
Flutter analyze e test	Verificar aplicativo	2026-10-09T02:12:13.5295241Z   test_api 0.7.11 (0.7.15 available)
Flutter analyze e test	Verificar aplicativo	2026-10-09T02:12:13.5295468Z   vector_math 2.2.0 (2.4.3 available)
Flutter analyze e test	Verificar aplicativo	2026-10-09T02:12:13.5295697Z   vm_service 15.2.0 (15.3.0 available)
Flutter analyze e test	Verificar aplicativo	2026-10-09T02:12:13.5295919Z Got dependencies!
Flutter analyze e test	Verificar aplicativo	2026-10-09T02:12:13.5296205Z 9 packages have newer versions incompatible with dependency constraints.
Flutter analyze e test	Verificar aplicativo	2026-10-09T02:12:13.5297048Z Try `flutter pub outdated` for more information.
Flutter analyze e test	Verificar aplicativo	2026-10-09T02:12:13.9231144Z 
Flutter analyze e test	Verificar aplicativo	2026-10-09T02:12:19.4261199Z ##[group]✅ exibe a mensagem inicial
Flutter analyze e test	Verificar aplicativo	2026-10-09T02:12:19.4261733Z -------------------------------------------------------------------------------
Flutter analyze e test	Verificar aplicativo	2026-10-09T02:12:19.4262157Z The Shorebird Updater is unavailable in the current environment.
Flutter analyze e test	Verificar aplicativo	2026-10-09T02:12:19.4262526Z -------------------------------------------------------------------------------
Flutter analyze e test	Verificar aplicativo	2026-10-09T02:12:19.4262931Z This occurs when using pkg:shorebird_code_push in an app that does not
Flutter analyze e test	Verificar aplicativo	2026-10-09T02:12:19.4263367Z contain the Shorebird Engine. Most commonly this is due to building with
Flutter analyze e test	Verificar aplicativo	2026-10-09T02:12:19.4263932Z `flutter build` or `flutter run` instead of `shorebird release` or `shorebird preview`.
Flutter analyze e test	Verificar aplicativo	2026-10-09T02:12:19.4264357Z It can also occur when running on an unsupported platform (e.g. web).
Flutter analyze e test	Verificar aplicativo	2026-10-09T02:12:19.4264753Z 
Flutter analyze e test	Verificar aplicativo	2026-10-09T02:12:19.4265103Z -------------------------------------------------------------------------------
Flutter analyze e test	Verificar aplicativo	2026-10-09T02:12:19.4265468Z The Shorebird Updater is unavailable in the current environment.
Flutter analyze e test	Verificar aplicativo	2026-10-09T02:12:19.4265805Z -------------------------------------------------------------------------------
Flutter analyze e test	Verificar aplicativo	2026-10-09T02:12:19.4266152Z This occurs when using pkg:shorebird_code_push in an app that does not
Flutter analyze e test	Verificar aplicativo	2026-10-09T02:12:19.4266442Z contain the Shorebird Engine. Most commonly this is due to building with
Flutter analyze e test	Verificar aplicativo	2026-10-09T02:12:19.4266704Z `flutter build` or `flutter run` instead of `shorebird release` or `shorebird preview`.
Flutter analyze e test	Verificar aplicativo	2026-10-09T02:12:19.4266960Z It can also occur when running on an unsupported platform (e.g. web).
Flutter analyze e test	Verificar aplicativo	2026-10-09T02:12:19.4267102Z 
Flutter analyze e test	Verificar aplicativo	2026-10-09T02:12:19.4267702Z ##[endgroup]
Flutter analyze e test	Verificar aplicativo	2026-10-09T02:12:19.5785569Z ##[group]✅ inicia claro e ignora mudanças do tema do sistema
Flutter analyze e test	Verificar aplicativo	2026-10-09T02:12:19.5785966Z -------------------------------------------------------------------------------
Flutter analyze e test	Verificar aplicativo	2026-10-09T02:12:19.5786329Z The Shorebird Updater is unavailable in the current environment.
Flutter analyze e test	Verificar aplicativo	2026-10-09T02:12:19.5786705Z -------------------------------------------------------------------------------
Flutter analyze e test	Verificar aplicativo	2026-10-09T02:12:19.5787133Z This occurs when using pkg:shorebird_code_push in an app that does not
Flutter analyze e test	Verificar aplicativo	2026-10-09T02:12:19.5787491Z contain the Shorebird Engine. Most commonly this is due to building with
Flutter analyze e test	Verificar aplicativo	2026-10-09T02:12:19.5787868Z `flutter build` or `flutter run` instead of `shorebird release` or `shorebird preview`.
Flutter analyze e test	Verificar aplicativo	2026-10-09T02:12:19.5788268Z It can also occur when running on an unsupported platform (e.g. web).
Flutter analyze e test	Verificar aplicativo	2026-10-09T02:12:19.5788470Z 
Flutter analyze e test	Verificar aplicativo	2026-10-09T02:12:19.5788600Z -------------------------------------------------------------------------------
Flutter analyze e test	Verificar aplicativo	2026-10-09T02:12:19.5789432Z The Shorebird Updater is unavailable in the current environment.
Flutter analyze e test	Verificar aplicativo	2026-10-09T02:12:19.5789673Z -------------------------------------------------------------------------------
Flutter analyze e test	Verificar aplicativo	2026-10-09T02:12:19.5789899Z This occurs when using pkg:shorebird_code_push in an app that does not
Flutter analyze e test	Verificar aplicativo	2026-10-09T02:12:19.5790134Z contain the Shorebird Engine. Most commonly this is due to building with
Flutter analyze e test	Verificar aplicativo	2026-10-09T02:12:19.5790402Z `flutter build` or `flutter run` instead of `shorebird release` or `shorebird preview`.
Flutter analyze e test	Verificar aplicativo	2026-10-09T02:12:19.5790656Z It can also occur when running on an unsupported platform (e.g. web).
Flutter analyze e test	Verificar aplicativo	2026-10-09T02:12:19.5790792Z 
Flutter analyze e test	Verificar aplicativo	2026-10-09T02:12:19.5790967Z ##[endgroup]
Flutter analyze e test	Verificar aplicativo	2026-10-09T02:12:19.7115425Z ##[group]✅ alterna pelo botão e reinicia claro sem persistir a escolha
Flutter analyze e test	Verificar aplicativo	2026-10-09T02:12:19.7116087Z -------------------------------------------------------------------------------
Flutter analyze e test	Verificar aplicativo	2026-10-09T02:12:19.7116877Z The Shorebird Updater is unavailable in the current environment.
Flutter analyze e test	Verificar aplicativo	2026-10-09T02:12:19.7117515Z -------------------------------------------------------------------------------
Flutter analyze e test	Verificar aplicativo	2026-10-09T02:12:19.7118020Z This occurs when using pkg:shorebird_code_push in an app that does not
Flutter analyze e test	Verificar aplicativo	2026-10-09T02:12:19.7118537Z contain the Shorebird Engine. Most commonly this is due to building with
Flutter analyze e test	Verificar aplicativo	2026-10-09T02:12:19.7119097Z `flutter build` or `flutter run` instead of `shorebird release` or `shorebird preview`.
Flutter analyze e test	Verificar aplicativo	2026-10-09T02:12:19.7120780Z It can also occur when running on an unsupported platform (e.g. web).
Flutter analyze e test	Verificar aplicativo	2026-10-09T02:12:19.7121116Z 
Flutter analyze e test	Verificar aplicativo	2026-10-09T02:12:19.7121356Z -------------------------------------------------------------------------------
Flutter analyze e test	Verificar aplicativo	2026-10-09T02:12:19.7121751Z The Shorebird Updater is unavailable in the current environment.
Flutter analyze e test	Verificar aplicativo	2026-10-09T02:12:19.7122108Z -------------------------------------------------------------------------------
Flutter analyze e test	Verificar aplicativo	2026-10-09T02:12:19.7122483Z This occurs when using pkg:shorebird_code_push in an app that does not
Flutter analyze e test	Verificar aplicativo	2026-10-09T02:12:19.7122880Z contain the Shorebird Engine. Most commonly this is due to building with
Flutter analyze e test	Verificar aplicativo	2026-10-09T02:12:19.7123329Z `flutter build` or `flutter run` instead of `shorebird release` or `shorebird preview`.
Flutter analyze e test	Verificar aplicativo	2026-10-09T02:12:19.7123765Z It can also occur when running on an unsupported platform (e.g. web).
Flutter analyze e test	Verificar aplicativo	2026-10-09T02:12:19.7124022Z 
Flutter analyze e test	Verificar aplicativo	2026-10-09T02:12:19.7124167Z -------------------------------------------------------------------------------
Flutter analyze e test	Verificar aplicativo	2026-10-09T02:12:19.7124655Z The Shorebird Updater is unavailable in the current environment.
Flutter analyze e test	Verificar aplicativo	2026-10-09T02:12:19.7125003Z -------------------------------------------------------------------------------
Flutter analyze e test	Verificar aplicativo	2026-10-09T02:12:19.7125372Z This occurs when using pkg:shorebird_code_push in an app that does not
Flutter analyze e test	Verificar aplicativo	2026-10-09T02:12:19.7125768Z contain the Shorebird Engine. Most commonly this is due to building with
Flutter analyze e test	Verificar aplicativo	2026-10-09T02:12:19.7126188Z `flutter build` or `flutter run` instead of `shorebird release` or `shorebird preview`.
Flutter analyze e test	Verificar aplicativo	2026-10-09T02:12:19.7126612Z It can also occur when running on an unsupported platform (e.g. web).
Flutter analyze e test	Verificar aplicativo	2026-10-09T02:12:19.7126846Z 
Flutter analyze e test	Verificar aplicativo	2026-10-09T02:12:19.7126985Z -------------------------------------------------------------------------------
Flutter analyze e test	Verificar aplicativo	2026-10-09T02:12:19.7127348Z The Shorebird Updater is unavailable in the current environment.
Flutter analyze e test	Verificar aplicativo	2026-10-09T02:12:19.7127692Z -------------------------------------------------------------------------------
Flutter analyze e test	Verificar aplicativo	2026-10-09T02:12:19.7128072Z This occurs when using pkg:shorebird_code_push in an app that does not
Flutter analyze e test	Verificar aplicativo	2026-10-09T02:12:19.7128465Z contain the Shorebird Engine. Most commonly this is due to building with
Flutter analyze e test	Verificar aplicativo	2026-10-09T02:12:19.7128919Z `flutter build` or `flutter run` instead of `shorebird release` or `shorebird preview`.
Flutter analyze e test	Verificar aplicativo	2026-10-09T02:12:19.7129343Z It can also occur when running on an unsupported platform (e.g. web).
Flutter analyze e test	Verificar aplicativo	2026-10-09T02:12:19.7129570Z 
Flutter analyze e test	Verificar aplicativo	2026-10-09T02:12:19.7129922Z ##[endgroup]
Flutter analyze e test	Verificar aplicativo	2026-10-09T02:12:19.8525424Z ##[group]✅ aviso de atualização acompanha as cores do tema escuro
Flutter analyze e test	Verificar aplicativo	2026-10-09T02:12:19.8525969Z -------------------------------------------------------------------------------
Flutter analyze e test	Verificar aplicativo	2026-10-09T02:12:19.8526863Z The Shorebird Updater is unavailable in the current environment.
Flutter analyze e test	Verificar aplicativo	2026-10-09T02:12:19.8527271Z -------------------------------------------------------------------------------
Flutter analyze e test	Verificar aplicativo	2026-10-09T02:12:19.8527701Z This occurs when using pkg:shorebird_code_push in an app that does not
Flutter analyze e test	Verificar aplicativo	2026-10-09T02:12:19.8528231Z contain the Shorebird Engine. Most commonly this is due to building with
Flutter analyze e test	Verificar aplicativo	2026-10-09T02:12:19.8528751Z `flutter build` or `flutter run` instead of `shorebird release` or `shorebird preview`.
Flutter analyze e test	Verificar aplicativo	2026-10-09T02:12:19.8529196Z It can also occur when running on an unsupported platform (e.g. web).
Flutter analyze e test	Verificar aplicativo	2026-10-09T02:12:19.8529421Z 
Flutter analyze e test	Verificar aplicativo	2026-10-09T02:12:19.8529646Z -------------------------------------------------------------------------------
Flutter analyze e test	Verificar aplicativo	2026-10-09T02:12:19.8530009Z The Shorebird Updater is unavailable in the current environment.
Flutter analyze e test	Verificar aplicativo	2026-10-09T02:12:19.8530372Z -------------------------------------------------------------------------------
Flutter analyze e test	Verificar aplicativo	2026-10-09T02:12:19.8530744Z This occurs when using pkg:shorebird_code_push in an app that does not
Flutter analyze e test	Verificar aplicativo	2026-10-09T02:12:19.8531147Z contain the Shorebird Engine. Most commonly this is due to building with
Flutter analyze e test	Verificar aplicativo	2026-10-09T02:12:19.8531574Z `flutter build` or `flutter run` instead of `shorebird release` or `shorebird preview`.
Flutter analyze e test	Verificar aplicativo	2026-10-09T02:12:19.8532052Z It can also occur when running on an unsupported platform (e.g. web).
Flutter analyze e test	Verificar aplicativo	2026-10-09T02:12:19.8532524Z 
Flutter analyze e test	Verificar aplicativo	2026-10-09T02:12:19.8532795Z ##[endgroup]
Flutter analyze e test	Verificar aplicativo	2026-10-09T02:12:19.9016034Z ##[group]✅ botão de tema funciona em tela estreita
Flutter analyze e test	Verificar aplicativo	2026-10-09T02:12:19.9016458Z -------------------------------------------------------------------------------
Flutter analyze e test	Verificar aplicativo	2026-10-09T02:12:19.9016834Z The Shorebird Updater is unavailable in the current environment.
Flutter analyze e test	Verificar aplicativo	2026-10-09T02:12:19.9017183Z -------------------------------------------------------------------------------
Flutter analyze e test	Verificar aplicativo	2026-10-09T02:12:19.9017551Z This occurs when using pkg:shorebird_code_push in an app that does not
Flutter analyze e test	Verificar aplicativo	2026-10-09T02:12:19.9017937Z contain the Shorebird Engine. Most commonly this is due to building with
Flutter analyze e test	Verificar aplicativo	2026-10-09T02:12:19.9018332Z `flutter build` or `flutter run` instead of `shorebird release` or `shorebird preview`.
Flutter analyze e test	Verificar aplicativo	2026-10-09T02:12:19.9018597Z It can also occur when running on an unsupported platform (e.g. web).
Flutter analyze e test	Verificar aplicativo	2026-10-09T02:12:19.9018736Z 
Flutter analyze e test	Verificar aplicativo	2026-10-09T02:12:19.9018830Z -------------------------------------------------------------------------------
Flutter analyze e test	Verificar aplicativo	2026-10-09T02:12:19.9019093Z The Shorebird Updater is unavailable in the current environment.
Flutter analyze e test	Verificar aplicativo	2026-10-09T02:12:19.9019311Z -------------------------------------------------------------------------------
Flutter analyze e test	Verificar aplicativo	2026-10-09T02:12:19.9019537Z This occurs when using pkg:shorebird_code_push in an app that does not
Flutter analyze e test	Verificar aplicativo	2026-10-09T02:12:19.9019772Z contain the Shorebird Engine. Most commonly this is due to building with
Flutter analyze e test	Verificar aplicativo	2026-10-09T02:12:19.9020033Z `flutter build` or `flutter run` instead of `shorebird release` or `shorebird preview`.
Flutter analyze e test	Verificar aplicativo	2026-10-09T02:12:19.9020290Z It can also occur when running on an unsupported platform (e.g. web).
Flutter analyze e test	Verificar aplicativo	2026-10-09T02:12:19.9020433Z 
Flutter analyze e test	Verificar aplicativo	2026-10-09T02:12:19.9020580Z ##[endgroup]
Flutter analyze e test	Verificar aplicativo	2026-10-09T02:12:19.9190925Z 
Flutter analyze e test	Verificar aplicativo	2026-10-09T02:12:19.9194194Z 🎉 5 tests passed.
Flutter analyze e test	Verificar contratos e bloqueios da esteira	﻿2026-10-09T02:12:19.9705795Z ##[group]Run python3 -m unittest discover -s tests/delivery -v
Flutter analyze e test	Verificar contratos e bloqueios da esteira	2026-10-09T02:12:19.9706072Z ^[[36;1mpython3 -m unittest discover -s tests/delivery -v^[[0m
Flutter analyze e test	Verificar contratos e bloqueios da esteira	2026-10-09T02:12:19.9757542Z shell: /usr/bin/bash -e {0}
Flutter analyze e test	Verificar contratos e bloqueios da esteira	2026-10-09T02:12:19.9757690Z ##[endgroup]
Flutter analyze e test	Verificar contratos e bloqueios da esteira	2026-10-09T02:12:20.3006640Z test_ai_failure_timeout_or_no_credit_use_commits_instead_of_pr_sections (test_changelog_summary.FrozenCommunicationTests.test_ai_failure_timeout_or_no_credit_use_commits_instead_of_pr_sections) ... ok
Flutter analyze e test	Verificar contratos e bloqueios da esteira	2026-10-09T02:12:20.3017369Z test_cli_writes_copies_and_does_not_modify_source_report (test_changelog_summary.FrozenCommunicationTests.test_cli_writes_copies_and_does_not_modify_source_report) ... ok
Flutter analyze e test	Verificar contratos e bloqueios da esteira	2026-10-09T02:12:20.3019694Z test_context_from_other_rc_or_changed_commit_interval_is_refused (test_changelog_summary.FrozenCommunicationTests.test_context_from_other_rc_or_changed_commit_interval_is_refused) ... ok
Flutter analyze e test	Verificar contratos e bloqueios da esteira	2026-10-09T02:12:20.3021054Z test_duplicate_sources_or_invalid_url_fail (test_changelog_summary.FrozenCommunicationTests.test_duplicate_sources_or_invalid_url_fail) ... ok
Flutter analyze e test	Verificar contratos e bloqueios da esteira	2026-10-09T02:12:20.3027320Z test_explicit_pr_sections_are_copied_without_technical_section (test_changelog_summary.FrozenCommunicationTests.test_explicit_pr_sections_are_copied_without_technical_section) ... ok
Flutter analyze e test	Verificar contratos e bloqueios da esteira	2026-10-09T02:12:20.3028352Z test_fractional_seconds_do_not_make_late_ai_result_look_early (test_changelog_summary.FrozenCommunicationTests.test_fractional_seconds_do_not_make_late_ai_result_look_early) ... ok
Flutter analyze e test	Verificar contratos e bloqueios da esteira	2026-10-09T02:12:20.3030080Z test_frozen_selection_cannot_be_replaced_without_hash_change (test_changelog_summary.FrozenCommunicationTests.test_frozen_selection_cannot_be_replaced_without_hash_change) ... ok
Flutter analyze e test	Verificar contratos e bloqueios da esteira	2026-10-09T02:12:20.3031137Z test_late_result_is_evidence_only_even_if_it_arrives_during_revision (test_changelog_summary.FrozenCommunicationTests.test_late_result_is_evidence_only_even_if_it_arrives_during_revision) ... ok
Flutter analyze e test	Verificar contratos e bloqueios da esteira	2026-10-09T02:12:20.3060028Z test_legitimate_long_or_control_character_commit_history_never_blocks_freeze (test_changelog_summary.FrozenCommunicationTests.test_legitimate_long_or_control_character_commit_history_never_blocks_freeze) ... ok
Flutter analyze e test	Verificar contratos e bloqueios da esteira	2026-10-09T02:12:20.3066150Z test_long_commit_history_is_bounded_and_links_back_to_full_report (test_changelog_summary.FrozenCommunicationTests.test_long_commit_history_is_bounded_and_links_back_to_full_report) ... ok
Flutter analyze e test	Verificar contratos e bloqueios da esteira	2026-10-09T02:12:20.3068672Z test_missing_timestamp_invalid_sources_or_metadata_are_fallback (test_changelog_summary.FrozenCommunicationTests.test_missing_timestamp_invalid_sources_or_metadata_are_fallback) ... ok
Flutter analyze e test	Verificar contratos e bloqueios da esteira	2026-10-09T02:12:20.3069689Z test_no_context_is_immediate_commit_fallback (test_changelog_summary.FrozenCommunicationTests.test_no_context_is_immediate_commit_fallback) ... ok
Flutter analyze e test	Verificar contratos e bloqueios da esteira	2026-10-09T02:12:20.3070575Z test_old_rc_result_never_attaches_to_new_rc (test_changelog_summary.FrozenCommunicationTests.test_old_rc_result_never_attaches_to_new_rc) ... ok
Flutter analyze e test	Verificar contratos e bloqueios da esteira	2026-10-09T02:12:20.3075172Z test_oversized_pr_sections_fall_back_without_dropping_limitations (test_changelog_summary.FrozenCommunicationTests.test_oversized_pr_sections_fall_back_without_dropping_limitations) ... ok
Flutter analyze e test	Verificar contratos e bloqueios da esteira	2026-10-09T02:12:20.3076269Z test_source_edit_after_collect_does_not_mutate_snapshot (test_changelog_summary.FrozenCommunicationTests.test_source_edit_after_collect_does_not_mutate_snapshot) ... ok
Flutter analyze e test	Verificar contratos e bloqueios da esteira	2026-10-09T02:12:20.3077319Z test_tampered_source_description_fails_hash_verification (test_changelog_summary.FrozenCommunicationTests.test_tampered_source_description_fails_hash_verification) ... ok
Flutter analyze e test	Verificar contratos e bloqueios da esteira	2026-10-09T02:12:20.3078356Z test_technical_title_is_not_rewritten_as_a_product_claim (test_changelog_summary.FrozenCommunicationTests.test_technical_title_is_not_rewritten_as_a_product_claim) ... ok
Flutter analyze e test	Verificar contratos e bloqueios da esteira	2026-10-09T02:12:20.3079382Z test_valid_result_requires_exact_identity_sources_and_provider_metadata (test_changelog_summary.FrozenCommunicationTests.test_valid_result_requires_exact_identity_sources_and_provider_metadata) ... ok
Flutter analyze e test	Verificar contratos e bloqueios da esteira	2026-10-09T02:12:20.3089879Z test_available_context_read_is_bounded_and_linked_to_same_run (test_changelog_summary.OpportunisticArtifactTests.test_available_context_read_is_bounded_and_linked_to_same_run) ... ok
Flutter analyze e test	Verificar contratos e bloqueios da esteira	2026-10-09T02:12:20.3094979Z test_different_run_or_expired_or_oversized_metadata_prevent_download (test_changelog_summary.OpportunisticArtifactTests.test_different_run_or_expired_or_oversized_metadata_prevent_download) ... ok
Flutter analyze e test	Verificar contratos e bloqueios da esteira	2026-10-09T02:12:20.3096056Z test_missing_artifact_never_polls_or_downloads (test_changelog_summary.OpportunisticArtifactTests.test_missing_artifact_never_polls_or_downloads) ... ok
Flutter analyze e test	Verificar contratos e bloqueios da esteira	2026-10-09T02:12:20.3097114Z test_request_cannot_select_another_artifact_or_unbounded_timeout (test_changelog_summary.OpportunisticArtifactTests.test_request_cannot_select_another_artifact_or_unbounded_timeout) ... ok
Flutter analyze e test	Verificar contratos e bloqueios da esteira	2026-10-09T02:12:20.3098097Z test_timeout_is_fallback_not_delivery_exception (test_changelog_summary.OpportunisticArtifactTests.test_timeout_is_fallback_not_delivery_exception) ... ok
Flutter analyze e test	Verificar contratos e bloqueios da esteira	2026-10-09T02:12:20.3111304Z test_traversal_duplicate_context_or_zip_bomb_are_refused_without_extracting (test_changelog_summary.OpportunisticArtifactTests.test_traversal_duplicate_context_or_zip_bomb_are_refused_without_extracting) ... ok
Flutter analyze e test	Verificar contratos e bloqueios da esteira	2026-10-09T02:12:20.3114077Z test_api_timeout_preserves_commits_without_retaining_token_stderr (test_changelog_summary.OptionalCollectionTests.test_api_timeout_preserves_commits_without_retaining_token_stderr) ... ok
Flutter analyze e test	Verificar contratos e bloqueios da esteira	2026-10-09T02:12:20.3125196Z test_cli_collector_writes_context_without_touching_candidate (test_changelog_summary.OptionalCollectionTests.test_cli_collector_writes_context_without_touching_candidate) ... ok
Flutter analyze e test	Verificar contratos e bloqueios da esteira	2026-10-09T02:12:20.3129023Z test_collector_enforces_total_budget_without_waiting_for_other_commits (test_changelog_summary.OptionalCollectionTests.test_collector_enforces_total_budget_without_waiting_for_other_commits) ... ok
Flutter analyze e test	Verificar contratos e bloqueios da esteira	2026-10-09T02:12:20.3131817Z test_collects_only_merged_pr_in_exact_commit_interval (test_changelog_summary.OptionalCollectionTests.test_collects_only_merged_pr_in_exact_commit_interval) ... ok
Flutter analyze e test	Verificar contratos e bloqueios da esteira	2026-10-09T02:12:20.3138911Z test_existing_capture_never_overwritten (test_collect_evidence.CollectorTests.test_existing_capture_never_overwritten) ... ok
Flutter analyze e test	Verificar contratos e bloqueios da esteira	2026-10-09T02:12:20.3145353Z test_log_error_keeps_bytes_and_marks_partial (test_collect_evidence.CollectorTests.test_log_error_keeps_bytes_and_marks_partial) ... ok
Flutter analyze e test	Verificar contratos e bloqueios da esteira	2026-10-09T02:12:20.3151303Z test_original_failure_and_ansi_preserved_without_claiming_scenario_pass (test_collect_evidence.CollectorTests.test_original_failure_and_ansi_preserved_without_claiming_scenario_pass) ... ok
Flutter analyze e test	Verificar contratos e bloqueios da esteira	2026-10-09T02:12:20.3152752Z test_other_repository_or_non_numeric_run_refused_before_io (test_collect_evidence.CollectorTests.test_other_repository_or_non_numeric_run_refused_before_io) ... ok
Flutter analyze e test	Verificar contratos e bloqueios da esteira	2026-10-09T02:12:20.3157837Z test_pending_job_not_queried_for_unavailable_log (test_collect_evidence.CollectorTests.test_pending_job_not_queried_for_unavailable_log) ... ok
Flutter analyze e test	Verificar contratos e bloqueios da esteira	2026-10-09T02:12:20.3186940Z test_admin_bypass_divergence_remains_blocked_without_overwriting (test_configure_release_lab.ConfigureIdempotenceTests.test_admin_bypass_divergence_remains_blocked_without_overwriting) ... ok
Flutter analyze e test	Verificar contratos e bloqueios da esteira	2026-10-09T02:12:20.3206865Z test_real_required_review_count_divergence_remains_blocked_without_overwriting (test_configure_release_lab.ConfigureIdempotenceTests.test_real_required_review_count_divergence_remains_blocked_without_overwriting) ... ok
Flutter analyze e test	Verificar contratos e bloqueios da esteira	2026-10-09T02:12:20.3228485Z test_repeated_configuration_accepts_safe_github_defaults_without_creating_more_rulesets (test_configure_release_lab.ConfigureIdempotenceTests.test_repeated_configuration_accepts_safe_github_defaults_without_creating_more_rulesets) ... ok
Flutter analyze e test	Verificar contratos e bloqueios da esteira	2026-10-09T02:12:20.3248147Z test_unexpected_required_reviewer_defaults_are_not_silently_ignored (test_configure_release_lab.ConfigureIdempotenceTests.test_unexpected_required_reviewer_defaults_are_not_silently_ignored) ... ok
Flutter analyze e test	Verificar contratos e bloqueios da esteira	2026-10-09T02:12:20.3267621Z test_unsafe_extra_approval_default_is_not_treated_as_safe_normalization (test_configure_release_lab.ConfigureIdempotenceTests.test_unsafe_extra_approval_default_is_not_treated_as_safe_normalization) ... ok
Flutter analyze e test	Verificar contratos e bloqueios da esteira	2026-10-09T02:12:20.5136362Z test_creates_one_verified_object_and_ref_with_owner_audit_without_state_writes (test_create_lab_tag.CreateLabTagTests.test_creates_one_verified_object_and_ref_with_owner_audit_without_state_writes) ... ok
Flutter analyze e test	Verificar contratos e bloqueios da esteira	2026-10-09T02:12:20.7122187Z test_existing_exact_tag_is_read_only_idempotent (test_create_lab_tag.CreateLabTagTests.test_existing_exact_tag_is_read_only_idempotent) ... ok
Flutter analyze e test	Verificar contratos e bloqueios da esteira	2026-10-09T02:12:20.9134788Z test_existing_wrong_tag_is_never_replaced (test_create_lab_tag.CreateLabTagTests.test_existing_wrong_tag_is_never_replaced) ... ok
Flutter analyze e test	Verificar contratos e bloqueios da esteira	2026-10-09T02:12:21.1233319Z test_lost_ref_reply_manual_get_confirms_existing_tag_without_another_post (test_create_lab_tag.CreateLabTagTests.test_lost_ref_reply_manual_get_confirms_existing_tag_without_another_post) ... ok
Flutter analyze e test	Verificar contratos e bloqueios da esteira	2026-10-09T02:12:21.3127728Z test_lost_tag_object_reply_preserves_uncertainty_without_creating_ref_or_retry (test_create_lab_tag.CreateLabTagTests.test_lost_tag_object_reply_preserves_uncertainty_without_creating_ref_or_retry) ... ok
Flutter analyze e test	Verificar contratos e bloqueios da esteira	2026-10-09T02:12:21.4979942Z test_spec_cannot_substitute_another_manifest_hash (test_create_lab_tag.CreateLabTagTests.test_spec_cannot_substitute_another_manifest_hash) ... ok
Flutter analyze e test	Verificar contratos e bloqueios da esteira	2026-10-09T02:12:21.7105990Z test_tampered_source_message_ref_identity_and_extra_field_never_mutate (test_create_lab_tag.CreateLabTagTests.test_tampered_source_message_ref_identity_and_extra_field_never_mutate) ... ok
Flutter analyze e test	Verificar contratos e bloqueios da esteira	2026-10-09T02:12:21.8935504Z test_unprotected_namespace_blocks_before_any_post (test_create_lab_tag.CreateLabTagTests.test_unprotected_namespace_blocks_before_any_post) ... ok
Flutter analyze e test	Verificar contratos e bloqueios da esteira	2026-10-09T02:12:22.0773296Z test_user_api_error_is_sanitized_and_never_echoes_cli_stderr (test_create_lab_tag.CreateLabTagTests.test_user_api_error_is_sanitized_and_never_echoes_cli_stderr) ... ok
Flutter analyze e test	Verificar contratos e bloqueios da esteira	2026-10-09T02:12:22.2541151Z test_wrong_owner_login_or_id_and_actions_identity_are_rejected (test_create_lab_tag.CreateLabTagTests.test_wrong_owner_login_or_id_and_actions_identity_are_rejected) ... ok
Flutter analyze e test	Verificar contratos e bloqueios da esteira	2026-10-09T02:12:22.4429043Z test_wrong_tag_object_reply_blocks_ref_and_keeps_uncertain_checkpoint (test_create_lab_tag.CreateLabTagTests.test_wrong_tag_object_reply_blocks_ref_and_keeps_uncertain_checkpoint) ... ok
Flutter analyze e test	Verificar contratos e bloqueios da esteira	2026-10-09T02:12:22.4442021Z test_legacy_signature_and_first_baseline_remain_supported (test_github_candidate.CandidateTests.test_legacy_signature_and_first_baseline_remain_supported) ... ok
Flutter analyze e test	Verificar contratos e bloqueios da esteira	2026-10-09T02:12:22.4444443Z test_missing_baseline_and_invalid_delivery_reject_without_remote_access (test_github_candidate.CandidateTests.test_missing_baseline_and_invalid_delivery_reject_without_remote_access) ... ok
Flutter analyze e test	Verificar contratos e bloqueios da esteira	2026-10-09T02:12:22.4467764Z test_namespace_rules_are_required_before_any_mutation (test_github_candidate.CandidateTests.test_namespace_rules_are_required_before_any_mutation) ... ok
Flutter analyze e test	Verificar contratos e bloqueios da esteira	2026-10-09T02:12:22.4473539Z test_neutral_rc_and_release_branch_bind_exact_snapshot (test_github_candidate.CandidateTests.test_neutral_rc_and_release_branch_bind_exact_snapshot) ... ok
Flutter analyze e test	Verificar contratos e bloqueios da esteira	2026-10-09T02:12:22.4478946Z test_open_candidate_blocks_new_rc_without_mutations (test_github_candidate.CandidateTests.test_open_candidate_blocks_new_rc_without_mutations) ... ok
Flutter analyze e test	Verificar contratos e bloqueios da esteira	2026-10-09T02:12:22.4487574Z test_rc2_fixes_release_without_using_new_main_or_rc1_as_baseline (test_github_candidate.CandidateTests.test_rc2_fixes_release_without_using_new_main_or_rc1_as_baseline) ... ok
Flutter analyze e test	Verificar contratos e bloqueios da esteira	2026-10-09T02:12:22.4491039Z test_unrelated_release_snapshot_cannot_force_push (test_github_candidate.CandidateTests.test_unrelated_release_snapshot_cannot_force_push) ... ok
Flutter analyze e test	Verificar contratos e bloqueios da esteira	2026-10-09T02:12:22.4493105Z test_adds_neutral_rule_without_replacing_legacy_or_weakening_two_reviews (test_github_candidate.ConfigureTests.test_adds_neutral_rule_without_replacing_legacy_or_weakening_two_reviews) ... ok
Flutter analyze e test	Verificar contratos e bloqueios da esteira	2026-10-09T02:12:22.4495004Z test_conflicting_existing_rule_causes_no_mutations (test_github_candidate.ConfigureTests.test_conflicting_existing_rule_causes_no_mutations) ... ok
Flutter analyze e test	Verificar contratos e bloqueios da esteira	2026-10-09T02:12:22.4500479Z test_delivery_identity_mismatch_rejects_before_tag_read (test_github_candidate.InspectTests.test_delivery_identity_mismatch_rejects_before_tag_read) ... ok
Flutter analyze e test	Verificar contratos e bloqueios da esteira	2026-10-09T02:12:22.4505441Z test_neutral_manifest_preserves_real_review_gate_and_fixed_snapshot (test_github_candidate.InspectTests.test_neutral_manifest_preserves_real_review_gate_and_fixed_snapshot) ... ok
Flutter analyze e test	Verificar contratos e bloqueios da esteira	2026-10-09T02:12:22.4509309Z test_original_snapshot_cannot_replace_corrected_snapshot (test_github_candidate.InspectTests.test_original_snapshot_cannot_replace_corrected_snapshot) ... ok
Flutter analyze e test	Verificar contratos e bloqueios da esteira	2026-10-09T02:12:22.4512451Z test_old_rc_cannot_publish_after_newer_tag_exists (test_github_candidate.RealApprovalBoundaryTests.test_old_rc_cannot_publish_after_newer_tag_exists) ... ok
Flutter analyze e test	Verificar contratos e bloqueios da esteira	2026-10-09T02:12:22.4520454Z test_rc_created_during_asset_upload_leaves_release_in_draft (test_github_candidate.RealApprovalBoundaryTests.test_rc_created_during_asset_upload_leaves_release_in_draft) ... ok
Flutter analyze e test	Verificar contratos e bloqueios da esteira	2026-10-09T02:12:22.4521239Z test_simulated_required_names_do_not_count_as_real_reviews (test_github_candidate.RealApprovalBoundaryTests.test_simulated_required_names_do_not_count_as_real_reviews) ... ok
Flutter analyze e test	Verificar contratos e bloqueios da esteira	2026-10-09T02:12:22.4522042Z test_two_reviews_only_release_the_manual_command (test_github_candidate.RealApprovalBoundaryTests.test_two_reviews_only_release_the_manual_command) ... ok
Flutter analyze e test	Verificar contratos e bloqueios da esteira	2026-10-09T02:12:22.6742817Z test_asset_id_drift_after_effect_prevents_success_confirmation (test_github_lab_promote.GitHubLabPromoteTests.test_asset_id_drift_after_effect_prevents_success_confirmation) ... ok
Flutter analyze e test	Verificar contratos e bloqueios da esteira	2026-10-09T02:12:23.0229869Z test_asset_id_replaced_before_patch_fails_even_with_identical_digest (test_github_lab_promote.GitHubLabPromoteTests.test_asset_id_replaced_before_patch_fails_even_with_identical_digest) ... ok
Flutter analyze e test	Verificar contratos e bloqueios da esteira	2026-10-09T02:12:23.2791281Z test_comment_identity_and_dates_cannot_claim_other_issue (test_github_lab_promote.GitHubLabPromoteTests.test_comment_identity_and_dates_cannot_claim_other_issue) ... ok
Flutter analyze e test	Verificar contratos e bloqueios da esteira	2026-10-09T02:12:23.5213705Z test_comment_pagination_limit_duplicate_ids_and_invalid_ids_fail_closed (test_github_lab_promote.GitHubLabPromoteTests.test_comment_pagination_limit_duplicate_ids_and_invalid_ids_fail_closed) ... ok
Flutter analyze e test	Verificar contratos e bloqueios da esteira	2026-10-09T02:12:23.7426501Z test_deleted_selected_approval_is_not_accepted (test_github_lab_promote.GitHubLabPromoteTests.test_deleted_selected_approval_is_not_accepted) ... ok
Flutter analyze e test	Verificar contratos e bloqueios da esteira	2026-10-09T02:12:23.9635404Z test_edited_latest_command_invalidates_earlier_approval (test_github_lab_promote.GitHubLabPromoteTests.test_edited_latest_command_invalidates_earlier_approval) ... ok
Flutter analyze e test	Verificar contratos e bloqueios da esteira	2026-10-09T02:12:24.1897455Z test_harmless_download_count_changes_do_not_block_promotion (test_github_lab_promote.GitHubLabPromoteTests.test_harmless_download_count_changes_do_not_block_promotion) ... ok
Flutter analyze e test	Verificar contratos e bloqueios da esteira	2026-10-09T02:12:24.4675296Z test_issue_must_be_open_owner_assigned_exact_record_and_not_a_pr (test_github_lab_promote.GitHubLabPromoteTests.test_issue_must_be_open_owner_assigned_exact_record_and_not_a_pr) ... ok
Flutter analyze e test	Verificar contratos e bloqueios da esteira	2026-10-09T02:12:24.7685294Z test_latest_owner_decisive_comment_wins_by_id (test_github_lab_promote.GitHubLabPromoteTests.test_latest_owner_decisive_comment_wins_by_id) ... ok
Flutter analyze e test	Verificar contratos e bloqueios da esteira	2026-10-09T02:12:25.0095385Z test_missing_draft_changed_release_tag_or_asset_is_blocked (test_github_lab_promote.GitHubLabPromoteTests.test_missing_draft_changed_release_tag_or_asset_is_blocked) ... ok
Flutter analyze e test	Verificar contratos e bloqueios da esteira	2026-10-09T02:12:25.9016239Z test_newer_edited_owner_comment_cannot_resurrect_older_approval (test_github_lab_promote.GitHubLabPromoteTests.test_newer_edited_owner_comment_cannot_resurrect_older_approval) ... ok
Flutter analyze e test	Verificar contratos e bloqueios da esteira	2026-10-09T02:12:27.3822405Z test_old_owner_comment_edited_after_approval_requires_new_decision (test_github_lab_promote.GitHubLabPromoteTests.test_old_owner_comment_edited_after_approval_requires_new_decision) ... ok
Flutter analyze e test	Verificar contratos e bloqueios da esteira	2026-10-09T02:12:27.6155546Z test_only_exact_owner_user_command_without_simulation_counts (test_github_lab_promote.GitHubLabPromoteTests.test_only_exact_owner_user_command_without_simulation_counts) ... ok
Flutter analyze e test	Verificar contratos e bloqueios da esteira	2026-10-09T02:12:27.8338252Z test_owner_workflow_branch_and_actor_numeric_id_required (test_github_lab_promote.GitHubLabPromoteTests.test_owner_workflow_branch_and_actor_numeric_id_required) ... ok
Flutter analyze e test	Verificar contratos e bloqueios da esteira	2026-10-09T02:12:28.0903097Z test_plan_after_revocation_reports_stable_history_without_rewriting (test_github_lab_promote.GitHubLabPromoteTests.test_plan_after_revocation_reports_stable_history_without_rewriting) ... ok
Flutter analyze e test	Verificar contratos e bloqueios da esteira	2026-10-09T02:12:28.3021000Z test_plan_without_approval_is_read_only_and_awaits_real_issue_review (test_github_lab_promote.GitHubLabPromoteTests.test_plan_without_approval_is_read_only_and_awaits_real_issue_review) ... ok
Flutter analyze e test	Verificar contratos e bloqueios da esteira	2026-10-09T02:12:28.5303634Z test_promotion_preserves_same_id_tag_source_asset_ids_and_bytes (test_github_lab_promote.GitHubLabPromoteTests.test_promotion_preserves_same_id_tag_source_asset_ids_and_bytes) ... ok
Flutter analyze e test	Verificar contratos e bloqueios da esteira	2026-10-09T02:12:28.7765513Z test_repeat_after_promotion_verifies_same_receipt_without_remote_writes (test_github_lab_promote.GitHubLabPromoteTests.test_repeat_after_promotion_verifies_same_receipt_without_remote_writes) ... ok
Flutter analyze e test	Verificar contratos e bloqueios da esteira	2026-10-09T02:12:29.0194900Z test_review_revoke_or_issue_edit_during_recheck_blocks_only_patch (test_github_lab_promote.GitHubLabPromoteTests.test_review_revoke_or_issue_edit_during_recheck_blocks_only_patch) ... ok
Flutter analyze e test	Verificar contratos e bloqueios da esteira	2026-10-09T02:12:29.2651060Z test_revoked_candidate_during_recheck_blocks_promotion (test_github_lab_promote.GitHubLabPromoteTests.test_revoked_candidate_during_recheck_blocks_promotion) ... ok
Flutter analyze e test	Verificar contratos e bloqueios da esteira	2026-10-09T02:12:29.5161430Z test_uncertain_promotion_reply_recovers_on_next_manual_run_without_retry (test_github_lab_promote.GitHubLabPromoteTests.test_uncertain_promotion_reply_recovers_on_next_manual_run_without_retry) ... ok
Flutter analyze e test	Verificar contratos e bloqueios da esteira	2026-10-09T02:12:29.7287487Z test_wrong_manifest_hash_never_promotes (test_github_lab_promote.GitHubLabPromoteTests.test_wrong_manifest_hash_never_promotes) ... ok
Flutter analyze e test	Verificar contratos e bloqueios da esteira	2026-10-09T02:12:29.9278891Z test_ambiguous_upload_is_not_retried_and_manual_run_recovers_same_draft (test_github_lab_release.GitHubLabReleaseTests.test_ambiguous_upload_is_not_retried_and_manual_run_recovers_same_draft) ... ok
Flutter analyze e test	Verificar contratos e bloqueios da esteira	2026-10-09T02:12:30.1299782Z test_lost_publication_reply_preserves_checkpoint_then_manual_read_confirms (test_github_lab_release.GitHubLabReleaseTests.test_lost_publication_reply_preserves_checkpoint_then_manual_read_confirms) ... ok
Flutter analyze e test	Verificar contratos e bloqueios da esteira	2026-10-09T02:12:30.3180379Z test_owner_repository_main_workflow_and_triggering_identity_gates (test_github_lab_release.GitHubLabReleaseTests.test_owner_repository_main_workflow_and_triggering_identity_gates) ... ok
Flutter analyze e test	Verificar contratos e bloqueios da esteira	2026-10-09T02:12:30.4976952Z test_plan_has_no_effects_or_database_assets_and_labels_two_simulated_zero_real (test_github_lab_release.GitHubLabReleaseTests.test_plan_has_no_effects_or_database_assets_and_labels_two_simulated_zero_real) ... ok
Flutter analyze e test	Verificar contratos e bloqueios da esteira	2026-10-09T02:12:30.7091074Z test_publish_draft_uploads_confirmed_assets_then_records_prerelease (test_github_lab_release.GitHubLabReleaseTests.test_publish_draft_uploads_confirmed_assets_then_records_prerelease) ... ok
Flutter analyze e test	Verificar contratos e bloqueios da esteira	2026-10-09T02:12:30.9278462Z test_publish_requires_existing_owner_tag_and_existing_protection (test_github_lab_release.GitHubLabReleaseTests.test_publish_requires_existing_owner_tag_and_existing_protection) ... ok
Flutter analyze e test	Verificar contratos e bloqueios da esteira	2026-10-09T02:12:31.1775189Z test_published_matching_identity_is_read_only_idempotent_across_runs (test_github_lab_release.GitHubLabReleaseTests.test_published_matching_identity_is_read_only_idempotent_across_runs) ... ok
Flutter analyze e test	Verificar contratos e bloqueios da esteira	2026-10-09T02:12:32.1521382Z test_real_gh_stdin_upload_requires_explicit_byte_length_and_preserves_bytes (test_github_lab_release.GitHubLabReleaseTests.test_real_gh_stdin_upload_requires_explicit_byte_length_and_preserves_bytes) ... ok
Flutter analyze e test	Verificar contratos e bloqueios da esteira	2026-10-09T02:12:32.3989475Z test_revocation_during_upload_keeps_draft_unpublished (test_github_lab_release.GitHubLabReleaseTests.test_revocation_during_upload_keeps_draft_unpublished) ... ok
Flutter analyze e test	Verificar contratos e bloqueios da esteira	2026-10-09T02:12:32.5849212Z test_unsafe_zip_or_wrong_zip_bytes_are_rejected_before_release_creation (test_github_lab_release.GitHubLabReleaseTests.test_unsafe_zip_or_wrong_zip_bytes_are_rejected_before_release_creation) ... ok
Flutter analyze e test	Verificar contratos e bloqueios da esteira	2026-10-09T02:12:32.7608203Z test_upload_uses_absolute_github_uploads_url_and_sanitizes_cli_errors (test_github_lab_release.GitHubLabReleaseTests.test_upload_uses_absolute_github_uploads_url_and_sanitizes_cli_errors) ... ok
Flutter analyze e test	Verificar contratos e bloqueios da esteira	2026-10-09T02:12:32.9821116Z test_wrong_existing_draft_asset_fails_without_overwrite_or_delete (test_github_lab_release.GitHubLabReleaseTests.test_wrong_existing_draft_asset_fails_without_overwrite_or_delete) ... ok
Flutter analyze e test	Verificar contratos e bloqueios da esteira	2026-10-09T02:12:33.2004068Z test_wrong_manifest_hash_source_tree_and_missing_simulated_approval_fail (test_github_lab_release.GitHubLabReleaseTests.test_wrong_manifest_hash_source_tree_and_missing_simulated_approval_fail) ... ok
Flutter analyze e test	Verificar contratos e bloqueios da esteira	2026-10-09T02:12:33.4040226Z test_wrong_tag_source_or_annotation_is_never_overwritten (test_github_lab_release.GitHubLabReleaseTests.test_wrong_tag_source_or_annotation_is_never_overwritten) ... ok
Flutter analyze e test	Verificar contratos e bloqueios da esteira	2026-10-09T02:12:33.7195947Z test_abandon_refuses_confirmed_or_unknown_effect_in_same_provider (test_lab_engine.LaboratoryTests.test_abandon_refuses_confirmed_or_unknown_effect_in_same_provider) ... ok
Flutter analyze e test	Verificar contratos e bloqueios da esteira	2026-10-09T02:12:33.9996493Z test_audit_history_and_manifests_are_immutable_and_seed_cannot_reset_production (test_lab_engine.LaboratoryTests.test_audit_history_and_manifests_are_immutable_and_seed_cannot_reset_production) ... ok
Flutter analyze e test	Verificar contratos e bloqueios da esteira	2026-10-09T02:12:34.2283993Z test_concurrent_preparations_leave_exactly_one_active_candidate (test_lab_engine.LaboratoryTests.test_concurrent_preparations_leave_exactly_one_active_candidate) ... ok
Flutter analyze e test	Verificar contratos e bloqueios da esteira	2026-10-09T02:12:34.6559762Z test_failure_after_effect_but_before_receipt_record_is_reconciled (test_lab_engine.LaboratoryTests.test_failure_after_effect_but_before_receipt_record_is_reconciled) ... ok
Flutter analyze e test	Verificar contratos e bloqueios da esteira	2026-10-09T02:12:34.9205054Z test_final_command_does_not_follow_advanced_branch_and_is_repeatable (test_lab_engine.LaboratoryTests.test_final_command_does_not_follow_advanced_branch_and_is_repeatable) ... ok
Flutter analyze e test	Verificar contratos e bloqueios da esteira	2026-10-09T02:12:35.2610146Z test_missing_base_evidence_and_native_change_block_publication (test_lab_engine.LaboratoryTests.test_missing_base_evidence_and_native_change_block_publication) ... ok
Flutter analyze e test	Verificar contratos e bloqueios da esteira	2026-10-09T02:12:35.5537742Z test_provider_warning_blocks_and_never_falls_back_to_store (test_lab_engine.LaboratoryTests.test_provider_warning_blocks_and_never_falls_back_to_store) ... ok
Flutter analyze e test	Verificar contratos e bloqueios da esteira	2026-10-09T02:12:36.0370511Z test_queue_revisions_replace_queued_rc_and_old_production_requires_new_rc (test_lab_engine.LaboratoryTests.test_queue_revisions_replace_queued_rc_and_old_production_requires_new_rc) ... ok
Flutter analyze e test	Verificar contratos e bloqueios da esteira	2026-10-09T02:12:36.2584044Z test_recovery_cannot_switch_provider_to_claim_no_effects_or_repeat (test_lab_engine.LaboratoryTests.test_recovery_cannot_switch_provider_to_claim_no_effects_or_repeat) ... ok
Flutter analyze e test	Verificar contratos e bloqueios da esteira	2026-10-09T02:12:36.5541094Z test_reopened_database_preserves_roles_gate_and_explicit_final_command (test_lab_engine.LaboratoryTests.test_reopened_database_preserves_roles_gate_and_explicit_final_command) ... ok
Flutter analyze e test	Verificar contratos e bloqueios da esteira	2026-10-09T02:12:36.6971538Z test_request_ids_are_idempotent_and_payload_bound (test_lab_engine.LaboratoryTests.test_request_ids_are_idempotent_and_payload_bound) ... ok
Flutter analyze e test	Verificar contratos e bloqueios da esteira	2026-10-09T02:12:36.9431459Z test_revision_invalidates_old_hash_and_zeroes_approvals (test_lab_engine.LaboratoryTests.test_revision_invalidates_old_hash_and_zeroes_approvals) ... ok
Flutter analyze e test	Verificar contratos e bloqueios da esteira	2026-10-09T02:12:37.2442641Z test_source_older_than_confirmed_production_is_rejected (test_lab_engine.LaboratoryTests.test_source_older_than_confirmed_production_is_rejected) ... ok
Flutter analyze e test	Verificar contratos e bloqueios da esteira	2026-10-09T02:12:37.4462563Z test_tampered_preview_wrong_identity_and_destination_reduction_block (test_lab_engine.LaboratoryTests.test_tampered_preview_wrong_identity_and_destination_reduction_block) ... ok
Flutter analyze e test	Verificar contratos e bloqueios da esteira	2026-10-09T02:12:38.4662222Z test_timeout_requires_lookup_before_resume_and_does_not_duplicate (test_lab_engine.LaboratoryTests.test_timeout_requires_lookup_before_resume_and_does_not_duplicate) ... ok
Flutter analyze e test	Verificar contratos e bloqueios da esteira	2026-10-09T02:12:38.8170164Z test_two_publishers_cannot_run_and_revocation_stops_remaining_destinations (test_lab_engine.LaboratoryTests.test_two_publishers_cannot_run_and_revocation_stops_remaining_destinations) ... ok
Flutter analyze e test	Verificar contratos e bloqueios da esteira	2026-10-09T02:12:39.1310502Z test_urgency_is_blocked_until_partial_result_is_reconciled (test_lab_engine.LaboratoryTests.test_urgency_is_blocked_until_partial_result_is_reconciled) ... ok
Flutter analyze e test	Verificar contratos e bloqueios da esteira	2026-10-09T02:12:39.5570526Z test_urgent_fix_excludes_main_features_then_reintegration_gets_new_approvals (test_lab_engine.LaboratoryTests.test_urgent_fix_excludes_main_features_then_reintegration_gets_new_approvals) ... ok
Flutter analyze e test	Verificar contratos e bloqueios da esteira	2026-10-09T02:12:39.5589529Z test_android_packages_exact_snapshot_and_records_no_distribution_or_patch (test_mobile_build.MobileBuildTests.test_android_packages_exact_snapshot_and_records_no_distribution_or_patch) ... ok
Flutter analyze e test	Verificar contratos e bloqueios da esteira	2026-10-09T02:12:39.5600392Z test_build_cannot_package_artifact_left_by_prior_attempt (test_mobile_build.MobileBuildTests.test_build_cannot_package_artifact_left_by_prior_attempt) ... ok
Flutter analyze e test	Verificar contratos e bloqueios da esteira	2026-10-09T02:12:39.5601951Z test_build_flags_are_fixed_and_defines_are_arguments_without_shell (test_mobile_build.MobileBuildTests.test_build_flags_are_fixed_and_defines_are_arguments_without_shell) ... ok
Flutter analyze e test	Verificar contratos e bloqueios da esteira	2026-10-09T02:12:39.5608469Z test_bundle_cannot_reference_files_outside_itself (test_mobile_build.MobileBuildTests.test_bundle_cannot_reference_files_outside_itself) ... ok
Flutter analyze e test	Verificar contratos e bloqueios da esteira	2026-10-09T02:12:39.5615620Z test_compiler_error_produces_no_metadata (test_mobile_build.MobileBuildTests.test_compiler_error_produces_no_metadata) ... ok
Flutter analyze e test	Verificar contratos e bloqueios da esteira	2026-10-09T02:12:39.5620513Z test_ios_linux_runner_is_rejected (test_mobile_build.MobileBuildTests.test_ios_linux_runner_is_rejected) ... ok
Flutter analyze e test	Verificar contratos e bloqueios da esteira	2026-10-09T02:12:39.5641443Z test_ios_without_codesign_packages_xcarchive_and_does_not_claim_ipa (test_mobile_build.MobileBuildTests.test_ios_without_codesign_packages_xcarchive_and_does_not_claim_ipa) ... ok
Flutter analyze e test	Verificar contratos e bloqueios da esteira	2026-10-09T02:12:39.5646642Z test_mutable_ref_and_wrong_checkout_never_start_compiler (test_mobile_build.MobileBuildTests.test_mutable_ref_and_wrong_checkout_never_start_compiler) ... ok
Flutter analyze e test	Verificar contratos e bloqueios da esteira	2026-10-09T02:12:39.5650653Z test_tools_checkout_must_match_the_caller_commit (test_mobile_build.MobileBuildTests.test_tools_checkout_must_match_the_caller_commit) ... ok
Flutter analyze e test	Verificar contratos e bloqueios da esteira	2026-10-09T02:12:39.5661670Z test_tracked_change_during_build_invalidates_result (test_mobile_build.MobileBuildTests.test_tracked_change_during_build_invalidates_result) ... ok
Flutter analyze e test	Verificar contratos e bloqueios da esteira	2026-10-09T02:12:39.5673275Z test_wrong_sdk_version_or_revision_blocks_build (test_mobile_build.MobileBuildTests.test_wrong_sdk_version_or_revision_blocks_build) ... ok
Flutter analyze e test	Verificar contratos e bloqueios da esteira	2026-10-09T02:12:39.6110047Z test_delivery_is_visible_separately_from_app_metadata (test_pages_preview.PagesPreviewTests.test_delivery_is_visible_separately_from_app_metadata) ... ok
Flutter analyze e test	Verificar contratos e bloqueios da esteira	2026-10-09T02:12:39.6627408Z test_existing_bytes_cannot_be_replaced (test_pages_preview.PagesPreviewTests.test_existing_bytes_cannot_be_replaced) ... ok
Flutter analyze e test	Verificar contratos e bloqueios da esteira	2026-10-09T02:12:39.7166232Z test_existing_snapshot_reuses_bytes_without_rebuilding (test_pages_preview.PagesPreviewTests.test_existing_snapshot_reuses_bytes_without_rebuilding) ... ok
Flutter analyze e test	Verificar contratos e bloqueios da esteira	2026-10-09T02:12:39.7686696Z test_export_excludes_git_and_blocks_state (test_pages_preview.PagesPreviewTests.test_export_excludes_git_and_blocks_state) ... ok
Flutter analyze e test	Verificar contratos e bloqueios da esteira	2026-10-09T02:12:39.8115657Z test_flutter_build_marker_is_not_published (test_pages_preview.PagesPreviewTests.test_flutter_build_marker_is_not_published) ... ok
Flutter analyze e test	Verificar contratos e bloqueios da esteira	2026-10-09T02:12:39.8590335Z test_frozen_candidate_must_identify_the_same_source_and_tag (test_pages_preview.PagesPreviewTests.test_frozen_candidate_must_identify_the_same_source_and_tag) ... ok
Flutter analyze e test	Verificar contratos e bloqueios da esteira	2026-10-09T02:12:39.8844884Z test_invalid_delivery_tag_is_rejected_before_build (test_pages_preview.PagesPreviewTests.test_invalid_delivery_tag_is_rejected_before_build) ... ok
Flutter analyze e test	Verificar contratos e bloqueios da esteira	2026-10-09T02:12:39.9146000Z test_mutable_checkout_and_unknown_sha_are_rejected (test_pages_preview.PagesPreviewTests.test_mutable_checkout_and_unknown_sha_are_rejected) ... ok
Flutter analyze e test	Verificar contratos e bloqueios da esteira	2026-10-09T02:12:40.0047439Z test_new_snapshot_retains_previous_and_updates_root (test_pages_preview.PagesPreviewTests.test_new_snapshot_retains_previous_and_updates_root) ... ok
Flutter analyze e test	Verificar contratos e bloqueios da esteira	2026-10-09T02:12:40.0827187Z test_other_hidden_files_are_still_rejected (test_pages_preview.PagesPreviewTests.test_other_hidden_files_are_still_rejected) ... ok
Flutter analyze e test	Verificar contratos e bloqueios da esteira	2026-10-09T02:12:40.1393594Z test_same_sha_in_another_candidate_preserves_original_snapshot_identity (test_pages_preview.PagesPreviewTests.test_same_sha_in_another_candidate_preserves_original_snapshot_identity) ... ok
Flutter analyze e test	Verificar contratos e bloqueios da esteira	2026-10-09T02:12:40.2049268Z test_site_rejects_links_and_banks_hidden_as_assets (test_pages_preview.PagesPreviewTests.test_site_rejects_links_and_banks_hidden_as_assets) ... ok
Flutter analyze e test	Verificar contratos e bloqueios da esteira	2026-10-09T02:12:40.2509745Z test_snapshot_metadata_matches_code_and_preserves_ci_identity (test_pages_preview.PagesPreviewTests.test_snapshot_metadata_matches_code_and_preserves_ci_identity) ... ok
Flutter analyze e test	Verificar contratos e bloqueios da esteira	2026-10-09T02:12:40.2515001Z test_base_href_and_bootstrap_reference_are_checked_beyond_hashes (test_pages_smoke.PagesSmokeTests.test_base_href_and_bootstrap_reference_are_checked_beyond_hashes) ... ok
Flutter analyze e test	Verificar contratos e bloqueios da esteira	2026-10-09T02:12:40.2517501Z test_confirms_snapshot_and_attests_full_map_without_downloading_engine (test_pages_smoke.PagesSmokeTests.test_confirms_snapshot_and_attests_full_map_without_downloading_engine) ... ok
Flutter analyze e test	Verificar contratos e bloqueios da esteira	2026-10-09T02:12:40.2521541Z test_delivery_label_must_match_declared_metadata (test_pages_smoke.PagesSmokeTests.test_delivery_label_must_match_declared_metadata) ... ok
Flutter analyze e test	Verificar contratos e bloqueios da esteira	2026-10-09T02:12:40.2541469Z test_http_only_retries_selected_statuses_and_refuses_redirects (test_pages_smoke.PagesSmokeTests.test_http_only_retries_selected_statuses_and_refuses_redirects) ... ok
Flutter analyze e test	Verificar contratos e bloqueios da esteira	2026-10-09T02:12:40.2543326Z test_map_hash_must_match_trusted_build_even_if_metadata_claims_it_does (test_pages_smoke.PagesSmokeTests.test_map_hash_must_match_trusted_build_even_if_metadata_claims_it_does) ... ok
Flutter analyze e test	Verificar contratos e bloqueios da esteira	2026-10-09T02:12:40.2544647Z test_metadata_tampering_with_recomputed_manifest_keeps_web_hash_but_is_rejected (test_pages_smoke.PagesSmokeTests.test_metadata_tampering_with_recomputed_manifest_keeps_web_hash_but_is_rejected) ... ok
Flutter analyze e test	Verificar contratos e bloqueios da esteira	2026-10-09T02:12:40.2545926Z test_retries_propagation_and_stops_at_190_seconds (test_pages_smoke.PagesSmokeTests.test_retries_propagation_and_stops_at_190_seconds) ... Aguardando propagação Pages: HTTP 404
Flutter analyze e test	Verificar contratos e bloqueios da esteira	2026-10-09T02:12:40.2546349Z Aguardando propagação Pages: HTTP 404
Flutter analyze e test	Verificar contratos e bloqueios da esteira	2026-10-09T02:12:40.2546836Z Aguardando propagação Pages: HTTP 503
Flutter analyze e test	Verificar contratos e bloqueios da esteira	2026-10-09T02:12:40.2547113Z Aguardando propagação Pages: HTTP 503
Flutter analyze e test	Verificar contratos e bloqueios da esteira	2026-10-09T02:12:40.2547419Z Aguardando propagação Pages: HTTP 503
Flutter analyze e test	Verificar contratos e bloqueios da esteira	2026-10-09T02:12:40.2547687Z Aguardando propagação Pages: HTTP 503
Flutter analyze e test	Verificar contratos e bloqueios da esteira	2026-10-09T02:12:40.2547960Z Aguardando propagação Pages: HTTP 503
Flutter analyze e test	Verificar contratos e bloqueios da esteira	2026-10-09T02:12:40.2548143Z Aguardando propagação Pages: HTTP 503
Flutter analyze e test	Verificar contratos e bloqueios da esteira	2026-10-09T02:12:40.2548304Z Aguardando propagação Pages: HTTP 503
Flutter analyze e test	Verificar contratos e bloqueios da esteira	2026-10-09T02:12:40.2548468Z Aguardando propagação Pages: HTTP 503
Flutter analyze e test	Verificar contratos e bloqueios da esteira	2026-10-09T02:12:40.2548634Z Aguardando propagação Pages: HTTP 503
Flutter analyze e test	Verificar contratos e bloqueios da esteira	2026-10-09T02:12:40.2548796Z Aguardando propagação Pages: HTTP 503
Flutter analyze e test	Verificar contratos e bloqueios da esteira	2026-10-09T02:12:40.2548963Z Aguardando propagação Pages: HTTP 503
Flutter analyze e test	Verificar contratos e bloqueios da esteira	2026-10-09T02:12:40.2549125Z Aguardando propagação Pages: HTTP 503
Flutter analyze e test	Verificar contratos e bloqueios da esteira	2026-10-09T02:12:40.2549287Z Aguardando propagação Pages: HTTP 503
Flutter analyze e test	Verificar contratos e bloqueios da esteira	2026-10-09T02:12:40.2549451Z Aguardando propagação Pages: HTTP 503
Flutter analyze e test	Verificar contratos e bloqueios da esteira	2026-10-09T02:12:40.2549612Z Aguardando propagação Pages: HTTP 503
Flutter analyze e test	Verificar contratos e bloqueios da esteira	2026-10-09T02:12:40.2549780Z Aguardando propagação Pages: HTTP 503
Flutter analyze e test	Verificar contratos e bloqueios da esteira	2026-10-09T02:12:40.2549943Z Aguardando propagação Pages: HTTP 503
Flutter analyze e test	Verificar contratos e bloqueios da esteira	2026-10-09T02:12:40.2550113Z Aguardando propagação Pages: HTTP 503
Flutter analyze e test	Verificar contratos e bloqueios da esteira	2026-10-09T02:12:40.2550276Z Aguardando propagação Pages: HTTP 503
Flutter analyze e test	Verificar contratos e bloqueios da esteira	2026-10-09T02:12:40.2550410Z ok
Flutter analyze e test	Verificar contratos e bloqueios da esteira	2026-10-09T02:12:40.2552033Z test_unsafe_manifest_paths_fail_before_asset_requests (test_pages_smoke.PagesSmokeTests.test_unsafe_manifest_paths_fail_before_asset_requests) ... ok
Flutter analyze e test	Verificar contratos e bloqueios da esteira	2026-10-09T02:12:40.2553183Z test_wrapper_tampering_with_recomputed_manifest_keeps_web_hash_but_is_rejected (test_pages_smoke.PagesSmokeTests.test_wrapper_tampering_with_recomputed_manifest_keeps_web_hash_but_is_rejected) ... ok
Flutter analyze e test	Verificar contratos e bloqueios da esteira	2026-10-09T02:12:40.2555526Z test_wrong_metadata_or_main_bytes_fail_without_retry (test_pages_smoke.PagesSmokeTests.test_wrong_metadata_or_main_bytes_fail_without_retry) ... ok
Flutter analyze e test	Verificar contratos e bloqueios da esteira	2026-10-09T02:12:40.2556188Z test_bot_and_pending_do_not_count (test_policy.ApprovalTests.test_bot_and_pending_do_not_count) ... ok
Flutter analyze e test	Verificar contratos e bloqueios da esteira	2026-10-09T02:12:40.2556799Z test_comment_does_not_revoke_and_api_order_does_not_matter (test_policy.ApprovalTests.test_comment_does_not_revoke_and_api_order_does_not_matter) ... ok
Flutter analyze e test	Verificar contratos e bloqueios da esteira	2026-10-09T02:12:40.2557394Z test_commit_change_invalidates_approvals (test_policy.ApprovalTests.test_commit_change_invalidates_approvals) ... ok
Flutter analyze e test	Verificar contratos e bloqueios da esteira	2026-10-09T02:12:40.2557806Z test_dismissal_and_changes_requested_revoke (test_policy.ApprovalTests.test_dismissal_and_changes_requested_revoke) ... ok
Flutter analyze e test	Verificar contratos e bloqueios da esteira	2026-10-09T02:12:40.2561133Z test_no_publish_side_effect_at_zero_one_or_unmerged_two (test_policy.ApprovalTests.test_no_publish_side_effect_at_zero_one_or_unmerged_two) ... ok
Flutter analyze e test	Verificar contratos e bloqueios da esteira	2026-10-09T02:12:40.2561803Z test_only_one_new_manifest (test_policy.ApprovalTests.test_only_one_new_manifest) ... ok
Flutter analyze e test	Verificar contratos e bloqueios da esteira	2026-10-09T02:12:40.2562607Z test_other_people_and_author_cannot_substitute (test_policy.ApprovalTests.test_other_people_and_author_cannot_substitute) ... ok
Flutter analyze e test	Verificar contratos e bloqueios da esteira	2026-10-09T02:12:40.2563353Z test_reapproval_after_changes (test_policy.ApprovalTests.test_reapproval_after_changes) ... ok
Flutter analyze e test	Verificar contratos e bloqueios da esteira	2026-10-09T02:12:40.2564106Z test_record_hash_binds_source_preview_and_changelog (test_policy.ApprovalTests.test_record_hash_binds_source_preview_and_changelog) ... ok
Flutter analyze e test	Verificar contratos e bloqueios da esteira	2026-10-09T02:12:40.2564724Z test_same_person_twice_cannot_approve_alone (test_policy.ApprovalTests.test_same_person_twice_cannot_approve_alone) ... ok
Flutter analyze e test	Verificar contratos e bloqueios da esteira	2026-10-09T02:12:40.2565278Z test_submission_time_wins_over_draft_creation_id (test_policy.ApprovalTests.test_submission_time_wins_over_draft_creation_id) ... ok
Flutter analyze e test	Verificar contratos e bloqueios da esteira	2026-10-09T02:12:40.2565715Z test_zero_one_and_two (test_policy.ApprovalTests.test_zero_one_and_two) ... ok
Flutter analyze e test	Verificar contratos e bloqueios da esteira	2026-10-09T02:12:40.2566117Z test_expiration_and_changed_inputs (test_policy.PreviewTests.test_expiration_and_changed_inputs) ... ok
Flutter analyze e test	Verificar contratos e bloqueios da esteira	2026-10-09T02:12:40.2891157Z test_squash_sha_difference_preserves_content_identity (test_policy.PreviewTests.test_squash_sha_difference_preserves_content_identity) ... ok
Flutter analyze e test	Verificar contratos e bloqueios da esteira	2026-10-09T02:12:40.2901517Z test_revocation_during_upload_never_publishes_draft (test_policy.PublisherBoundaryTests.test_revocation_during_upload_never_publishes_draft) ... ok
Flutter analyze e test	Verificar contratos e bloqueios da esteira	2026-10-09T02:12:40.2919944Z test_two_current_review_payloads_allow_only_lab_release_and_receipt (test_policy.PublisherBoundaryTests.test_two_current_review_payloads_allow_only_lab_release_and_receipt) ... ok
Flutter analyze e test	Verificar contratos e bloqueios da esteira	2026-10-09T02:12:40.2920829Z test_changed_source_cannot_reuse_candidate_authorization (test_release_lab.CandidateStateTests.test_changed_source_cannot_reuse_candidate_authorization) ... ok
Flutter analyze e test	Verificar contratos e bloqueios da esteira	2026-10-09T02:12:40.2921603Z test_current_candidate_is_bound_to_its_exact_source_commit (test_release_lab.CandidateStateTests.test_current_candidate_is_bound_to_its_exact_source_commit) ... ok
Flutter analyze e test	Verificar contratos e bloqueios da esteira	2026-10-09T02:12:40.2931570Z test_missing_record_does_not_get_created_by_the_gate (test_release_lab.CandidateStateTests.test_missing_record_does_not_get_created_by_the_gate) ... ok
Flutter analyze e test	Verificar contratos e bloqueios da esteira	2026-10-09T02:12:40.2932439Z test_new_rc_blocks_old_rc_without_deleting_its_history (test_release_lab.CandidateStateTests.test_new_rc_blocks_old_rc_without_deleting_its_history) ... ok
Flutter analyze e test	Verificar contratos e bloqueios da esteira	2026-10-09T02:12:40.2933217Z test_dart_only_is_a_preliminary_forecast_with_a_reason (test_release_lab.ClassificationTests.test_dart_only_is_a_preliminary_forecast_with_a_reason) ... ok
Flutter analyze e test	Verificar contratos e bloqueios da esteira	2026-10-09T02:12:40.2933970Z test_dependency_change_remains_unknown_without_compatibility_evidence (test_release_lab.ClassificationTests.test_dependency_change_remains_unknown_without_compatibility_evidence) ... ok
Flutter analyze e test	Verificar contratos e bloqueios da esteira	2026-10-09T02:12:40.2934737Z test_native_sdk_and_packaged_asset_changes_require_a_store_release (test_release_lab.ClassificationTests.test_native_sdk_and_packaged_asset_changes_require_a_store_release) ... ok
Flutter analyze e test	Verificar contratos e bloqueios da esteira	2026-10-09T02:12:40.2935332Z test_unknown_mobile_base_blocks_patch_forecast_even_for_dart_only (test_release_lab.ClassificationTests.test_unknown_mobile_base_blocks_patch_forecast_even_for_dart_only) ... ok
Flutter analyze e test	Verificar contratos e bloqueios da esteira	2026-10-09T02:12:40.2935865Z test_bot_cannot_be_counted_as_a_human_review (test_release_lab.EnvironmentReviewTests.test_bot_cannot_be_counted_as_a_human_review) ... ok
Flutter analyze e test	Verificar contratos e bloqueios da esteira	2026-10-09T02:12:40.2936379Z test_changed_environment_id_invalidates_a_familiar_name (test_release_lab.EnvironmentReviewTests.test_changed_environment_id_invalidates_a_familiar_name) ... ok
Flutter analyze e test	Verificar contratos e bloqueios da esteira	2026-10-09T02:12:40.2937128Z test_conflicting_history_cannot_choose_a_convenient_api_order (test_release_lab.EnvironmentReviewTests.test_conflicting_history_cannot_choose_a_convenient_api_order) ... ok
Flutter analyze e test	Verificar contratos e bloqueios da esteira	2026-10-09T02:12:40.2937722Z test_duplicate_person_in_two_environments_is_not_two_approvals (test_release_lab.EnvironmentReviewTests.test_duplicate_person_in_two_environments_is_not_two_approvals) ... ok
Flutter analyze e test	Verificar contratos e bloqueios da esteira	2026-10-09T02:12:40.2938312Z test_either_required_approver_can_take_the_final_decision (test_release_lab.EnvironmentReviewTests.test_either_required_approver_can_take_the_final_decision) ... ok
Flutter analyze e test	Verificar contratos e bloqueios da esteira	2026-10-09T02:12:40.2938888Z test_final_decision_does_not_replace_a_missing_version_approval (test_release_lab.EnvironmentReviewTests.test_final_decision_does_not_replace_a_missing_version_approval) ... ok
Flutter analyze e test	Verificar contratos e bloqueios da esteira	2026-10-09T02:12:40.2939447Z test_final_requires_a_third_separate_human_decision (test_release_lab.EnvironmentReviewTests.test_final_requires_a_third_separate_human_decision) ... ok
Flutter analyze e test	Verificar contratos e bloqueios da esteira	2026-10-09T02:12:40.2940094Z test_login_alone_cannot_substitute_numeric_account_identity (test_release_lab.EnvironmentReviewTests.test_login_alone_cannot_substitute_numeric_account_identity) ... ok
Flutter analyze e test	Verificar contratos e bloqueios da esteira	2026-10-09T02:12:40.2940645Z test_numeric_id_alone_cannot_substitute_another_login (test_release_lab.EnvironmentReviewTests.test_numeric_id_alone_cannot_substitute_another_login) ... ok
Flutter analyze e test	Verificar contratos e bloqueios da esteira	2026-10-09T02:12:40.2941162Z test_rejection_or_pending_cannot_count_as_approval (test_release_lab.EnvironmentReviewTests.test_rejection_or_pending_cannot_count_as_approval) ... ok
Flutter analyze e test	Verificar contratos e bloqueios da esteira	2026-10-09T02:12:40.2941729Z test_two_real_identities_enable_approval_stage_without_publishing (test_release_lab.EnvironmentReviewTests.test_two_real_identities_enable_approval_stage_without_publishing) ... ok
Flutter analyze e test	Verificar contratos e bloqueios da esteira	2026-10-09T02:12:40.2942324Z test_unlisted_publisher_cannot_use_the_final_environment (test_release_lab.EnvironmentReviewTests.test_unlisted_publisher_cannot_use_the_final_environment) ... ok
Flutter analyze e test	Verificar contratos e bloqueios da esteira	2026-10-09T02:12:40.2942924Z test_wrong_identity_in_history_cannot_be_hidden_behind_a_valid_approval (test_release_lab.EnvironmentReviewTests.test_wrong_identity_in_history_cannot_be_hidden_behind_a_valid_approval) ... ok
Flutter analyze e test	Verificar contratos e bloqueios da esteira	2026-10-09T02:12:40.2943512Z test_zero_or_one_approval_cannot_enable_final_command (test_release_lab.EnvironmentReviewTests.test_zero_or_one_approval_cannot_enable_final_command) ... ok
Flutter analyze e test	Verificar contratos e bloqueios da esteira	2026-10-09T02:12:40.2955425Z test_failed_cancelled_skipped_or_pending_job_cannot_complete (test_release_lab.FinalReceiptTests.test_failed_cancelled_skipped_or_pending_job_cannot_complete) ... ok
Flutter analyze e test	Verificar contratos e bloqueios da esteira	2026-10-09T02:12:40.2961971Z test_old_run_cannot_complete_after_rc2_replaced_it (test_release_lab.FinalReceiptTests.test_old_run_cannot_complete_after_rc2_replaced_it) ... ok
Flutter analyze e test	Verificar contratos e bloqueios da esteira	2026-10-09T02:12:40.2969315Z test_report_drift_cannot_complete_or_write_a_receipt (test_release_lab.FinalReceiptTests.test_report_drift_cannot_complete_or_write_a_receipt) ... ok
Flutter analyze e test	Verificar contratos e bloqueios da esteira	2026-10-09T02:12:40.2976512Z test_reviews_without_both_successful_job_receipts_cannot_complete (test_release_lab.FinalReceiptTests.test_reviews_without_both_successful_job_receipts_cannot_complete) ... ok
Flutter analyze e test	Verificar contratos e bloqueios da esteira	2026-10-09T02:12:40.2989082Z test_success_records_real_decisions_but_only_simulated_result (test_release_lab.FinalReceiptTests.test_success_records_real_decisions_but_only_simulated_result) ... ok
Flutter analyze e test	Verificar contratos e bloqueios da esteira	2026-10-09T02:12:40.2991873Z test_advanced_release_requires_new_rc_instead_of_old_approval (test_release_lab.FrozenIdentityTests.test_advanced_release_requires_new_rc_instead_of_old_approval) ... ok
Flutter analyze e test	Verificar contratos e bloqueios da esteira	2026-10-09T02:12:40.2992991Z test_changed_policy_does_not_reuse_frozen_approvals (test_release_lab.FrozenIdentityTests.test_changed_policy_does_not_reuse_frozen_approvals) ... ok
Flutter analyze e test	Verificar contratos e bloqueios da esteira	2026-10-09T02:12:40.2994829Z test_moved_tag_blocks_before_reading_environment_rules (test_release_lab.FrozenIdentityTests.test_moved_tag_blocks_before_reading_environment_rules) ... ok
Flutter analyze e test	Verificar contratos e bloqueios da esteira	2026-10-09T02:12:40.3004240Z test_invalid_version_or_title_is_rejected_before_any_remote_mutation (test_release_lab.InputValidationTests.test_invalid_version_or_title_is_rejected_before_any_remote_mutation) ... ok
Flutter analyze e test	Verificar contratos e bloqueios da esteira	2026-10-09T02:12:40.3005818Z test_distinct_roles_cannot_share_one_environment (test_release_lab.PolicyTests.test_distinct_roles_cannot_share_one_environment) ... ok
Flutter analyze e test	Verificar contratos e bloqueios da esteira	2026-10-09T02:12:40.3006394Z test_empty_or_ambiguous_account_identity_is_rejected (test_release_lab.PolicyTests.test_empty_or_ambiguous_account_identity_is_rejected) ... ok
Flutter analyze e test	Verificar contratos e bloqueios da esteira	2026-10-09T02:12:40.3007176Z test_final_decision_has_its_own_environment (test_release_lab.PolicyTests.test_final_decision_has_its_own_environment) ... ok
Flutter analyze e test	Verificar contratos e bloqueios da esteira	2026-10-09T02:12:40.3007897Z test_final_publishers_must_be_the_required_approver_set (test_release_lab.PolicyTests.test_final_publishers_must_be_the_required_approver_set) ... ok
Flutter analyze e test	Verificar contratos e bloqueios da esteira	2026-10-09T02:12:40.3008735Z test_policy_accepts_distinct_mandatory_approvers_and_either_publisher (test_release_lab.PolicyTests.test_policy_accepts_distinct_mandatory_approvers_and_either_publisher) ... ok
Flutter analyze e test	Verificar contratos e bloqueios da esteira	2026-10-09T02:12:40.3009710Z test_same_person_cannot_fill_both_mandatory_roles (test_release_lab.PolicyTests.test_same_person_cannot_fill_both_mandatory_roles) ... ok
Flutter analyze e test	Verificar contratos e bloqueios da esteira	2026-10-09T02:12:40.3527780Z test_an_extra_valid_snapshot_cannot_cross_the_candidate_boundary (test_release_lab.StaticArtifactBoundaryTests.test_an_extra_valid_snapshot_cannot_cross_the_candidate_boundary) ... ok
Flutter analyze e test	Verificar contratos e bloqueios da esteira	2026-10-09T02:12:40.4283152Z test_divergent_historical_snapshot_is_preserved_instead_of_overwritten (test_release_lab.StaticArtifactBoundaryTests.test_divergent_historical_snapshot_is_preserved_instead_of_overwritten) ... ok
Flutter analyze e test	Verificar contratos e bloqueios da esteira	2026-10-09T02:12:40.4755389Z test_root_or_nested_git_payload_is_rejected_before_import (test_release_lab.StaticArtifactBoundaryTests.test_root_or_nested_git_payload_is_rejected_before_import) ... ok
Flutter analyze e test	Verificar contratos e bloqueios da esteira	2026-10-09T02:12:40.5584858Z test_self_consistent_metadata_must_still_match_trusted_git_inputs (test_release_lab.StaticArtifactBoundaryTests.test_self_consistent_metadata_must_still_match_trusted_git_inputs) ... ok
Flutter analyze e test	Verificar contratos e bloqueios da esteira	2026-10-09T02:12:40.6050811Z test_symlink_as_artifact_root_is_rejected_without_following_it (test_release_lab.StaticArtifactBoundaryTests.test_symlink_as_artifact_root_is_rejected_without_following_it) ... ok
Flutter analyze e test	Verificar contratos e bloqueios da esteira	2026-10-09T02:12:40.6051887Z test_operator_can_prepare_only_once_from_main (test_release_lab.TrustedContextTests.test_operator_can_prepare_only_once_from_main) ... ok
Flutter analyze e test	Verificar contratos e bloqueios da esteira	2026-10-09T02:12:40.6052763Z test_repository_account_and_trusted_ref_cannot_be_substituted (test_release_lab.TrustedContextTests.test_repository_account_and_trusted_ref_cannot_be_substituted) ... ok
Flutter analyze e test	Verificar contratos e bloqueios da esteira	2026-10-09T02:12:40.6053668Z test_rerun_cannot_reuse_earlier_human_approvals (test_release_lab.TrustedContextTests.test_rerun_cannot_reuse_earlier_human_approvals) ... ok
Flutter analyze e test	Verificar contratos e bloqueios da esteira	2026-10-09T02:12:40.6863361Z test_conflicting_release_name_body_or_state_is_not_patched (test_release_lab_promotion.PromotionFlowTests.test_conflicting_release_name_body_or_state_is_not_patched) ... ok
Flutter analyze e test	Verificar contratos e bloqueios da esteira	2026-10-09T02:12:40.7571484Z test_conflicting_stable_ref_is_never_moved_or_deleted (test_release_lab_promotion.PromotionFlowTests.test_conflicting_stable_ref_is_never_moved_or_deleted) ... ok
Flutter analyze e test	Verificar contratos e bloqueios da esteira	2026-10-09T02:12:40.8121629Z test_failed_preview_cannot_produce_report_approval_or_publication (test_release_lab_promotion.PromotionFlowTests.test_failed_preview_cannot_produce_report_approval_or_publication) ... ok
Flutter analyze e test	Verificar contratos e bloqueios da esteira	2026-10-09T02:12:40.8863229Z test_interleaved_approval_writers_retry_cas_without_losing_either_receipt (test_release_lab_promotion.PromotionFlowTests.test_interleaved_approval_writers_retry_cas_without_losing_either_receipt) ... ok
Flutter analyze e test	Verificar contratos e bloqueios da esteira	2026-10-09T02:12:40.9601323Z test_lost_release_post_response_is_read_back_before_receipt (test_release_lab_promotion.PromotionFlowTests.test_lost_release_post_response_is_read_back_before_receipt) ... ok
Flutter analyze e test	Verificar contratos e bloqueios da esteira	2026-10-09T02:12:41.0011334Z test_lost_response_after_final_cut_journal_commit_returns_the_same_rc (test_release_lab_promotion.PromotionFlowTests.test_lost_response_after_final_cut_journal_commit_returns_the_same_rc) ... ok
Flutter analyze e test	Verificar contratos e bloqueios da esteira	2026-10-09T02:12:41.0830219Z test_lost_responses_and_partial_failure_reconcile_exactly_one_release (test_release_lab_promotion.PromotionFlowTests.test_lost_responses_and_partial_failure_reconcile_exactly_one_release) ... ok
Flutter analyze e test	Verificar contratos e bloqueios da esteira	2026-10-09T02:12:41.1609605Z test_lost_tag_post_response_is_proven_by_get_before_release_post (test_release_lab_promotion.PromotionFlowTests.test_lost_tag_post_response_is_proven_by_get_before_release_post) ... ok
Flutter analyze e test	Verificar contratos e bloqueios da esteira	2026-10-09T02:12:41.2889144Z test_old_completed_version_wrong_initiator_rerun_and_bot_are_blocked (test_release_lab_promotion.PromotionFlowTests.test_old_completed_version_wrong_initiator_rerun_and_bot_are_blocked) ... ok
Flutter analyze e test	Verificar contratos e bloqueios da esteira	2026-10-09T02:12:41.3579051Z test_pending_or_cancelled_review_job_blocks_external_effects_even_if_reviews_exist (test_release_lab_promotion.PromotionFlowTests.test_pending_or_cancelled_review_job_blocks_external_effects_even_if_reviews_exist) ... ok
Flutter analyze e test	Verificar contratos e bloqueios da esteira	2026-10-09T02:12:41.4307193Z test_publication_failure_keeps_intent_and_blocks_new_candidate (test_release_lab_promotion.PromotionFlowTests.test_publication_failure_keeps_intent_and_blocks_new_candidate) ... ok
Flutter analyze e test	Verificar contratos e bloqueios da esteira	2026-10-09T02:12:41.5129540Z test_recovery_cannot_continue_after_a_correction_changed_release_branch (test_release_lab_promotion.PromotionFlowTests.test_recovery_cannot_continue_after_a_correction_changed_release_branch) ... ok
Flutter analyze e test	Verificar contratos e bloqueios da esteira	2026-10-09T02:12:41.6026542Z test_recovery_requires_new_final_decision_and_preserves_original_approval_evidence (test_release_lab_promotion.PromotionFlowTests.test_recovery_requires_new_final_decision_and_preserves_original_approval_evidence) ... ok
Flutter analyze e test	Verificar contratos e bloqueios da esteira	2026-10-09T02:12:41.7284197Z test_rejected_rc1_is_preserved_corrected_rc2_starts_at_zero_and_is_promoted (test_release_lab_promotion.PromotionFlowTests.test_rejected_rc1_is_preserved_corrected_rc2_starts_at_zero_and_is_promoted) ... ok
Flutter analyze e test	Verificar contratos e bloqueios da esteira	2026-10-09T02:12:41.7933991Z test_removed_rules_after_approvals_and_final_command_prevent_publication_intent (test_release_lab_promotion.PromotionFlowTests.test_removed_rules_after_approvals_and_final_command_prevent_publication_intent) ... ok
Flutter analyze e test	Verificar contratos e bloqueios da esteira	2026-10-09T02:12:41.8657655Z test_removed_rules_after_stable_creation_block_release_and_preserve_partial_intent (test_release_lab_promotion.PromotionFlowTests.test_removed_rules_after_stable_creation_block_release_and_preserve_partial_intent) ... ok
Flutter analyze e test	Verificar contratos e bloqueios da esteira	2026-10-09T02:12:41.9318778Z test_report_tag_release_branch_and_base_drift_do_not_reuse_approvals (test_release_lab_promotion.PromotionFlowTests.test_report_tag_release_branch_and_base_drift_do_not_reuse_approvals) ... ok
Flutter analyze e test	Verificar contratos e bloqueios da esteira	2026-10-09T02:12:42.0130233Z test_same_attempt_process_retry_reuses_intent_and_cannot_duplicate_release (test_release_lab_promotion.PromotionFlowTests.test_same_attempt_process_retry_reuses_intent_and_cannot_duplicate_release) ... ok
Flutter analyze e test	Verificar contratos e bloqueios da esteira	2026-10-09T02:12:42.0959277Z test_second_successful_finish_is_idempotent_without_a_second_post (test_release_lab_promotion.PromotionFlowTests.test_second_successful_finish_is_idempotent_without_a_second_post) ... ok
Flutter analyze e test	Verificar contratos e bloqueios da esteira	2026-10-09T02:12:42.1359971Z test_simulated_completion_cannot_replace_the_real_stable_changelog_baseline (test_release_lab_promotion.PromotionFlowTests.test_simulated_completion_cannot_replace_the_real_stable_changelog_baseline) ... ok
Flutter analyze e test	Verificar contratos e bloqueios da esteira	2026-10-09T02:12:42.2046511Z test_successful_post_without_published_get_proof_cannot_write_receipt (test_release_lab_promotion.PromotionFlowTests.test_successful_post_without_published_get_proof_cannot_write_receipt) ... ok
Flutter analyze e test	Verificar contratos e bloqueios da esteira	2026-10-09T02:12:42.2742901Z test_unowned_stable_tag_at_same_commit_does_not_imply_publication_authority (test_release_lab_promotion.PromotionFlowTests.test_unowned_stable_tag_at_same_commit_does_not_imply_publication_authority) ... ok
Flutter analyze e test	Verificar contratos e bloqueios da esteira	2026-10-09T02:12:42.2980830Z test_version_comparison_is_numeric_instead_of_lexicographic (test_release_lab_promotion.PromotionFlowTests.test_version_comparison_is_numeric_instead_of_lexicographic) ... ok
Flutter analyze e test	Verificar contratos e bloqueios da esteira	2026-10-09T02:12:42.3755923Z test_zero_one_two_approvals_require_separate_command_before_github_promotion (test_release_lab_promotion.PromotionFlowTests.test_zero_one_two_approvals_require_separate_command_before_github_promotion) ... ok
Flutter analyze e test	Verificar contratos e bloqueios da esteira	2026-10-09T02:12:42.4367682Z test_changed_original_run_attempt_actor_workflow_or_repository_is_blocked (test_release_lab_rejection_close.RejectionCloseTests.test_changed_original_run_attempt_actor_workflow_or_repository_is_blocked) ... ok
Flutter analyze e test	Verificar contratos e bloqueios da esteira	2026-10-09T02:12:42.4988075Z test_close_requires_original_operator_context_and_default_observer_is_unchanged (test_release_lab_rejection_close.RejectionCloseTests.test_close_requires_original_operator_context_and_default_observer_is_unchanged) ... ok
Flutter analyze e test	Verificar contratos e bloqueios da esteira	2026-10-09T02:12:42.5553590Z test_completed_original_run_does_not_cancel_or_rewrite_candidate (test_release_lab_rejection_close.RejectionCloseTests.test_completed_original_run_does_not_cancel_or_rewrite_candidate) ... ok
Flutter analyze e test	Verificar contratos e bloqueios da esteira	2026-10-09T02:12:42.6248950Z test_first_rejection_closes_without_waiting_for_the_second (test_release_lab_rejection_close.RejectionCloseTests.test_first_rejection_closes_without_waiting_for_the_second) ... ok
Flutter analyze e test	Verificar contratos e bloqueios da esteira	2026-10-09T02:12:42.6819657Z test_new_preparation_intent_is_preserved_without_cancel (test_release_lab_rejection_close.RejectionCloseTests.test_new_preparation_intent_is_preserved_without_cancel) ... ok
Flutter analyze e test	Verificar contratos e bloqueios da esteira	2026-10-09T02:12:42.7377942Z test_other_run_id_is_blocked_before_any_effect (test_release_lab_rejection_close.RejectionCloseTests.test_other_run_id_is_blocked_before_any_effect) ... ok
Flutter analyze e test	Verificar contratos e bloqueios da esteira	2026-10-09T02:12:42.7954241Z test_publication_appearing_during_recheck_prevents_cancellation_and_is_preserved (test_release_lab_rejection_close.RejectionCloseTests.test_publication_appearing_during_recheck_prevents_cancellation_and_is_preserved) ... ok
Flutter analyze e test	Verificar contratos e bloqueios da esteira	2026-10-09T02:12:42.8595686Z test_second_rejection_closes_without_waiting_for_the_first_and_preserves_rc (test_release_lab_rejection_close.RejectionCloseTests.test_second_rejection_closes_without_waiting_for_the_first_and_preserves_rc) ... ok
Flutter analyze e test	Verificar contratos e bloqueios da esteira	2026-10-09T02:12:42.9189663Z test_tampered_report_policy_or_tag_is_blocked (test_release_lab_rejection_close.RejectionCloseTests.test_tampered_report_policy_or_tag_is_blocked) ... ok
Flutter analyze e test	Verificar contratos e bloqueios da esteira	2026-10-09T02:12:42.9747791Z test_technical_gate_failure_without_official_rejection_never_cancels_or_mutates (test_release_lab_rejection_close.RejectionCloseTests.test_technical_gate_failure_without_official_rejection_never_cancels_or_mutates) ... ok
Flutter analyze e test	Verificar contratos e bloqueios da esteira	2026-10-09T02:12:43.0373681Z test_terminal_history_receipt_or_publication_intent_is_preserved_without_cancel (test_release_lab_rejection_close.RejectionCloseTests.test_terminal_history_receipt_or_publication_intent_is_preserved_without_cancel) ... ok
Flutter analyze e test	Verificar contratos e bloqueios da esteira	2026-10-09T02:12:43.0975282Z test_unknown_cancel_response_preserves_proven_rejection_and_never_retries_inside_cas (test_release_lab_rejection_close.RejectionCloseTests.test_unknown_cancel_response_preserves_proven_rejection_and_never_retries_inside_cas) ... ok
Flutter analyze e test	Verificar contratos e bloqueios da esteira	2026-10-09T02:12:43.1565221Z test_wrong_gate_id_no_review_and_wrong_reviewer_no_cancel (test_release_lab_rejection_close.RejectionCloseTests.test_wrong_gate_id_no_review_and_wrong_reviewer_no_cancel) ... ok
Flutter analyze e test	Verificar contratos e bloqueios da esteira	2026-10-09T02:12:43.2165734Z test_available_matching_pr_context_is_frozen_without_waiting_for_ai (test_release_lab_state.CandidateStateTests.test_available_matching_pr_context_is_frozen_without_waiting_for_ai) ... ok
Flutter analyze e test	Verificar contratos e bloqueios da esteira	2026-10-09T02:12:43.2733920Z test_cancelled_original_run_is_registered_after_its_finalizer_cannot_run (test_release_lab_state.CandidateStateTests.test_cancelled_original_run_is_registered_after_its_finalizer_cannot_run) ... ok
Flutter analyze e test	Verificar contratos e bloqueios da esteira	2026-10-09T02:12:43.3460132Z test_completed_release_survives_a_failed_evidence_upload_job (test_release_lab_state.CandidateStateTests.test_completed_release_survives_a_failed_evidence_upload_job) ... ok
Flutter analyze e test	Verificar contratos e bloqueios da esteira	2026-10-09T02:12:43.4101585Z test_completion_observer_context_cannot_be_used_by_a_manual_effectful_command (test_release_lab_state.CandidateStateTests.test_completion_observer_context_cannot_be_used_by_a_manual_effectful_command) ... ok
Flutter analyze e test	Verificar contratos e bloqueios da esteira	2026-10-09T02:12:43.4768623Z test_concurrent_second_approval_is_not_overwritten_by_older_reconciliation (test_release_lab_state.CandidateStateTests.test_concurrent_second_approval_is_not_overwritten_by_older_reconciliation) ... ok
Flutter analyze e test	Verificar contratos e bloqueios da esteira	2026-10-09T02:12:43.5373245Z test_context_from_a_different_rc_is_ignored_with_immediate_commit_fallback (test_release_lab_state.CandidateStateTests.test_context_from_a_different_rc_is_ignored_with_immediate_commit_fallback) ... ok
Flutter analyze e test	Verificar contratos e bloqueios da esteira	2026-10-09T02:12:43.5981073Z test_failed_or_cancelled_evaluation_cannot_reopen_after_later_observation (test_release_lab_state.CandidateStateTests.test_failed_or_cancelled_evaluation_cannot_reopen_after_later_observation) ... ok
Flutter analyze e test	Verificar contratos e bloqueios da esteira	2026-10-09T02:12:43.6578827Z test_failed_preview_job_closes_evaluation_without_publishing (test_release_lab_state.CandidateStateTests.test_failed_preview_job_closes_evaluation_without_publishing) ... ok
Flutter analyze e test	Verificar contratos e bloqueios da esteira	2026-10-09T02:12:43.7152906Z test_frozen_summary_hash_mismatch_is_blocked_before_creating_a_publication_intent (test_release_lab_state.CandidateStateTests.test_frozen_summary_hash_mismatch_is_blocked_before_creating_a_publication_intent) ... ok
Flutter analyze e test	Verificar contratos e bloqueios da esteira	2026-10-09T02:12:43.7864952Z test_frozen_version_table_and_communication_are_copied_to_release_and_receipt (test_release_lab_state.CandidateStateTests.test_frozen_version_table_and_communication_are_copied_to_release_and_receipt) ... ok
Flutter analyze e test	Verificar contratos e bloqueios da esteira	2026-10-09T02:12:43.8491325Z test_future_dated_optional_context_cannot_block_required_report (test_release_lab_state.CandidateStateTests.test_future_dated_optional_context_cannot_block_required_report) ... ok
Flutter analyze e test	Verificar contratos e bloqueios da esteira	2026-10-09T02:12:43.9100324Z test_invalid_receipt_closes_observation_without_rewriting_the_receipt (test_release_lab_state.CandidateStateTests.test_invalid_receipt_closes_observation_without_rewriting_the_receipt) ... ok
Flutter analyze e test	Verificar contratos e bloqueios da esteira	2026-10-09T02:12:43.9754153Z test_long_or_large_commit_history_is_preserved_without_blocking_required_report (test_release_lab_state.CandidateStateTests.test_long_or_large_commit_history_is_preserved_without_blocking_required_report) ... ok
Flutter analyze e test	Verificar contratos e bloqueios da esteira	2026-10-09T02:12:44.0323669Z test_official_review_without_receipt_does_not_create_approval (test_release_lab_state.CandidateStateTests.test_official_review_without_receipt_does_not_create_approval) ... ok
Flutter analyze e test	Verificar contratos e bloqueios da esteira	2026-10-09T02:12:44.0969034Z test_optional_slack_failure_does_not_close_an_otherwise_waiting_evaluation (test_release_lab_state.CandidateStateTests.test_optional_slack_failure_does_not_close_an_otherwise_waiting_evaluation) ... ok
Flutter analyze e test	Verificar contratos e bloqueios da esteira	2026-10-09T02:12:44.1672455Z test_partial_publication_failure_is_preserved_for_explicit_recovery (test_release_lab_state.CandidateStateTests.test_partial_publication_failure_is_preserved_for_explicit_recovery) ... ok
Flutter analyze e test	Verificar contratos e bloqueios da esteira	2026-10-09T02:12:44.2228326Z test_preparation_error_with_no_registered_evaluation_changes_no_candidate (test_release_lab_state.CandidateStateTests.test_preparation_error_with_no_registered_evaluation_changes_no_candidate) ... ok
Flutter analyze e test	Verificar contratos e bloqueios da esteira	2026-10-09T02:12:44.2830174Z test_rejected_review_is_registered_without_modifying_frozen_material (test_release_lab_state.CandidateStateTests.test_rejected_review_is_registered_without_modifying_frozen_material) ... ok
Flutter analyze e test	Verificar contratos e bloqueios da esteira	2026-10-09T02:12:44.3410572Z test_state_finalizer_uses_always_and_completion_observer_has_no_artifact_input (test_release_lab_state.CandidateStateTests.test_state_finalizer_uses_always_and_completion_observer_has_no_artifact_input) ... ok
Flutter analyze e test	Verificar contratos e bloqueios da esteira	2026-10-09T02:12:44.4163451Z test_superseded_candidate_history_is_not_rewritten_by_late_completion (test_release_lab_state.CandidateStateTests.test_superseded_candidate_history_is_not_rewritten_by_late_completion) ... ok
Flutter analyze e test	Verificar contratos e bloqueios da esteira	2026-10-09T02:12:44.4788871Z test_wrong_actor_rerun_or_untrusted_workflow_cannot_write_observational_state (test_release_lab_state.CandidateStateTests.test_wrong_actor_rerun_or_untrusted_workflow_cannot_write_observational_state) ... ok
Flutter analyze e test	Verificar contratos e bloqueios da esteira	2026-10-09T02:12:44.5428287Z test_zero_one_and_two_recorded_approvals_have_distinct_waiting_states (test_release_lab_state.CandidateStateTests.test_zero_one_and_two_recorded_approvals_have_distinct_waiting_states) ... ok
Flutter analyze e test	Verificar contratos e bloqueios da esteira	2026-10-09T02:12:44.6785231Z test_absent_provider_is_not_silently_recreated_or_treated_as_negative (test_remote_state.RemoteStateTests.test_absent_provider_is_not_silently_recreated_or_treated_as_negative) ... ok
Flutter analyze e test	Verificar contratos e bloqueios da esteira	2026-10-09T02:12:44.8228739Z test_bootstrap_race_cannot_replace_another_initialized_ref (test_remote_state.RemoteStateTests.test_bootstrap_race_cannot_replace_another_initialized_ref) ... ok
Flutter analyze e test	Verificar contratos e bloqueios da esteira	2026-10-09T02:12:45.0331057Z test_checkpoint_exists_before_ref_mutation (test_remote_state.RemoteStateTests.test_checkpoint_exists_before_ref_mutation) ... ok
Flutter analyze e test	Verificar contratos e bloqueios da esteira	2026-10-09T02:12:45.1910872Z test_checksums_and_truncated_tree_or_extra_files_block_before_import (test_remote_state.RemoteStateTests.test_checksums_and_truncated_tree_or_extra_files_block_before_import) ... ok
Flutter analyze e test	Verificar contratos e bloqueios da esteira	2026-10-09T02:12:45.3785475Z test_concurrent_sibling_writer_is_conflict_never_rebased_or_reapplied (test_remote_state.RemoteStateTests.test_concurrent_sibling_writer_is_conflict_never_rebased_or_reapplied) ... ok
Flutter analyze e test	Verificar contratos e bloqueios da esteira	2026-10-09T02:12:45.7308576Z test_confirmation_after_another_writer_advances_still_identifies_our_commit (test_remote_state.RemoteStateTests.test_confirmation_after_another_writer_advances_still_identifies_our_commit) ... ok
Flutter analyze e test	Verificar contratos e bloqueios da esteira	2026-10-09T02:12:45.9961353Z test_denied_update_can_only_retry_same_proposal_with_same_payload (test_remote_state.RemoteStateTests.test_denied_update_can_only_retry_same_proposal_with_same_payload) ... ok
Flutter analyze e test	Verificar contratos e bloqueios da esteira	2026-10-09T02:12:46.3211523Z test_empty_directory_allowed_but_existing_state_is_not_overwritten (test_remote_state.RemoteStateTests.test_empty_directory_allowed_but_existing_state_is_not_overwritten) ... ok
Flutter analyze e test	Verificar contratos e bloqueios da esteira	2026-10-09T02:12:46.5717312Z test_lost_ref_reply_is_reconciled_without_second_update (test_remote_state.RemoteStateTests.test_lost_ref_reply_is_reconciled_without_second_update) ... ok
Flutter analyze e test	Verificar contratos e bloqueios da esteira	2026-10-09T02:12:46.8166642Z test_opaque_credential_setting_or_unexpected_secret_column_is_rejected (test_remote_state.RemoteStateTests.test_opaque_credential_setting_or_unexpected_secret_column_is_rejected) ... ok
Flutter analyze e test	Verificar contratos e bloqueios da esteira	2026-10-09T02:12:46.9734830Z test_restriction_to_personal_repository_and_dedicated_ref (test_remote_state.RemoteStateTests.test_restriction_to_personal_repository_and_dedicated_ref) ... ok
Flutter analyze e test	Verificar contratos e bloqueios da esteira	2026-10-09T02:12:47.1424329Z test_round_trip_preserves_hash_approvals_all_journals_and_path_plan (test_remote_state.RemoteStateTests.test_round_trip_preserves_hash_approvals_all_journals_and_path_plan) ... ok
Flutter analyze e test	Verificar contratos e bloqueios da esteira	2026-10-09T02:12:47.2862998Z test_secret_values_are_rejected_and_never_written_to_git (test_remote_state.RemoteStateTests.test_secret_values_are_rejected_and_never_written_to_git) ... ok
Flutter analyze e test	Verificar contratos e bloqueios da esteira	2026-10-09T02:12:47.4735032Z test_sqlite_wal_is_exported_by_backup_and_remote_journal_remains_consistent (test_remote_state.RemoteStateTests.test_sqlite_wal_is_exported_by_backup_and_remote_journal_remains_consistent) ... ok
Flutter analyze e test	Verificar contratos e bloqueios da esteira	2026-10-09T02:12:47.8202526Z test_two_actions_advance_one_parent_without_force_and_preserve_zero_to_two (test_remote_state.RemoteStateTests.test_two_actions_advance_one_parent_without_force_and_preserve_zero_to_two) ... ok
Flutter analyze e test	Verificar contratos e bloqueios da esteira	2026-10-09T02:12:48.1036461Z test_unknown_confirmation_preserves_checkpoint_and_exact_proposal_for_retry (test_remote_state.RemoteStateTests.test_unknown_confirmation_preserves_checkpoint_and_exact_proposal_for_retry) ... ok
Flutter analyze e test	Verificar contratos e bloqueios da esteira	2026-10-09T02:12:48.8259860Z test_reopened_actions_preserve_zero_one_two_and_publish_exact_snapshot_once (test_runner.CoordinatorTests.test_reopened_actions_preserve_zero_one_two_and_publish_exact_snapshot_once) ... ok
Flutter analyze e test	Verificar contratos e bloqueios da esteira	2026-10-09T02:12:48.9513153Z test_slack_checkpoint_failure_prevents_post_and_keeps_unknown_locally (test_runner.CoordinatorTests.test_slack_checkpoint_failure_prevents_post_and_keeps_unknown_locally) ... ok
Flutter analyze e test	Verificar contratos e bloqueios da esteira	2026-10-09T02:12:49.0875428Z test_slack_unknown_checkpoint_is_remote_before_post_and_sent_rerun_does_not_duplicate (test_runner.CoordinatorTests.test_slack_unknown_checkpoint_is_remote_before_post_and_sent_rerun_does_not_duplicate) ... ok
Flutter analyze e test	Verificar contratos e bloqueios da esteira	2026-10-09T02:12:49.0878459Z test_metadata_read_is_allowed_but_repo_root_mutation_is_rejected (test_runner.RequestTests.test_metadata_read_is_allowed_but_repo_root_mutation_is_rejected) ... ok
Flutter analyze e test	Verificar contratos e bloqueios da esteira	2026-10-09T02:12:49.0880365Z test_only_authenticated_owner_on_personal_main_can_operate (test_runner.RequestTests.test_only_authenticated_owner_on_personal_main_can_operate) ... ok
Flutter analyze e test	Verificar contratos e bloqueios da esteira	2026-10-09T02:12:49.0881916Z test_rc_and_urgency_do_not_silently_coerce_other_json_types (test_runner.RequestTests.test_rc_and_urgency_do_not_silently_coerce_other_json_types) ... ok
Flutter analyze e test	Verificar contratos e bloqueios da esteira	2026-10-09T02:12:49.0883085Z test_sha_candidate_and_hash_require_text_before_regex_checks (test_runner.RequestTests.test_sha_candidate_and_hash_require_text_before_regex_checks) ... ok
Flutter analyze e test	Verificar contratos e bloqueios da esteira	2026-10-09T02:12:49.1536184Z test_all_queued_events_are_drained_not_only_the_last_trigger (test_slack_events.SlackEventsTests.test_all_queued_events_are_drained_not_only_the_last_trigger) ... ok
Flutter analyze e test	Verificar contratos e bloqueios da esteira	2026-10-09T02:12:49.2137187Z test_altered_tag_report_run_or_queued_pointer_is_blocked_before_sender (test_slack_events.SlackEventsTests.test_altered_tag_report_run_or_queued_pointer_is_blocked_before_sender) ... ok
Flutter analyze e test	Verificar contratos e bloqueios da esteira	2026-10-09T02:12:49.2836385Z test_cancelled_run_is_queued_and_worker_does_not_reopen_the_candidate (test_slack_events.SlackEventsTests.test_cancelled_run_is_queued_and_worker_does_not_reopen_the_candidate) ... ok
Flutter analyze e test	Verificar contratos e bloqueios da esteira	2026-10-09T02:12:49.3428343Z test_candidate_is_queued_only_after_report_and_keeps_commit_fallback (test_slack_events.SlackEventsTests.test_candidate_is_queued_only_after_report_and_keeps_commit_fallback) ... ok
Flutter analyze e test	Verificar contratos e bloqueios da esteira	2026-10-09T02:12:49.4002190Z test_legacy_delivery_and_failed_unfrozen_preview_are_not_backfilled (test_slack_events.SlackEventsTests.test_legacy_delivery_and_failed_unfrozen_preview_are_not_backfilled) ... ok
Flutter analyze e test	Verificar contratos e bloqueios da esteira	2026-10-09T02:12:49.4653466Z test_one_approval_then_two_approvals_queue_distinct_milestones_without_publish (test_slack_events.SlackEventsTests.test_one_approval_then_two_approvals_queue_distinct_milestones_without_publish) ... ok
Flutter analyze e test	Verificar contratos e bloqueios da esteira	2026-10-09T02:12:49.5418476Z test_promotion_notice_requires_real_release_and_same_final_receipt (test_slack_events.SlackEventsTests.test_promotion_notice_requires_real_release_and_same_final_receipt) ... ok
Flutter analyze e test	Verificar contratos e bloqueios da esteira	2026-10-09T02:12:49.6456385Z test_rejection_is_historical_and_new_rc_has_own_frozen_identity (test_slack_events.SlackEventsTests.test_rejection_is_historical_and_new_rc_has_own_frozen_identity) ... ok
Flutter analyze e test	Verificar contratos e bloqueios da esteira	2026-10-09T02:12:49.7056585Z test_two_approvals_do_not_queue_publication_before_final_command (test_slack_events.SlackEventsTests.test_two_approvals_do_not_queue_publication_before_final_command) ... ok
Flutter analyze e test	Verificar contratos e bloqueios da esteira	2026-10-09T02:12:49.7057415Z test_extra_human_or_another_bot_or_missing_israel_blocks (test_slack_notify.DestinationTests.test_extra_human_or_another_bot_or_missing_israel_blocks) ... ok
Flutter analyze e test	Verificar contratos e bloqueios da esteira	2026-10-09T02:12:49.7058158Z test_membership_is_checked_through_all_pages (test_slack_notify.DestinationTests.test_membership_is_checked_through_all_pages) ... ok
Flutter analyze e test	Verificar contratos e bloqueios da esteira	2026-10-09T02:12:49.7058791Z test_only_exact_private_channel_and_bot_plus_israel_are_accepted (test_slack_notify.DestinationTests.test_only_exact_private_channel_and_bot_plus_israel_are_accepted) ... ok
Flutter analyze e test	Verificar contratos e bloqueios da esteira	2026-10-09T02:12:49.7059457Z test_repeated_or_malformed_cursor_fails_closed (test_slack_notify.DestinationTests.test_repeated_or_malformed_cursor_fails_closed) ... ok
Flutter analyze e test	Verificar contratos e bloqueios da esteira	2026-10-09T02:12:49.7059962Z test_user_token_cannot_impersonate_israel (test_slack_notify.DestinationTests.test_user_token_cannot_impersonate_israel) ... ok
Flutter analyze e test	Verificar contratos e bloqueios da esteira	2026-10-09T02:12:49.7060563Z test_wrong_public_shared_archived_or_renamed_channel_has_no_post (test_slack_notify.DestinationTests.test_wrong_public_shared_archived_or_renamed_channel_has_no_post) ... ok
Flutter analyze e test	Verificar contratos e bloqueios da esteira	2026-10-09T02:12:49.7105153Z test_concurrent_attempt_is_blocked_while_first_post_is_in_flight (test_slack_notify.OutboxTests.test_concurrent_attempt_is_blocked_while_first_post_is_in_flight) ... ok
Flutter analyze e test	Verificar contratos e bloqueios da esteira	2026-10-09T02:12:49.7140999Z test_confirmed_send_is_persisted_and_retry_has_no_api_call (test_slack_notify.OutboxTests.test_confirmed_send_is_persisted_and_retry_has_no_api_call) ... ok
Flutter analyze e test	Verificar contratos e bloqueios da esteira	2026-10-09T02:12:49.7159564Z test_failed_destination_check_creates_no_attempt_and_never_posts (test_slack_notify.OutboxTests.test_failed_destination_check_creates_no_attempt_and_never_posts) ... ok
Flutter analyze e test	Verificar contratos e bloqueios da esteira	2026-10-09T02:12:49.7176811Z test_missing_token_cannot_read_or_post_to_slack (test_slack_notify.OutboxTests.test_missing_token_cannot_read_or_post_to_slack) ... ok
Flutter analyze e test	Verificar contratos e bloqueios da esteira	2026-10-09T02:12:49.7252057Z test_post_response_without_exact_channel_ts_is_unknown (test_slack_notify.OutboxTests.test_post_response_without_exact_channel_ts_is_unknown) ... ok
Flutter analyze e test	Verificar contratos e bloqueios da esteira	2026-10-09T02:12:49.7284932Z test_same_key_with_changed_payload_blocks_repetition (test_slack_notify.OutboxTests.test_same_key_with_changed_payload_blocks_repetition) ... ok
Flutter analyze e test	Verificar contratos e bloqueios da esteira	2026-10-09T02:12:49.7313012Z test_transport_uncertainty_stays_unknown_and_never_retries (test_slack_notify.OutboxTests.test_transport_uncertainty_stays_unknown_and_never_retries) ... ok
Flutter analyze e test	Verificar contratos e bloqueios da esteira	2026-10-09T02:12:49.7314221Z test_client_id_is_stable_and_bound_to_candidate_and_content (test_slack_notify.RenderTests.test_client_id_is_stable_and_bound_to_candidate_and_content) ... ok
Flutter analyze e test	Verificar contratos e bloqueios da esteira	2026-10-09T02:12:49.7326583Z test_default_cli_renders_without_token_network_or_outbox (test_slack_notify.RenderTests.test_default_cli_renders_without_token_network_or_outbox) ... ok
Flutter analyze e test	Verificar contratos e bloqueios da esteira	2026-10-09T02:12:49.7327653Z test_github_links_cannot_redirect_to_other_repositories_or_mentions (test_slack_notify.RenderTests.test_github_links_cannot_redirect_to_other_repositories_or_mentions) ... ok
Flutter analyze e test	Verificar contratos e bloqueios da esteira	2026-10-09T02:12:49.7328990Z test_lab_flags_are_explicit_and_real_notice_cannot_claim_distribution (test_slack_notify.RenderTests.test_lab_flags_are_explicit_and_real_notice_cannot_claim_distribution) ... ok
Flutter analyze e test	Verificar contratos e bloqueios da esteira	2026-10-09T02:12:49.7329924Z test_status_uses_plain_text_and_does_not_enable_mentions (test_slack_notify.RenderTests.test_status_uses_plain_text_and_does_not_enable_mentions) ... ok
Flutter analyze e test	Verificar contratos e bloqueios da esteira	2026-10-09T02:12:49.7330729Z test_cross_host_redirect_is_never_followed (test_slack_notify.TransportTests.test_cross_host_redirect_is_never_followed) ... ok
Flutter analyze e test	Verificar contratos e bloqueios da esteira	2026-10-09T02:12:49.7335753Z test_network_errors_never_echo_token_or_raw_response (test_slack_notify.TransportTests.test_network_errors_never_echo_token_or_raw_response) ... ok
Flutter analyze e test	Verificar contratos e bloqueios da esteira	2026-10-09T02:12:49.7340108Z test_token_is_header_only_and_write_is_json_to_fixed_slack_endpoint (test_slack_notify.TransportTests.test_token_is_header_only_and_write_is_json_to_fixed_slack_endpoint) ... ok
Flutter analyze e test	Verificar contratos e bloqueios da esteira	2026-10-09T02:12:49.7340655Z test_unknown_method_does_not_call_network (test_slack_notify.TransportTests.test_unknown_method_does_not_call_network) ... ok
Flutter analyze e test	Verificar contratos e bloqueios da esteira	2026-10-09T02:12:49.7360415Z test_actual_concurrent_writers_append_different_events_without_lost_updates (test_slack_outbox.DurableSlackTests.test_actual_concurrent_writers_append_different_events_without_lost_updates) ... ok
Flutter analyze e test	Verificar contratos e bloqueios da esteira	2026-10-09T02:12:49.7389950Z test_checkpoint_persistence_failure_never_posts (test_slack_outbox.DurableSlackTests.test_checkpoint_persistence_failure_never_posts) ... ok
Flutter analyze e test	Verificar contratos e bloqueios da esteira	2026-10-09T02:12:49.7437328Z test_claim_race_observes_owner_confirmation_without_a_second_post (test_slack_outbox.DurableSlackTests.test_claim_race_observes_owner_confirmation_without_a_second_post) ... ok
Flutter analyze e test	Verificar contratos e bloqueios da esteira	2026-10-09T02:12:49.7472061Z test_claim_race_persistent_unknown_stops_after_bounded_reads_without_post (test_slack_outbox.DurableSlackTests.test_claim_race_persistent_unknown_stops_after_bounded_reads_without_post) ... ok
Flutter analyze e test	Verificar contratos e bloqueios da esteira	2026-10-09T02:12:49.7480587Z test_cli_invalid_frozen_notice_is_optional_and_no_raw_content_is_printed (test_slack_outbox.DurableSlackTests.test_cli_invalid_frozen_notice_is_optional_and_no_raw_content_is_printed) ... ok
Flutter analyze e test	Verificar contratos e bloqueios da esteira	2026-10-09T02:12:49.7558686Z test_competing_different_events_preserve_both_and_candidate_journal (test_slack_outbox.DurableSlackTests.test_competing_different_events_preserve_both_and_candidate_journal) ... ok
Flutter analyze e test	Verificar contratos e bloqueios da esteira	2026-10-09T02:12:49.7567360Z test_confirmation_poll_does_not_adopt_different_source_identity (test_slack_outbox.DurableSlackTests.test_confirmation_poll_does_not_adopt_different_source_identity) ... ok
Flutter analyze e test	Verificar contratos e bloqueios da esteira	2026-10-09T02:12:49.7608960Z test_evaluation_run_change_keeps_key_but_blocks_frozen_provenance_replacement (test_slack_outbox.DurableSlackTests.test_evaluation_run_change_keeps_key_but_blocks_frozen_provenance_replacement) ... ok
Flutter analyze e test	Verificar contratos e bloqueios da esteira	2026-10-09T02:12:49.7650556Z test_history_pagination_is_bounded_and_positive_later_page_reconciles (test_slack_outbox.DurableSlackTests.test_history_pagination_is_bounded_and_positive_later_page_reconciles) ... ok
Flutter analyze e test	Verificar contratos e bloqueios da esteira	2026-10-09T02:12:49.7691127Z test_lost_unknown_write_reply_rechecks_exact_checkpoint_before_post (test_slack_outbox.DurableSlackTests.test_lost_unknown_write_reply_rechecks_exact_checkpoint_before_post) ... ok
Flutter analyze e test	Verificar contratos e bloqueios da esteira	2026-10-09T02:12:49.7708394Z test_missing_or_malformed_secret_skips_without_remote_or_slack_calls (test_slack_outbox.DurableSlackTests.test_missing_or_malformed_secret_skips_without_remote_or_slack_calls) ... ok
Flutter analyze e test	Verificar contratos e bloqueios da esteira	2026-10-09T02:12:49.7748492Z test_only_preview_for_exact_frozen_source_is_allowed (test_slack_outbox.DurableSlackTests.test_only_preview_for_exact_frozen_source_is_allowed) ... ok
Flutter analyze e test	Verificar contratos e bloqueios da esteira	2026-10-09T02:12:49.7755842Z test_poll_deadline_stops_before_network_when_budget_has_expired (test_slack_outbox.DurableSlackTests.test_poll_deadline_stops_before_network_when_budget_has_expired) ... ok
Flutter analyze e test	Verificar contratos e bloqueios da esteira	2026-10-09T02:12:49.7769202Z test_poll_transport_is_get_only_and_timeout_error_is_sanitized (test_slack_outbox.DurableSlackTests.test_poll_transport_is_get_only_and_timeout_error_is_sanitized) ... ok
Flutter analyze e test	Verificar contratos e bloqueios da esteira	2026-10-09T02:12:49.7822623Z test_post_timeout_remains_remote_unknown_and_fresh_retry_never_posts (test_slack_outbox.DurableSlackTests.test_post_timeout_remains_remote_unknown_and_fresh_retry_never_posts) ... ok
Flutter analyze e test	Verificar contratos e bloqueios da esteira	2026-10-09T02:12:49.7887348Z test_public_or_shared_channel_or_extra_member_never_reserves (test_slack_outbox.DurableSlackTests.test_public_or_shared_channel_or_extra_member_never_reserves) ... ok
Flutter analyze e test	Verificar contratos e bloqueios da esteira	2026-10-09T02:12:49.7927828Z test_receipts_logs_and_remote_checkpoints_exclude_secrets_and_full_payload (test_slack_outbox.DurableSlackTests.test_receipts_logs_and_remote_checkpoints_exclude_secrets_and_full_payload) ... ok
Flutter analyze e test	Verificar contratos e bloqueios da esteira	2026-10-09T02:12:49.7969910Z test_remote_unknown_with_positive_history_reconciles_without_post (test_slack_outbox.DurableSlackTests.test_remote_unknown_with_positive_history_reconciles_without_post) ... ok
Flutter analyze e test	Verificar contratos e bloqueios da esteira	2026-10-09T02:12:49.8011776Z test_same_logical_key_different_payload_blocks_before_slack_read (test_slack_outbox.DurableSlackTests.test_same_logical_key_different_payload_blocks_before_slack_read) ... ok
Flutter analyze e test	Verificar contratos e bloqueios da esteira	2026-10-09T02:12:49.8084711Z test_sent_checkpoint_lost_requires_history_on_fresh_runner (test_slack_outbox.DurableSlackTests.test_sent_checkpoint_lost_requires_history_on_fresh_runner) ... ok
Flutter analyze e test	Verificar contratos e bloqueios da esteira	2026-10-09T02:12:49.8147452Z test_sent_on_fresh_runner_skips_every_slack_call_and_restores_sqlite (test_slack_outbox.DurableSlackTests.test_sent_on_fresh_runner_skips_every_slack_call_and_restores_sqlite) ... ok
Flutter analyze e test	Verificar contratos e bloqueios da esteira	2026-10-09T02:12:49.8186548Z test_short_poll_timeout_preserves_positive_history_reconciliation_for_unknown (test_slack_outbox.DurableSlackTests.test_short_poll_timeout_preserves_positive_history_reconciliation_for_unknown) ... ok
Flutter analyze e test	Verificar contratos e bloqueios da esteira	2026-10-09T02:12:49.8226858Z test_success_is_unknown_before_post_then_sent_with_exact_receipt (test_slack_outbox.DurableSlackTests.test_success_is_unknown_before_post_then_sent_with_exact_receipt) ... ok
Flutter analyze e test	Verificar contratos e bloqueios da esteira	2026-10-09T02:12:49.8290204Z test_two_fresh_runners_same_event_only_one_may_post (test_slack_outbox.DurableSlackTests.test_two_fresh_runners_same_event_only_one_may_post) ... ok
Flutter analyze e test	Verificar contratos e bloqueios da esteira	2026-10-09T02:12:49.8323208Z test_unbounded_history_without_evidence_stops_at_three_pages (test_slack_outbox.DurableSlackTests.test_unbounded_history_without_evidence_stops_at_three_pages) ... ok
Flutter analyze e test	Verificar contratos e bloqueios da esteira	2026-10-09T02:12:49.8421658Z test_unknown_client_id_with_wrong_hash_bot_app_or_channel_blocks (test_slack_outbox.DurableSlackTests.test_unknown_client_id_with_wrong_hash_bot_app_or_channel_blocks) ... ok
Flutter analyze e test	Verificar contratos e bloqueios da esteira	2026-10-09T02:12:49.8475623Z test_unknown_empty_history_or_missing_scope_never_authorizes_resend (test_slack_outbox.DurableSlackTests.test_unknown_empty_history_or_missing_scope_never_authorizes_resend) ... ok
Flutter analyze e test	Verificar contratos e bloqueios da esteira	2026-10-09T02:12:49.8507079Z test_unknown_initial_read_observes_owner_sent_without_slack_history_or_post (test_slack_outbox.DurableSlackTests.test_unknown_initial_read_observes_owner_sent_without_slack_history_or_post) ... ok
Flutter analyze e test	Verificar contratos e bloqueios da esteira	2026-10-09T02:12:49.8555735Z test_wrong_exact_bot_or_app_never_reserves_or_posts (test_slack_outbox.DurableSlackTests.test_wrong_exact_bot_or_app_never_reserves_or_posts) ... ok
Flutter analyze e test	Verificar contratos e bloqueios da esteira	2026-10-09T02:12:49.8565134Z test_cli_preserves_frozen_report_and_writes_preview (test_slack_preview.SlackPreviewTests.test_cli_preserves_frozen_report_and_writes_preview) ... ok
Flutter analyze e test	Verificar contratos e bloqueios da esteira	2026-10-09T02:12:49.8569174Z test_credentials_are_not_read_or_inserted_in_the_artifact (test_slack_preview.SlackPreviewTests.test_credentials_are_not_read_or_inserted_in_the_artifact) ... ok
Flutter analyze e test	Verificar contratos e bloqueios da esteira	2026-10-09T02:12:49.8572472Z test_frozen_pr_sections_are_labelled_without_claiming_ai_generated_them (test_slack_preview.SlackPreviewTests.test_frozen_pr_sections_are_labelled_without_claiming_ai_generated_them) ... ok
Flutter analyze e test	Verificar contratos e bloqueios da esteira	2026-10-09T02:12:49.8573091Z test_legacy_report_remains_literal_fallback (test_slack_preview.SlackPreviewTests.test_legacy_report_remains_literal_fallback) ... ok
Flutter analyze e test	Verificar contratos e bloqueios da esteira	2026-10-09T02:12:49.8585948Z test_long_commit_history_is_truncated_before_slack_limit (test_slack_preview.SlackPreviewTests.test_long_commit_history_is_truncated_before_slack_limit) ... ok
Flutter analyze e test	Verificar contratos e bloqueios da esteira	2026-10-09T02:12:49.8612532Z test_long_subjects_and_controls_do_not_turn_optional_notice_into_failure (test_slack_preview.SlackPreviewTests.test_long_subjects_and_controls_do_not_turn_optional_notice_into_failure) ... ok
Flutter analyze e test	Verificar contratos e bloqueios da esteira	2026-10-09T02:12:49.8613814Z test_modified_selected_summary_is_refused (test_slack_preview.SlackPreviewTests.test_modified_selected_summary_is_refused) ... ok
Flutter analyze e test	Verificar contratos e bloqueios da esteira	2026-10-09T02:12:49.8619353Z test_send_option_does_not_exist (test_slack_preview.SlackPreviewTests.test_send_option_does_not_exist) ... usage: python3 -m unittest [-h] --report REPORT --policy POLICY --output
Flutter analyze e test	Verificar contratos e bloqueios da esteira	2026-10-09T02:12:49.8619760Z                            OUTPUT
Flutter analyze e test	Verificar contratos e bloqueios da esteira	2026-10-09T02:12:49.8619994Z python3 -m unittest: error: the following arguments are required: --report, --policy, --output
Flutter analyze e test	Verificar contratos e bloqueios da esteira	2026-10-09T02:12:49.8620221Z ok
Flutter analyze e test	Verificar contratos e bloqueios da esteira	2026-10-09T02:12:49.8620834Z test_summary_for_different_rc_is_refused_even_with_valid_digest (test_slack_preview.SlackPreviewTests.test_summary_for_different_rc_is_refused_even_with_valid_digest) ... ok
Flutter analyze e test	Verificar contratos e bloqueios da esteira	2026-10-09T02:12:49.8621738Z test_wrong_preview_or_source_is_refused (test_slack_preview.SlackPreviewTests.test_wrong_preview_or_source_is_refused) ... ok
Flutter analyze e test	Verificar contratos e bloqueios da esteira	2026-10-09T02:12:49.9207846Z test_complex_yaml_is_pending_instead_of_guessed (test_snapshots.PreAnalysisTests.test_complex_yaml_is_pending_instead_of_guessed) ... ok
Flutter analyze e test	Verificar contratos e bloqueios da esteira	2026-10-09T02:12:49.9639637Z test_dart_prediction_is_distinct_from_web_and_native_validation (test_snapshots.PreAnalysisTests.test_dart_prediction_is_distinct_from_web_and_native_validation) ... ok
Flutter analyze e test	Verificar contratos e bloqueios da esteira	2026-10-09T02:12:50.0713888Z test_dependency_manifest_lock_and_unknown_files_fail_closed (test_snapshots.PreAnalysisTests.test_dependency_manifest_lock_and_unknown_files_fail_closed) ... ok
Flutter analyze e test	Verificar contratos e bloqueios da esteira	2026-10-09T02:12:50.1305615Z test_docs_and_tools_do_not_force_store_but_do_affect_preview_identity (test_snapshots.PreAnalysisTests.test_docs_and_tools_do_not_force_store_but_do_affect_preview_identity) ... ok
Flutter analyze e test	Verificar contratos e bloqueios da esteira	2026-10-09T02:12:50.2117426Z test_each_platform_uses_its_own_release_base_not_last_rc (test_snapshots.PreAnalysisTests.test_each_platform_uses_its_own_release_base_not_last_rc) ... ok
Flutter analyze e test	Verificar contratos e bloqueios da esteira	2026-10-09T02:12:50.2373081Z test_missing_candidate_input_is_pending_not_assumed_from_base (test_snapshots.PreAnalysisTests.test_missing_candidate_input_is_pending_not_assumed_from_base) ... ok
Flutter analyze e test	Verificar contratos e bloqueios da esteira	2026-10-09T02:12:50.2698095Z test_missing_or_mismatched_base_evidence_blocks_prediction (test_snapshots.PreAnalysisTests.test_missing_or_mismatched_base_evidence_blocks_prediction) ... ok
Flutter analyze e test	Verificar contratos e bloqueios da esteira	2026-10-09T02:12:50.3686222Z test_packaged_asset_and_resolution_variant_require_store (test_snapshots.PreAnalysisTests.test_packaged_asset_and_resolution_variant_require_store) ... ok
Flutter analyze e test	Verificar contratos e bloqueios da esteira	2026-10-09T02:12:50.4181518Z test_platform_inputs_are_separate (test_snapshots.PreAnalysisTests.test_platform_inputs_are_separate) ... ok
Flutter analyze e test	Verificar contratos e bloqueios da esteira	2026-10-09T02:12:50.4638782Z test_pubspec_asset_declarations_require_store (test_snapshots.PreAnalysisTests.test_pubspec_asset_declarations_require_store) ... ok
Flutter analyze e test	Verificar contratos e bloqueios da esteira	2026-10-09T02:12:50.5628834Z test_toolchain_entrypoint_or_flavor_change_requires_store (test_snapshots.PreAnalysisTests.test_toolchain_entrypoint_or_flavor_change_requires_store) ... ok
Flutter analyze e test	Verificar contratos e bloqueios da esteira	2026-10-09T02:12:50.5931032Z test_verified_release_needs_provider_identifier (test_snapshots.PreAnalysisTests.test_verified_release_needs_provider_identifier) ... ok
Flutter analyze e test	Verificar contratos e bloqueios da esteira	2026-10-09T02:12:50.6715128Z test_build_fingerprint_is_conservative_and_json_is_finite (test_snapshots.PreviewTests.test_build_fingerprint_is_conservative_and_json_is_finite) ... ok
Flutter analyze e test	Verificar contratos e bloqueios da esteira	2026-10-09T02:12:50.7036637Z test_cannot_substitute_origin_sha_even_with_claimed_candidate_fingerprint (test_snapshots.PreviewTests.test_cannot_substitute_origin_sha_even_with_claimed_candidate_fingerprint) ... ok
Flutter analyze e test	Verificar contratos e bloqueios da esteira	2026-10-09T02:12:50.7373158Z test_changed_code_or_build_inputs_refuses_reuse (test_snapshots.PreviewTests.test_changed_code_or_build_inputs_refuses_reuse) ... ok
Flutter analyze e test	Verificar contratos e bloqueios da esteira	2026-10-09T02:12:50.7818863Z test_equal_tree_with_different_commit_and_docs_can_reuse (test_snapshots.PreviewTests.test_equal_tree_with_different_commit_and_docs_can_reuse) ... ok
Flutter analyze e test	Verificar contratos e bloqueios da esteira	2026-10-09T02:12:50.8360816Z test_fixture_format_is_explicit_and_flutter_zip_is_checked (test_snapshots.PreviewTests.test_fixture_format_is_explicit_and_flutter_zip_is_checked) ... ok
Flutter analyze e test	Verificar contratos e bloqueios da esteira	2026-10-09T02:12:50.8769807Z test_flutter_zip_rejects_path_traversal (test_snapshots.PreviewTests.test_flutter_zip_rejects_path_traversal) ... ok
Flutter analyze e test	Verificar contratos e bloqueios da esteira	2026-10-09T02:12:50.9185828Z test_hash_expiration_and_incomplete_metadata_block (test_snapshots.PreviewTests.test_hash_expiration_and_incomplete_metadata_block) ... ok
Flutter analyze e test	Verificar contratos e bloqueios da esteira	2026-10-09T02:12:50.9727072Z test_candidate_requires_production_ancestor_and_exact_shas (test_snapshots.SnapshotTests.test_candidate_requires_production_ancestor_and_exact_shas) ... ok
Flutter analyze e test	Verificar contratos e bloqueios da esteira	2026-10-09T02:12:51.0405825Z test_exception_in_build_still_removes_clone (test_snapshots.SnapshotTests.test_exception_in_build_still_removes_clone) ... ok
Flutter analyze e test	Verificar contratos e bloqueios da esteira	2026-10-09T02:12:51.0565060Z test_latest_and_mutable_release_base_are_rejected (test_snapshots.SnapshotTests.test_latest_and_mutable_release_base_are_rejected) ... ok
Flutter analyze e test	Verificar contratos e bloqueios da esteira	2026-10-09T02:12:51.1292924Z test_orphan_history_is_rejected_even_with_similar_versioned_files (test_snapshots.SnapshotTests.test_orphan_history_is_rejected_even_with_similar_versioned_files) ... ok
Flutter analyze e test	Verificar contratos e bloqueios da esteira	2026-10-09T02:12:51.2345243Z test_release_correction_does_not_import_main_features (test_snapshots.SnapshotTests.test_release_correction_does_not_import_main_features) ... ok
Flutter analyze e test	Verificar contratos e bloqueios da esteira	2026-10-09T02:12:51.3950612Z test_returning_to_a_branch_or_new_commit_blocks_even_if_source_files_match (test_snapshots.SnapshotTests.test_returning_to_a_branch_or_new_commit_blocks_even_if_source_files_match) ... ok
Flutter analyze e test	Verificar contratos e bloqueios da esteira	2026-10-09T02:12:51.4654678Z test_snapshot_is_fixed_even_when_original_checkout_is_dirty (test_snapshots.SnapshotTests.test_snapshot_is_fixed_even_when_original_checkout_is_dirty) ... ok
Flutter analyze e test	Verificar contratos e bloqueios da esteira	2026-10-09T02:12:51.4950171Z test_tracked_symlink_requires_audited_strategy (test_snapshots.SnapshotTests.test_tracked_symlink_requires_audited_strategy) ... ok
Flutter analyze e test	Verificar contratos e bloqueios da esteira	2026-10-09T02:12:51.5512760Z test_wrong_tree_or_mutating_checkout_blocks_and_cleans_up (test_snapshots.SnapshotTests.test_wrong_tree_or_mutating_checkout_blocks_and_cleans_up) ... ok
Flutter analyze e test	Verificar contratos e bloqueios da esteira	2026-10-09T02:12:51.5513635Z test_delivery_ref_and_source_cannot_drift (test_version_manifest.VersionManifestTests.test_delivery_ref_and_source_cannot_drift) ... ok
Flutter analyze e test	Verificar contratos e bloqueios da esteira	2026-10-09T02:12:51.5514732Z test_delivery_version_and_web_metadata_have_independent_identity (test_version_manifest.VersionManifestTests.test_delivery_version_and_web_metadata_have_independent_identity) ... ok
Flutter analyze e test	Verificar contratos e bloqueios da esteira	2026-10-09T02:12:51.5515709Z test_failed_or_different_preview_cannot_become_version_evidence (test_version_manifest.VersionManifestTests.test_failed_or_different_preview_cannot_become_version_evidence) ... ok
Flutter analyze e test	Verificar contratos e bloqueios da esteira	2026-10-09T02:12:51.5516371Z test_mobile_input_is_not_an_observed_provider_result (test_version_manifest.VersionManifestTests.test_mobile_input_is_not_an_observed_provider_result) ... ok
Flutter analyze e test	Verificar contratos e bloqueios da esteira	2026-10-09T02:12:51.5795568Z test_offline_cli_writes_both_machine_manifest_and_readable_table (test_version_manifest.VersionManifestTests.test_offline_cli_writes_both_machine_manifest_and_readable_table) ... ok
Flutter analyze e test	Verificar contratos e bloqueios da esteira	2026-10-09T02:12:51.5796647Z test_patch_identification_refuses_web_latest_implicit_build_and_fake_numbers (test_version_manifest.VersionManifestTests.test_patch_identification_refuses_web_latest_implicit_build_and_fake_numbers) ... ok
Flutter analyze e test	Verificar contratos e bloqueios da esteira	2026-10-09T02:12:51.5797445Z test_patch_identity_includes_app_platform_base_and_number (test_version_manifest.VersionManifestTests.test_patch_identity_includes_app_platform_base_and_number) ... ok
Flutter analyze e test	Verificar contratos e bloqueios da esteira	2026-10-09T02:12:51.5798416Z test_platforms_may_have_different_exact_shorebird_bases (test_version_manifest.VersionManifestTests.test_platforms_may_have_different_exact_shorebird_bases) ... ok
Flutter analyze e test	Verificar contratos e bloqueios da esteira	2026-10-09T02:12:51.5800768Z test_validating_frozen_plan_rejects_fabricated_mobile_delivery (test_version_manifest.VersionManifestTests.test_validating_frozen_plan_rejects_fabricated_mobile_delivery) ... ok
Flutter analyze e test	Verificar contratos e bloqueios da esteira	2026-10-09T02:12:51.5801715Z test_web_does_not_acquire_shorebird_patch_or_an_altered_app_version (test_version_manifest.VersionManifestTests.test_web_does_not_acquire_shorebird_patch_or_an_altered_app_version) ... ok
Flutter analyze e test	Verificar contratos e bloqueios da esteira	2026-10-09T02:12:51.5802268Z 
Flutter analyze e test	Verificar contratos e bloqueios da esteira	2026-10-09T02:12:51.5802400Z ----------------------------------------------------------------------
Flutter analyze e test	Verificar contratos e bloqueios da esteira	2026-10-09T02:12:51.5802853Z Ran 404 tests in 31.280s
Flutter analyze e test	Verificar contratos e bloqueios da esteira	2026-10-09T02:12:51.5802988Z 
Flutter analyze e test	Verificar contratos e bloqueios da esteira	2026-10-09T02:12:51.5803050Z OK
Flutter analyze e test	Verificar contratos e bloqueios da esteira	2026-10-09T02:12:51.5803238Z Material copiado e selecionado; nenhuma IA consultada e nenhum aviso enviado.
Flutter analyze e test	Verificar contratos e bloqueios da esteira	2026-10-09T02:12:51.5803502Z Material copiado e selecionado; nenhuma IA consultada e nenhum aviso enviado.
Flutter analyze e test	Verificar contratos e bloqueios da esteira	2026-10-09T02:12:51.5803723Z https://github.com/example/pull/4
Flutter analyze e test	Verificar contratos e bloqueios da esteira	2026-10-09T02:12:51.5803871Z https://github.com/example/pull/4
Flutter analyze e test	Verificar contratos e bloqueios da esteira	2026-10-09T02:12:51.5804009Z https://github.com/example/pull/4
Flutter analyze e test	Verificar contratos e bloqueios da esteira	2026-10-09T02:12:51.5804749Z Laboratório protegido: 2 reviews, status obrigatório, admins incluídos; RC legado e neutro sem update/delete.
Flutter analyze e test	Verificar contratos e bloqueios da esteira	2026-10-09T02:12:51.5805328Z main e permissões de pessoas/Actions não foram alteradas.
Flutter analyze e test	Verificar contratos e bloqueios da esteira	2026-10-09T02:12:51.5805597Z https://github.com/example/releases/tag/lab
Flutter analyze e test	Verificar contratos e bloqueios da esteira	2026-10-09T02:12:51.5805935Z SIMULAÇÃO: aviso gerado localmente; nenhuma mensagem enviada ao Slack.
Flutter analyze e test	Explicar o alcance das verificações	﻿2026-10-09T02:12:51.6034702Z ##[group]Run python3 - <<'PY'
Flutter analyze e test	Explicar o alcance das verificações	2026-10-09T02:12:51.6034910Z ^[[36;1mpython3 - <<'PY'^[[0m
Flutter analyze e test	Explicar o alcance das verificações	2026-10-09T02:12:51.6035032Z ^[[36;1mimport os^[[0m
Flutter analyze e test	Explicar o alcance das verificações	2026-10-09T02:12:51.6035190Z ^[[36;1mwith open(os.environ['GITHUB_STEP_SUMMARY'], 'a') as summary:^[[0m
Flutter analyze e test	Explicar o alcance das verificações	2026-10-09T02:12:51.6035520Z ^[[36;1m    summary.write('# Verificar PR\n\nFlutter analyze, Flutter test e testes dos contratos da esteira concluídos.\n\n')^[[0m
Flutter analyze e test	Explicar o alcance das verificações	2026-10-09T02:12:51.6035962Z ^[[36;1m    summary.write('Revisão técnica continua humana. Este check não prepara RC, não pede avais e não distribui o aplicativo.\n')^[[0m
Flutter analyze e test	Explicar o alcance das verificações	2026-10-09T02:12:51.6036248Z ^[[36;1mPY^[[0m
Flutter analyze e test	Explicar o alcance das verificações	2026-10-09T02:12:51.6088421Z shell: /usr/bin/bash -e {0}
Flutter analyze e test	Explicar o alcance das verificações	2026-10-09T02:12:51.6088573Z ##[endgroup]
Flutter analyze e test	Post Checkout da combinação proposta pelo PR	﻿2026-10-09T02:12:51.6345367Z Post job cleanup.
Flutter analyze e test	Post Checkout da combinação proposta pelo PR	2026-10-09T02:12:51.6864890Z [command]/usr/bin/git version
Flutter analyze e test	Post Checkout da combinação proposta pelo PR	2026-10-09T02:12:51.6900369Z git version 2.55.0
Flutter analyze e test	Post Checkout da combinação proposta pelo PR	2026-10-09T02:12:51.6924365Z Temporarily overriding HOME='/home/runner/work/_temp/3dffcab0-1041-4885-824d-e97cff81b948' before making global git config changes
Flutter analyze e test	Post Checkout da combinação proposta pelo PR	2026-10-09T02:12:51.6925044Z Adding repository directory to the temporary git global config as a safe directory
Flutter analyze e test	Post Checkout da combinação proposta pelo PR	2026-10-09T02:12:51.6927634Z [command]/usr/bin/git config --global --add safe.directory /home/runner/work/flutter_code_push_example/flutter_code_push_example/app
Flutter analyze e test	Post Checkout da combinação proposta pelo PR	2026-10-09T02:12:51.6957157Z Removing SSH command configuration
Flutter analyze e test	Post Checkout da combinação proposta pelo PR	2026-10-09T02:12:51.6961670Z [command]/usr/bin/git config --local --name-only --get-regexp core\.sshCommand
Flutter analyze e test	Post Checkout da combinação proposta pelo PR	2026-10-09T02:12:51.6994819Z [command]/usr/bin/git submodule foreach --recursive sh -c "git config --local --name-only --get-regexp 'core\.sshCommand' && git config --local --unset-all 'core.sshCommand' || :"
Flutter analyze e test	Post Checkout da combinação proposta pelo PR	2026-10-09T02:12:51.7187054Z Removing HTTP extra header
Flutter analyze e test	Post Checkout da combinação proposta pelo PR	2026-10-09T02:12:51.7189836Z [command]/usr/bin/git config --local --name-only --get-regexp http\.https\:\/\/github\.com\/\.extraheader
Flutter analyze e test	Post Checkout da combinação proposta pelo PR	2026-10-09T02:12:51.7226173Z [command]/usr/bin/git submodule foreach --recursive sh -c "git config --local --name-only --get-regexp 'http\.https\:\/\/github\.com\/\.extraheader' && git config --local --unset-all 'http.https://github.com/.extraheader' || :"
Flutter analyze e test	Post Checkout da combinação proposta pelo PR	2026-10-09T02:12:51.7413206Z Removing includeIf entries pointing to credentials config files
Flutter analyze e test	Post Checkout da combinação proposta pelo PR	2026-10-09T02:12:51.7419106Z [command]/usr/bin/git config --local --name-only --get-regexp ^includeIf\.gitdir:
Flutter analyze e test	Post Checkout da combinação proposta pelo PR	2026-10-09T02:12:51.7451010Z [command]/usr/bin/git submodule foreach --recursive git config --local --show-origin --name-only --get-regexp remote.origin.url
Flutter analyze e test	Post Checkout das ferramentas da base revisada	﻿2026-10-09T02:12:51.7729713Z Post job cleanup.
Flutter analyze e test	Post Checkout das ferramentas da base revisada	2026-10-09T02:12:51.8405484Z [command]/usr/bin/git version
Flutter analyze e test	Post Checkout das ferramentas da base revisada	2026-10-09T02:12:51.8454936Z git version 2.55.0
Flutter analyze e test	Post Checkout das ferramentas da base revisada	2026-10-09T02:12:51.8480713Z Temporarily overriding HOME='/home/runner/work/_temp/fb5c72ef-1a9f-4a73-bd54-ff9d0007db38' before making global git config changes
Flutter analyze e test	Post Checkout das ferramentas da base revisada	2026-10-09T02:12:51.8481507Z Adding repository directory to the temporary git global config as a safe directory
Flutter analyze e test	Post Checkout das ferramentas da base revisada	2026-10-09T02:12:51.8487447Z [command]/usr/bin/git config --global --add safe.directory /home/runner/work/flutter_code_push_example/flutter_code_push_example/trusted
Flutter analyze e test	Post Checkout das ferramentas da base revisada	2026-10-09T02:12:51.8534030Z Removing SSH command configuration
Flutter analyze e test	Post Checkout das ferramentas da base revisada	2026-10-09T02:12:51.8539600Z [command]/usr/bin/git config --local --name-only --get-regexp core\.sshCommand
Flutter analyze e test	Post Checkout das ferramentas da base revisada	2026-10-09T02:12:51.8586622Z [command]/usr/bin/git submodule foreach --recursive sh -c "git config --local --name-only --get-regexp 'core\.sshCommand' && git config --local --unset-all 'core.sshCommand' || :"
Flutter analyze e test	Post Checkout das ferramentas da base revisada	2026-10-09T02:12:51.8807048Z Removing HTTP extra header
Flutter analyze e test	Post Checkout das ferramentas da base revisada	2026-10-09T02:12:51.8815613Z [command]/usr/bin/git config --local --name-only --get-regexp http\.https\:\/\/github\.com\/\.extraheader
Flutter analyze e test	Post Checkout das ferramentas da base revisada	2026-10-09T02:12:51.8842054Z [command]/usr/bin/git submodule foreach --recursive sh -c "git config --local --name-only --get-regexp 'http\.https\:\/\/github\.com\/\.extraheader' && git config --local --unset-all 'http.https://github.com/.extraheader' || :"
Flutter analyze e test	Post Checkout das ferramentas da base revisada	2026-10-09T02:12:51.9040086Z Removing includeIf entries pointing to credentials config files
Flutter analyze e test	Post Checkout das ferramentas da base revisada	2026-10-09T02:12:51.9048556Z [command]/usr/bin/git config --local --name-only --get-regexp ^includeIf\.gitdir:
Flutter analyze e test	Post Checkout das ferramentas da base revisada	2026-10-09T02:12:51.9082458Z [command]/usr/bin/git submodule foreach --recursive git config --local --show-origin --name-only --get-regexp remote.origin.url
Flutter analyze e test	Complete job	﻿2026-10-09T02:12:51.9396883Z Cleaning up orphan processes
