Flutter analyze e test	Set up job	﻿2026-10-08T22:20:09.9619077Z Current runner version: '2.337.0'
Flutter analyze e test	Set up job	2026-10-08T22:20:09.9647733Z ##[group]Runner Image Provisioner
Flutter analyze e test	Set up job	2026-10-08T22:20:09.9648754Z Hosted Compute Agent
Flutter analyze e test	Set up job	2026-10-08T22:20:09.9649393Z Version: 20261002.596
Flutter analyze e test	Set up job	2026-10-08T22:20:09.9650048Z Commit: c3d12f3313a95f25162a1503be624f3b0617f8c0
Flutter analyze e test	Set up job	2026-10-08T22:20:09.9651215Z Build Date: 2026-10-02T22:28:27Z
Flutter analyze e test	Set up job	2026-10-08T22:20:09.9652006Z Worker ID: {508e9dbd-ec65-433c-8e62-642241463ff9}
Flutter analyze e test	Set up job	2026-10-08T22:20:09.9652733Z Region: westus
Flutter analyze e test	Set up job	2026-10-08T22:20:09.9653386Z Cloud: Azure
Flutter analyze e test	Set up job	2026-10-08T22:20:09.9653950Z ##[endgroup]
Flutter analyze e test	Set up job	2026-10-08T22:20:09.9655578Z ##[group]Operating System
Flutter analyze e test	Set up job	2026-10-08T22:20:09.9656356Z Ubuntu
Flutter analyze e test	Set up job	2026-10-08T22:20:09.9656915Z 24.04.5
Flutter analyze e test	Set up job	2026-10-08T22:20:09.9657516Z LTS
Flutter analyze e test	Set up job	2026-10-08T22:20:09.9658054Z ##[endgroup]
Flutter analyze e test	Set up job	2026-10-08T22:20:09.9658659Z ##[group]Runner Image
Flutter analyze e test	Set up job	2026-10-08T22:20:09.9659344Z Image: ubuntu-24.04
Flutter analyze e test	Set up job	2026-10-08T22:20:09.9659931Z Version: 20261004.327.1
Flutter analyze e test	Set up job	2026-10-08T22:20:09.9661428Z Included Software: https://github.com/actions/runner-images/blob/ubuntu24/20261004.327/images/ubuntu/Ubuntu2404-Readme.md
Flutter analyze e test	Set up job	2026-10-08T22:20:09.9663392Z Image Release: https://github.com/actions/runner-images/releases/tag/ubuntu24%2F20261004.327
Flutter analyze e test	Set up job	2026-10-08T22:20:09.9664458Z ##[endgroup]
Flutter analyze e test	Set up job	2026-10-08T22:20:09.9665648Z ##[group]GITHUB_TOKEN Permissions
Flutter analyze e test	Set up job	2026-10-08T22:20:09.9667895Z Contents: read
Flutter analyze e test	Set up job	2026-10-08T22:20:09.9668613Z Metadata: read
Flutter analyze e test	Set up job	2026-10-08T22:20:09.9669323Z ##[endgroup]
Flutter analyze e test	Set up job	2026-10-08T22:20:09.9671898Z Secret source: Actions
Flutter analyze e test	Set up job	2026-10-08T22:20:09.9672999Z Cache mode: write
Flutter analyze e test	Set up job	2026-10-08T22:20:09.9673760Z Prepare workflow directory
Flutter analyze e test	Set up job	2026-10-08T22:20:10.0027622Z Prepare all required actions
Flutter analyze e test	Set up job	2026-10-08T22:20:10.0078479Z Getting action download info
Flutter analyze e test	Set up job	2026-10-08T22:20:10.3580909Z Download action repository 'actions/checkout@11d5960a326750d5838078e36cf38b85af677262' (SHA:11d5960a326750d5838078e36cf38b85af677262)
Flutter analyze e test	Set up job	2026-10-08T22:20:10.5800561Z Complete job name: Flutter analyze e test
Flutter analyze e test	Checkout das ferramentas da base revisada	﻿2026-10-08T22:20:10.6639070Z ##[group]Run actions/checkout@11d5960a326750d5838078e36cf38b85af677262
Flutter analyze e test	Checkout das ferramentas da base revisada	2026-10-08T22:20:10.6640175Z with:
Flutter analyze e test	Checkout das ferramentas da base revisada	2026-10-08T22:20:10.6640988Z   ref: 9c4ad37fc415a98ef2a8cfdc5be8d5cf97fe35b0
Flutter analyze e test	Checkout das ferramentas da base revisada	2026-10-08T22:20:10.6641603Z   path: trusted
Flutter analyze e test	Checkout das ferramentas da base revisada	2026-10-08T22:20:10.6642073Z   persist-credentials: false
Flutter analyze e test	Checkout das ferramentas da base revisada	2026-10-08T22:20:10.6642694Z   repository: israelhudson/flutter_code_push_example
Flutter analyze e test	Checkout das ferramentas da base revisada	2026-10-08T22:20:10.6646473Z   token: ***
Flutter analyze e test	Checkout das ferramentas da base revisada	2026-10-08T22:20:10.6646910Z   ssh-strict: true
Flutter analyze e test	Checkout das ferramentas da base revisada	2026-10-08T22:20:10.6647357Z   ssh-user: git
Flutter analyze e test	Checkout das ferramentas da base revisada	2026-10-08T22:20:10.6647783Z   clean: true
Flutter analyze e test	Checkout das ferramentas da base revisada	2026-10-08T22:20:10.6648235Z   sparse-checkout-cone-mode: true
Flutter analyze e test	Checkout das ferramentas da base revisada	2026-10-08T22:20:10.6648763Z   fetch-depth: 1
Flutter analyze e test	Checkout das ferramentas da base revisada	2026-10-08T22:20:10.6649194Z   fetch-tags: false
Flutter analyze e test	Checkout das ferramentas da base revisada	2026-10-08T22:20:10.6649643Z   show-progress: true
Flutter analyze e test	Checkout das ferramentas da base revisada	2026-10-08T22:20:10.6650091Z   lfs: false
Flutter analyze e test	Checkout das ferramentas da base revisada	2026-10-08T22:20:10.6650506Z   submodules: false
Flutter analyze e test	Checkout das ferramentas da base revisada	2026-10-08T22:20:10.6651104Z   set-safe-directory: true
Flutter analyze e test	Checkout das ferramentas da base revisada	2026-10-08T22:20:10.6651611Z   allow-unsafe-pr-checkout: false
Flutter analyze e test	Checkout das ferramentas da base revisada	2026-10-08T22:20:10.6652462Z ##[endgroup]
Flutter analyze e test	Checkout das ferramentas da base revisada	2026-10-08T22:20:10.7705621Z Syncing repository: israelhudson/flutter_code_push_example
Flutter analyze e test	Checkout das ferramentas da base revisada	2026-10-08T22:20:10.7708646Z ##[group]Getting Git version info
Flutter analyze e test	Checkout das ferramentas da base revisada	2026-10-08T22:20:10.7710244Z Working directory is '/home/runner/work/flutter_code_push_example/flutter_code_push_example/trusted'
Flutter analyze e test	Checkout das ferramentas da base revisada	2026-10-08T22:20:10.7712678Z [command]/usr/bin/git version
Flutter analyze e test	Checkout das ferramentas da base revisada	2026-10-08T22:20:10.7778429Z git version 2.55.0
Flutter analyze e test	Checkout das ferramentas da base revisada	2026-10-08T22:20:10.7801520Z ##[endgroup]
Flutter analyze e test	Checkout das ferramentas da base revisada	2026-10-08T22:20:10.7827775Z Temporarily overriding HOME='/home/runner/work/_temp/a34cd6ee-49bc-4f91-bb45-87726d7387eb' before making global git config changes
Flutter analyze e test	Checkout das ferramentas da base revisada	2026-10-08T22:20:10.7842865Z Adding repository directory to the temporary git global config as a safe directory
Flutter analyze e test	Checkout das ferramentas da base revisada	2026-10-08T22:20:10.7845157Z [command]/usr/bin/git config --global --add safe.directory /home/runner/work/flutter_code_push_example/flutter_code_push_example/trusted
Flutter analyze e test	Checkout das ferramentas da base revisada	2026-10-08T22:20:10.7885358Z ##[group]Initializing the repository
Flutter analyze e test	Checkout das ferramentas da base revisada	2026-10-08T22:20:10.7890262Z [command]/usr/bin/git init /home/runner/work/flutter_code_push_example/flutter_code_push_example/trusted
Flutter analyze e test	Checkout das ferramentas da base revisada	2026-10-08T22:20:10.7997890Z hint: Using 'master' as the name for the initial branch. This default branch name
Flutter analyze e test	Checkout das ferramentas da base revisada	2026-10-08T22:20:10.8000181Z hint: will change to "main" in Git 3.0. To configure the initial branch name
Flutter analyze e test	Checkout das ferramentas da base revisada	2026-10-08T22:20:10.8002202Z hint: to use in all of your new repositories, which will suppress this warning,
Flutter analyze e test	Checkout das ferramentas da base revisada	2026-10-08T22:20:10.8003870Z hint: call:
Flutter analyze e test	Checkout das ferramentas da base revisada	2026-10-08T22:20:10.8004775Z hint:
Flutter analyze e test	Checkout das ferramentas da base revisada	2026-10-08T22:20:10.8005861Z hint: 	git config --global init.defaultBranch <name>
Flutter analyze e test	Checkout das ferramentas da base revisada	2026-10-08T22:20:10.8007304Z hint:
Flutter analyze e test	Checkout das ferramentas da base revisada	2026-10-08T22:20:10.8009102Z hint: Names commonly chosen instead of 'master' are 'main', 'trunk' and
Flutter analyze e test	Checkout das ferramentas da base revisada	2026-10-08T22:20:10.8011610Z hint: 'development'. The just-created branch can be renamed via this command:
Flutter analyze e test	Checkout das ferramentas da base revisada	2026-10-08T22:20:10.8012849Z hint:
Flutter analyze e test	Checkout das ferramentas da base revisada	2026-10-08T22:20:10.8013744Z hint: 	git branch -m <name>
Flutter analyze e test	Checkout das ferramentas da base revisada	2026-10-08T22:20:10.8014748Z hint:
Flutter analyze e test	Checkout das ferramentas da base revisada	2026-10-08T22:20:10.8016009Z hint: Disable this message with "git config set advice.defaultBranchName false"
Flutter analyze e test	Checkout das ferramentas da base revisada	2026-10-08T22:20:10.8017986Z Initialized empty Git repository in /home/runner/work/flutter_code_push_example/flutter_code_push_example/trusted/.git/
Flutter analyze e test	Checkout das ferramentas da base revisada	2026-10-08T22:20:10.8022430Z [command]/usr/bin/git remote add origin https://github.com/israelhudson/flutter_code_push_example
Flutter analyze e test	Checkout das ferramentas da base revisada	2026-10-08T22:20:10.8078282Z ##[endgroup]
Flutter analyze e test	Checkout das ferramentas da base revisada	2026-10-08T22:20:10.8079556Z ##[group]Disabling automatic garbage collection
Flutter analyze e test	Checkout das ferramentas da base revisada	2026-10-08T22:20:10.8083577Z [command]/usr/bin/git config --local gc.auto 0
Flutter analyze e test	Checkout das ferramentas da base revisada	2026-10-08T22:20:10.8118432Z ##[endgroup]
Flutter analyze e test	Checkout das ferramentas da base revisada	2026-10-08T22:20:10.8119645Z ##[group]Setting up auth
Flutter analyze e test	Checkout das ferramentas da base revisada	2026-10-08T22:20:10.8127130Z [command]/usr/bin/git config --local --name-only --get-regexp core\.sshCommand
Flutter analyze e test	Checkout das ferramentas da base revisada	2026-10-08T22:20:10.8166087Z [command]/usr/bin/git submodule foreach --recursive sh -c "git config --local --name-only --get-regexp 'core\.sshCommand' && git config --local --unset-all 'core.sshCommand' || :"
Flutter analyze e test	Checkout das ferramentas da base revisada	2026-10-08T22:20:10.8568030Z [command]/usr/bin/git config --local --name-only --get-regexp http\.https\:\/\/github\.com\/\.extraheader
Flutter analyze e test	Checkout das ferramentas da base revisada	2026-10-08T22:20:10.8610525Z [command]/usr/bin/git submodule foreach --recursive sh -c "git config --local --name-only --get-regexp 'http\.https\:\/\/github\.com\/\.extraheader' && git config --local --unset-all 'http.https://github.com/.extraheader' || :"
Flutter analyze e test	Checkout das ferramentas da base revisada	2026-10-08T22:20:10.8893162Z [command]/usr/bin/git config --local --name-only --get-regexp ^includeIf\.gitdir:
Flutter analyze e test	Checkout das ferramentas da base revisada	2026-10-08T22:20:10.8932353Z [command]/usr/bin/git submodule foreach --recursive git config --local --show-origin --name-only --get-regexp remote.origin.url
Flutter analyze e test	Checkout das ferramentas da base revisada	2026-10-08T22:20:10.9169896Z [command]/usr/bin/git config --local http.https://github.com/.extraheader AUTHORIZATION: basic ***
Flutter analyze e test	Checkout das ferramentas da base revisada	2026-10-08T22:20:10.9213642Z ##[endgroup]
Flutter analyze e test	Checkout das ferramentas da base revisada	2026-10-08T22:20:10.9214706Z ##[group]Fetching the repository
Flutter analyze e test	Checkout das ferramentas da base revisada	2026-10-08T22:20:10.9224205Z [command]/usr/bin/git -c protocol.version=2 fetch --no-tags --prune --no-recurse-submodules --depth=1 origin 9c4ad37fc415a98ef2a8cfdc5be8d5cf97fe35b0
Flutter analyze e test	Checkout das ferramentas da base revisada	2026-10-08T22:20:11.4373137Z From https://github.com/israelhudson/flutter_code_push_example
Flutter analyze e test	Checkout das ferramentas da base revisada	2026-10-08T22:20:11.4374931Z  * branch            9c4ad37fc415a98ef2a8cfdc5be8d5cf97fe35b0 -> FETCH_HEAD
Flutter analyze e test	Checkout das ferramentas da base revisada	2026-10-08T22:20:11.4378971Z ##[endgroup]
Flutter analyze e test	Checkout das ferramentas da base revisada	2026-10-08T22:20:11.4380387Z ##[group]Determining the checkout info
Flutter analyze e test	Checkout das ferramentas da base revisada	2026-10-08T22:20:11.4383105Z ##[endgroup]
Flutter analyze e test	Checkout das ferramentas da base revisada	2026-10-08T22:20:11.4388381Z [command]/usr/bin/git sparse-checkout disable
Flutter analyze e test	Checkout das ferramentas da base revisada	2026-10-08T22:20:11.4455697Z [command]/usr/bin/git config --local --unset-all extensions.worktreeConfig
Flutter analyze e test	Checkout das ferramentas da base revisada	2026-10-08T22:20:11.4491873Z ##[group]Checking out the ref
Flutter analyze e test	Checkout das ferramentas da base revisada	2026-10-08T22:20:11.4496117Z [command]/usr/bin/git checkout --progress --force 9c4ad37fc415a98ef2a8cfdc5be8d5cf97fe35b0
Flutter analyze e test	Checkout das ferramentas da base revisada	2026-10-08T22:20:11.4743399Z Note: switching to '9c4ad37fc415a98ef2a8cfdc5be8d5cf97fe35b0'.
Flutter analyze e test	Checkout das ferramentas da base revisada	2026-10-08T22:20:11.4744278Z 
Flutter analyze e test	Checkout das ferramentas da base revisada	2026-10-08T22:20:11.4744748Z You are in 'detached HEAD' state. You can look around, make experimental
Flutter analyze e test	Checkout das ferramentas da base revisada	2026-10-08T22:20:11.4745832Z changes and commit them, and you can discard any commits you make in this
Flutter analyze e test	Checkout das ferramentas da base revisada	2026-10-08T22:20:11.4746892Z state without impacting any branches by switching back to a branch.
Flutter analyze e test	Checkout das ferramentas da base revisada	2026-10-08T22:20:11.4747547Z 
Flutter analyze e test	Checkout das ferramentas da base revisada	2026-10-08T22:20:11.4747960Z If you want to create a new branch to retain commits you create, you may
Flutter analyze e test	Checkout das ferramentas da base revisada	2026-10-08T22:20:11.4749226Z do so (now or later) by using -c with the switch command. Example:
Flutter analyze e test	Checkout das ferramentas da base revisada	2026-10-08T22:20:11.4749803Z 
Flutter analyze e test	Checkout das ferramentas da base revisada	2026-10-08T22:20:11.4750050Z   git switch -c <new-branch-name>
Flutter analyze e test	Checkout das ferramentas da base revisada	2026-10-08T22:20:11.4750447Z 
Flutter analyze e test	Checkout das ferramentas da base revisada	2026-10-08T22:20:11.4750959Z Or undo this operation with:
Flutter analyze e test	Checkout das ferramentas da base revisada	2026-10-08T22:20:11.4751519Z 
Flutter analyze e test	Checkout das ferramentas da base revisada	2026-10-08T22:20:11.4751836Z   git switch -
Flutter analyze e test	Checkout das ferramentas da base revisada	2026-10-08T22:20:11.4752136Z 
Flutter analyze e test	Checkout das ferramentas da base revisada	2026-10-08T22:20:11.4752604Z Turn off this advice by setting config variable advice.detachedHead to false
Flutter analyze e test	Checkout das ferramentas da base revisada	2026-10-08T22:20:11.4753273Z 
Flutter analyze e test	Checkout das ferramentas da base revisada	2026-10-08T22:20:11.4753847Z HEAD is now at 9c4ad37 Merge pull request #14 from israelhudson/codex/release-lab-real-promotion
Flutter analyze e test	Checkout das ferramentas da base revisada	2026-10-08T22:20:11.4756917Z ##[endgroup]
Flutter analyze e test	Checkout das ferramentas da base revisada	2026-10-08T22:20:11.4807391Z [command]/usr/bin/git log -1 --format=%H
Flutter analyze e test	Checkout das ferramentas da base revisada	2026-10-08T22:20:11.4838408Z 9c4ad37fc415a98ef2a8cfdc5be8d5cf97fe35b0
Flutter analyze e test	Checkout das ferramentas da base revisada	2026-10-08T22:20:11.4848665Z ##[group]Removing auth
Flutter analyze e test	Checkout das ferramentas da base revisada	2026-10-08T22:20:11.4852847Z [command]/usr/bin/git config --local --name-only --get-regexp core\.sshCommand
Flutter analyze e test	Checkout das ferramentas da base revisada	2026-10-08T22:20:11.4890974Z [command]/usr/bin/git submodule foreach --recursive sh -c "git config --local --name-only --get-regexp 'core\.sshCommand' && git config --local --unset-all 'core.sshCommand' || :"
Flutter analyze e test	Checkout das ferramentas da base revisada	2026-10-08T22:20:11.5129655Z [command]/usr/bin/git config --local --name-only --get-regexp http\.https\:\/\/github\.com\/\.extraheader
Flutter analyze e test	Checkout das ferramentas da base revisada	2026-10-08T22:20:11.5161403Z http.https://github.com/.extraheader
Flutter analyze e test	Checkout das ferramentas da base revisada	2026-10-08T22:20:11.5171122Z [command]/usr/bin/git config --local --unset-all http.https://github.com/.extraheader
Flutter analyze e test	Checkout das ferramentas da base revisada	2026-10-08T22:20:11.5228735Z [command]/usr/bin/git submodule foreach --recursive sh -c "git config --local --name-only --get-regexp 'http\.https\:\/\/github\.com\/\.extraheader' && git config --local --unset-all 'http.https://github.com/.extraheader' || :"
Flutter analyze e test	Checkout das ferramentas da base revisada	2026-10-08T22:20:11.5465793Z [command]/usr/bin/git config --local --name-only --get-regexp ^includeIf\.gitdir:
Flutter analyze e test	Checkout das ferramentas da base revisada	2026-10-08T22:20:11.5502705Z [command]/usr/bin/git submodule foreach --recursive git config --local --show-origin --name-only --get-regexp remote.origin.url
Flutter analyze e test	Checkout das ferramentas da base revisada	2026-10-08T22:20:11.5736330Z ##[endgroup]
Flutter analyze e test	Checkout da combinação proposta pelo PR	﻿2026-10-08T22:20:11.6109912Z ##[group]Run actions/checkout@11d5960a326750d5838078e36cf38b85af677262
Flutter analyze e test	Checkout da combinação proposta pelo PR	2026-10-08T22:20:11.6111051Z with:
Flutter analyze e test	Checkout da combinação proposta pelo PR	2026-10-08T22:20:11.6111513Z   path: app
Flutter analyze e test	Checkout da combinação proposta pelo PR	2026-10-08T22:20:11.6112025Z   persist-credentials: false
Flutter analyze e test	Checkout da combinação proposta pelo PR	2026-10-08T22:20:11.6112702Z   repository: israelhudson/flutter_code_push_example
Flutter analyze e test	Checkout da combinação proposta pelo PR	2026-10-08T22:20:11.6116783Z   token: ***
Flutter analyze e test	Checkout da combinação proposta pelo PR	2026-10-08T22:20:11.6117224Z   ssh-strict: true
Flutter analyze e test	Checkout da combinação proposta pelo PR	2026-10-08T22:20:11.6117667Z   ssh-user: git
Flutter analyze e test	Checkout da combinação proposta pelo PR	2026-10-08T22:20:11.6118094Z   clean: true
Flutter analyze e test	Checkout da combinação proposta pelo PR	2026-10-08T22:20:11.6118548Z   sparse-checkout-cone-mode: true
Flutter analyze e test	Checkout da combinação proposta pelo PR	2026-10-08T22:20:11.6119089Z   fetch-depth: 1
Flutter analyze e test	Checkout da combinação proposta pelo PR	2026-10-08T22:20:11.6119528Z   fetch-tags: false
Flutter analyze e test	Checkout da combinação proposta pelo PR	2026-10-08T22:20:11.6119981Z   show-progress: true
Flutter analyze e test	Checkout da combinação proposta pelo PR	2026-10-08T22:20:11.6120437Z   lfs: false
Flutter analyze e test	Checkout da combinação proposta pelo PR	2026-10-08T22:20:11.6120996Z   submodules: false
Flutter analyze e test	Checkout da combinação proposta pelo PR	2026-10-08T22:20:11.6121461Z   set-safe-directory: true
Flutter analyze e test	Checkout da combinação proposta pelo PR	2026-10-08T22:20:11.6121980Z   allow-unsafe-pr-checkout: false
Flutter analyze e test	Checkout da combinação proposta pelo PR	2026-10-08T22:20:11.6122517Z ##[endgroup]
Flutter analyze e test	Checkout da combinação proposta pelo PR	2026-10-08T22:20:11.7020502Z Syncing repository: israelhudson/flutter_code_push_example
Flutter analyze e test	Checkout da combinação proposta pelo PR	2026-10-08T22:20:11.7026297Z ##[group]Getting Git version info
Flutter analyze e test	Checkout da combinação proposta pelo PR	2026-10-08T22:20:11.7028200Z Working directory is '/home/runner/work/flutter_code_push_example/flutter_code_push_example/app'
Flutter analyze e test	Checkout da combinação proposta pelo PR	2026-10-08T22:20:11.7052689Z [command]/usr/bin/git version
Flutter analyze e test	Checkout da combinação proposta pelo PR	2026-10-08T22:20:11.7099735Z git version 2.55.0
Flutter analyze e test	Checkout da combinação proposta pelo PR	2026-10-08T22:20:11.7121865Z ##[endgroup]
Flutter analyze e test	Checkout da combinação proposta pelo PR	2026-10-08T22:20:11.7136994Z Temporarily overriding HOME='/home/runner/work/_temp/2bfd9b1d-1c05-4e43-981d-32057a1dfd7d' before making global git config changes
Flutter analyze e test	Checkout da combinação proposta pelo PR	2026-10-08T22:20:11.7139435Z Adding repository directory to the temporary git global config as a safe directory
Flutter analyze e test	Checkout da combinação proposta pelo PR	2026-10-08T22:20:11.7143330Z [command]/usr/bin/git config --global --add safe.directory /home/runner/work/flutter_code_push_example/flutter_code_push_example/app
Flutter analyze e test	Checkout da combinação proposta pelo PR	2026-10-08T22:20:11.7182858Z ##[group]Initializing the repository
Flutter analyze e test	Checkout da combinação proposta pelo PR	2026-10-08T22:20:11.7187345Z [command]/usr/bin/git init /home/runner/work/flutter_code_push_example/flutter_code_push_example/app
Flutter analyze e test	Checkout da combinação proposta pelo PR	2026-10-08T22:20:11.7234384Z hint: Using 'master' as the name for the initial branch. This default branch name
Flutter analyze e test	Checkout da combinação proposta pelo PR	2026-10-08T22:20:11.7236538Z hint: will change to "main" in Git 3.0. To configure the initial branch name
Flutter analyze e test	Checkout da combinação proposta pelo PR	2026-10-08T22:20:11.7240356Z hint: to use in all of your new repositories, which will suppress this warning,
Flutter analyze e test	Checkout da combinação proposta pelo PR	2026-10-08T22:20:11.7242405Z hint: call:
Flutter analyze e test	Checkout da combinação proposta pelo PR	2026-10-08T22:20:11.7243393Z hint:
Flutter analyze e test	Checkout da combinação proposta pelo PR	2026-10-08T22:20:11.7244314Z hint: 	git config --global init.defaultBranch <name>
Flutter analyze e test	Checkout da combinação proposta pelo PR	2026-10-08T22:20:11.7245477Z hint:
Flutter analyze e test	Checkout da combinação proposta pelo PR	2026-10-08T22:20:11.7246651Z hint: Names commonly chosen instead of 'master' are 'main', 'trunk' and
Flutter analyze e test	Checkout da combinação proposta pelo PR	2026-10-08T22:20:11.7248961Z hint: 'development'. The just-created branch can be renamed via this command:
Flutter analyze e test	Checkout da combinação proposta pelo PR	2026-10-08T22:20:11.7250426Z hint:
Flutter analyze e test	Checkout da combinação proposta pelo PR	2026-10-08T22:20:11.7251479Z hint: 	git branch -m <name>
Flutter analyze e test	Checkout da combinação proposta pelo PR	2026-10-08T22:20:11.7252341Z hint:
Flutter analyze e test	Checkout da combinação proposta pelo PR	2026-10-08T22:20:11.7253422Z hint: Disable this message with "git config set advice.defaultBranchName false"
Flutter analyze e test	Checkout da combinação proposta pelo PR	2026-10-08T22:20:11.7255626Z Initialized empty Git repository in /home/runner/work/flutter_code_push_example/flutter_code_push_example/app/.git/
Flutter analyze e test	Checkout da combinação proposta pelo PR	2026-10-08T22:20:11.7258413Z [command]/usr/bin/git remote add origin https://github.com/israelhudson/flutter_code_push_example
Flutter analyze e test	Checkout da combinação proposta pelo PR	2026-10-08T22:20:11.7296094Z ##[endgroup]
Flutter analyze e test	Checkout da combinação proposta pelo PR	2026-10-08T22:20:11.7297627Z ##[group]Disabling automatic garbage collection
Flutter analyze e test	Checkout da combinação proposta pelo PR	2026-10-08T22:20:11.7300627Z [command]/usr/bin/git config --local gc.auto 0
Flutter analyze e test	Checkout da combinação proposta pelo PR	2026-10-08T22:20:11.7339649Z ##[endgroup]
Flutter analyze e test	Checkout da combinação proposta pelo PR	2026-10-08T22:20:11.7341887Z ##[group]Setting up auth
Flutter analyze e test	Checkout da combinação proposta pelo PR	2026-10-08T22:20:11.7347688Z [command]/usr/bin/git config --local --name-only --get-regexp core\.sshCommand
Flutter analyze e test	Checkout da combinação proposta pelo PR	2026-10-08T22:20:11.7388313Z [command]/usr/bin/git submodule foreach --recursive sh -c "git config --local --name-only --get-regexp 'core\.sshCommand' && git config --local --unset-all 'core.sshCommand' || :"
Flutter analyze e test	Checkout da combinação proposta pelo PR	2026-10-08T22:20:11.7663047Z [command]/usr/bin/git config --local --name-only --get-regexp http\.https\:\/\/github\.com\/\.extraheader
Flutter analyze e test	Checkout da combinação proposta pelo PR	2026-10-08T22:20:11.7714926Z [command]/usr/bin/git submodule foreach --recursive sh -c "git config --local --name-only --get-regexp 'http\.https\:\/\/github\.com\/\.extraheader' && git config --local --unset-all 'http.https://github.com/.extraheader' || :"
Flutter analyze e test	Checkout da combinação proposta pelo PR	2026-10-08T22:20:11.8042719Z [command]/usr/bin/git config --local --name-only --get-regexp ^includeIf\.gitdir:
Flutter analyze e test	Checkout da combinação proposta pelo PR	2026-10-08T22:20:11.8092388Z [command]/usr/bin/git submodule foreach --recursive git config --local --show-origin --name-only --get-regexp remote.origin.url
Flutter analyze e test	Checkout da combinação proposta pelo PR	2026-10-08T22:20:11.8398917Z [command]/usr/bin/git config --local http.https://github.com/.extraheader AUTHORIZATION: basic ***
Flutter analyze e test	Checkout da combinação proposta pelo PR	2026-10-08T22:20:11.8446475Z ##[endgroup]
Flutter analyze e test	Checkout da combinação proposta pelo PR	2026-10-08T22:20:11.8448432Z ##[group]Fetching the repository
Flutter analyze e test	Checkout da combinação proposta pelo PR	2026-10-08T22:20:11.8461195Z [command]/usr/bin/git -c protocol.version=2 fetch --no-tags --prune --no-recurse-submodules --depth=1 origin +ad3d7ecd0306c02b0a062de9e353ad4c2cfccade:refs/remotes/pull/16/merge
Flutter analyze e test	Checkout da combinação proposta pelo PR	2026-10-08T22:20:12.3482007Z From https://github.com/israelhudson/flutter_code_push_example
Flutter analyze e test	Checkout da combinação proposta pelo PR	2026-10-08T22:20:12.3492282Z  * [new ref]         ad3d7ecd0306c02b0a062de9e353ad4c2cfccade -> pull/16/merge
Flutter analyze e test	Checkout da combinação proposta pelo PR	2026-10-08T22:20:12.3494980Z ##[endgroup]
Flutter analyze e test	Checkout da combinação proposta pelo PR	2026-10-08T22:20:12.3495904Z ##[group]Determining the checkout info
Flutter analyze e test	Checkout da combinação proposta pelo PR	2026-10-08T22:20:12.3497146Z ##[endgroup]
Flutter analyze e test	Checkout da combinação proposta pelo PR	2026-10-08T22:20:12.3497890Z [command]/usr/bin/git sparse-checkout disable
Flutter analyze e test	Checkout da combinação proposta pelo PR	2026-10-08T22:20:12.3549881Z [command]/usr/bin/git config --local --unset-all extensions.worktreeConfig
Flutter analyze e test	Checkout da combinação proposta pelo PR	2026-10-08T22:20:12.3626942Z ##[group]Checking out the ref
Flutter analyze e test	Checkout da combinação proposta pelo PR	2026-10-08T22:20:12.3631695Z [command]/usr/bin/git checkout --progress --force refs/remotes/pull/16/merge
Flutter analyze e test	Checkout da combinação proposta pelo PR	2026-10-08T22:20:12.3857651Z Note: switching to 'refs/remotes/pull/16/merge'.
Flutter analyze e test	Checkout da combinação proposta pelo PR	2026-10-08T22:20:12.3859490Z 
Flutter analyze e test	Checkout da combinação proposta pelo PR	2026-10-08T22:20:12.3860451Z You are in 'detached HEAD' state. You can look around, make experimental
Flutter analyze e test	Checkout da combinação proposta pelo PR	2026-10-08T22:20:12.3871865Z changes and commit them, and you can discard any commits you make in this
Flutter analyze e test	Checkout da combinação proposta pelo PR	2026-10-08T22:20:12.3872564Z state without impacting any branches by switching back to a branch.
Flutter analyze e test	Checkout da combinação proposta pelo PR	2026-10-08T22:20:12.3872927Z 
Flutter analyze e test	Checkout da combinação proposta pelo PR	2026-10-08T22:20:12.3873517Z If you want to create a new branch to retain commits you create, you may
Flutter analyze e test	Checkout da combinação proposta pelo PR	2026-10-08T22:20:12.3874145Z do so (now or later) by using -c with the switch command. Example:
Flutter analyze e test	Checkout da combinação proposta pelo PR	2026-10-08T22:20:12.3874502Z 
Flutter analyze e test	Checkout da combinação proposta pelo PR	2026-10-08T22:20:12.3874675Z   git switch -c <new-branch-name>
Flutter analyze e test	Checkout da combinação proposta pelo PR	2026-10-08T22:20:12.3874939Z 
Flutter analyze e test	Checkout da combinação proposta pelo PR	2026-10-08T22:20:12.3875097Z Or undo this operation with:
Flutter analyze e test	Checkout da combinação proposta pelo PR	2026-10-08T22:20:12.3875338Z 
Flutter analyze e test	Checkout da combinação proposta pelo PR	2026-10-08T22:20:12.3875471Z   git switch -
Flutter analyze e test	Checkout da combinação proposta pelo PR	2026-10-08T22:20:12.3875700Z 
Flutter analyze e test	Checkout da combinação proposta pelo PR	2026-10-08T22:20:12.3876018Z Turn off this advice by setting config variable advice.detachedHead to false
Flutter analyze e test	Checkout da combinação proposta pelo PR	2026-10-08T22:20:12.3876417Z 
Flutter analyze e test	Checkout da combinação proposta pelo PR	2026-10-08T22:20:12.3876892Z HEAD is now at ad3d7ec Merge f74dcb37150fd608b202a1356c1c29d270d8bd32 into 9c4ad37fc415a98ef2a8cfdc5be8d5cf97fe35b0
Flutter analyze e test	Checkout da combinação proposta pelo PR	2026-10-08T22:20:12.3878512Z ##[endgroup]
Flutter analyze e test	Checkout da combinação proposta pelo PR	2026-10-08T22:20:12.3929876Z [command]/usr/bin/git log -1 --format=%H
Flutter analyze e test	Checkout da combinação proposta pelo PR	2026-10-08T22:20:12.3951411Z ad3d7ecd0306c02b0a062de9e353ad4c2cfccade
Flutter analyze e test	Checkout da combinação proposta pelo PR	2026-10-08T22:20:12.3963665Z ##[group]Removing auth
Flutter analyze e test	Checkout da combinação proposta pelo PR	2026-10-08T22:20:12.3966169Z [command]/usr/bin/git config --local --name-only --get-regexp core\.sshCommand
Flutter analyze e test	Checkout da combinação proposta pelo PR	2026-10-08T22:20:12.4013046Z [command]/usr/bin/git submodule foreach --recursive sh -c "git config --local --name-only --get-regexp 'core\.sshCommand' && git config --local --unset-all 'core.sshCommand' || :"
Flutter analyze e test	Checkout da combinação proposta pelo PR	2026-10-08T22:20:12.4279866Z [command]/usr/bin/git config --local --name-only --get-regexp http\.https\:\/\/github\.com\/\.extraheader
Flutter analyze e test	Checkout da combinação proposta pelo PR	2026-10-08T22:20:12.4313017Z http.https://github.com/.extraheader
Flutter analyze e test	Checkout da combinação proposta pelo PR	2026-10-08T22:20:12.4322141Z [command]/usr/bin/git config --local --unset-all http.https://github.com/.extraheader
Flutter analyze e test	Checkout da combinação proposta pelo PR	2026-10-08T22:20:12.4418679Z [command]/usr/bin/git submodule foreach --recursive sh -c "git config --local --name-only --get-regexp 'http\.https\:\/\/github\.com\/\.extraheader' && git config --local --unset-all 'http.https://github.com/.extraheader' || :"
Flutter analyze e test	Checkout da combinação proposta pelo PR	2026-10-08T22:20:12.4657561Z [command]/usr/bin/git config --local --name-only --get-regexp ^includeIf\.gitdir:
Flutter analyze e test	Checkout da combinação proposta pelo PR	2026-10-08T22:20:12.4697797Z [command]/usr/bin/git submodule foreach --recursive git config --local --show-origin --name-only --get-regexp remote.origin.url
Flutter analyze e test	Checkout da combinação proposta pelo PR	2026-10-08T22:20:12.4926737Z ##[endgroup]
Flutter analyze e test	Instalar Flutter fixado na candidata	﻿2026-10-08T22:20:12.5182622Z Prepare all required actions
Flutter analyze e test	Instalar Flutter fixado na candidata	2026-10-08T22:20:12.5268442Z ##[group]Run ./trusted/.github/actions/setup-flutter
Flutter analyze e test	Instalar Flutter fixado na candidata	2026-10-08T22:20:12.5268912Z with:
Flutter analyze e test	Instalar Flutter fixado na candidata	2026-10-08T22:20:12.5269240Z   build-inputs: app/delivery/build-inputs.json
Flutter analyze e test	Instalar Flutter fixado na candidata	2026-10-08T22:20:12.5269642Z ##[endgroup]
Flutter analyze e test	Instalar Flutter fixado na candidata	2026-10-08T22:20:12.5334307Z ##[start-action display=Run python3 - <<'PY';id=__self.inputs]
Flutter analyze e test	Instalar Flutter fixado na candidata	2026-10-08T22:20:12.5383073Z ##[group]Run python3 - <<'PY'
Flutter analyze e test	Instalar Flutter fixado na candidata	2026-10-08T22:20:12.5383593Z ^[[36;1mpython3 - <<'PY'^[[0m
Flutter analyze e test	Instalar Flutter fixado na candidata	2026-10-08T22:20:12.5383947Z ^[[36;1mimport json, os, re^[[0m
Flutter analyze e test	Instalar Flutter fixado na candidata	2026-10-08T22:20:12.5384285Z ^[[36;1mfrom pathlib import Path^[[0m
Flutter analyze e test	Instalar Flutter fixado na candidata	2026-10-08T22:20:12.5384735Z ^[[36;1mworkspace = Path(os.environ['GITHUB_WORKSPACE']).resolve()^[[0m
Flutter analyze e test	Instalar Flutter fixado na candidata	2026-10-08T22:20:12.5385275Z ^[[36;1mpath = Path(os.environ['BUILD_INPUTS']).resolve()^[[0m
Flutter analyze e test	Instalar Flutter fixado na candidata	2026-10-08T22:20:12.5385730Z ^[[36;1mif not path.is_relative_to(workspace):^[[0m
Flutter analyze e test	Instalar Flutter fixado na candidata	2026-10-08T22:20:12.5386316Z ^[[36;1m    raise ValueError('Build inputs precisa pertencer ao checkout deste job.')^[[0m
Flutter analyze e test	Instalar Flutter fixado na candidata	2026-10-08T22:20:12.5386869Z ^[[36;1minputs = json.loads(path.read_text())^[[0m
Flutter analyze e test	Instalar Flutter fixado na candidata	2026-10-08T22:20:12.5387441Z ^[[36;1mversion, revision = inputs['flutter_version'], inputs['flutter_revision']^[[0m
Flutter analyze e test	Instalar Flutter fixado na candidata	2026-10-08T22:20:12.5388152Z ^[[36;1mif not re.fullmatch(r'[0-9]+\.[0-9]+\.[0-9]+', version) or not re.fullmatch(r'[0-9a-f]{40}', revision):^[[0m
Flutter analyze e test	Instalar Flutter fixado na candidata	2026-10-08T22:20:12.5388933Z ^[[36;1m    raise ValueError('Versão e revisão Flutter precisam estar fixadas.')^[[0m
Flutter analyze e test	Instalar Flutter fixado na candidata	2026-10-08T22:20:12.5389521Z ^[[36;1mwith open(os.environ['GITHUB_OUTPUT'], 'a') as f:^[[0m
Flutter analyze e test	Instalar Flutter fixado na candidata	2026-10-08T22:20:12.5390039Z ^[[36;1m    f.write('version=' + version + '\nrevision=' + revision + '\n')^[[0m
Flutter analyze e test	Instalar Flutter fixado na candidata	2026-10-08T22:20:12.5390499Z ^[[36;1mPY^[[0m
Flutter analyze e test	Instalar Flutter fixado na candidata	2026-10-08T22:20:12.5659991Z shell: /usr/bin/bash --noprofile --norc -e -o pipefail {0}
Flutter analyze e test	Instalar Flutter fixado na candidata	2026-10-08T22:20:12.5660970Z env:
Flutter analyze e test	Instalar Flutter fixado na candidata	2026-10-08T22:20:12.5661462Z   BUILD_INPUTS: app/delivery/build-inputs.json
Flutter analyze e test	Instalar Flutter fixado na candidata	2026-10-08T22:20:12.5662309Z ##[endgroup]
Flutter analyze e test	Instalar Flutter fixado na candidata	2026-10-08T22:20:12.6102358Z ##[end-action id=__self.inputs;outcome=success;conclusion=success;duration_ms=76]
Flutter analyze e test	Instalar Flutter fixado na candidata	2026-10-08T22:20:12.6110416Z ##[start-action display=Instalar e conferir o SDK;id=__self.__run]
Flutter analyze e test	Instalar Flutter fixado na candidata	2026-10-08T22:20:12.6142840Z ##[group]Run set -euo pipefail
Flutter analyze e test	Instalar Flutter fixado na candidata	2026-10-08T22:20:12.6143298Z ^[[36;1mset -euo pipefail^[[0m
Flutter analyze e test	Instalar Flutter fixado na candidata	2026-10-08T22:20:12.6143722Z ^[[36;1mSDK_PATH="$RUNNER_TEMP/flutter-delivery"^[[0m
Flutter analyze e test	Instalar Flutter fixado na candidata	2026-10-08T22:20:12.6144496Z ^[[36;1mgit clone --no-checkout --depth 1 --branch "$FLUTTER_VERSION" https://github.com/flutter/flutter.git "$SDK_PATH"^[[0m
Flutter analyze e test	Instalar Flutter fixado na candidata	2026-10-08T22:20:12.6145342Z ^[[36;1mtest "$(git -C "$SDK_PATH" rev-parse HEAD)" = "$FLUTTER_REVISION"^[[0m
Flutter analyze e test	Instalar Flutter fixado na candidata	2026-10-08T22:20:12.6145952Z ^[[36;1mgit -C "$SDK_PATH" checkout --detach "$FLUTTER_REVISION"^[[0m
Flutter analyze e test	Instalar Flutter fixado na candidata	2026-10-08T22:20:12.6146592Z ^[[36;1m# The first invocation bootstraps the tool and prints a welcome banner.^[[0m
Flutter analyze e test	Instalar Flutter fixado na candidata	2026-10-08T22:20:12.6147251Z ^[[36;1m# Run it before helpers parse --version --machine as strict JSON.^[[0m
Flutter analyze e test	Instalar Flutter fixado na candidata	2026-10-08T22:20:12.6147799Z ^[[36;1m"$SDK_PATH/bin/flutter" --version^[[0m
Flutter analyze e test	Instalar Flutter fixado na candidata	2026-10-08T22:20:12.6148251Z ^[[36;1mecho "$SDK_PATH/bin" >> "$GITHUB_PATH"^[[0m
Flutter analyze e test	Instalar Flutter fixado na candidata	2026-10-08T22:20:12.6213530Z shell: /usr/bin/bash --noprofile --norc -e -o pipefail {0}
Flutter analyze e test	Instalar Flutter fixado na candidata	2026-10-08T22:20:12.6214075Z env:
Flutter analyze e test	Instalar Flutter fixado na candidata	2026-10-08T22:20:12.6214412Z   FLUTTER_VERSION: 3.44.1
Flutter analyze e test	Instalar Flutter fixado na candidata	2026-10-08T22:20:12.6214862Z   FLUTTER_REVISION: 924134a44c189315be2148659913dda1671cbe99
Flutter analyze e test	Instalar Flutter fixado na candidata	2026-10-08T22:20:12.6215361Z ##[endgroup]
Flutter analyze e test	Instalar Flutter fixado na candidata	2026-10-08T22:20:12.6319226Z Cloning into '/home/runner/work/_temp/flutter-delivery'...
Flutter analyze e test	Instalar Flutter fixado na candidata	2026-10-08T22:20:20.1414634Z HEAD is now at 924134a4 Update CHANGELOG with Flutter 3.44 changes (#187258)
Flutter analyze e test	Instalar Flutter fixado na candidata	2026-10-08T22:20:20.1852138Z Downloading Linux x64 Dart SDK from Flutter engine c416acfeb8126e097f758c664aaa3da929e27da0...
Flutter analyze e test	Instalar Flutter fixado na candidata	2026-10-08T22:20:20.1953396Z   % Total    % Received % Xferd  Average Speed   Time    Time     Time  Current
Flutter analyze e test	Instalar Flutter fixado na candidata	2026-10-08T22:20:20.1954198Z                                  Dload  Upload   Total   Spent    Left  Speed
Flutter analyze e test	Instalar Flutter fixado na candidata	2026-10-08T22:20:20.1954680Z 
Flutter analyze e test	Instalar Flutter fixado na candidata	2026-10-08T22:20:20.4277654Z   0     0    0     0    0     0      0      0 --:--:-- --:--:-- --:--:--     0
Flutter analyze e test	Instalar Flutter fixado na candidata	2026-10-08T22:20:21.4277150Z   0  222M    0  505k    0     0  2173k      0  0:01:44 --:--:--  0:01:44 2169k
Flutter analyze e test	Instalar Flutter fixado na candidata	2026-10-08T22:20:21.7052676Z  79  222M   79  177M    0     0   143M      0  0:00:01  0:00:01 --:--:--  143M
Flutter analyze e test	Instalar Flutter fixado na candidata	2026-10-08T22:20:21.7054161Z 100  222M  100  222M    0     0   147M      0  0:00:01  0:00:01 --:--:--  147M
Flutter analyze e test	Instalar Flutter fixado na candidata	2026-10-08T22:20:26.3301918Z Building flutter tool...
Flutter analyze e test	Instalar Flutter fixado na candidata	2026-10-08T22:20:26.3476328Z Resolving dependencies...
Flutter analyze e test	Instalar Flutter fixado na candidata	2026-10-08T22:20:26.7862655Z Downloading packages...
Flutter analyze e test	Instalar Flutter fixado na candidata	2026-10-08T22:20:29.8921378Z + _fe_analyzer_shared 95.0.0 (109.0.0 available)
Flutter analyze e test	Instalar Flutter fixado na candidata	2026-10-08T22:20:29.8922171Z + analyzer 10.1.0 (14.5.0 available)
Flutter analyze e test	Instalar Flutter fixado na candidata	2026-10-08T22:20:29.8923431Z + archive 3.6.1 (4.3.0 available)
Flutter analyze e test	Instalar Flutter fixado na candidata	2026-10-08T22:20:29.8924117Z + args 2.7.0
Flutter analyze e test	Instalar Flutter fixado na candidata	2026-10-08T22:20:29.8924519Z + async 2.13.1
Flutter analyze e test	Instalar Flutter fixado na candidata	2026-10-08T22:20:29.8925019Z + boolean_selector 2.1.2
Flutter analyze e test	Instalar Flutter fixado na candidata	2026-10-08T22:20:29.8925582Z + browser_launcher 1.1.3 (1.2.0 available)
Flutter analyze e test	Instalar Flutter fixado na candidata	2026-10-08T22:20:29.8926195Z + built_collection 5.1.1 (5.1.2 available)
Flutter analyze e test	Instalar Flutter fixado na candidata	2026-10-08T22:20:29.8926582Z + built_value 8.12.5 (8.13.0 available)
Flutter analyze e test	Instalar Flutter fixado na candidata	2026-10-08T22:20:29.8926950Z + checked_yaml 2.0.4
Flutter analyze e test	Instalar Flutter fixado na candidata	2026-10-08T22:20:29.8927256Z + cli_config 0.2.0
Flutter analyze e test	Instalar Flutter fixado na candidata	2026-10-08T22:20:29.8927540Z + clock 1.1.2 (1.1.3 available)
Flutter analyze e test	Instalar Flutter fixado na candidata	2026-10-08T22:20:29.8927892Z + code_assets 1.0.0 (2.1.0 available)
Flutter analyze e test	Instalar Flutter fixado na candidata	2026-10-08T22:20:29.8928261Z + code_builder 4.11.1 (4.12.0 available)
Flutter analyze e test	Instalar Flutter fixado na candidata	2026-10-08T22:20:29.8928620Z + collection 1.19.1
Flutter analyze e test	Instalar Flutter fixado na candidata	2026-10-08T22:20:29.8928900Z + completion 1.0.2
Flutter analyze e test	Instalar Flutter fixado na candidata	2026-10-08T22:20:29.8929194Z + convert 3.1.2
Flutter analyze e test	Instalar Flutter fixado na candidata	2026-10-08T22:20:29.8929541Z + coverage 1.15.0 (1.15.1 available)
Flutter analyze e test	Instalar Flutter fixado na candidata	2026-10-08T22:20:29.8929891Z + crypto 3.0.7
Flutter analyze e test	Instalar Flutter fixado na candidata	2026-10-08T22:20:29.8930198Z + csslib 1.0.2
Flutter analyze e test	Instalar Flutter fixado na candidata	2026-10-08T22:20:29.8930468Z + dap 1.4.0
Flutter analyze e test	Instalar Flutter fixado na candidata	2026-10-08T22:20:29.8931067Z + dart_service_protocol_shared 0.0.3
Flutter analyze e test	Instalar Flutter fixado na candidata	2026-10-08T22:20:29.8931455Z + dart_style 3.1.7 (3.1.13 available)
Flutter analyze e test	Instalar Flutter fixado na candidata	2026-10-08T22:20:29.8931821Z + data_assets 0.19.6 (0.20.0 available)
Flutter analyze e test	Instalar Flutter fixado na candidata	2026-10-08T22:20:29.8932183Z + dds 5.3.0 (5.4.0 available)
Flutter analyze e test	Instalar Flutter fixado na candidata	2026-10-08T22:20:29.8932785Z + dds_service_extensions 2.1.0
Flutter analyze e test	Instalar Flutter fixado na candidata	2026-10-08T22:20:29.8933144Z + devtools_shared 12.1.0 (14.0.0 available)
Flutter analyze e test	Instalar Flutter fixado na candidata	2026-10-08T22:20:29.8933517Z + dtd 4.0.0
Flutter analyze e test	Instalar Flutter fixado na candidata	2026-10-08T22:20:29.8933790Z + dwds 26.2.5 (27.1.4 available)
Flutter analyze e test	Instalar Flutter fixado na candidata	2026-10-08T22:20:29.8934137Z + extension_discovery 2.1.0
Flutter analyze e test	Instalar Flutter fixado na candidata	2026-10-08T22:20:29.8934460Z + fake_async 1.3.3
Flutter analyze e test	Instalar Flutter fixado na candidata	2026-10-08T22:20:29.8934743Z + ffi 2.2.0
Flutter analyze e test	Instalar Flutter fixado na candidata	2026-10-08T22:20:29.8934993Z + file 7.0.1
Flutter analyze e test	Instalar Flutter fixado na candidata	2026-10-08T22:20:29.8935271Z + file_testing 3.0.2 (3.1.0 available)
Flutter analyze e test	Instalar Flutter fixado na candidata	2026-10-08T22:20:29.8935628Z + fixnum 1.1.1
Flutter analyze e test	Instalar Flutter fixado na candidata	2026-10-08T22:20:29.8935944Z + flutter_template_images 5.0.0 (5.0.1 available)
Flutter analyze e test	Instalar Flutter fixado na candidata	2026-10-08T22:20:29.8936401Z + frontend_server_client 4.0.0 (4.1.0 available)
Flutter analyze e test	Instalar Flutter fixado na candidata	2026-10-08T22:20:29.8936808Z + glob 2.1.3 (2.2.0 available)
Flutter analyze e test	Instalar Flutter fixado na candidata	2026-10-08T22:20:29.8937128Z + graphs 2.3.2
Flutter analyze e test	Instalar Flutter fixado na candidata	2026-10-08T22:20:29.8937410Z + hooks 1.0.2 (2.2.0 available)
Flutter analyze e test	Instalar Flutter fixado na candidata	2026-10-08T22:20:29.8937794Z + hooks_runner 1.1.1 (1.6.4 available)
Flutter analyze e test	Instalar Flutter fixado na candidata	2026-10-08T22:20:29.8938168Z + html 0.15.6 (0.15.7 available)
Flutter analyze e test	Instalar Flutter fixado na candidata	2026-10-08T22:20:29.8938499Z + http 1.6.0
Flutter analyze e test	Instalar Flutter fixado na candidata	2026-10-08T22:20:29.8938763Z + http_multi_server 3.2.2
Flutter analyze e test	Instalar Flutter fixado na candidata	2026-10-08T22:20:29.8938988Z + http_parser 4.1.2
Flutter analyze e test	Instalar Flutter fixado na candidata	2026-10-08T22:20:29.8939194Z + intl 0.20.2 (0.20.3 available)
Flutter analyze e test	Instalar Flutter fixado na candidata	2026-10-08T22:20:29.8939434Z + io 1.0.5 (1.1.0 available)
Flutter analyze e test	Instalar Flutter fixado na candidata	2026-10-08T22:20:29.8939660Z + js 0.7.2 (discontinued)
Flutter analyze e test	Instalar Flutter fixado na candidata	2026-10-08T22:20:29.8939896Z + json_annotation 4.11.0 (4.12.0 available)
Flutter analyze e test	Instalar Flutter fixado na candidata	2026-10-08T22:20:29.8940160Z + json_rpc_2 4.1.0
Flutter analyze e test	Instalar Flutter fixado na candidata	2026-10-08T22:20:29.8940353Z + logging 1.3.0
Flutter analyze e test	Instalar Flutter fixado na candidata	2026-10-08T22:20:29.8940552Z + matcher 0.12.19 (0.12.20 available)
Flutter analyze e test	Instalar Flutter fixado na candidata	2026-10-08T22:20:29.8941063Z + meta 1.18.0 (1.19.0 available)
Flutter analyze e test	Instalar Flutter fixado na candidata	2026-10-08T22:20:29.8941304Z + mime 2.0.0 (2.1.0 available)
Flutter analyze e test	Instalar Flutter fixado na candidata	2026-10-08T22:20:29.8941549Z + multicast_dns 0.3.3 (0.3.3+1 available)
Flutter analyze e test	Instalar Flutter fixado na candidata	2026-10-08T22:20:29.8941823Z + mustache_template 2.0.4 (2.0.6 available)
Flutter analyze e test	Instalar Flutter fixado na candidata	2026-10-08T22:20:29.8942108Z + native_stack_traces 0.6.1 (0.7.0 available)
Flutter analyze e test	Instalar Flutter fixado na candidata	2026-10-08T22:20:29.8942381Z + node_preamble 2.0.2
Flutter analyze e test	Instalar Flutter fixado na candidata	2026-10-08T22:20:29.8942607Z + package_config 2.2.0 (3.0.0 available)
Flutter analyze e test	Instalar Flutter fixado na candidata	2026-10-08T22:20:29.8942861Z + path 1.9.1
Flutter analyze e test	Instalar Flutter fixado na candidata	2026-10-08T22:20:29.8943071Z + petitparser 7.0.2 (7.1.0 available)
Flutter analyze e test	Instalar Flutter fixado na candidata	2026-10-08T22:20:29.8943328Z + platform 3.1.6 (3.2.0 available)
Flutter analyze e test	Instalar Flutter fixado na candidata	2026-10-08T22:20:29.8943572Z + pool 1.5.2 (1.5.3 available)
Flutter analyze e test	Instalar Flutter fixado na candidata	2026-10-08T22:20:29.8944052Z + process 5.0.5 (5.0.6 available)
Flutter analyze e test	Instalar Flutter fixado na candidata	2026-10-08T22:20:29.8944314Z + pub_semver 2.2.0 (2.2.1 available)
Flutter analyze e test	Instalar Flutter fixado na candidata	2026-10-08T22:20:29.8944620Z + pubspec_parse 1.5.0 (1.6.0 available)
Flutter analyze e test	Instalar Flutter fixado na candidata	2026-10-08T22:20:29.8944953Z + record_use 0.6.0 (1.1.1 available)
Flutter analyze e test	Instalar Flutter fixado na candidata	2026-10-08T22:20:29.8945197Z + shelf 1.4.2
Flutter analyze e test	Instalar Flutter fixado na candidata	2026-10-08T22:20:29.8945410Z + shelf_packages_handler 3.0.2
Flutter analyze e test	Instalar Flutter fixado na candidata	2026-10-08T22:20:29.8945664Z + shelf_proxy 1.0.4 (1.0.5 available)
Flutter analyze e test	Instalar Flutter fixado na candidata	2026-10-08T22:20:29.8945915Z + shelf_static 1.1.3
Flutter analyze e test	Instalar Flutter fixado na candidata	2026-10-08T22:20:29.8946133Z + shelf_web_socket 3.0.0
Flutter analyze e test	Instalar Flutter fixado na candidata	2026-10-08T22:20:29.8946375Z + source_map_stack_trace 2.1.2
Flutter analyze e test	Instalar Flutter fixado na candidata	2026-10-08T22:20:29.8946630Z + source_maps 0.10.13 (0.10.14 available)
Flutter analyze e test	Instalar Flutter fixado na candidata	2026-10-08T22:20:29.8946893Z + source_span 1.10.2
Flutter analyze e test	Instalar Flutter fixado na candidata	2026-10-08T22:20:29.8947103Z + sprintf 7.0.0
Flutter analyze e test	Instalar Flutter fixado na candidata	2026-10-08T22:20:29.8947315Z + sse 4.1.8 (4.2.0 available)
Flutter analyze e test	Instalar Flutter fixado na candidata	2026-10-08T22:20:29.8947560Z + stack_trace 1.12.1 (1.12.2 available)
Flutter analyze e test	Instalar Flutter fixado na candidata	2026-10-08T22:20:29.8947858Z + standard_message_codec 0.0.1+4 (0.0.1+5 available)
Flutter analyze e test	Instalar Flutter fixado na candidata	2026-10-08T22:20:29.8948157Z + stream_channel 2.1.4
Flutter analyze e test	Instalar Flutter fixado na candidata	2026-10-08T22:20:29.8948390Z + string_scanner 1.4.1
Flutter analyze e test	Instalar Flutter fixado na candidata	2026-10-08T22:20:29.8948607Z + sync_http 0.3.1
Flutter analyze e test	Instalar Flutter fixado na candidata	2026-10-08T22:20:29.8948809Z + term_glyph 1.2.2
Flutter analyze e test	Instalar Flutter fixado na candidata	2026-10-08T22:20:29.8949556Z + test 1.31.0 (1.33.0 available)
Flutter analyze e test	Instalar Flutter fixado na candidata	2026-10-08T22:20:29.8950173Z + test_api 0.7.11 (0.7.15 available)
Flutter analyze e test	Instalar Flutter fixado na candidata	2026-10-08T22:20:29.8950830Z + test_core 0.6.17 (0.6.21 available)
Flutter analyze e test	Instalar Flutter fixado na candidata	2026-10-08T22:20:29.8952116Z + typed_data 1.4.0
Flutter analyze e test	Instalar Flutter fixado na candidata	2026-10-08T22:20:29.8952822Z + unified_analytics 8.0.14 (8.0.18 available)
Flutter analyze e test	Instalar Flutter fixado na candidata	2026-10-08T22:20:29.8953338Z + usage 4.1.1 (discontinued)
Flutter analyze e test	Instalar Flutter fixado na candidata	2026-10-08T22:20:29.8953594Z + uuid 4.5.3 (4.6.0 available)
Flutter analyze e test	Instalar Flutter fixado na candidata	2026-10-08T22:20:29.8953834Z + vm_service 15.0.2 (15.3.0 available)
Flutter analyze e test	Instalar Flutter fixado na candidata	2026-10-08T22:20:29.8954094Z + vm_service_interface 2.0.1
Flutter analyze e test	Instalar Flutter fixado na candidata	2026-10-08T22:20:29.8954331Z + vm_snapshot_analysis 0.7.6
Flutter analyze e test	Instalar Flutter fixado na candidata	2026-10-08T22:20:29.8954555Z + watcher 1.2.1
Flutter analyze e test	Instalar Flutter fixado na candidata	2026-10-08T22:20:29.8954747Z + web 1.1.1
Flutter analyze e test	Instalar Flutter fixado na candidata	2026-10-08T22:20:29.8955167Z + web_socket 1.0.1
Flutter analyze e test	Instalar Flutter fixado na candidata	2026-10-08T22:20:29.8955376Z + web_socket_channel 3.0.3
Flutter analyze e test	Instalar Flutter fixado na candidata	2026-10-08T22:20:29.8955608Z + webdriver 3.1.0 (3.2.0 available)
Flutter analyze e test	Instalar Flutter fixado na candidata	2026-10-08T22:20:29.8955878Z + webkit_inspection_protocol 1.2.1
Flutter analyze e test	Instalar Flutter fixado na candidata	2026-10-08T22:20:29.8956128Z + xml 6.6.1 (7.1.0 available)
Flutter analyze e test	Instalar Flutter fixado na candidata	2026-10-08T22:20:29.8956357Z + yaml 3.1.3 (3.1.4 available)
Flutter analyze e test	Instalar Flutter fixado na candidata	2026-10-08T22:20:29.8956581Z + yaml_edit 2.2.4
Flutter analyze e test	Instalar Flutter fixado na candidata	2026-10-08T22:20:29.8956804Z Changed 102 dependencies!
Flutter analyze e test	Instalar Flutter fixado na candidata	2026-10-08T22:20:29.8957051Z 2 packages are discontinued.
Flutter analyze e test	Instalar Flutter fixado na candidata	2026-10-08T22:20:29.8957408Z 53 packages have newer versions incompatible with dependency constraints.
Flutter analyze e test	Instalar Flutter fixado na candidata	2026-10-08T22:20:29.8957836Z Try `dart pub outdated` for more information.
Flutter analyze e test	Instalar Flutter fixado na candidata	2026-10-08T22:20:47.0600581Z Flutter 3.44.1 • channel [user-branch] • unknown source
Flutter analyze e test	Instalar Flutter fixado na candidata	2026-10-08T22:20:47.0602312Z Framework • revision 924134a44c (4 months ago) • 2026-05-29 12:13:22 -0400
Flutter analyze e test	Instalar Flutter fixado na candidata	2026-10-08T22:20:47.0603282Z Engine • hash 39b1f7043775b9578bbb26a1676e79c4e31c8b5e (revision c416acfeb8) (4 months ago) • 2026-05-27 20:19:31.000Z
Flutter analyze e test	Instalar Flutter fixado na candidata	2026-10-08T22:20:47.0604017Z Tools • Dart 3.12.1 • DevTools 2.57.0
Flutter analyze e test	Instalar Flutter fixado na candidata	2026-10-08T22:20:47.0652508Z ##[end-action id=__self.__run;outcome=success;conclusion=success;duration_ms=34454]
Flutter analyze e test	Verificar aplicativo	﻿2026-10-08T22:20:47.0753219Z ##[group]Run flutter pub get --enforce-lockfile
Flutter analyze e test	Verificar aplicativo	2026-10-08T22:20:47.0753672Z ^[[36;1mflutter pub get --enforce-lockfile^[[0m
Flutter analyze e test	Verificar aplicativo	2026-10-08T22:20:47.0754012Z ^[[36;1mflutter analyze^[[0m
Flutter analyze e test	Verificar aplicativo	2026-10-08T22:20:47.0754277Z ^[[36;1mflutter test^[[0m
Flutter analyze e test	Verificar aplicativo	2026-10-08T22:20:47.0825262Z shell: /usr/bin/bash -e {0}
Flutter analyze e test	Verificar aplicativo	2026-10-08T22:20:47.0825626Z ##[endgroup]
Flutter analyze e test	Verificar aplicativo	2026-10-08T22:20:47.5836962Z [1/10] Material Fonts                                              335ms
Flutter analyze e test	Verificar aplicativo	2026-10-08T22:20:47.6594335Z [2/10] Gradle Wrapper                                               27ms
Flutter analyze e test	Verificar aplicativo	2026-10-08T22:20:47.6707212Z [3/10] Flutter SDK
Flutter analyze e test	Verificar aplicativo	2026-10-08T22:20:47.7908347Z   ├─ [1/5] sky_engine                                              114ms
Flutter analyze e test	Verificar aplicativo	2026-10-08T22:20:47.8866852Z   ├─ [2/5] flutter_gpu                                              25ms
Flutter analyze e test	Verificar aplicativo	2026-10-08T22:20:48.1539108Z   ├─ [3/5] flutter_patched_sdk                                     252ms
Flutter analyze e test	Verificar aplicativo	2026-10-08T22:20:48.4887764Z   ├─ [4/5] flutter_patched_sdk_product                             242ms
Flutter analyze e test	Verificar aplicativo	2026-10-08T22:20:49.8066027Z   └─ [5/5] linux-x64                                             1,225ms
Flutter analyze e test	Verificar aplicativo	2026-10-08T22:20:50.5047609Z [10/10] linux-x64/font-subset                                       90ms
Flutter analyze e test	Verificar aplicativo	2026-10-08T22:20:50.6319208Z Resolving dependencies...
Flutter analyze e test	Verificar aplicativo	2026-10-08T22:20:50.8766539Z Downloading packages...
Flutter analyze e test	Verificar aplicativo	2026-10-08T22:20:51.9622301Z   clock 1.1.2 (1.1.3 available)
Flutter analyze e test	Verificar aplicativo	2026-10-08T22:20:51.9623386Z   cupertino_icons 1.0.9 (2.0.0 available)
Flutter analyze e test	Verificar aplicativo	2026-10-08T22:20:51.9626842Z   matcher 0.12.19 (0.12.20 available)
Flutter analyze e test	Verificar aplicativo	2026-10-08T22:20:51.9627737Z   material_color_utilities 0.13.0 (0.13.1 available)
Flutter analyze e test	Verificar aplicativo	2026-10-08T22:20:51.9628654Z   meta 1.18.0 (1.19.0 available)
Flutter analyze e test	Verificar aplicativo	2026-10-08T22:20:51.9629513Z   stack_trace 1.12.1 (1.12.2 available)
Flutter analyze e test	Verificar aplicativo	2026-10-08T22:20:51.9630363Z   test_api 0.7.11 (0.7.15 available)
Flutter analyze e test	Verificar aplicativo	2026-10-08T22:20:51.9631622Z   vector_math 2.2.0 (2.4.3 available)
Flutter analyze e test	Verificar aplicativo	2026-10-08T22:20:51.9632545Z   vm_service 15.2.0 (15.3.0 available)
Flutter analyze e test	Verificar aplicativo	2026-10-08T22:20:51.9633392Z Got dependencies!
Flutter analyze e test	Verificar aplicativo	2026-10-08T22:20:51.9634516Z 9 packages have newer versions incompatible with dependency constraints.
Flutter analyze e test	Verificar aplicativo	2026-10-08T22:20:51.9635863Z Try `flutter pub outdated` for more information.
Flutter analyze e test	Verificar aplicativo	2026-10-08T22:20:52.3662360Z Resolving dependencies...
Flutter analyze e test	Verificar aplicativo	2026-10-08T22:20:52.3921646Z Downloading packages...
Flutter analyze e test	Verificar aplicativo	2026-10-08T22:20:52.3942043Z   clock 1.1.2 (1.1.3 available)
Flutter analyze e test	Verificar aplicativo	2026-10-08T22:20:52.3942709Z   cupertino_icons 1.0.9 (2.0.0 available)
Flutter analyze e test	Verificar aplicativo	2026-10-08T22:20:52.3943367Z   matcher 0.12.19 (0.12.20 available)
Flutter analyze e test	Verificar aplicativo	2026-10-08T22:20:52.3944119Z   material_color_utilities 0.13.0 (0.13.1 available)
Flutter analyze e test	Verificar aplicativo	2026-10-08T22:20:52.3944767Z   meta 1.18.0 (1.19.0 available)
Flutter analyze e test	Verificar aplicativo	2026-10-08T22:20:52.3945145Z   stack_trace 1.12.1 (1.12.2 available)
Flutter analyze e test	Verificar aplicativo	2026-10-08T22:20:52.3945549Z   test_api 0.7.11 (0.7.15 available)
Flutter analyze e test	Verificar aplicativo	2026-10-08T22:20:52.3945953Z   vector_math 2.2.0 (2.4.3 available)
Flutter analyze e test	Verificar aplicativo	2026-10-08T22:20:52.3946360Z   vm_service 15.2.0 (15.3.0 available)
Flutter analyze e test	Verificar aplicativo	2026-10-08T22:20:52.3947116Z Got dependencies!
Flutter analyze e test	Verificar aplicativo	2026-10-08T22:20:52.3951895Z 9 packages have newer versions incompatible with dependency constraints.
Flutter analyze e test	Verificar aplicativo	2026-10-08T22:20:52.3961667Z Try `flutter pub outdated` for more information.
Flutter analyze e test	Verificar aplicativo	2026-10-08T22:21:00.7893526Z Analyzing app...                                                
Flutter analyze e test	Verificar aplicativo	2026-10-08T22:21:00.7907835Z No issues found! (ran in 7.9s)
Flutter analyze e test	Verificar aplicativo	2026-10-08T22:21:00.9913579Z Resolving dependencies...
Flutter analyze e test	Verificar aplicativo	2026-10-08T22:21:01.0169377Z Downloading packages...
Flutter analyze e test	Verificar aplicativo	2026-10-08T22:21:01.0181850Z   clock 1.1.2 (1.1.3 available)
Flutter analyze e test	Verificar aplicativo	2026-10-08T22:21:01.0182324Z   cupertino_icons 1.0.9 (2.0.0 available)
Flutter analyze e test	Verificar aplicativo	2026-10-08T22:21:01.0182761Z   matcher 0.12.19 (0.12.20 available)
Flutter analyze e test	Verificar aplicativo	2026-10-08T22:21:01.0183326Z   material_color_utilities 0.13.0 (0.13.1 available)
Flutter analyze e test	Verificar aplicativo	2026-10-08T22:21:01.0183801Z   meta 1.18.0 (1.19.0 available)
Flutter analyze e test	Verificar aplicativo	2026-10-08T22:21:01.0184179Z   stack_trace 1.12.1 (1.12.2 available)
Flutter analyze e test	Verificar aplicativo	2026-10-08T22:21:01.0184584Z   test_api 0.7.11 (0.7.15 available)
Flutter analyze e test	Verificar aplicativo	2026-10-08T22:21:01.0184982Z   vector_math 2.2.0 (2.4.3 available)
Flutter analyze e test	Verificar aplicativo	2026-10-08T22:21:01.0185407Z   vm_service 15.2.0 (15.3.0 available)
Flutter analyze e test	Verificar aplicativo	2026-10-08T22:21:01.0185803Z Got dependencies!
Flutter analyze e test	Verificar aplicativo	2026-10-08T22:21:01.0186300Z 9 packages have newer versions incompatible with dependency constraints.
Flutter analyze e test	Verificar aplicativo	2026-10-08T22:21:01.0187381Z Try `flutter pub outdated` for more information.
Flutter analyze e test	Verificar aplicativo	2026-10-08T22:21:01.6718660Z 
Flutter analyze e test	Verificar aplicativo	2026-10-08T22:21:10.7803638Z ##[group]✅ exibe a mensagem inicial
Flutter analyze e test	Verificar aplicativo	2026-10-08T22:21:10.7804548Z -------------------------------------------------------------------------------
Flutter analyze e test	Verificar aplicativo	2026-10-08T22:21:10.7805492Z The Shorebird Updater is unavailable in the current environment.
Flutter analyze e test	Verificar aplicativo	2026-10-08T22:21:10.7806380Z -------------------------------------------------------------------------------
Flutter analyze e test	Verificar aplicativo	2026-10-08T22:21:10.7807319Z This occurs when using pkg:shorebird_code_push in an app that does not
Flutter analyze e test	Verificar aplicativo	2026-10-08T22:21:10.7808374Z contain the Shorebird Engine. Most commonly this is due to building with
Flutter analyze e test	Verificar aplicativo	2026-10-08T22:21:10.7809454Z `flutter build` or `flutter run` instead of `shorebird release` or `shorebird preview`.
Flutter analyze e test	Verificar aplicativo	2026-10-08T22:21:10.7819319Z It can also occur when running on an unsupported platform (e.g. web).
Flutter analyze e test	Verificar aplicativo	2026-10-08T22:21:10.7819845Z 
Flutter analyze e test	Verificar aplicativo	2026-10-08T22:21:10.7820142Z -------------------------------------------------------------------------------
Flutter analyze e test	Verificar aplicativo	2026-10-08T22:21:10.7821133Z The Shorebird Updater is unavailable in the current environment.
Flutter analyze e test	Verificar aplicativo	2026-10-08T22:21:10.7821864Z -------------------------------------------------------------------------------
Flutter analyze e test	Verificar aplicativo	2026-10-08T22:21:10.7822637Z This occurs when using pkg:shorebird_code_push in an app that does not
Flutter analyze e test	Verificar aplicativo	2026-10-08T22:21:10.7823459Z contain the Shorebird Engine. Most commonly this is due to building with
Flutter analyze e test	Verificar aplicativo	2026-10-08T22:21:10.7824368Z `flutter build` or `flutter run` instead of `shorebird release` or `shorebird preview`.
Flutter analyze e test	Verificar aplicativo	2026-10-08T22:21:10.7825273Z It can also occur when running on an unsupported platform (e.g. web).
Flutter analyze e test	Verificar aplicativo	2026-10-08T22:21:10.7825745Z 
Flutter analyze e test	Verificar aplicativo	2026-10-08T22:21:10.7826595Z ##[endgroup]
Flutter analyze e test	Verificar aplicativo	2026-10-08T22:21:10.8012894Z 
Flutter analyze e test	Verificar aplicativo	2026-10-08T22:21:10.8019156Z 🎉 1 test passed.
Flutter analyze e test	Verificar contratos e bloqueios da esteira	﻿2026-10-08T22:21:10.8698607Z ##[group]Run python3 -m unittest discover -s tests/delivery -v
Flutter analyze e test	Verificar contratos e bloqueios da esteira	2026-10-08T22:21:10.8699132Z ^[[36;1mpython3 -m unittest discover -s tests/delivery -v^[[0m
Flutter analyze e test	Verificar contratos e bloqueios da esteira	2026-10-08T22:21:10.8764698Z shell: /usr/bin/bash -e {0}
Flutter analyze e test	Verificar contratos e bloqueios da esteira	2026-10-08T22:21:10.8765059Z ##[endgroup]
Flutter analyze e test	Verificar contratos e bloqueios da esteira	2026-10-08T22:21:11.3370598Z test_admin_bypass_divergence_remains_blocked_without_overwriting (test_configure_release_lab.ConfigureIdempotenceTests.test_admin_bypass_divergence_remains_blocked_without_overwriting) ... ok
Flutter analyze e test	Verificar contratos e bloqueios da esteira	2026-10-08T22:21:11.3407315Z test_real_required_review_count_divergence_remains_blocked_without_overwriting (test_configure_release_lab.ConfigureIdempotenceTests.test_real_required_review_count_divergence_remains_blocked_without_overwriting) ... ok
Flutter analyze e test	Verificar contratos e bloqueios da esteira	2026-10-08T22:21:11.3445032Z test_repeated_configuration_accepts_safe_github_defaults_without_creating_more_rulesets (test_configure_release_lab.ConfigureIdempotenceTests.test_repeated_configuration_accepts_safe_github_defaults_without_creating_more_rulesets) ... ok
Flutter analyze e test	Verificar contratos e bloqueios da esteira	2026-10-08T22:21:11.3490170Z test_unexpected_required_reviewer_defaults_are_not_silently_ignored (test_configure_release_lab.ConfigureIdempotenceTests.test_unexpected_required_reviewer_defaults_are_not_silently_ignored) ... ok
Flutter analyze e test	Verificar contratos e bloqueios da esteira	2026-10-08T22:21:11.3526352Z test_unsafe_extra_approval_default_is_not_treated_as_safe_normalization (test_configure_release_lab.ConfigureIdempotenceTests.test_unsafe_extra_approval_default_is_not_treated_as_safe_normalization) ... ok
Flutter analyze e test	Verificar contratos e bloqueios da esteira	2026-10-08T22:21:11.6326720Z test_creates_one_verified_object_and_ref_with_owner_audit_without_state_writes (test_create_lab_tag.CreateLabTagTests.test_creates_one_verified_object_and_ref_with_owner_audit_without_state_writes) ... ok
Flutter analyze e test	Verificar contratos e bloqueios da esteira	2026-10-08T22:21:11.9179711Z test_existing_exact_tag_is_read_only_idempotent (test_create_lab_tag.CreateLabTagTests.test_existing_exact_tag_is_read_only_idempotent) ... ok
Flutter analyze e test	Verificar contratos e bloqueios da esteira	2026-10-08T22:21:12.1996695Z test_existing_wrong_tag_is_never_replaced (test_create_lab_tag.CreateLabTagTests.test_existing_wrong_tag_is_never_replaced) ... ok
Flutter analyze e test	Verificar contratos e bloqueios da esteira	2026-10-08T22:21:12.4826381Z test_lost_ref_reply_manual_get_confirms_existing_tag_without_another_post (test_create_lab_tag.CreateLabTagTests.test_lost_ref_reply_manual_get_confirms_existing_tag_without_another_post) ... ok
Flutter analyze e test	Verificar contratos e bloqueios da esteira	2026-10-08T22:21:12.7694917Z test_lost_tag_object_reply_preserves_uncertainty_without_creating_ref_or_retry (test_create_lab_tag.CreateLabTagTests.test_lost_tag_object_reply_preserves_uncertainty_without_creating_ref_or_retry) ... ok
Flutter analyze e test	Verificar contratos e bloqueios da esteira	2026-10-08T22:21:13.0343928Z test_spec_cannot_substitute_another_manifest_hash (test_create_lab_tag.CreateLabTagTests.test_spec_cannot_substitute_another_manifest_hash) ... ok
Flutter analyze e test	Verificar contratos e bloqueios da esteira	2026-10-08T22:21:13.3539527Z test_tampered_source_message_ref_identity_and_extra_field_never_mutate (test_create_lab_tag.CreateLabTagTests.test_tampered_source_message_ref_identity_and_extra_field_never_mutate) ... ok
Flutter analyze e test	Verificar contratos e bloqueios da esteira	2026-10-08T22:21:13.6173003Z test_unprotected_namespace_blocks_before_any_post (test_create_lab_tag.CreateLabTagTests.test_unprotected_namespace_blocks_before_any_post) ... ok
Flutter analyze e test	Verificar contratos e bloqueios da esteira	2026-10-08T22:21:13.8706545Z test_user_api_error_is_sanitized_and_never_echoes_cli_stderr (test_create_lab_tag.CreateLabTagTests.test_user_api_error_is_sanitized_and_never_echoes_cli_stderr) ... ok
Flutter analyze e test	Verificar contratos e bloqueios da esteira	2026-10-08T22:21:14.1243670Z test_wrong_owner_login_or_id_and_actions_identity_are_rejected (test_create_lab_tag.CreateLabTagTests.test_wrong_owner_login_or_id_and_actions_identity_are_rejected) ... ok
Flutter analyze e test	Verificar contratos e bloqueios da esteira	2026-10-08T22:21:14.3975764Z test_wrong_tag_object_reply_blocks_ref_and_keeps_uncertain_checkpoint (test_create_lab_tag.CreateLabTagTests.test_wrong_tag_object_reply_blocks_ref_and_keeps_uncertain_checkpoint) ... ok
Flutter analyze e test	Verificar contratos e bloqueios da esteira	2026-10-08T22:21:14.4045848Z test_legacy_signature_and_first_baseline_remain_supported (test_github_candidate.CandidateTests.test_legacy_signature_and_first_baseline_remain_supported) ... ok
Flutter analyze e test	Verificar contratos e bloqueios da esteira	2026-10-08T22:21:14.4050928Z test_missing_baseline_and_invalid_delivery_reject_without_remote_access (test_github_candidate.CandidateTests.test_missing_baseline_and_invalid_delivery_reject_without_remote_access) ... ok
Flutter analyze e test	Verificar contratos e bloqueios da esteira	2026-10-08T22:21:14.4089598Z test_namespace_rules_are_required_before_any_mutation (test_github_candidate.CandidateTests.test_namespace_rules_are_required_before_any_mutation) ... ok
Flutter analyze e test	Verificar contratos e bloqueios da esteira	2026-10-08T22:21:14.4101745Z test_neutral_rc_and_release_branch_bind_exact_snapshot (test_github_candidate.CandidateTests.test_neutral_rc_and_release_branch_bind_exact_snapshot) ... ok
Flutter analyze e test	Verificar contratos e bloqueios da esteira	2026-10-08T22:21:14.4118650Z test_open_candidate_blocks_new_rc_without_mutations (test_github_candidate.CandidateTests.test_open_candidate_blocks_new_rc_without_mutations) ... ok
Flutter analyze e test	Verificar contratos e bloqueios da esteira	2026-10-08T22:21:14.4131048Z test_rc2_fixes_release_without_using_new_main_or_rc1_as_baseline (test_github_candidate.CandidateTests.test_rc2_fixes_release_without_using_new_main_or_rc1_as_baseline) ... ok
Flutter analyze e test	Verificar contratos e bloqueios da esteira	2026-10-08T22:21:14.4136968Z test_unrelated_release_snapshot_cannot_force_push (test_github_candidate.CandidateTests.test_unrelated_release_snapshot_cannot_force_push) ... ok
Flutter analyze e test	Verificar contratos e bloqueios da esteira	2026-10-08T22:21:14.4140898Z test_adds_neutral_rule_without_replacing_legacy_or_weakening_two_reviews (test_github_candidate.ConfigureTests.test_adds_neutral_rule_without_replacing_legacy_or_weakening_two_reviews) ... ok
Flutter analyze e test	Verificar contratos e bloqueios da esteira	2026-10-08T22:21:14.4144012Z test_conflicting_existing_rule_causes_no_mutations (test_github_candidate.ConfigureTests.test_conflicting_existing_rule_causes_no_mutations) ... ok
Flutter analyze e test	Verificar contratos e bloqueios da esteira	2026-10-08T22:21:14.4154339Z test_delivery_identity_mismatch_rejects_before_tag_read (test_github_candidate.InspectTests.test_delivery_identity_mismatch_rejects_before_tag_read) ... ok
Flutter analyze e test	Verificar contratos e bloqueios da esteira	2026-10-08T22:21:14.4162867Z test_neutral_manifest_preserves_real_review_gate_and_fixed_snapshot (test_github_candidate.InspectTests.test_neutral_manifest_preserves_real_review_gate_and_fixed_snapshot) ... ok
Flutter analyze e test	Verificar contratos e bloqueios da esteira	2026-10-08T22:21:14.4170057Z test_original_snapshot_cannot_replace_corrected_snapshot (test_github_candidate.InspectTests.test_original_snapshot_cannot_replace_corrected_snapshot) ... ok
Flutter analyze e test	Verificar contratos e bloqueios da esteira	2026-10-08T22:21:14.4178262Z test_old_rc_cannot_publish_after_newer_tag_exists (test_github_candidate.RealApprovalBoundaryTests.test_old_rc_cannot_publish_after_newer_tag_exists) ... ok
Flutter analyze e test	Verificar contratos e bloqueios da esteira	2026-10-08T22:21:14.4194166Z test_rc_created_during_asset_upload_leaves_release_in_draft (test_github_candidate.RealApprovalBoundaryTests.test_rc_created_during_asset_upload_leaves_release_in_draft) ... ok
Flutter analyze e test	Verificar contratos e bloqueios da esteira	2026-10-08T22:21:14.4197041Z test_simulated_required_names_do_not_count_as_real_reviews (test_github_candidate.RealApprovalBoundaryTests.test_simulated_required_names_do_not_count_as_real_reviews) ... ok
Flutter analyze e test	Verificar contratos e bloqueios da esteira	2026-10-08T22:21:14.4199523Z test_two_reviews_only_release_the_manual_command (test_github_candidate.RealApprovalBoundaryTests.test_two_reviews_only_release_the_manual_command) ... ok
Flutter analyze e test	Verificar contratos e bloqueios da esteira	2026-10-08T22:21:14.7516590Z test_asset_id_drift_after_effect_prevents_success_confirmation (test_github_lab_promote.GitHubLabPromoteTests.test_asset_id_drift_after_effect_prevents_success_confirmation) ... ok
Flutter analyze e test	Verificar contratos e bloqueios da esteira	2026-10-08T22:21:15.1264517Z test_asset_id_replaced_before_patch_fails_even_with_identical_digest (test_github_lab_promote.GitHubLabPromoteTests.test_asset_id_replaced_before_patch_fails_even_with_identical_digest) ... ok
Flutter analyze e test	Verificar contratos e bloqueios da esteira	2026-10-08T22:21:15.4469745Z test_comment_identity_and_dates_cannot_claim_other_issue (test_github_lab_promote.GitHubLabPromoteTests.test_comment_identity_and_dates_cannot_claim_other_issue) ... ok
Flutter analyze e test	Verificar contratos e bloqueios da esteira	2026-10-08T22:21:15.7807435Z test_comment_pagination_limit_duplicate_ids_and_invalid_ids_fail_closed (test_github_lab_promote.GitHubLabPromoteTests.test_comment_pagination_limit_duplicate_ids_and_invalid_ids_fail_closed) ... ok
Flutter analyze e test	Verificar contratos e bloqueios da esteira	2026-10-08T22:21:16.0966919Z test_deleted_selected_approval_is_not_accepted (test_github_lab_promote.GitHubLabPromoteTests.test_deleted_selected_approval_is_not_accepted) ... ok
Flutter analyze e test	Verificar contratos e bloqueios da esteira	2026-10-08T22:21:16.4162653Z test_edited_latest_command_invalidates_earlier_approval (test_github_lab_promote.GitHubLabPromoteTests.test_edited_latest_command_invalidates_earlier_approval) ... ok
Flutter analyze e test	Verificar contratos e bloqueios da esteira	2026-10-08T22:21:16.7342766Z test_harmless_download_count_changes_do_not_block_promotion (test_github_lab_promote.GitHubLabPromoteTests.test_harmless_download_count_changes_do_not_block_promotion) ... ok
Flutter analyze e test	Verificar contratos e bloqueios da esteira	2026-10-08T22:21:17.1187832Z test_issue_must_be_open_owner_assigned_exact_record_and_not_a_pr (test_github_lab_promote.GitHubLabPromoteTests.test_issue_must_be_open_owner_assigned_exact_record_and_not_a_pr) ... ok
Flutter analyze e test	Verificar contratos e bloqueios da esteira	2026-10-08T22:21:17.4375878Z test_latest_owner_decisive_comment_wins_by_id (test_github_lab_promote.GitHubLabPromoteTests.test_latest_owner_decisive_comment_wins_by_id) ... ok
Flutter analyze e test	Verificar contratos e bloqueios da esteira	2026-10-08T22:21:17.7917537Z test_missing_draft_changed_release_tag_or_asset_is_blocked (test_github_lab_promote.GitHubLabPromoteTests.test_missing_draft_changed_release_tag_or_asset_is_blocked) ... ok
Flutter analyze e test	Verificar contratos e bloqueios da esteira	2026-10-08T22:21:18.1171077Z test_newer_edited_owner_comment_cannot_resurrect_older_approval (test_github_lab_promote.GitHubLabPromoteTests.test_newer_edited_owner_comment_cannot_resurrect_older_approval) ... ok
Flutter analyze e test	Verificar contratos e bloqueios da esteira	2026-10-08T22:21:18.4469524Z test_old_owner_comment_edited_after_approval_requires_new_decision (test_github_lab_promote.GitHubLabPromoteTests.test_old_owner_comment_edited_after_approval_requires_new_decision) ... ok
Flutter analyze e test	Verificar contratos e bloqueios da esteira	2026-10-08T22:21:18.7677356Z test_only_exact_owner_user_command_without_simulation_counts (test_github_lab_promote.GitHubLabPromoteTests.test_only_exact_owner_user_command_without_simulation_counts) ... ok
Flutter analyze e test	Verificar contratos e bloqueios da esteira	2026-10-08T22:21:19.0720300Z test_owner_workflow_branch_and_actor_numeric_id_required (test_github_lab_promote.GitHubLabPromoteTests.test_owner_workflow_branch_and_actor_numeric_id_required) ... ok
Flutter analyze e test	Verificar contratos e bloqueios da esteira	2026-10-08T22:21:19.4092479Z test_plan_after_revocation_reports_stable_history_without_rewriting (test_github_lab_promote.GitHubLabPromoteTests.test_plan_after_revocation_reports_stable_history_without_rewriting) ... ok
Flutter analyze e test	Verificar contratos e bloqueios da esteira	2026-10-08T22:21:19.7044441Z test_plan_without_approval_is_read_only_and_awaits_real_issue_review (test_github_lab_promote.GitHubLabPromoteTests.test_plan_without_approval_is_read_only_and_awaits_real_issue_review) ... ok
Flutter analyze e test	Verificar contratos e bloqueios da esteira	2026-10-08T22:21:20.0103202Z test_promotion_preserves_same_id_tag_source_asset_ids_and_bytes (test_github_lab_promote.GitHubLabPromoteTests.test_promotion_preserves_same_id_tag_source_asset_ids_and_bytes) ... ok
Flutter analyze e test	Verificar contratos e bloqueios da esteira	2026-10-08T22:21:20.3521590Z test_repeat_after_promotion_verifies_same_receipt_without_remote_writes (test_github_lab_promote.GitHubLabPromoteTests.test_repeat_after_promotion_verifies_same_receipt_without_remote_writes) ... ok
Flutter analyze e test	Verificar contratos e bloqueios da esteira	2026-10-08T22:21:20.6648517Z test_review_revoke_or_issue_edit_during_recheck_blocks_only_patch (test_github_lab_promote.GitHubLabPromoteTests.test_review_revoke_or_issue_edit_during_recheck_blocks_only_patch) ... ok
Flutter analyze e test	Verificar contratos e bloqueios da esteira	2026-10-08T22:21:21.0032600Z test_revoked_candidate_during_recheck_blocks_promotion (test_github_lab_promote.GitHubLabPromoteTests.test_revoked_candidate_during_recheck_blocks_promotion) ... ok
Flutter analyze e test	Verificar contratos e bloqueios da esteira	2026-10-08T22:21:21.3443087Z test_uncertain_promotion_reply_recovers_on_next_manual_run_without_retry (test_github_lab_promote.GitHubLabPromoteTests.test_uncertain_promotion_reply_recovers_on_next_manual_run_without_retry) ... ok
Flutter analyze e test	Verificar contratos e bloqueios da esteira	2026-10-08T22:21:21.6444697Z test_wrong_manifest_hash_never_promotes (test_github_lab_promote.GitHubLabPromoteTests.test_wrong_manifest_hash_never_promotes) ... ok
Flutter analyze e test	Verificar contratos e bloqueios da esteira	2026-10-08T22:21:21.9489278Z test_ambiguous_upload_is_not_retried_and_manual_run_recovers_same_draft (test_github_lab_release.GitHubLabReleaseTests.test_ambiguous_upload_is_not_retried_and_manual_run_recovers_same_draft) ... ok
Flutter analyze e test	Verificar contratos e bloqueios da esteira	2026-10-08T22:21:22.2486163Z test_lost_publication_reply_preserves_checkpoint_then_manual_read_confirms (test_github_lab_release.GitHubLabReleaseTests.test_lost_publication_reply_preserves_checkpoint_then_manual_read_confirms) ... ok
Flutter analyze e test	Verificar contratos e bloqueios da esteira	2026-10-08T22:21:22.4980354Z test_owner_repository_main_workflow_and_triggering_identity_gates (test_github_lab_release.GitHubLabReleaseTests.test_owner_repository_main_workflow_and_triggering_identity_gates) ... ok
Flutter analyze e test	Verificar contratos e bloqueios da esteira	2026-10-08T22:21:22.7473522Z test_plan_has_no_effects_or_database_assets_and_labels_two_simulated_zero_real (test_github_lab_release.GitHubLabReleaseTests.test_plan_has_no_effects_or_database_assets_and_labels_two_simulated_zero_real) ... ok
Flutter analyze e test	Verificar contratos e bloqueios da esteira	2026-10-08T22:21:23.0322682Z test_publish_draft_uploads_confirmed_assets_then_records_prerelease (test_github_lab_release.GitHubLabReleaseTests.test_publish_draft_uploads_confirmed_assets_then_records_prerelease) ... ok
Flutter analyze e test	Verificar contratos e bloqueios da esteira	2026-10-08T22:21:23.3166012Z test_publish_requires_existing_owner_tag_and_existing_protection (test_github_lab_release.GitHubLabReleaseTests.test_publish_requires_existing_owner_tag_and_existing_protection) ... ok
Flutter analyze e test	Verificar contratos e bloqueios da esteira	2026-10-08T22:21:23.6223886Z test_published_matching_identity_is_read_only_idempotent_across_runs (test_github_lab_release.GitHubLabReleaseTests.test_published_matching_identity_is_read_only_idempotent_across_runs) ... ok
Flutter analyze e test	Verificar contratos e bloqueios da esteira	2026-10-08T22:21:24.7292042Z test_real_gh_stdin_upload_requires_explicit_byte_length_and_preserves_bytes (test_github_lab_release.GitHubLabReleaseTests.test_real_gh_stdin_upload_requires_explicit_byte_length_and_preserves_bytes) ... ok
Flutter analyze e test	Verificar contratos e bloqueios da esteira	2026-10-08T22:21:25.0455645Z test_revocation_during_upload_keeps_draft_unpublished (test_github_lab_release.GitHubLabReleaseTests.test_revocation_during_upload_keeps_draft_unpublished) ... ok
Flutter analyze e test	Verificar contratos e bloqueios da esteira	2026-10-08T22:21:25.3096734Z test_unsafe_zip_or_wrong_zip_bytes_are_rejected_before_release_creation (test_github_lab_release.GitHubLabReleaseTests.test_unsafe_zip_or_wrong_zip_bytes_are_rejected_before_release_creation) ... ok
Flutter analyze e test	Verificar contratos e bloqueios da esteira	2026-10-08T22:21:25.5476651Z test_upload_uses_absolute_github_uploads_url_and_sanitizes_cli_errors (test_github_lab_release.GitHubLabReleaseTests.test_upload_uses_absolute_github_uploads_url_and_sanitizes_cli_errors) ... ok
Flutter analyze e test	Verificar contratos e bloqueios da esteira	2026-10-08T22:21:25.8403202Z test_wrong_existing_draft_asset_fails_without_overwrite_or_delete (test_github_lab_release.GitHubLabReleaseTests.test_wrong_existing_draft_asset_fails_without_overwrite_or_delete) ... ok
Flutter analyze e test	Verificar contratos e bloqueios da esteira	2026-10-08T22:21:26.1500069Z test_wrong_manifest_hash_source_tree_and_missing_simulated_approval_fail (test_github_lab_release.GitHubLabReleaseTests.test_wrong_manifest_hash_source_tree_and_missing_simulated_approval_fail) ... ok
Flutter analyze e test	Verificar contratos e bloqueios da esteira	2026-10-08T22:21:26.4237743Z test_wrong_tag_source_or_annotation_is_never_overwritten (test_github_lab_release.GitHubLabReleaseTests.test_wrong_tag_source_or_annotation_is_never_overwritten) ... ok
Flutter analyze e test	Verificar contratos e bloqueios da esteira	2026-10-08T22:21:26.8619265Z test_abandon_refuses_confirmed_or_unknown_effect_in_same_provider (test_lab_engine.LaboratoryTests.test_abandon_refuses_confirmed_or_unknown_effect_in_same_provider) ... ok
Flutter analyze e test	Verificar contratos e bloqueios da esteira	2026-10-08T22:21:27.2131593Z test_audit_history_and_manifests_are_immutable_and_seed_cannot_reset_production (test_lab_engine.LaboratoryTests.test_audit_history_and_manifests_are_immutable_and_seed_cannot_reset_production) ... ok
Flutter analyze e test	Verificar contratos e bloqueios da esteira	2026-10-08T22:21:27.5324256Z test_concurrent_preparations_leave_exactly_one_active_candidate (test_lab_engine.LaboratoryTests.test_concurrent_preparations_leave_exactly_one_active_candidate) ... ok
Flutter analyze e test	Verificar contratos e bloqueios da esteira	2026-10-08T22:21:27.9643854Z test_failure_after_effect_but_before_receipt_record_is_reconciled (test_lab_engine.LaboratoryTests.test_failure_after_effect_but_before_receipt_record_is_reconciled) ... ok
Flutter analyze e test	Verificar contratos e bloqueios da esteira	2026-10-08T22:21:28.3333090Z test_final_command_does_not_follow_advanced_branch_and_is_repeatable (test_lab_engine.LaboratoryTests.test_final_command_does_not_follow_advanced_branch_and_is_repeatable) ... ok
Flutter analyze e test	Verificar contratos e bloqueios da esteira	2026-10-08T22:21:28.7042600Z test_missing_base_evidence_and_native_change_block_publication (test_lab_engine.LaboratoryTests.test_missing_base_evidence_and_native_change_block_publication) ... ok
Flutter analyze e test	Verificar contratos e bloqueios da esteira	2026-10-08T22:21:29.1266022Z test_provider_warning_blocks_and_never_falls_back_to_store (test_lab_engine.LaboratoryTests.test_provider_warning_blocks_and_never_falls_back_to_store) ... ok
Flutter analyze e test	Verificar contratos e bloqueios da esteira	2026-10-08T22:21:29.8256905Z test_queue_revisions_replace_queued_rc_and_old_production_requires_new_rc (test_lab_engine.LaboratoryTests.test_queue_revisions_replace_queued_rc_and_old_production_requires_new_rc) ... ok
Flutter analyze e test	Verificar contratos e bloqueios da esteira	2026-10-08T22:21:30.1376645Z test_recovery_cannot_switch_provider_to_claim_no_effects_or_repeat (test_lab_engine.LaboratoryTests.test_recovery_cannot_switch_provider_to_claim_no_effects_or_repeat) ... ok
Flutter analyze e test	Verificar contratos e bloqueios da esteira	2026-10-08T22:21:30.5360354Z test_reopened_database_preserves_roles_gate_and_explicit_final_command (test_lab_engine.LaboratoryTests.test_reopened_database_preserves_roles_gate_and_explicit_final_command) ... ok
Flutter analyze e test	Verificar contratos e bloqueios da esteira	2026-10-08T22:21:30.7441154Z test_request_ids_are_idempotent_and_payload_bound (test_lab_engine.LaboratoryTests.test_request_ids_are_idempotent_and_payload_bound) ... ok
Flutter analyze e test	Verificar contratos e bloqueios da esteira	2026-10-08T22:21:31.1051955Z test_revision_invalidates_old_hash_and_zeroes_approvals (test_lab_engine.LaboratoryTests.test_revision_invalidates_old_hash_and_zeroes_approvals) ... ok
Flutter analyze e test	Verificar contratos e bloqueios da esteira	2026-10-08T22:21:31.5160228Z test_source_older_than_confirmed_production_is_rejected (test_lab_engine.LaboratoryTests.test_source_older_than_confirmed_production_is_rejected) ... ok
Flutter analyze e test	Verificar contratos e bloqueios da esteira	2026-10-08T22:21:31.7977750Z test_tampered_preview_wrong_identity_and_destination_reduction_block (test_lab_engine.LaboratoryTests.test_tampered_preview_wrong_identity_and_destination_reduction_block) ... ok
Flutter analyze e test	Verificar contratos e bloqueios da esteira	2026-10-08T22:21:32.2522654Z test_timeout_requires_lookup_before_resume_and_does_not_duplicate (test_lab_engine.LaboratoryTests.test_timeout_requires_lookup_before_resume_and_does_not_duplicate) ... ok
Flutter analyze e test	Verificar contratos e bloqueios da esteira	2026-10-08T22:21:32.7372800Z test_two_publishers_cannot_run_and_revocation_stops_remaining_destinations (test_lab_engine.LaboratoryTests.test_two_publishers_cannot_run_and_revocation_stops_remaining_destinations) ... ok
Flutter analyze e test	Verificar contratos e bloqueios da esteira	2026-10-08T22:21:33.1795914Z test_urgency_is_blocked_until_partial_result_is_reconciled (test_lab_engine.LaboratoryTests.test_urgency_is_blocked_until_partial_result_is_reconciled) ... ok
Flutter analyze e test	Verificar contratos e bloqueios da esteira	2026-10-08T22:21:33.8061685Z test_urgent_fix_excludes_main_features_then_reintegration_gets_new_approvals (test_lab_engine.LaboratoryTests.test_urgent_fix_excludes_main_features_then_reintegration_gets_new_approvals) ... ok
Flutter analyze e test	Verificar contratos e bloqueios da esteira	2026-10-08T22:21:33.8090472Z test_android_packages_exact_snapshot_and_records_no_distribution_or_patch (test_mobile_build.MobileBuildTests.test_android_packages_exact_snapshot_and_records_no_distribution_or_patch) ... ok
Flutter analyze e test	Verificar contratos e bloqueios da esteira	2026-10-08T22:21:33.8107902Z test_build_cannot_package_artifact_left_by_prior_attempt (test_mobile_build.MobileBuildTests.test_build_cannot_package_artifact_left_by_prior_attempt) ... ok
Flutter analyze e test	Verificar contratos e bloqueios da esteira	2026-10-08T22:21:33.8110920Z test_build_flags_are_fixed_and_defines_are_arguments_without_shell (test_mobile_build.MobileBuildTests.test_build_flags_are_fixed_and_defines_are_arguments_without_shell) ... ok
Flutter analyze e test	Verificar contratos e bloqueios da esteira	2026-10-08T22:21:33.8120136Z test_bundle_cannot_reference_files_outside_itself (test_mobile_build.MobileBuildTests.test_bundle_cannot_reference_files_outside_itself) ... ok
Flutter analyze e test	Verificar contratos e bloqueios da esteira	2026-10-08T22:21:33.8132243Z test_compiler_error_produces_no_metadata (test_mobile_build.MobileBuildTests.test_compiler_error_produces_no_metadata) ... ok
Flutter analyze e test	Verificar contratos e bloqueios da esteira	2026-10-08T22:21:33.8140405Z test_ios_linux_runner_is_rejected (test_mobile_build.MobileBuildTests.test_ios_linux_runner_is_rejected) ... ok
Flutter analyze e test	Verificar contratos e bloqueios da esteira	2026-10-08T22:21:33.8177937Z test_ios_without_codesign_packages_xcarchive_and_does_not_claim_ipa (test_mobile_build.MobileBuildTests.test_ios_without_codesign_packages_xcarchive_and_does_not_claim_ipa) ... ok
Flutter analyze e test	Verificar contratos e bloqueios da esteira	2026-10-08T22:21:33.8187640Z test_mutable_ref_and_wrong_checkout_never_start_compiler (test_mobile_build.MobileBuildTests.test_mutable_ref_and_wrong_checkout_never_start_compiler) ... ok
Flutter analyze e test	Verificar contratos e bloqueios da esteira	2026-10-08T22:21:33.8194442Z test_tools_checkout_must_match_the_caller_commit (test_mobile_build.MobileBuildTests.test_tools_checkout_must_match_the_caller_commit) ... ok
Flutter analyze e test	Verificar contratos e bloqueios da esteira	2026-10-08T22:21:33.8212605Z test_tracked_change_during_build_invalidates_result (test_mobile_build.MobileBuildTests.test_tracked_change_during_build_invalidates_result) ... ok
Flutter analyze e test	Verificar contratos e bloqueios da esteira	2026-10-08T22:21:33.8231773Z test_wrong_sdk_version_or_revision_blocks_build (test_mobile_build.MobileBuildTests.test_wrong_sdk_version_or_revision_blocks_build) ... ok
Flutter analyze e test	Verificar contratos e bloqueios da esteira	2026-10-08T22:21:33.9036654Z test_existing_bytes_cannot_be_replaced (test_pages_preview.PagesPreviewTests.test_existing_bytes_cannot_be_replaced) ... ok
Flutter analyze e test	Verificar contratos e bloqueios da esteira	2026-10-08T22:21:33.9862457Z test_existing_snapshot_reuses_bytes_without_rebuilding (test_pages_preview.PagesPreviewTests.test_existing_snapshot_reuses_bytes_without_rebuilding) ... ok
Flutter analyze e test	Verificar contratos e bloqueios da esteira	2026-10-08T22:21:34.0674265Z test_export_excludes_git_and_blocks_state (test_pages_preview.PagesPreviewTests.test_export_excludes_git_and_blocks_state) ... ok
Flutter analyze e test	Verificar contratos e bloqueios da esteira	2026-10-08T22:21:34.1351843Z test_flutter_build_marker_is_not_published (test_pages_preview.PagesPreviewTests.test_flutter_build_marker_is_not_published) ... ok
Flutter analyze e test	Verificar contratos e bloqueios da esteira	2026-10-08T22:21:34.1780403Z test_mutable_checkout_and_unknown_sha_are_rejected (test_pages_preview.PagesPreviewTests.test_mutable_checkout_and_unknown_sha_are_rejected) ... ok
Flutter analyze e test	Verificar contratos e bloqueios da esteira	2026-10-08T22:21:34.2979920Z test_new_snapshot_retains_previous_and_updates_root (test_pages_preview.PagesPreviewTests.test_new_snapshot_retains_previous_and_updates_root) ... ok
Flutter analyze e test	Verificar contratos e bloqueios da esteira	2026-10-08T22:21:34.4108357Z test_other_hidden_files_are_still_rejected (test_pages_preview.PagesPreviewTests.test_other_hidden_files_are_still_rejected) ... ok
Flutter analyze e test	Verificar contratos e bloqueios da esteira	2026-10-08T22:21:34.4765508Z test_site_rejects_links_and_banks_hidden_as_assets (test_pages_preview.PagesPreviewTests.test_site_rejects_links_and_banks_hidden_as_assets) ... ok
Flutter analyze e test	Verificar contratos e bloqueios da esteira	2026-10-08T22:21:34.5456213Z test_snapshot_metadata_matches_code_and_preserves_ci_identity (test_pages_preview.PagesPreviewTests.test_snapshot_metadata_matches_code_and_preserves_ci_identity) ... ok
Flutter analyze e test	Verificar contratos e bloqueios da esteira	2026-10-08T22:21:34.5465093Z test_base_href_and_bootstrap_reference_are_checked_beyond_hashes (test_pages_smoke.PagesSmokeTests.test_base_href_and_bootstrap_reference_are_checked_beyond_hashes) ... ok
Flutter analyze e test	Verificar contratos e bloqueios da esteira	2026-10-08T22:21:34.5469183Z test_confirms_snapshot_and_attests_full_map_without_downloading_engine (test_pages_smoke.PagesSmokeTests.test_confirms_snapshot_and_attests_full_map_without_downloading_engine) ... ok
Flutter analyze e test	Verificar contratos e bloqueios da esteira	2026-10-08T22:21:34.5518483Z test_http_only_retries_selected_statuses_and_refuses_redirects (test_pages_smoke.PagesSmokeTests.test_http_only_retries_selected_statuses_and_refuses_redirects) ... ok
Flutter analyze e test	Verificar contratos e bloqueios da esteira	2026-10-08T22:21:34.5521487Z test_map_hash_must_match_trusted_build_even_if_metadata_claims_it_does (test_pages_smoke.PagesSmokeTests.test_map_hash_must_match_trusted_build_even_if_metadata_claims_it_does) ... ok
Flutter analyze e test	Verificar contratos e bloqueios da esteira	2026-10-08T22:21:34.5524630Z test_metadata_tampering_with_recomputed_manifest_keeps_web_hash_but_is_rejected (test_pages_smoke.PagesSmokeTests.test_metadata_tampering_with_recomputed_manifest_keeps_web_hash_but_is_rejected) ... ok
Flutter analyze e test	Verificar contratos e bloqueios da esteira	2026-10-08T22:21:34.5527728Z test_retries_propagation_and_stops_at_190_seconds (test_pages_smoke.PagesSmokeTests.test_retries_propagation_and_stops_at_190_seconds) ... Aguardando propagação Pages: HTTP 404
Flutter analyze e test	Verificar contratos e bloqueios da esteira	2026-10-08T22:21:34.5529987Z Aguardando propagação Pages: HTTP 404
Flutter analyze e test	Verificar contratos e bloqueios da esteira	2026-10-08T22:21:34.5531163Z Aguardando propagação Pages: HTTP 503
Flutter analyze e test	Verificar contratos e bloqueios da esteira	2026-10-08T22:21:34.5531675Z Aguardando propagação Pages: HTTP 503
Flutter analyze e test	Verificar contratos e bloqueios da esteira	2026-10-08T22:21:34.5532153Z Aguardando propagação Pages: HTTP 503
Flutter analyze e test	Verificar contratos e bloqueios da esteira	2026-10-08T22:21:34.5532627Z Aguardando propagação Pages: HTTP 503
Flutter analyze e test	Verificar contratos e bloqueios da esteira	2026-10-08T22:21:34.5533099Z Aguardando propagação Pages: HTTP 503
Flutter analyze e test	Verificar contratos e bloqueios da esteira	2026-10-08T22:21:34.5533582Z Aguardando propagação Pages: HTTP 503
Flutter analyze e test	Verificar contratos e bloqueios da esteira	2026-10-08T22:21:34.5534053Z Aguardando propagação Pages: HTTP 503
Flutter analyze e test	Verificar contratos e bloqueios da esteira	2026-10-08T22:21:34.5534525Z Aguardando propagação Pages: HTTP 503
Flutter analyze e test	Verificar contratos e bloqueios da esteira	2026-10-08T22:21:34.5534999Z Aguardando propagação Pages: HTTP 503
Flutter analyze e test	Verificar contratos e bloqueios da esteira	2026-10-08T22:21:34.5535487Z Aguardando propagação Pages: HTTP 503
Flutter analyze e test	Verificar contratos e bloqueios da esteira	2026-10-08T22:21:34.5535970Z Aguardando propagação Pages: HTTP 503
Flutter analyze e test	Verificar contratos e bloqueios da esteira	2026-10-08T22:21:34.5536441Z Aguardando propagação Pages: HTTP 503
Flutter analyze e test	Verificar contratos e bloqueios da esteira	2026-10-08T22:21:34.5536911Z Aguardando propagação Pages: HTTP 503
Flutter analyze e test	Verificar contratos e bloqueios da esteira	2026-10-08T22:21:34.5537381Z Aguardando propagação Pages: HTTP 503
Flutter analyze e test	Verificar contratos e bloqueios da esteira	2026-10-08T22:21:34.5537852Z Aguardando propagação Pages: HTTP 503
Flutter analyze e test	Verificar contratos e bloqueios da esteira	2026-10-08T22:21:34.5538327Z Aguardando propagação Pages: HTTP 503
Flutter analyze e test	Verificar contratos e bloqueios da esteira	2026-10-08T22:21:34.5538801Z Aguardando propagação Pages: HTTP 503
Flutter analyze e test	Verificar contratos e bloqueios da esteira	2026-10-08T22:21:34.5539272Z Aguardando propagação Pages: HTTP 503
Flutter analyze e test	Verificar contratos e bloqueios da esteira	2026-10-08T22:21:34.5539699Z Aguardando propagação Pages: HTTP 503
Flutter analyze e test	Verificar contratos e bloqueios da esteira	2026-10-08T22:21:34.5539985Z ok
Flutter analyze e test	Verificar contratos e bloqueios da esteira	2026-10-08T22:21:34.5542196Z test_unsafe_manifest_paths_fail_before_asset_requests (test_pages_smoke.PagesSmokeTests.test_unsafe_manifest_paths_fail_before_asset_requests) ... ok
Flutter analyze e test	Verificar contratos e bloqueios da esteira	2026-10-08T22:21:34.5544636Z test_wrapper_tampering_with_recomputed_manifest_keeps_web_hash_but_is_rejected (test_pages_smoke.PagesSmokeTests.test_wrapper_tampering_with_recomputed_manifest_keeps_web_hash_but_is_rejected) ... ok
Flutter analyze e test	Verificar contratos e bloqueios da esteira	2026-10-08T22:21:34.5547730Z test_wrong_metadata_or_main_bytes_fail_without_retry (test_pages_smoke.PagesSmokeTests.test_wrong_metadata_or_main_bytes_fail_without_retry) ... ok
Flutter analyze e test	Verificar contratos e bloqueios da esteira	2026-10-08T22:21:34.5549562Z test_bot_and_pending_do_not_count (test_policy.ApprovalTests.test_bot_and_pending_do_not_count) ... ok
Flutter analyze e test	Verificar contratos e bloqueios da esteira	2026-10-08T22:21:34.5551649Z test_comment_does_not_revoke_and_api_order_does_not_matter (test_policy.ApprovalTests.test_comment_does_not_revoke_and_api_order_does_not_matter) ... ok
Flutter analyze e test	Verificar contratos e bloqueios da esteira	2026-10-08T22:21:34.5553322Z test_commit_change_invalidates_approvals (test_policy.ApprovalTests.test_commit_change_invalidates_approvals) ... ok
Flutter analyze e test	Verificar contratos e bloqueios da esteira	2026-10-08T22:21:34.5554493Z test_dismissal_and_changes_requested_revoke (test_policy.ApprovalTests.test_dismissal_and_changes_requested_revoke) ... ok
Flutter analyze e test	Verificar contratos e bloqueios da esteira	2026-10-08T22:21:34.5555520Z test_no_publish_side_effect_at_zero_one_or_unmerged_two (test_policy.ApprovalTests.test_no_publish_side_effect_at_zero_one_or_unmerged_two) ... ok
Flutter analyze e test	Verificar contratos e bloqueios da esteira	2026-10-08T22:21:34.5556770Z test_only_one_new_manifest (test_policy.ApprovalTests.test_only_one_new_manifest) ... ok
Flutter analyze e test	Verificar contratos e bloqueios da esteira	2026-10-08T22:21:34.5557607Z test_other_people_and_author_cannot_substitute (test_policy.ApprovalTests.test_other_people_and_author_cannot_substitute) ... ok
Flutter analyze e test	Verificar contratos e bloqueios da esteira	2026-10-08T22:21:34.5558456Z test_reapproval_after_changes (test_policy.ApprovalTests.test_reapproval_after_changes) ... ok
Flutter analyze e test	Verificar contratos e bloqueios da esteira	2026-10-08T22:21:34.5559328Z test_record_hash_binds_source_preview_and_changelog (test_policy.ApprovalTests.test_record_hash_binds_source_preview_and_changelog) ... ok
Flutter analyze e test	Verificar contratos e bloqueios da esteira	2026-10-08T22:21:34.5560273Z test_same_person_twice_cannot_approve_alone (test_policy.ApprovalTests.test_same_person_twice_cannot_approve_alone) ... ok
Flutter analyze e test	Verificar contratos e bloqueios da esteira	2026-10-08T22:21:34.5561844Z test_submission_time_wins_over_draft_creation_id (test_policy.ApprovalTests.test_submission_time_wins_over_draft_creation_id) ... ok
Flutter analyze e test	Verificar contratos e bloqueios da esteira	2026-10-08T22:21:34.5562876Z test_zero_one_and_two (test_policy.ApprovalTests.test_zero_one_and_two) ... ok
Flutter analyze e test	Verificar contratos e bloqueios da esteira	2026-10-08T22:21:34.5563502Z test_expiration_and_changed_inputs (test_policy.PreviewTests.test_expiration_and_changed_inputs) ... ok
Flutter analyze e test	Verificar contratos e bloqueios da esteira	2026-10-08T22:21:34.6019200Z test_squash_sha_difference_preserves_content_identity (test_policy.PreviewTests.test_squash_sha_difference_preserves_content_identity) ... ok
Flutter analyze e test	Verificar contratos e bloqueios da esteira	2026-10-08T22:21:34.6038424Z test_revocation_during_upload_never_publishes_draft (test_policy.PublisherBoundaryTests.test_revocation_during_upload_never_publishes_draft) ... ok
Flutter analyze e test	Verificar contratos e bloqueios da esteira	2026-10-08T22:21:34.6055127Z test_two_current_review_payloads_allow_only_lab_release_and_receipt (test_policy.PublisherBoundaryTests.test_two_current_review_payloads_allow_only_lab_release_and_receipt) ... ok
Flutter analyze e test	Verificar contratos e bloqueios da esteira	2026-10-08T22:21:34.6057632Z test_changed_source_cannot_reuse_candidate_authorization (test_release_lab.CandidateStateTests.test_changed_source_cannot_reuse_candidate_authorization) ... ok
Flutter analyze e test	Verificar contratos e bloqueios da esteira	2026-10-08T22:21:34.6059938Z test_current_candidate_is_bound_to_its_exact_source_commit (test_release_lab.CandidateStateTests.test_current_candidate_is_bound_to_its_exact_source_commit) ... ok
Flutter analyze e test	Verificar contratos e bloqueios da esteira	2026-10-08T22:21:34.6062391Z test_missing_record_does_not_get_created_by_the_gate (test_release_lab.CandidateStateTests.test_missing_record_does_not_get_created_by_the_gate) ... ok
Flutter analyze e test	Verificar contratos e bloqueios da esteira	2026-10-08T22:21:34.6064667Z test_new_rc_blocks_old_rc_without_deleting_its_history (test_release_lab.CandidateStateTests.test_new_rc_blocks_old_rc_without_deleting_its_history) ... ok
Flutter analyze e test	Verificar contratos e bloqueios da esteira	2026-10-08T22:21:34.6066987Z test_dart_only_is_a_preliminary_forecast_with_a_reason (test_release_lab.ClassificationTests.test_dart_only_is_a_preliminary_forecast_with_a_reason) ... ok
Flutter analyze e test	Verificar contratos e bloqueios da esteira	2026-10-08T22:21:34.6069593Z test_dependency_change_remains_unknown_without_compatibility_evidence (test_release_lab.ClassificationTests.test_dependency_change_remains_unknown_without_compatibility_evidence) ... ok
Flutter analyze e test	Verificar contratos e bloqueios da esteira	2026-10-08T22:21:34.6072370Z test_native_sdk_and_packaged_asset_changes_require_a_store_release (test_release_lab.ClassificationTests.test_native_sdk_and_packaged_asset_changes_require_a_store_release) ... ok
Flutter analyze e test	Verificar contratos e bloqueios da esteira	2026-10-08T22:21:34.6074671Z test_unknown_mobile_base_blocks_patch_forecast_even_for_dart_only (test_release_lab.ClassificationTests.test_unknown_mobile_base_blocks_patch_forecast_even_for_dart_only) ... ok
Flutter analyze e test	Verificar contratos e bloqueios da esteira	2026-10-08T22:21:34.6076907Z test_bot_cannot_be_counted_as_a_human_review (test_release_lab.EnvironmentReviewTests.test_bot_cannot_be_counted_as_a_human_review) ... ok
Flutter analyze e test	Verificar contratos e bloqueios da esteira	2026-10-08T22:21:34.6078745Z test_changed_environment_id_invalidates_a_familiar_name (test_release_lab.EnvironmentReviewTests.test_changed_environment_id_invalidates_a_familiar_name) ... ok
Flutter analyze e test	Verificar contratos e bloqueios da esteira	2026-10-08T22:21:34.6081092Z test_conflicting_history_cannot_choose_a_convenient_api_order (test_release_lab.EnvironmentReviewTests.test_conflicting_history_cannot_choose_a_convenient_api_order) ... ok
Flutter analyze e test	Verificar contratos e bloqueios da esteira	2026-10-08T22:21:34.6083255Z test_duplicate_person_in_two_environments_is_not_two_approvals (test_release_lab.EnvironmentReviewTests.test_duplicate_person_in_two_environments_is_not_two_approvals) ... ok
Flutter analyze e test	Verificar contratos e bloqueios da esteira	2026-10-08T22:21:34.6085361Z test_either_required_approver_can_take_the_final_decision (test_release_lab.EnvironmentReviewTests.test_either_required_approver_can_take_the_final_decision) ... ok
Flutter analyze e test	Verificar contratos e bloqueios da esteira	2026-10-08T22:21:34.6087774Z test_final_decision_does_not_replace_a_missing_version_approval (test_release_lab.EnvironmentReviewTests.test_final_decision_does_not_replace_a_missing_version_approval) ... ok
Flutter analyze e test	Verificar contratos e bloqueios da esteira	2026-10-08T22:21:34.6089828Z test_final_requires_a_third_separate_human_decision (test_release_lab.EnvironmentReviewTests.test_final_requires_a_third_separate_human_decision) ... ok
Flutter analyze e test	Verificar contratos e bloqueios da esteira	2026-10-08T22:21:34.6092102Z test_login_alone_cannot_substitute_numeric_account_identity (test_release_lab.EnvironmentReviewTests.test_login_alone_cannot_substitute_numeric_account_identity) ... ok
Flutter analyze e test	Verificar contratos e bloqueios da esteira	2026-10-08T22:21:34.6094050Z test_numeric_id_alone_cannot_substitute_another_login (test_release_lab.EnvironmentReviewTests.test_numeric_id_alone_cannot_substitute_another_login) ... ok
Flutter analyze e test	Verificar contratos e bloqueios da esteira	2026-10-08T22:21:34.6095941Z test_rejection_or_pending_cannot_count_as_approval (test_release_lab.EnvironmentReviewTests.test_rejection_or_pending_cannot_count_as_approval) ... ok
Flutter analyze e test	Verificar contratos e bloqueios da esteira	2026-10-08T22:21:34.6098035Z test_two_real_identities_enable_approval_stage_without_publishing (test_release_lab.EnvironmentReviewTests.test_two_real_identities_enable_approval_stage_without_publishing) ... ok
Flutter analyze e test	Verificar contratos e bloqueios da esteira	2026-10-08T22:21:34.6100176Z test_unlisted_publisher_cannot_use_the_final_environment (test_release_lab.EnvironmentReviewTests.test_unlisted_publisher_cannot_use_the_final_environment) ... ok
Flutter analyze e test	Verificar contratos e bloqueios da esteira	2026-10-08T22:21:34.6102720Z test_wrong_identity_in_history_cannot_be_hidden_behind_a_valid_approval (test_release_lab.EnvironmentReviewTests.test_wrong_identity_in_history_cannot_be_hidden_behind_a_valid_approval) ... ok
Flutter analyze e test	Verificar contratos e bloqueios da esteira	2026-10-08T22:21:34.6104890Z test_zero_or_one_approval_cannot_enable_final_command (test_release_lab.EnvironmentReviewTests.test_zero_or_one_approval_cannot_enable_final_command) ... ok
Flutter analyze e test	Verificar contratos e bloqueios da esteira	2026-10-08T22:21:34.6136146Z test_failed_cancelled_skipped_or_pending_job_cannot_complete (test_release_lab.FinalReceiptTests.test_failed_cancelled_skipped_or_pending_job_cannot_complete) ... ok
Flutter analyze e test	Verificar contratos e bloqueios da esteira	2026-10-08T22:21:34.6150019Z test_old_run_cannot_complete_after_rc2_replaced_it (test_release_lab.FinalReceiptTests.test_old_run_cannot_complete_after_rc2_replaced_it) ... ok
Flutter analyze e test	Verificar contratos e bloqueios da esteira	2026-10-08T22:21:34.6164253Z test_report_drift_cannot_complete_or_write_a_receipt (test_release_lab.FinalReceiptTests.test_report_drift_cannot_complete_or_write_a_receipt) ... ok
Flutter analyze e test	Verificar contratos e bloqueios da esteira	2026-10-08T22:21:34.6177667Z test_reviews_without_both_successful_job_receipts_cannot_complete (test_release_lab.FinalReceiptTests.test_reviews_without_both_successful_job_receipts_cannot_complete) ... ok
Flutter analyze e test	Verificar contratos e bloqueios da esteira	2026-10-08T22:21:34.6200621Z test_success_records_real_decisions_but_only_simulated_result (test_release_lab.FinalReceiptTests.test_success_records_real_decisions_but_only_simulated_result) ... ok
Flutter analyze e test	Verificar contratos e bloqueios da esteira	2026-10-08T22:21:34.6207737Z test_advanced_release_requires_new_rc_instead_of_old_approval (test_release_lab.FrozenIdentityTests.test_advanced_release_requires_new_rc_instead_of_old_approval) ... ok
Flutter analyze e test	Verificar contratos e bloqueios da esteira	2026-10-08T22:21:34.6210365Z test_changed_policy_does_not_reuse_frozen_approvals (test_release_lab.FrozenIdentityTests.test_changed_policy_does_not_reuse_frozen_approvals) ... ok
Flutter analyze e test	Verificar contratos e bloqueios da esteira	2026-10-08T22:21:34.6215857Z test_moved_tag_blocks_before_reading_environment_rules (test_release_lab.FrozenIdentityTests.test_moved_tag_blocks_before_reading_environment_rules) ... ok
Flutter analyze e test	Verificar contratos e bloqueios da esteira	2026-10-08T22:21:34.6243389Z test_invalid_version_or_title_is_rejected_before_any_remote_mutation (test_release_lab.InputValidationTests.test_invalid_version_or_title_is_rejected_before_any_remote_mutation) ... ok
Flutter analyze e test	Verificar contratos e bloqueios da esteira	2026-10-08T22:21:34.6246213Z test_distinct_roles_cannot_share_one_environment (test_release_lab.PolicyTests.test_distinct_roles_cannot_share_one_environment) ... ok
Flutter analyze e test	Verificar contratos e bloqueios da esteira	2026-10-08T22:21:34.6248470Z test_empty_or_ambiguous_account_identity_is_rejected (test_release_lab.PolicyTests.test_empty_or_ambiguous_account_identity_is_rejected) ... ok
Flutter analyze e test	Verificar contratos e bloqueios da esteira	2026-10-08T22:21:34.6250536Z test_final_decision_has_its_own_environment (test_release_lab.PolicyTests.test_final_decision_has_its_own_environment) ... ok
Flutter analyze e test	Verificar contratos e bloqueios da esteira	2026-10-08T22:21:34.6253108Z test_final_publishers_must_be_the_required_approver_set (test_release_lab.PolicyTests.test_final_publishers_must_be_the_required_approver_set) ... ok
Flutter analyze e test	Verificar contratos e bloqueios da esteira	2026-10-08T22:21:34.6255566Z test_policy_accepts_distinct_mandatory_approvers_and_either_publisher (test_release_lab.PolicyTests.test_policy_accepts_distinct_mandatory_approvers_and_either_publisher) ... ok
Flutter analyze e test	Verificar contratos e bloqueios da esteira	2026-10-08T22:21:34.6257803Z test_same_person_cannot_fill_both_mandatory_roles (test_release_lab.PolicyTests.test_same_person_cannot_fill_both_mandatory_roles) ... ok
Flutter analyze e test	Verificar contratos e bloqueios da esteira	2026-10-08T22:21:34.7059494Z test_an_extra_valid_snapshot_cannot_cross_the_candidate_boundary (test_release_lab.StaticArtifactBoundaryTests.test_an_extra_valid_snapshot_cannot_cross_the_candidate_boundary) ... ok
Flutter analyze e test	Verificar contratos e bloqueios da esteira	2026-10-08T22:21:34.7981899Z test_divergent_historical_snapshot_is_preserved_instead_of_overwritten (test_release_lab.StaticArtifactBoundaryTests.test_divergent_historical_snapshot_is_preserved_instead_of_overwritten) ... ok
Flutter analyze e test	Verificar contratos e bloqueios da esteira	2026-10-08T22:21:34.8670506Z test_root_or_nested_git_payload_is_rejected_before_import (test_release_lab.StaticArtifactBoundaryTests.test_root_or_nested_git_payload_is_rejected_before_import) ... ok
Flutter analyze e test	Verificar contratos e bloqueios da esteira	2026-10-08T22:21:34.9954495Z test_self_consistent_metadata_must_still_match_trusted_git_inputs (test_release_lab.StaticArtifactBoundaryTests.test_self_consistent_metadata_must_still_match_trusted_git_inputs) ... ok
Flutter analyze e test	Verificar contratos e bloqueios da esteira	2026-10-08T22:21:35.0636426Z test_symlink_as_artifact_root_is_rejected_without_following_it (test_release_lab.StaticArtifactBoundaryTests.test_symlink_as_artifact_root_is_rejected_without_following_it) ... ok
Flutter analyze e test	Verificar contratos e bloqueios da esteira	2026-10-08T22:21:35.0638900Z test_operator_can_prepare_only_once_from_main (test_release_lab.TrustedContextTests.test_operator_can_prepare_only_once_from_main) ... ok
Flutter analyze e test	Verificar contratos e bloqueios da esteira	2026-10-08T22:21:35.0641060Z test_repository_account_and_trusted_ref_cannot_be_substituted (test_release_lab.TrustedContextTests.test_repository_account_and_trusted_ref_cannot_be_substituted) ... ok
Flutter analyze e test	Verificar contratos e bloqueios da esteira	2026-10-08T22:21:35.0643049Z test_rerun_cannot_reuse_earlier_human_approvals (test_release_lab.TrustedContextTests.test_rerun_cannot_reuse_earlier_human_approvals) ... ok
Flutter analyze e test	Verificar contratos e bloqueios da esteira	2026-10-08T22:21:35.1595960Z test_conflicting_release_name_body_or_state_is_not_patched (test_release_lab_promotion.PromotionFlowTests.test_conflicting_release_name_body_or_state_is_not_patched) ... ok
Flutter analyze e test	Verificar contratos e bloqueios da esteira	2026-10-08T22:21:35.2514768Z test_conflicting_stable_ref_is_never_moved_or_deleted (test_release_lab_promotion.PromotionFlowTests.test_conflicting_stable_ref_is_never_moved_or_deleted) ... ok
Flutter analyze e test	Verificar contratos e bloqueios da esteira	2026-10-08T22:21:35.3292850Z test_failed_preview_cannot_produce_report_approval_or_publication (test_release_lab_promotion.PromotionFlowTests.test_failed_preview_cannot_produce_report_approval_or_publication) ... ok
Flutter analyze e test	Verificar contratos e bloqueios da esteira	2026-10-08T22:21:35.4442667Z test_interleaved_approval_writers_retry_cas_without_losing_either_receipt (test_release_lab_promotion.PromotionFlowTests.test_interleaved_approval_writers_retry_cas_without_losing_either_receipt) ... ok
Flutter analyze e test	Verificar contratos e bloqueios da esteira	2026-10-08T22:21:35.5480552Z test_lost_release_post_response_is_read_back_before_receipt (test_release_lab_promotion.PromotionFlowTests.test_lost_release_post_response_is_read_back_before_receipt) ... ok
Flutter analyze e test	Verificar contratos e bloqueios da esteira	2026-10-08T22:21:35.6061447Z test_lost_response_after_final_cut_journal_commit_returns_the_same_rc (test_release_lab_promotion.PromotionFlowTests.test_lost_response_after_final_cut_journal_commit_returns_the_same_rc) ... ok
Flutter analyze e test	Verificar contratos e bloqueios da esteira	2026-10-08T22:21:35.7254306Z test_lost_responses_and_partial_failure_reconcile_exactly_one_release (test_release_lab_promotion.PromotionFlowTests.test_lost_responses_and_partial_failure_reconcile_exactly_one_release) ... ok
Flutter analyze e test	Verificar contratos e bloqueios da esteira	2026-10-08T22:21:35.8346738Z test_lost_tag_post_response_is_proven_by_get_before_release_post (test_release_lab_promotion.PromotionFlowTests.test_lost_tag_post_response_is_proven_by_get_before_release_post) ... ok
Flutter analyze e test	Verificar contratos e bloqueios da esteira	2026-10-08T22:21:36.0274915Z test_old_completed_version_wrong_initiator_rerun_and_bot_are_blocked (test_release_lab_promotion.PromotionFlowTests.test_old_completed_version_wrong_initiator_rerun_and_bot_are_blocked) ... ok
Flutter analyze e test	Verificar contratos e bloqueios da esteira	2026-10-08T22:21:36.1210156Z test_pending_or_cancelled_review_job_blocks_external_effects_even_if_reviews_exist (test_release_lab_promotion.PromotionFlowTests.test_pending_or_cancelled_review_job_blocks_external_effects_even_if_reviews_exist) ... ok
Flutter analyze e test	Verificar contratos e bloqueios da esteira	2026-10-08T22:21:36.2315235Z test_publication_failure_keeps_intent_and_blocks_new_candidate (test_release_lab_promotion.PromotionFlowTests.test_publication_failure_keeps_intent_and_blocks_new_candidate) ... ok
Flutter analyze e test	Verificar contratos e bloqueios da esteira	2026-10-08T22:21:36.3543303Z test_recovery_cannot_continue_after_a_correction_changed_release_branch (test_release_lab_promotion.PromotionFlowTests.test_recovery_cannot_continue_after_a_correction_changed_release_branch) ... ok
Flutter analyze e test	Verificar contratos e bloqueios da esteira	2026-10-08T22:21:36.4844961Z test_recovery_requires_new_final_decision_and_preserves_original_approval_evidence (test_release_lab_promotion.PromotionFlowTests.test_recovery_requires_new_final_decision_and_preserves_original_approval_evidence) ... ok
Flutter analyze e test	Verificar contratos e bloqueios da esteira	2026-10-08T22:21:36.6685112Z test_rejected_rc1_is_preserved_corrected_rc2_starts_at_zero_and_is_promoted (test_release_lab_promotion.PromotionFlowTests.test_rejected_rc1_is_preserved_corrected_rc2_starts_at_zero_and_is_promoted) ... ok
Flutter analyze e test	Verificar contratos e bloqueios da esteira	2026-10-08T22:21:36.7603870Z test_removed_rules_after_approvals_and_final_command_prevent_publication_intent (test_release_lab_promotion.PromotionFlowTests.test_removed_rules_after_approvals_and_final_command_prevent_publication_intent) ... ok
Flutter analyze e test	Verificar contratos e bloqueios da esteira	2026-10-08T22:21:36.8648838Z test_removed_rules_after_stable_creation_block_release_and_preserve_partial_intent (test_release_lab_promotion.PromotionFlowTests.test_removed_rules_after_stable_creation_block_release_and_preserve_partial_intent) ... ok
Flutter analyze e test	Verificar contratos e bloqueios da esteira	2026-10-08T22:21:36.9615909Z test_report_tag_release_branch_and_base_drift_do_not_reuse_approvals (test_release_lab_promotion.PromotionFlowTests.test_report_tag_release_branch_and_base_drift_do_not_reuse_approvals) ... ok
Flutter analyze e test	Verificar contratos e bloqueios da esteira	2026-10-08T22:21:37.0803149Z test_same_attempt_process_retry_reuses_intent_and_cannot_duplicate_release (test_release_lab_promotion.PromotionFlowTests.test_same_attempt_process_retry_reuses_intent_and_cannot_duplicate_release) ... ok
Flutter analyze e test	Verificar contratos e bloqueios da esteira	2026-10-08T22:21:37.2002253Z test_second_successful_finish_is_idempotent_without_a_second_post (test_release_lab_promotion.PromotionFlowTests.test_second_successful_finish_is_idempotent_without_a_second_post) ... ok
Flutter analyze e test	Verificar contratos e bloqueios da esteira	2026-10-08T22:21:37.2583395Z test_simulated_completion_cannot_replace_the_real_stable_changelog_baseline (test_release_lab_promotion.PromotionFlowTests.test_simulated_completion_cannot_replace_the_real_stable_changelog_baseline) ... ok
Flutter analyze e test	Verificar contratos e bloqueios da esteira	2026-10-08T22:21:37.3650381Z test_successful_post_without_published_get_proof_cannot_write_receipt (test_release_lab_promotion.PromotionFlowTests.test_successful_post_without_published_get_proof_cannot_write_receipt) ... ok
Flutter analyze e test	Verificar contratos e bloqueios da esteira	2026-10-08T22:21:37.4560583Z test_unowned_stable_tag_at_same_commit_does_not_imply_publication_authority (test_release_lab_promotion.PromotionFlowTests.test_unowned_stable_tag_at_same_commit_does_not_imply_publication_authority) ... ok
Flutter analyze e test	Verificar contratos e bloqueios da esteira	2026-10-08T22:21:37.4892402Z test_version_comparison_is_numeric_instead_of_lexicographic (test_release_lab_promotion.PromotionFlowTests.test_version_comparison_is_numeric_instead_of_lexicographic) ... ok
Flutter analyze e test	Verificar contratos e bloqueios da esteira	2026-10-08T22:21:37.6119375Z test_zero_one_two_approvals_require_separate_command_before_github_promotion (test_release_lab_promotion.PromotionFlowTests.test_zero_one_two_approvals_require_separate_command_before_github_promotion) ... ok
Flutter analyze e test	Verificar contratos e bloqueios da esteira	2026-10-08T22:21:37.8043202Z test_absent_provider_is_not_silently_recreated_or_treated_as_negative (test_remote_state.RemoteStateTests.test_absent_provider_is_not_silently_recreated_or_treated_as_negative) ... ok
Flutter analyze e test	Verificar contratos e bloqueios da esteira	2026-10-08T22:21:38.0289924Z test_bootstrap_race_cannot_replace_another_initialized_ref (test_remote_state.RemoteStateTests.test_bootstrap_race_cannot_replace_another_initialized_ref) ... ok
Flutter analyze e test	Verificar contratos e bloqueios da esteira	2026-10-08T22:21:38.2433552Z test_checkpoint_exists_before_ref_mutation (test_remote_state.RemoteStateTests.test_checkpoint_exists_before_ref_mutation) ... ok
Flutter analyze e test	Verificar contratos e bloqueios da esteira	2026-10-08T22:21:38.4689133Z test_checksums_and_truncated_tree_or_extra_files_block_before_import (test_remote_state.RemoteStateTests.test_checksums_and_truncated_tree_or_extra_files_block_before_import) ... ok
Flutter analyze e test	Verificar contratos e bloqueios da esteira	2026-10-08T22:21:38.7288150Z test_concurrent_sibling_writer_is_conflict_never_rebased_or_reapplied (test_remote_state.RemoteStateTests.test_concurrent_sibling_writer_is_conflict_never_rebased_or_reapplied) ... ok
Flutter analyze e test	Verificar contratos e bloqueios da esteira	2026-10-08T22:21:39.0094351Z test_confirmation_after_another_writer_advances_still_identifies_our_commit (test_remote_state.RemoteStateTests.test_confirmation_after_another_writer_advances_still_identifies_our_commit) ... ok
Flutter analyze e test	Verificar contratos e bloqueios da esteira	2026-10-08T22:21:39.2577035Z test_denied_update_can_only_retry_same_proposal_with_same_payload (test_remote_state.RemoteStateTests.test_denied_update_can_only_retry_same_proposal_with_same_payload) ... ok
Flutter analyze e test	Verificar contratos e bloqueios da esteira	2026-10-08T22:21:39.4751197Z test_empty_directory_allowed_but_existing_state_is_not_overwritten (test_remote_state.RemoteStateTests.test_empty_directory_allowed_but_existing_state_is_not_overwritten) ... ok
Flutter analyze e test	Verificar contratos e bloqueios da esteira	2026-10-08T22:21:39.6838470Z test_lost_ref_reply_is_reconciled_without_second_update (test_remote_state.RemoteStateTests.test_lost_ref_reply_is_reconciled_without_second_update) ... ok
Flutter analyze e test	Verificar contratos e bloqueios da esteira	2026-10-08T22:21:39.8945019Z test_opaque_credential_setting_or_unexpected_secret_column_is_rejected (test_remote_state.RemoteStateTests.test_opaque_credential_setting_or_unexpected_secret_column_is_rejected) ... ok
Flutter analyze e test	Verificar contratos e bloqueios da esteira	2026-10-08T22:21:40.0904579Z test_restriction_to_personal_repository_and_dedicated_ref (test_remote_state.RemoteStateTests.test_restriction_to_personal_repository_and_dedicated_ref) ... ok
Flutter analyze e test	Verificar contratos e bloqueios da esteira	2026-10-08T22:21:40.3297749Z test_round_trip_preserves_hash_approvals_all_journals_and_path_plan (test_remote_state.RemoteStateTests.test_round_trip_preserves_hash_approvals_all_journals_and_path_plan) ... ok
Flutter analyze e test	Verificar contratos e bloqueios da esteira	2026-10-08T22:21:40.5275024Z test_secret_values_are_rejected_and_never_written_to_git (test_remote_state.RemoteStateTests.test_secret_values_are_rejected_and_never_written_to_git) ... ok
Flutter analyze e test	Verificar contratos e bloqueios da esteira	2026-10-08T22:21:40.7505695Z test_sqlite_wal_is_exported_by_backup_and_remote_journal_remains_consistent (test_remote_state.RemoteStateTests.test_sqlite_wal_is_exported_by_backup_and_remote_journal_remains_consistent) ... ok
Flutter analyze e test	Verificar contratos e bloqueios da esteira	2026-10-08T22:21:41.0305580Z test_two_actions_advance_one_parent_without_force_and_preserve_zero_to_two (test_remote_state.RemoteStateTests.test_two_actions_advance_one_parent_without_force_and_preserve_zero_to_two) ... ok
Flutter analyze e test	Verificar contratos e bloqueios da esteira	2026-10-08T22:21:41.2821969Z test_unknown_confirmation_preserves_checkpoint_and_exact_proposal_for_retry (test_remote_state.RemoteStateTests.test_unknown_confirmation_preserves_checkpoint_and_exact_proposal_for_retry) ... ok
Flutter analyze e test	Verificar contratos e bloqueios da esteira	2026-10-08T22:21:41.9324581Z test_reopened_actions_preserve_zero_one_two_and_publish_exact_snapshot_once (test_runner.CoordinatorTests.test_reopened_actions_preserve_zero_one_two_and_publish_exact_snapshot_once) ... ok
Flutter analyze e test	Verificar contratos e bloqueios da esteira	2026-10-08T22:21:42.0626307Z test_slack_checkpoint_failure_prevents_post_and_keeps_unknown_locally (test_runner.CoordinatorTests.test_slack_checkpoint_failure_prevents_post_and_keeps_unknown_locally) ... ok
Flutter analyze e test	Verificar contratos e bloqueios da esteira	2026-10-08T22:21:42.2265444Z test_slack_unknown_checkpoint_is_remote_before_post_and_sent_rerun_does_not_duplicate (test_runner.CoordinatorTests.test_slack_unknown_checkpoint_is_remote_before_post_and_sent_rerun_does_not_duplicate) ... ok
Flutter analyze e test	Verificar contratos e bloqueios da esteira	2026-10-08T22:21:42.2269072Z test_metadata_read_is_allowed_but_repo_root_mutation_is_rejected (test_runner.RequestTests.test_metadata_read_is_allowed_but_repo_root_mutation_is_rejected) ... ok
Flutter analyze e test	Verificar contratos e bloqueios da esteira	2026-10-08T22:21:42.2271992Z test_only_authenticated_owner_on_personal_main_can_operate (test_runner.RequestTests.test_only_authenticated_owner_on_personal_main_can_operate) ... ok
Flutter analyze e test	Verificar contratos e bloqueios da esteira	2026-10-08T22:21:42.2274938Z test_rc_and_urgency_do_not_silently_coerce_other_json_types (test_runner.RequestTests.test_rc_and_urgency_do_not_silently_coerce_other_json_types) ... ok
Flutter analyze e test	Verificar contratos e bloqueios da esteira	2026-10-08T22:21:42.2278202Z test_sha_candidate_and_hash_require_text_before_regex_checks (test_runner.RequestTests.test_sha_candidate_and_hash_require_text_before_regex_checks) ... ok
Flutter analyze e test	Verificar contratos e bloqueios da esteira	2026-10-08T22:21:42.2282108Z test_extra_human_or_another_bot_or_missing_israel_blocks (test_slack_notify.DestinationTests.test_extra_human_or_another_bot_or_missing_israel_blocks) ... ok
Flutter analyze e test	Verificar contratos e bloqueios da esteira	2026-10-08T22:21:42.2285094Z test_membership_is_checked_through_all_pages (test_slack_notify.DestinationTests.test_membership_is_checked_through_all_pages) ... ok
Flutter analyze e test	Verificar contratos e bloqueios da esteira	2026-10-08T22:21:42.2287289Z test_only_exact_private_channel_and_bot_plus_israel_are_accepted (test_slack_notify.DestinationTests.test_only_exact_private_channel_and_bot_plus_israel_are_accepted) ... ok
Flutter analyze e test	Verificar contratos e bloqueios da esteira	2026-10-08T22:21:42.2288684Z test_repeated_or_malformed_cursor_fails_closed (test_slack_notify.DestinationTests.test_repeated_or_malformed_cursor_fails_closed) ... ok
Flutter analyze e test	Verificar contratos e bloqueios da esteira	2026-10-08T22:21:42.2289867Z test_user_token_cannot_impersonate_israel (test_slack_notify.DestinationTests.test_user_token_cannot_impersonate_israel) ... ok
Flutter analyze e test	Verificar contratos e bloqueios da esteira	2026-10-08T22:21:42.2291440Z test_wrong_public_shared_archived_or_renamed_channel_has_no_post (test_slack_notify.DestinationTests.test_wrong_public_shared_archived_or_renamed_channel_has_no_post) ... ok
Flutter analyze e test	Verificar contratos e bloqueios da esteira	2026-10-08T22:21:42.2333712Z test_concurrent_attempt_is_blocked_while_first_post_is_in_flight (test_slack_notify.OutboxTests.test_concurrent_attempt_is_blocked_while_first_post_is_in_flight) ... ok
Flutter analyze e test	Verificar contratos e bloqueios da esteira	2026-10-08T22:21:42.2375784Z test_confirmed_send_is_persisted_and_retry_has_no_api_call (test_slack_notify.OutboxTests.test_confirmed_send_is_persisted_and_retry_has_no_api_call) ... ok
Flutter analyze e test	Verificar contratos e bloqueios da esteira	2026-10-08T22:21:42.2414612Z test_failed_destination_check_creates_no_attempt_and_never_posts (test_slack_notify.OutboxTests.test_failed_destination_check_creates_no_attempt_and_never_posts) ... ok
Flutter analyze e test	Verificar contratos e bloqueios da esteira	2026-10-08T22:21:42.2437093Z test_missing_token_cannot_read_or_post_to_slack (test_slack_notify.OutboxTests.test_missing_token_cannot_read_or_post_to_slack) ... ok
Flutter analyze e test	Verificar contratos e bloqueios da esteira	2026-10-08T22:21:42.2525219Z test_post_response_without_exact_channel_ts_is_unknown (test_slack_notify.OutboxTests.test_post_response_without_exact_channel_ts_is_unknown) ... ok
Flutter analyze e test	Verificar contratos e bloqueios da esteira	2026-10-08T22:21:42.2563307Z test_same_key_with_changed_payload_blocks_repetition (test_slack_notify.OutboxTests.test_same_key_with_changed_payload_blocks_repetition) ... ok
Flutter analyze e test	Verificar contratos e bloqueios da esteira	2026-10-08T22:21:42.2597699Z test_transport_uncertainty_stays_unknown_and_never_retries (test_slack_notify.OutboxTests.test_transport_uncertainty_stays_unknown_and_never_retries) ... ok
Flutter analyze e test	Verificar contratos e bloqueios da esteira	2026-10-08T22:21:42.2600523Z test_client_id_is_stable_and_bound_to_candidate_and_content (test_slack_notify.RenderTests.test_client_id_is_stable_and_bound_to_candidate_and_content) ... ok
Flutter analyze e test	Verificar contratos e bloqueios da esteira	2026-10-08T22:21:42.2619388Z test_default_cli_renders_without_token_network_or_outbox (test_slack_notify.RenderTests.test_default_cli_renders_without_token_network_or_outbox) ... ok
Flutter analyze e test	Verificar contratos e bloqueios da esteira	2026-10-08T22:21:42.2622594Z test_github_links_cannot_redirect_to_other_repositories_or_mentions (test_slack_notify.RenderTests.test_github_links_cannot_redirect_to_other_repositories_or_mentions) ... ok
Flutter analyze e test	Verificar contratos e bloqueios da esteira	2026-10-08T22:21:42.2626128Z test_lab_flags_are_explicit_and_real_notice_cannot_claim_distribution (test_slack_notify.RenderTests.test_lab_flags_are_explicit_and_real_notice_cannot_claim_distribution) ... ok
Flutter analyze e test	Verificar contratos e bloqueios da esteira	2026-10-08T22:21:42.2628482Z test_status_uses_plain_text_and_does_not_enable_mentions (test_slack_notify.RenderTests.test_status_uses_plain_text_and_does_not_enable_mentions) ... ok
Flutter analyze e test	Verificar contratos e bloqueios da esteira	2026-10-08T22:21:42.2630225Z test_cross_host_redirect_is_never_followed (test_slack_notify.TransportTests.test_cross_host_redirect_is_never_followed) ... ok
Flutter analyze e test	Verificar contratos e bloqueios da esteira	2026-10-08T22:21:42.2635209Z test_network_errors_never_echo_token_or_raw_response (test_slack_notify.TransportTests.test_network_errors_never_echo_token_or_raw_response) ... ok
Flutter analyze e test	Verificar contratos e bloqueios da esteira	2026-10-08T22:21:42.2638169Z test_token_is_header_only_and_write_is_json_to_fixed_slack_endpoint (test_slack_notify.TransportTests.test_token_is_header_only_and_write_is_json_to_fixed_slack_endpoint) ... ok
Flutter analyze e test	Verificar contratos e bloqueios da esteira	2026-10-08T22:21:42.2639988Z test_unknown_method_does_not_call_network (test_slack_notify.TransportTests.test_unknown_method_does_not_call_network) ... ok
Flutter analyze e test	Verificar contratos e bloqueios da esteira	2026-10-08T22:21:42.3461022Z test_complex_yaml_is_pending_instead_of_guessed (test_snapshots.PreAnalysisTests.test_complex_yaml_is_pending_instead_of_guessed) ... ok
Flutter analyze e test	Verificar contratos e bloqueios da esteira	2026-10-08T22:21:42.4144498Z test_dart_prediction_is_distinct_from_web_and_native_validation (test_snapshots.PreAnalysisTests.test_dart_prediction_is_distinct_from_web_and_native_validation) ... ok
Flutter analyze e test	Verificar contratos e bloqueios da esteira	2026-10-08T22:21:42.5760237Z test_dependency_manifest_lock_and_unknown_files_fail_closed (test_snapshots.PreAnalysisTests.test_dependency_manifest_lock_and_unknown_files_fail_closed) ... ok
Flutter analyze e test	Verificar contratos e bloqueios da esteira	2026-10-08T22:21:42.6655168Z test_docs_and_tools_do_not_force_store_but_do_affect_preview_identity (test_snapshots.PreAnalysisTests.test_docs_and_tools_do_not_force_store_but_do_affect_preview_identity) ... ok
Flutter analyze e test	Verificar contratos e bloqueios da esteira	2026-10-08T22:21:42.7408065Z test_each_platform_uses_its_own_release_base_not_last_rc (test_snapshots.PreAnalysisTests.test_each_platform_uses_its_own_release_base_not_last_rc) ... ok
Flutter analyze e test	Verificar contratos e bloqueios da esteira	2026-10-08T22:21:42.7729242Z test_missing_candidate_input_is_pending_not_assumed_from_base (test_snapshots.PreAnalysisTests.test_missing_candidate_input_is_pending_not_assumed_from_base) ... ok
Flutter analyze e test	Verificar contratos e bloqueios da esteira	2026-10-08T22:21:42.8221542Z test_missing_or_mismatched_base_evidence_blocks_prediction (test_snapshots.PreAnalysisTests.test_missing_or_mismatched_base_evidence_blocks_prediction) ... ok
Flutter analyze e test	Verificar contratos e bloqueios da esteira	2026-10-08T22:21:42.9735874Z test_packaged_asset_and_resolution_variant_require_store (test_snapshots.PreAnalysisTests.test_packaged_asset_and_resolution_variant_require_store) ... ok
Flutter analyze e test	Verificar contratos e bloqueios da esteira	2026-10-08T22:21:43.0285966Z test_platform_inputs_are_separate (test_snapshots.PreAnalysisTests.test_platform_inputs_are_separate) ... ok
Flutter analyze e test	Verificar contratos e bloqueios da esteira	2026-10-08T22:21:43.0928810Z test_pubspec_asset_declarations_require_store (test_snapshots.PreAnalysisTests.test_pubspec_asset_declarations_require_store) ... ok
Flutter analyze e test	Verificar contratos e bloqueios da esteira	2026-10-08T22:21:43.2453817Z test_toolchain_entrypoint_or_flavor_change_requires_store (test_snapshots.PreAnalysisTests.test_toolchain_entrypoint_or_flavor_change_requires_store) ... ok
Flutter analyze e test	Verificar contratos e bloqueios da esteira	2026-10-08T22:21:43.2908229Z test_verified_release_needs_provider_identifier (test_snapshots.PreAnalysisTests.test_verified_release_needs_provider_identifier) ... ok
Flutter analyze e test	Verificar contratos e bloqueios da esteira	2026-10-08T22:21:43.3797261Z test_build_fingerprint_is_conservative_and_json_is_finite (test_snapshots.PreviewTests.test_build_fingerprint_is_conservative_and_json_is_finite) ... ok
Flutter analyze e test	Verificar contratos e bloqueios da esteira	2026-10-08T22:21:43.4267200Z test_cannot_substitute_origin_sha_even_with_claimed_candidate_fingerprint (test_snapshots.PreviewTests.test_cannot_substitute_origin_sha_even_with_claimed_candidate_fingerprint) ... ok
Flutter analyze e test	Verificar contratos e bloqueios da esteira	2026-10-08T22:21:43.4737504Z test_changed_code_or_build_inputs_refuses_reuse (test_snapshots.PreviewTests.test_changed_code_or_build_inputs_refuses_reuse) ... ok
Flutter analyze e test	Verificar contratos e bloqueios da esteira	2026-10-08T22:21:43.5396776Z test_equal_tree_with_different_commit_and_docs_can_reuse (test_snapshots.PreviewTests.test_equal_tree_with_different_commit_and_docs_can_reuse) ... ok
Flutter analyze e test	Verificar contratos e bloqueios da esteira	2026-10-08T22:21:43.6012258Z test_fixture_format_is_explicit_and_flutter_zip_is_checked (test_snapshots.PreviewTests.test_fixture_format_is_explicit_and_flutter_zip_is_checked) ... ok
Flutter analyze e test	Verificar contratos e bloqueios da esteira	2026-10-08T22:21:43.6385422Z test_flutter_zip_rejects_path_traversal (test_snapshots.PreviewTests.test_flutter_zip_rejects_path_traversal) ... ok
Flutter analyze e test	Verificar contratos e bloqueios da esteira	2026-10-08T22:21:43.7025134Z test_hash_expiration_and_incomplete_metadata_block (test_snapshots.PreviewTests.test_hash_expiration_and_incomplete_metadata_block) ... ok
Flutter analyze e test	Verificar contratos e bloqueios da esteira	2026-10-08T22:21:43.7773618Z test_candidate_requires_production_ancestor_and_exact_shas (test_snapshots.SnapshotTests.test_candidate_requires_production_ancestor_and_exact_shas) ... ok
Flutter analyze e test	Verificar contratos e bloqueios da esteira	2026-10-08T22:21:43.8443558Z test_exception_in_build_still_removes_clone (test_snapshots.SnapshotTests.test_exception_in_build_still_removes_clone) ... ok
Flutter analyze e test	Verificar contratos e bloqueios da esteira	2026-10-08T22:21:43.8678560Z test_latest_and_mutable_release_base_are_rejected (test_snapshots.SnapshotTests.test_latest_and_mutable_release_base_are_rejected) ... ok
Flutter analyze e test	Verificar contratos e bloqueios da esteira	2026-10-08T22:21:43.9068844Z test_orphan_history_is_rejected_even_with_similar_versioned_files (test_snapshots.SnapshotTests.test_orphan_history_is_rejected_even_with_similar_versioned_files) ... ok
Flutter analyze e test	Verificar contratos e bloqueios da esteira	2026-10-08T22:21:44.0476581Z test_release_correction_does_not_import_main_features (test_snapshots.SnapshotTests.test_release_correction_does_not_import_main_features) ... ok
Flutter analyze e test	Verificar contratos e bloqueios da esteira	2026-10-08T22:21:44.1783038Z test_returning_to_a_branch_or_new_commit_blocks_even_if_source_files_match (test_snapshots.SnapshotTests.test_returning_to_a_branch_or_new_commit_blocks_even_if_source_files_match) ... ok
Flutter analyze e test	Verificar contratos e bloqueios da esteira	2026-10-08T22:21:44.2740370Z test_snapshot_is_fixed_even_when_original_checkout_is_dirty (test_snapshots.SnapshotTests.test_snapshot_is_fixed_even_when_original_checkout_is_dirty) ... ok
Flutter analyze e test	Verificar contratos e bloqueios da esteira	2026-10-08T22:21:44.3169422Z test_tracked_symlink_requires_audited_strategy (test_snapshots.SnapshotTests.test_tracked_symlink_requires_audited_strategy) ... ok
Flutter analyze e test	Verificar contratos e bloqueios da esteira	2026-10-08T22:21:44.3991297Z test_wrong_tree_or_mutating_checkout_blocks_and_cleans_up (test_snapshots.SnapshotTests.test_wrong_tree_or_mutating_checkout_blocks_and_cleans_up) ... ok
Flutter analyze e test	Verificar contratos e bloqueios da esteira	2026-10-08T22:21:44.3992443Z 
Flutter analyze e test	Verificar contratos e bloqueios da esteira	2026-10-08T22:21:44.3992697Z ----------------------------------------------------------------------
Flutter analyze e test	Verificar contratos e bloqueios da esteira	2026-10-08T22:21:44.3993211Z Ran 273 tests in 33.066s
Flutter analyze e test	Verificar contratos e bloqueios da esteira	2026-10-08T22:21:44.3993454Z 
Flutter analyze e test	Verificar contratos e bloqueios da esteira	2026-10-08T22:21:44.3993578Z OK
Flutter analyze e test	Verificar contratos e bloqueios da esteira	2026-10-08T22:21:44.3993887Z https://github.com/example/pull/4
Flutter analyze e test	Verificar contratos e bloqueios da esteira	2026-10-08T22:21:44.3994315Z https://github.com/example/pull/4
Flutter analyze e test	Verificar contratos e bloqueios da esteira	2026-10-08T22:21:44.3994706Z https://github.com/example/pull/4
Flutter analyze e test	Verificar contratos e bloqueios da esteira	2026-10-08T22:21:44.3995819Z Laboratório protegido: 2 reviews, status obrigatório, admins incluídos; RC legado e neutro sem update/delete.
Flutter analyze e test	Verificar contratos e bloqueios da esteira	2026-10-08T22:21:44.3996965Z main e permissões de pessoas/Actions não foram alteradas.
Flutter analyze e test	Verificar contratos e bloqueios da esteira	2026-10-08T22:21:44.3997523Z https://github.com/example/releases/tag/lab
Flutter analyze e test	Explicar o alcance das verificações	﻿2026-10-08T22:21:44.4348450Z ##[group]Run python3 - <<'PY'
Flutter analyze e test	Explicar o alcance das verificações	2026-10-08T22:21:44.4348817Z ^[[36;1mpython3 - <<'PY'^[[0m
Flutter analyze e test	Explicar o alcance das verificações	2026-10-08T22:21:44.4349090Z ^[[36;1mimport os^[[0m
Flutter analyze e test	Explicar o alcance das verificações	2026-10-08T22:21:44.4349446Z ^[[36;1mwith open(os.environ['GITHUB_STEP_SUMMARY'], 'a') as summary:^[[0m
Flutter analyze e test	Explicar o alcance das verificações	2026-10-08T22:21:44.4350204Z ^[[36;1m    summary.write('# Verificar PR\n\nFlutter analyze, Flutter test e testes dos contratos da esteira concluídos.\n\n')^[[0m
Flutter analyze e test	Explicar o alcance das verificações	2026-10-08T22:21:44.4351539Z ^[[36;1m    summary.write('Revisão técnica continua humana. Este check não prepara RC, não pede avais e não distribui o aplicativo.\n')^[[0m
Flutter analyze e test	Explicar o alcance das verificações	2026-10-08T22:21:44.4352241Z ^[[36;1mPY^[[0m
Flutter analyze e test	Explicar o alcance das verificações	2026-10-08T22:21:44.4415137Z shell: /usr/bin/bash -e {0}
Flutter analyze e test	Explicar o alcance das verificações	2026-10-08T22:21:44.4415443Z ##[endgroup]
Flutter analyze e test	Post Checkout da combinação proposta pelo PR	﻿2026-10-08T22:21:44.4814783Z Post job cleanup.
Flutter analyze e test	Post Checkout da combinação proposta pelo PR	2026-10-08T22:21:44.5739548Z [command]/usr/bin/git version
Flutter analyze e test	Post Checkout da combinação proposta pelo PR	2026-10-08T22:21:44.5788849Z git version 2.55.0
Flutter analyze e test	Post Checkout da combinação proposta pelo PR	2026-10-08T22:21:44.5835981Z Temporarily overriding HOME='/home/runner/work/_temp/adbdf776-692e-4dad-8dc9-276cb6232260' before making global git config changes
Flutter analyze e test	Post Checkout da combinação proposta pelo PR	2026-10-08T22:21:44.5837447Z Adding repository directory to the temporary git global config as a safe directory
Flutter analyze e test	Post Checkout da combinação proposta pelo PR	2026-10-08T22:21:44.5843075Z [command]/usr/bin/git config --global --add safe.directory /home/runner/work/flutter_code_push_example/flutter_code_push_example/app
Flutter analyze e test	Post Checkout da combinação proposta pelo PR	2026-10-08T22:21:44.5893577Z [command]/usr/bin/git config --local --name-only --get-regexp core\.sshCommand
Flutter analyze e test	Post Checkout da combinação proposta pelo PR	2026-10-08T22:21:44.5935227Z [command]/usr/bin/git submodule foreach --recursive sh -c "git config --local --name-only --get-regexp 'core\.sshCommand' && git config --local --unset-all 'core.sshCommand' || :"
Flutter analyze e test	Post Checkout da combinação proposta pelo PR	2026-10-08T22:21:44.6225847Z [command]/usr/bin/git config --local --name-only --get-regexp http\.https\:\/\/github\.com\/\.extraheader
Flutter analyze e test	Post Checkout da combinação proposta pelo PR	2026-10-08T22:21:44.6269560Z [command]/usr/bin/git submodule foreach --recursive sh -c "git config --local --name-only --get-regexp 'http\.https\:\/\/github\.com\/\.extraheader' && git config --local --unset-all 'http.https://github.com/.extraheader' || :"
Flutter analyze e test	Post Checkout da combinação proposta pelo PR	2026-10-08T22:21:44.6557450Z [command]/usr/bin/git config --local --name-only --get-regexp ^includeIf\.gitdir:
Flutter analyze e test	Post Checkout da combinação proposta pelo PR	2026-10-08T22:21:44.6603237Z [command]/usr/bin/git submodule foreach --recursive git config --local --show-origin --name-only --get-regexp remote.origin.url
Flutter analyze e test	Post Checkout das ferramentas da base revisada	﻿2026-10-08T22:21:44.7077838Z Post job cleanup.
Flutter analyze e test	Post Checkout das ferramentas da base revisada	2026-10-08T22:21:44.8041416Z [command]/usr/bin/git version
Flutter analyze e test	Post Checkout das ferramentas da base revisada	2026-10-08T22:21:44.8101514Z git version 2.55.0
Flutter analyze e test	Post Checkout das ferramentas da base revisada	2026-10-08T22:21:44.8127569Z Temporarily overriding HOME='/home/runner/work/_temp/c7551a16-47fb-4583-bcea-22e605d9ff80' before making global git config changes
Flutter analyze e test	Post Checkout das ferramentas da base revisada	2026-10-08T22:21:44.8131781Z Adding repository directory to the temporary git global config as a safe directory
Flutter analyze e test	Post Checkout das ferramentas da base revisada	2026-10-08T22:21:44.8135066Z [command]/usr/bin/git config --global --add safe.directory /home/runner/work/flutter_code_push_example/flutter_code_push_example/trusted
Flutter analyze e test	Post Checkout das ferramentas da base revisada	2026-10-08T22:21:44.8182940Z [command]/usr/bin/git config --local --name-only --get-regexp core\.sshCommand
Flutter analyze e test	Post Checkout das ferramentas da base revisada	2026-10-08T22:21:44.8233268Z [command]/usr/bin/git submodule foreach --recursive sh -c "git config --local --name-only --get-regexp 'core\.sshCommand' && git config --local --unset-all 'core.sshCommand' || :"
Flutter analyze e test	Post Checkout das ferramentas da base revisada	2026-10-08T22:21:44.8486159Z [command]/usr/bin/git config --local --name-only --get-regexp http\.https\:\/\/github\.com\/\.extraheader
Flutter analyze e test	Post Checkout das ferramentas da base revisada	2026-10-08T22:21:44.8531502Z [command]/usr/bin/git submodule foreach --recursive sh -c "git config --local --name-only --get-regexp 'http\.https\:\/\/github\.com\/\.extraheader' && git config --local --unset-all 'http.https://github.com/.extraheader' || :"
Flutter analyze e test	Post Checkout das ferramentas da base revisada	2026-10-08T22:21:44.8825207Z [command]/usr/bin/git config --local --name-only --get-regexp ^includeIf\.gitdir:
Flutter analyze e test	Post Checkout das ferramentas da base revisada	2026-10-08T22:21:44.8866635Z [command]/usr/bin/git submodule foreach --recursive git config --local --show-origin --name-only --get-regexp remote.origin.url
Flutter analyze e test	Complete job	﻿2026-10-08T22:21:44.9333511Z Cleaning up orphan processes
Flutter analyze e test	Complete job	2026-10-08T22:21:44.9657129Z ##[warning]Node.js 20 is deprecated. The following actions target Node.js 20 but are being forced to run on Node.js 24: actions/checkout@11d5960a326750d5838078e36cf38b85af677262. For more information see: https://github.blog/changelog/2025-09-19-deprecation-of-node-20-on-github-actions-runners/
