Congelar candidata revisada	Set up job	﻿2026-10-08T21:58:49.1064420Z Current runner version: '2.337.0'
Congelar candidata revisada	Set up job	2026-10-08T21:58:49.1092180Z ##[group]Runner Image Provisioner
Congelar candidata revisada	Set up job	2026-10-08T21:58:49.1093173Z Hosted Compute Agent
Congelar candidata revisada	Set up job	2026-10-08T21:58:49.1093795Z Version: 20261002.596
Congelar candidata revisada	Set up job	2026-10-08T21:58:49.1094438Z Commit: c3d12f3313a95f25162a1503be624f3b0617f8c0
Congelar candidata revisada	Set up job	2026-10-08T21:58:49.1095271Z Build Date: 2026-10-02T22:28:27Z
Congelar candidata revisada	Set up job	2026-10-08T21:58:49.1096040Z Worker ID: {558b5dc2-ccc8-4cee-ad21-6fc06770e1a2}
Congelar candidata revisada	Set up job	2026-10-08T21:58:49.1096821Z Region: northcentralus
Congelar candidata revisada	Set up job	2026-10-08T21:58:49.1097457Z Cloud: Azure
Congelar candidata revisada	Set up job	2026-10-08T21:58:49.1098327Z ##[endgroup]
Congelar candidata revisada	Set up job	2026-10-08T21:58:49.1099893Z ##[group]Operating System
Congelar candidata revisada	Set up job	2026-10-08T21:58:49.1100595Z Ubuntu
Congelar candidata revisada	Set up job	2026-10-08T21:58:49.1101210Z 24.04.5
Congelar candidata revisada	Set up job	2026-10-08T21:58:49.1101772Z LTS
Congelar candidata revisada	Set up job	2026-10-08T21:58:49.1102320Z ##[endgroup]
Congelar candidata revisada	Set up job	2026-10-08T21:58:49.1102947Z ##[group]Runner Image
Congelar candidata revisada	Set up job	2026-10-08T21:58:49.1103650Z Image: ubuntu-24.04
Congelar candidata revisada	Set up job	2026-10-08T21:58:49.1104230Z Version: 20261004.327.1
Congelar candidata revisada	Set up job	2026-10-08T21:58:49.1105391Z Included Software: https://github.com/actions/runner-images/blob/ubuntu24/20261004.327/images/ubuntu/Ubuntu2404-Readme.md
Congelar candidata revisada	Set up job	2026-10-08T21:58:49.1107211Z Image Release: https://github.com/actions/runner-images/releases/tag/ubuntu24%2F20261004.327
Congelar candidata revisada	Set up job	2026-10-08T21:58:49.1108454Z ##[endgroup]
Congelar candidata revisada	Set up job	2026-10-08T21:58:49.1109776Z ##[group]GITHUB_TOKEN Permissions
Congelar candidata revisada	Set up job	2026-10-08T21:58:49.1111694Z Actions: read
Congelar candidata revisada	Set up job	2026-10-08T21:58:49.1112874Z Contents: write
Congelar candidata revisada	Set up job	2026-10-08T21:58:49.1113551Z Metadata: read
Congelar candidata revisada	Set up job	2026-10-08T21:58:49.1114162Z ##[endgroup]
Congelar candidata revisada	Set up job	2026-10-08T21:58:49.1116305Z Secret source: Actions
Congelar candidata revisada	Set up job	2026-10-08T21:58:49.1117233Z Cache mode: write
Congelar candidata revisada	Set up job	2026-10-08T21:58:49.1118508Z Prepare workflow directory
Congelar candidata revisada	Set up job	2026-10-08T21:58:49.1465558Z Prepare all required actions
Congelar candidata revisada	Set up job	2026-10-08T21:58:49.1514431Z Getting action download info
Congelar candidata revisada	Set up job	2026-10-08T21:58:49.3793665Z Download action repository 'actions/checkout@11d5960a326750d5838078e36cf38b85af677262' (SHA:11d5960a326750d5838078e36cf38b85af677262)
Congelar candidata revisada	Set up job	2026-10-08T21:58:49.4762427Z Download action repository 'actions/upload-artifact@ea165f8d65b6e75b540449e92b4886f43607fa02' (SHA:ea165f8d65b6e75b540449e92b4886f43607fa02)
Congelar candidata revisada	Set up job	2026-10-08T21:58:49.6931167Z Complete job name: Congelar candidata revisada
Congelar candidata revisada	Checkout das ferramentas confiáveis da main	﻿2026-10-08T21:58:49.7703263Z ##[group]Run actions/checkout@11d5960a326750d5838078e36cf38b85af677262
Congelar candidata revisada	Checkout das ferramentas confiáveis da main	2026-10-08T21:58:49.7704375Z with:
Congelar candidata revisada	Checkout das ferramentas confiáveis da main	2026-10-08T21:58:49.7704864Z   ref: refs/heads/main
Congelar candidata revisada	Checkout das ferramentas confiáveis da main	2026-10-08T21:58:49.7705341Z   path: trusted
Congelar candidata revisada	Checkout das ferramentas confiáveis da main	2026-10-08T21:58:49.7705780Z   fetch-depth: 0
Congelar candidata revisada	Checkout das ferramentas confiáveis da main	2026-10-08T21:58:49.7706245Z   persist-credentials: false
Congelar candidata revisada	Checkout das ferramentas confiáveis da main	2026-10-08T21:58:49.7706821Z   repository: israelhudson/flutter_code_push_example
Congelar candidata revisada	Checkout das ferramentas confiáveis da main	2026-10-08T21:58:49.7711309Z   token: ***
Congelar candidata revisada	Checkout das ferramentas confiáveis da main	2026-10-08T21:58:49.7711762Z   ssh-strict: true
Congelar candidata revisada	Checkout das ferramentas confiáveis da main	2026-10-08T21:58:49.7712214Z   ssh-user: git
Congelar candidata revisada	Checkout das ferramentas confiáveis da main	2026-10-08T21:58:49.7712648Z   clean: true
Congelar candidata revisada	Checkout das ferramentas confiáveis da main	2026-10-08T21:58:49.7713109Z   sparse-checkout-cone-mode: true
Congelar candidata revisada	Checkout das ferramentas confiáveis da main	2026-10-08T21:58:49.7713649Z   fetch-tags: false
Congelar candidata revisada	Checkout das ferramentas confiáveis da main	2026-10-08T21:58:49.7714110Z   show-progress: true
Congelar candidata revisada	Checkout das ferramentas confiáveis da main	2026-10-08T21:58:49.7714558Z   lfs: false
Congelar candidata revisada	Checkout das ferramentas confiáveis da main	2026-10-08T21:58:49.7714978Z   submodules: false
Congelar candidata revisada	Checkout das ferramentas confiáveis da main	2026-10-08T21:58:49.7715440Z   set-safe-directory: true
Congelar candidata revisada	Checkout das ferramentas confiáveis da main	2026-10-08T21:58:49.7715990Z   allow-unsafe-pr-checkout: false
Congelar candidata revisada	Checkout das ferramentas confiáveis da main	2026-10-08T21:58:49.7717108Z ##[endgroup]
Congelar candidata revisada	Checkout das ferramentas confiáveis da main	2026-10-08T21:58:49.8778943Z Syncing repository: israelhudson/flutter_code_push_example
Congelar candidata revisada	Checkout das ferramentas confiáveis da main	2026-10-08T21:58:49.8781727Z ##[group]Getting Git version info
Congelar candidata revisada	Checkout das ferramentas confiáveis da main	2026-10-08T21:58:49.8782714Z Working directory is '/home/runner/work/flutter_code_push_example/flutter_code_push_example/trusted'
Congelar candidata revisada	Checkout das ferramentas confiáveis da main	2026-10-08T21:58:49.8784125Z [command]/usr/bin/git version
Congelar candidata revisada	Checkout das ferramentas confiáveis da main	2026-10-08T21:58:49.8835453Z git version 2.55.0
Congelar candidata revisada	Checkout das ferramentas confiáveis da main	2026-10-08T21:58:49.8870023Z ##[endgroup]
Congelar candidata revisada	Checkout das ferramentas confiáveis da main	2026-10-08T21:58:49.8885461Z Temporarily overriding HOME='/home/runner/work/_temp/9d962ad8-9352-4fc7-8157-901162de851c' before making global git config changes
Congelar candidata revisada	Checkout das ferramentas confiáveis da main	2026-10-08T21:58:49.8887703Z Adding repository directory to the temporary git global config as a safe directory
Congelar candidata revisada	Checkout das ferramentas confiáveis da main	2026-10-08T21:58:49.8892405Z [command]/usr/bin/git config --global --add safe.directory /home/runner/work/flutter_code_push_example/flutter_code_push_example/trusted
Congelar candidata revisada	Checkout das ferramentas confiáveis da main	2026-10-08T21:58:49.8943211Z ##[group]Initializing the repository
Congelar candidata revisada	Checkout das ferramentas confiáveis da main	2026-10-08T21:58:49.8948724Z [command]/usr/bin/git init /home/runner/work/flutter_code_push_example/flutter_code_push_example/trusted
Congelar candidata revisada	Checkout das ferramentas confiáveis da main	2026-10-08T21:58:49.9027903Z hint: Using 'master' as the name for the initial branch. This default branch name
Congelar candidata revisada	Checkout das ferramentas confiáveis da main	2026-10-08T21:58:49.9030061Z hint: will change to "main" in Git 3.0. To configure the initial branch name
Congelar candidata revisada	Checkout das ferramentas confiáveis da main	2026-10-08T21:58:49.9031847Z hint: to use in all of your new repositories, which will suppress this warning,
Congelar candidata revisada	Checkout das ferramentas confiáveis da main	2026-10-08T21:58:49.9033201Z hint: call:
Congelar candidata revisada	Checkout das ferramentas confiáveis da main	2026-10-08T21:58:49.9034026Z hint:
Congelar candidata revisada	Checkout das ferramentas confiáveis da main	2026-10-08T21:58:49.9035055Z hint: 	git config --global init.defaultBranch <name>
Congelar candidata revisada	Checkout das ferramentas confiáveis da main	2026-10-08T21:58:49.9036197Z hint:
Congelar candidata revisada	Checkout das ferramentas confiáveis da main	2026-10-08T21:58:49.9037279Z hint: Names commonly chosen instead of 'master' are 'main', 'trunk' and
Congelar candidata revisada	Checkout das ferramentas confiáveis da main	2026-10-08T21:58:49.9039158Z hint: 'development'. The just-created branch can be renamed via this command:
Congelar candidata revisada	Checkout das ferramentas confiáveis da main	2026-10-08T21:58:49.9040881Z hint:
Congelar candidata revisada	Checkout das ferramentas confiáveis da main	2026-10-08T21:58:49.9041702Z hint: 	git branch -m <name>
Congelar candidata revisada	Checkout das ferramentas confiáveis da main	2026-10-08T21:58:49.9042607Z hint:
Congelar candidata revisada	Checkout das ferramentas confiáveis da main	2026-10-08T21:58:49.9043764Z hint: Disable this message with "git config set advice.defaultBranchName false"
Congelar candidata revisada	Checkout das ferramentas confiáveis da main	2026-10-08T21:58:49.9045750Z Initialized empty Git repository in /home/runner/work/flutter_code_push_example/flutter_code_push_example/trusted/.git/
Congelar candidata revisada	Checkout das ferramentas confiáveis da main	2026-10-08T21:58:49.9049454Z [command]/usr/bin/git remote add origin https://github.com/israelhudson/flutter_code_push_example
Congelar candidata revisada	Checkout das ferramentas confiáveis da main	2026-10-08T21:58:49.9091205Z ##[endgroup]
Congelar candidata revisada	Checkout das ferramentas confiáveis da main	2026-10-08T21:58:49.9092430Z ##[group]Disabling automatic garbage collection
Congelar candidata revisada	Checkout das ferramentas confiáveis da main	2026-10-08T21:58:49.9095925Z [command]/usr/bin/git config --local gc.auto 0
Congelar candidata revisada	Checkout das ferramentas confiáveis da main	2026-10-08T21:58:49.9146322Z ##[endgroup]
Congelar candidata revisada	Checkout das ferramentas confiáveis da main	2026-10-08T21:58:49.9147470Z ##[group]Setting up auth
Congelar candidata revisada	Checkout das ferramentas confiáveis da main	2026-10-08T21:58:49.9154666Z [command]/usr/bin/git config --local --name-only --get-regexp core\.sshCommand
Congelar candidata revisada	Checkout das ferramentas confiáveis da main	2026-10-08T21:58:49.9203221Z [command]/usr/bin/git submodule foreach --recursive sh -c "git config --local --name-only --get-regexp 'core\.sshCommand' && git config --local --unset-all 'core.sshCommand' || :"
Congelar candidata revisada	Checkout das ferramentas confiáveis da main	2026-10-08T21:58:49.9558826Z [command]/usr/bin/git config --local --name-only --get-regexp http\.https\:\/\/github\.com\/\.extraheader
Congelar candidata revisada	Checkout das ferramentas confiáveis da main	2026-10-08T21:58:49.9602726Z [command]/usr/bin/git submodule foreach --recursive sh -c "git config --local --name-only --get-regexp 'http\.https\:\/\/github\.com\/\.extraheader' && git config --local --unset-all 'http.https://github.com/.extraheader' || :"
Congelar candidata revisada	Checkout das ferramentas confiáveis da main	2026-10-08T21:58:49.9874407Z [command]/usr/bin/git config --local --name-only --get-regexp ^includeIf\.gitdir:
Congelar candidata revisada	Checkout das ferramentas confiáveis da main	2026-10-08T21:58:49.9916138Z [command]/usr/bin/git submodule foreach --recursive git config --local --show-origin --name-only --get-regexp remote.origin.url
Congelar candidata revisada	Checkout das ferramentas confiáveis da main	2026-10-08T21:58:50.0170216Z [command]/usr/bin/git config --local http.https://github.com/.extraheader AUTHORIZATION: basic ***
Congelar candidata revisada	Checkout das ferramentas confiáveis da main	2026-10-08T21:58:50.0213123Z ##[endgroup]
Congelar candidata revisada	Checkout das ferramentas confiáveis da main	2026-10-08T21:58:50.0214126Z ##[group]Fetching the repository
Congelar candidata revisada	Checkout das ferramentas confiáveis da main	2026-10-08T21:58:50.0223658Z [command]/usr/bin/git -c protocol.version=2 fetch --prune --no-recurse-submodules origin +refs/heads/*:refs/remotes/origin/* +refs/tags/*:refs/tags/*
Congelar candidata revisada	Checkout das ferramentas confiáveis da main	2026-10-08T21:58:51.0775258Z From https://github.com/israelhudson/flutter_code_push_example
Congelar candidata revisada	Checkout das ferramentas confiáveis da main	2026-10-08T21:58:51.0777532Z  * [new branch]      codex/candidate-lab-delivery-2026-10-06-rc.1 -> origin/codex/candidate-lab-delivery-2026-10-06-rc.1
Congelar candidata revisada	Checkout das ferramentas confiáveis da main	2026-10-08T21:58:51.0780136Z  * [new branch]      codex/delivery-state    -> origin/codex/delivery-state
Congelar candidata revisada	Checkout das ferramentas confiáveis da main	2026-10-08T21:58:51.0781595Z  * [new branch]      codex/fix-lab-release-upload -> origin/codex/fix-lab-release-upload
Congelar candidata revisada	Checkout das ferramentas confiáveis da main	2026-10-08T21:58:51.0783240Z  * [new branch]      codex/flutter-sdk-bootstrap -> origin/codex/flutter-sdk-bootstrap
Congelar candidata revisada	Checkout das ferramentas confiáveis da main	2026-10-08T21:58:51.0785257Z  * [new branch]      codex/github-release-approval-poc -> origin/codex/github-release-approval-poc
Congelar candidata revisada	Checkout das ferramentas confiáveis da main	2026-10-08T21:58:51.0787836Z  * [new branch]      codex/lab-promotion-evidence -> origin/codex/lab-promotion-evidence
Congelar candidata revisada	Checkout das ferramentas confiáveis da main	2026-10-08T21:58:51.0790472Z  * [new branch]      codex/lab-release-result -> origin/codex/lab-release-result
Congelar candidata revisada	Checkout das ferramentas confiáveis da main	2026-10-08T21:58:51.0792443Z  * [new branch]      codex/lab-reviewed-promotion -> origin/codex/lab-reviewed-promotion
Congelar candidata revisada	Checkout das ferramentas confiáveis da main	2026-10-08T21:58:51.0794543Z  * [new branch]      codex/lab-versions      -> origin/codex/lab-versions
Congelar candidata revisada	Checkout das ferramentas confiáveis da main	2026-10-08T21:58:51.0796563Z  * [new branch]      codex/laboratory-release-records -> origin/codex/laboratory-release-records
Congelar candidata revisada	Checkout das ferramentas confiáveis da main	2026-10-08T21:58:51.0799581Z  * [new branch]      codex/operational-delivery-preview -> origin/codex/operational-delivery-preview
Congelar candidata revisada	Checkout das ferramentas confiáveis da main	2026-10-08T21:58:51.0801925Z  * [new branch]      codex/pages-previews    -> origin/codex/pages-previews
Congelar candidata revisada	Checkout das ferramentas confiáveis da main	2026-10-08T21:58:51.0804419Z  * [new branch]      codex/pages-publication-verification -> origin/codex/pages-publication-verification
Congelar candidata revisada	Checkout das ferramentas confiáveis da main	2026-10-08T21:58:51.0807521Z  * [new branch]      codex/release-lab-real-promotion -> origin/codex/release-lab-real-promotion
Congelar candidata revisada	Checkout das ferramentas confiáveis da main	2026-10-08T21:58:51.0810382Z  * [new branch]      codex/release-lab-state -> origin/codex/release-lab-state
Congelar candidata revisada	Checkout das ferramentas confiáveis da main	2026-10-08T21:58:51.0812849Z  * [new branch]      codex/release-lab-two-approvers -> origin/codex/release-lab-two-approvers
Congelar candidata revisada	Checkout das ferramentas confiáveis da main	2026-10-08T21:58:51.0815500Z  * [new branch]      docs/estudo-shorebird-amulets -> origin/docs/estudo-shorebird-amulets
Congelar candidata revisada	Checkout das ferramentas confiáveis da main	2026-10-08T21:58:51.0818462Z  * [new branch]      feature/shorebird-code-push-setup -> origin/feature/shorebird-code-push-setup
Congelar candidata revisada	Checkout das ferramentas confiáveis da main	2026-10-08T21:58:51.0820754Z  * [new branch]      main                    -> origin/main
Congelar candidata revisada	Checkout das ferramentas confiáveis da main	2026-10-08T21:58:51.0822492Z  * [new branch]      release/1.4.0           -> origin/release/1.4.0
Congelar candidata revisada	Checkout das ferramentas confiáveis da main	2026-10-08T21:58:51.0824392Z  * [new tag]         entrega-0100-rc.1       -> entrega-0100-rc.1
Congelar candidata revisada	Checkout das ferramentas confiáveis da main	2026-10-08T21:58:51.0826658Z  * [new tag]         lab/delivery/2026-10-06-rc.1 -> lab/delivery/2026-10-06-rc.1
Congelar candidata revisada	Checkout das ferramentas confiáveis da main	2026-10-08T21:58:51.0829231Z  * [new tag]         v1.4.0-rc.1             -> v1.4.0-rc.1
Congelar candidata revisada	Checkout das ferramentas confiáveis da main	2026-10-08T21:58:51.0834736Z ##[endgroup]
Congelar candidata revisada	Checkout das ferramentas confiáveis da main	2026-10-08T21:58:51.0836649Z ##[group]Determining the checkout info
Congelar candidata revisada	Checkout das ferramentas confiáveis da main	2026-10-08T21:58:51.0839061Z ##[endgroup]
Congelar candidata revisada	Checkout das ferramentas confiáveis da main	2026-10-08T21:58:51.0840391Z [command]/usr/bin/git sparse-checkout disable
Congelar candidata revisada	Checkout das ferramentas confiáveis da main	2026-10-08T21:58:51.0849806Z [command]/usr/bin/git config --local --unset-all extensions.worktreeConfig
Congelar candidata revisada	Checkout das ferramentas confiáveis da main	2026-10-08T21:58:51.0890465Z ##[group]Checking out the ref
Congelar candidata revisada	Checkout das ferramentas confiáveis da main	2026-10-08T21:58:51.0902344Z [command]/usr/bin/git checkout --progress --force -B main refs/remotes/origin/main
Congelar candidata revisada	Checkout das ferramentas confiáveis da main	2026-10-08T21:58:51.1156874Z Switched to a new branch 'main'
Congelar candidata revisada	Checkout das ferramentas confiáveis da main	2026-10-08T21:58:51.1160769Z branch 'main' set up to track 'origin/main'.
Congelar candidata revisada	Checkout das ferramentas confiáveis da main	2026-10-08T21:58:51.1170378Z ##[endgroup]
Congelar candidata revisada	Checkout das ferramentas confiáveis da main	2026-10-08T21:58:51.1219834Z [command]/usr/bin/git log -1 --format=%H
Congelar candidata revisada	Checkout das ferramentas confiáveis da main	2026-10-08T21:58:51.1249945Z 9c4ad37fc415a98ef2a8cfdc5be8d5cf97fe35b0
Congelar candidata revisada	Checkout das ferramentas confiáveis da main	2026-10-08T21:58:51.1260803Z ##[group]Removing auth
Congelar candidata revisada	Checkout das ferramentas confiáveis da main	2026-10-08T21:58:51.1265111Z [command]/usr/bin/git config --local --name-only --get-regexp core\.sshCommand
Congelar candidata revisada	Checkout das ferramentas confiáveis da main	2026-10-08T21:58:51.1304082Z [command]/usr/bin/git submodule foreach --recursive sh -c "git config --local --name-only --get-regexp 'core\.sshCommand' && git config --local --unset-all 'core.sshCommand' || :"
Congelar candidata revisada	Checkout das ferramentas confiáveis da main	2026-10-08T21:58:51.1552569Z [command]/usr/bin/git config --local --name-only --get-regexp http\.https\:\/\/github\.com\/\.extraheader
Congelar candidata revisada	Checkout das ferramentas confiáveis da main	2026-10-08T21:58:51.1583423Z http.https://github.com/.extraheader
Congelar candidata revisada	Checkout das ferramentas confiáveis da main	2026-10-08T21:58:51.1592134Z [command]/usr/bin/git config --local --unset-all http.https://github.com/.extraheader
Congelar candidata revisada	Checkout das ferramentas confiáveis da main	2026-10-08T21:58:51.1631981Z [command]/usr/bin/git submodule foreach --recursive sh -c "git config --local --name-only --get-regexp 'http\.https\:\/\/github\.com\/\.extraheader' && git config --local --unset-all 'http.https://github.com/.extraheader' || :"
Congelar candidata revisada	Checkout das ferramentas confiáveis da main	2026-10-08T21:58:51.1876060Z [command]/usr/bin/git config --local --name-only --get-regexp ^includeIf\.gitdir:
Congelar candidata revisada	Checkout das ferramentas confiáveis da main	2026-10-08T21:58:51.1913446Z [command]/usr/bin/git submodule foreach --recursive git config --local --show-origin --name-only --get-regexp remote.origin.url
Congelar candidata revisada	Checkout das ferramentas confiáveis da main	2026-10-08T21:58:51.2159532Z ##[endgroup]
Congelar candidata revisada	Criar branch release e tag RC imutável com identidade interna	﻿2026-10-08T21:58:51.2435111Z ##[group]Run python3 trusted/tools/delivery/release_lab.py prepare --version "$RELEASE_VERSION" --title "$RELEASE_TITLE" --output "$RUNNER_TEMP/release-lab"
Congelar candidata revisada	Criar branch release e tag RC imutável com identidade interna	2026-10-08T21:58:51.2440002Z ^[[36;1mpython3 trusted/tools/delivery/release_lab.py prepare --version "$RELEASE_VERSION" --title "$RELEASE_TITLE" --output "$RUNNER_TEMP/release-lab"^[[0m
Congelar candidata revisada	Criar branch release e tag RC imutável com identidade interna	2026-10-08T21:58:51.2671364Z shell: /usr/bin/bash -e {0}
Congelar candidata revisada	Criar branch release e tag RC imutável com identidade interna	2026-10-08T21:58:51.2672664Z env:
Congelar candidata revisada	Criar branch release e tag RC imutável com identidade interna	2026-10-08T21:58:51.2683900Z   GH_TOKEN: ***
Congelar candidata revisada	Criar branch release e tag RC imutável com identidade interna	2026-10-08T21:58:51.2685233Z   RELEASE_VERSION: 1.5.0
Congelar candidata revisada	Criar branch release e tag RC imutável com identidade interna	2026-10-08T21:58:51.2687314Z   RELEASE_TITLE: Ensaio de rejeição, correção e promoção no GitHub
Congelar candidata revisada	Criar branch release e tag RC imutável com identidade interna	2026-10-08T21:58:51.2689834Z ##[endgroup]
Congelar candidata revisada	Criar branch release e tag RC imutável com identidade interna	2026-10-08T21:59:04.3524803Z {"candidate_tag": "v1.5.0-rc.1", "source_sha": "9c4ad37fc415a98ef2a8cfdc5be8d5cf97fe35b0", "tooling_sha": "9c4ad37fc415a98ef2a8cfdc5be8d5cf97fe35b0"}
Congelar candidata revisada	Preservar registro do corte	﻿2026-10-08T21:59:04.3713058Z ##[group]Run actions/upload-artifact@ea165f8d65b6e75b540449e92b4886f43607fa02
Congelar candidata revisada	Preservar registro do corte	2026-10-08T21:59:04.3713560Z with:
Congelar candidata revisada	Preservar registro do corte	2026-10-08T21:59:04.3713852Z   name: release-lab-preparation
Congelar candidata revisada	Preservar registro do corte	2026-10-08T21:59:04.3714208Z   path: /home/runner/work/_temp/release-lab/
Congelar candidata revisada	Preservar registro do corte	2026-10-08T21:59:04.3714564Z   if-no-files-found: ignore
Congelar candidata revisada	Preservar registro do corte	2026-10-08T21:59:04.3714860Z   retention-days: 90
Congelar candidata revisada	Preservar registro do corte	2026-10-08T21:59:04.3715147Z   overwrite: false
Congelar candidata revisada	Preservar registro do corte	2026-10-08T21:59:04.3715422Z   compression-level: 6
Congelar candidata revisada	Preservar registro do corte	2026-10-08T21:59:04.3715728Z   include-hidden-files: false
Congelar candidata revisada	Preservar registro do corte	2026-10-08T21:59:04.3716040Z ##[endgroup]
Congelar candidata revisada	Preservar registro do corte	2026-10-08T21:59:04.5629444Z (node:2702) [DEP0040] DeprecationWarning: The `punycode` module is deprecated. Please use a userland alternative instead.
Congelar candidata revisada	Preservar registro do corte	2026-10-08T21:59:04.5631270Z (Use `node --trace-deprecation ...` to show where the warning was created)
Congelar candidata revisada	Preservar registro do corte	2026-10-08T21:59:04.5690596Z With the provided path, there will be 1 file uploaded
Congelar candidata revisada	Preservar registro do corte	2026-10-08T21:59:04.5696726Z Artifact name is valid!
Congelar candidata revisada	Preservar registro do corte	2026-10-08T21:59:04.5699023Z Root directory input is valid!
Congelar candidata revisada	Preservar registro do corte	2026-10-08T21:59:04.8163354Z Beginning upload of artifact content to blob storage
Congelar candidata revisada	Preservar registro do corte	2026-10-08T21:59:04.8346950Z (node:2702) [DEP0169] DeprecationWarning: `url.parse()` behavior is not standardized and prone to errors that have security implications. Use the WHATWG URL API instead. CVEs are not issued for `url.parse()` vulnerabilities.
Congelar candidata revisada	Preservar registro do corte	2026-10-08T21:59:04.9204230Z Uploaded bytes 544
Congelar candidata revisada	Preservar registro do corte	2026-10-08T21:59:04.9494054Z Finished uploading artifact content to blob storage!
Congelar candidata revisada	Preservar registro do corte	2026-10-08T21:59:04.9495694Z SHA256 digest of uploaded artifact zip is 5dc9699999ffb02f7e4337442e5c1b78e5ce42bf562d6646d23dcecbf935832d
Congelar candidata revisada	Preservar registro do corte	2026-10-08T21:59:04.9497012Z Finalizing artifact upload
Congelar candidata revisada	Preservar registro do corte	2026-10-08T21:59:05.1942129Z Artifact release-lab-preparation.zip successfully finalized. Artifact ID 11581223510
Congelar candidata revisada	Preservar registro do corte	2026-10-08T21:59:05.1943404Z Artifact release-lab-preparation has been successfully uploaded! Final size is 544 bytes. Artifact ID is 11581223510
Congelar candidata revisada	Preservar registro do corte	2026-10-08T21:59:05.1948626Z Artifact download URL: https://github.com/israelhudson/flutter_code_push_example/actions/runs/37850467026/artifacts/11581223510
Congelar candidata revisada	Post Checkout das ferramentas confiáveis da main	﻿2026-10-08T21:59:05.2176115Z Post job cleanup.
Congelar candidata revisada	Post Checkout das ferramentas confiáveis da main	2026-10-08T21:59:05.3074441Z [command]/usr/bin/git version
Congelar candidata revisada	Post Checkout das ferramentas confiáveis da main	2026-10-08T21:59:05.3124294Z git version 2.55.0
Congelar candidata revisada	Post Checkout das ferramentas confiáveis da main	2026-10-08T21:59:05.3167712Z Temporarily overriding HOME='/home/runner/work/_temp/e0252cef-ad46-45c7-9093-1a9bb7530547' before making global git config changes
Congelar candidata revisada	Post Checkout das ferramentas confiáveis da main	2026-10-08T21:59:05.3169191Z Adding repository directory to the temporary git global config as a safe directory
Congelar candidata revisada	Post Checkout das ferramentas confiáveis da main	2026-10-08T21:59:05.3174771Z [command]/usr/bin/git config --global --add safe.directory /home/runner/work/flutter_code_push_example/flutter_code_push_example/trusted
Congelar candidata revisada	Post Checkout das ferramentas confiáveis da main	2026-10-08T21:59:05.3221395Z [command]/usr/bin/git config --local --name-only --get-regexp core\.sshCommand
Congelar candidata revisada	Post Checkout das ferramentas confiáveis da main	2026-10-08T21:59:05.3261795Z [command]/usr/bin/git submodule foreach --recursive sh -c "git config --local --name-only --get-regexp 'core\.sshCommand' && git config --local --unset-all 'core.sshCommand' || :"
Congelar candidata revisada	Post Checkout das ferramentas confiáveis da main	2026-10-08T21:59:05.3533899Z [command]/usr/bin/git config --local --name-only --get-regexp http\.https\:\/\/github\.com\/\.extraheader
Congelar candidata revisada	Post Checkout das ferramentas confiáveis da main	2026-10-08T21:59:05.3575429Z [command]/usr/bin/git submodule foreach --recursive sh -c "git config --local --name-only --get-regexp 'http\.https\:\/\/github\.com\/\.extraheader' && git config --local --unset-all 'http.https://github.com/.extraheader' || :"
Congelar candidata revisada	Post Checkout das ferramentas confiáveis da main	2026-10-08T21:59:05.3867299Z [command]/usr/bin/git config --local --name-only --get-regexp ^includeIf\.gitdir:
Congelar candidata revisada	Post Checkout das ferramentas confiáveis da main	2026-10-08T21:59:05.3910029Z [command]/usr/bin/git submodule foreach --recursive git config --local --show-origin --name-only --get-regexp remote.origin.url
Congelar candidata revisada	Complete job	﻿2026-10-08T21:59:05.4357822Z Evaluate and set job outputs
Congelar candidata revisada	Complete job	2026-10-08T21:59:05.4364954Z Set output 'candidate_tag'
Congelar candidata revisada	Complete job	2026-10-08T21:59:05.4366640Z Set output 'source_sha'
Congelar candidata revisada	Complete job	2026-10-08T21:59:05.4367505Z Set output 'tooling_sha'
Congelar candidata revisada	Complete job	2026-10-08T21:59:05.4368439Z Cleaning up orphan processes
Congelar candidata revisada	Complete job	2026-10-08T21:59:05.4647901Z ##[warning]Node.js 20 is deprecated. The following actions target Node.js 20 but are being forced to run on Node.js 24: actions/checkout@11d5960a326750d5838078e36cf38b85af677262, actions/upload-artifact@ea165f8d65b6e75b540449e92b4886f43607fa02. For more information see: https://github.blog/changelog/2025-09-19-deprecation-of-node-20-on-github-actions-runners/
Avaliar a mesma candidata / Conferir RC ativa, papéis e proteções	UNKNOWN STEP	﻿2026-10-08T21:59:10.5252020Z Current runner version: '2.337.0'
Avaliar a mesma candidata / Conferir RC ativa, papéis e proteções	UNKNOWN STEP	2026-10-08T21:59:10.5277344Z ##[group]Runner Image Provisioner
Avaliar a mesma candidata / Conferir RC ativa, papéis e proteções	UNKNOWN STEP	2026-10-08T21:59:10.5278321Z Hosted Compute Agent
Avaliar a mesma candidata / Conferir RC ativa, papéis e proteções	UNKNOWN STEP	2026-10-08T21:59:10.5278914Z Version: 20261002.596
Avaliar a mesma candidata / Conferir RC ativa, papéis e proteções	UNKNOWN STEP	2026-10-08T21:59:10.5279562Z Commit: c3d12f3313a95f25162a1503be624f3b0617f8c0
Avaliar a mesma candidata / Conferir RC ativa, papéis e proteções	UNKNOWN STEP	2026-10-08T21:59:10.5280358Z Build Date: 2026-10-02T22:28:27Z
Avaliar a mesma candidata / Conferir RC ativa, papéis e proteções	UNKNOWN STEP	2026-10-08T21:59:10.5281034Z Worker ID: {594c844c-ce52-4a9c-b16d-073a020cb072}
Avaliar a mesma candidata / Conferir RC ativa, papéis e proteções	UNKNOWN STEP	2026-10-08T21:59:10.5281762Z Region: westus2
Avaliar a mesma candidata / Conferir RC ativa, papéis e proteções	UNKNOWN STEP	2026-10-08T21:59:10.5282353Z Cloud: Azure
Avaliar a mesma candidata / Conferir RC ativa, papéis e proteções	UNKNOWN STEP	2026-10-08T21:59:10.5282897Z ##[endgroup]
Avaliar a mesma candidata / Conferir RC ativa, papéis e proteções	UNKNOWN STEP	2026-10-08T21:59:10.5284653Z ##[group]Operating System
Avaliar a mesma candidata / Conferir RC ativa, papéis e proteções	UNKNOWN STEP	2026-10-08T21:59:10.5285306Z Ubuntu
Avaliar a mesma candidata / Conferir RC ativa, papéis e proteções	UNKNOWN STEP	2026-10-08T21:59:10.5286131Z 24.04.5
Avaliar a mesma candidata / Conferir RC ativa, papéis e proteções	UNKNOWN STEP	2026-10-08T21:59:10.5286664Z LTS
Avaliar a mesma candidata / Conferir RC ativa, papéis e proteções	UNKNOWN STEP	2026-10-08T21:59:10.5287217Z ##[endgroup]
Avaliar a mesma candidata / Conferir RC ativa, papéis e proteções	UNKNOWN STEP	2026-10-08T21:59:10.5287821Z ##[group]Runner Image
Avaliar a mesma candidata / Conferir RC ativa, papéis e proteções	UNKNOWN STEP	2026-10-08T21:59:10.5288443Z Image: ubuntu-24.04
Avaliar a mesma candidata / Conferir RC ativa, papéis e proteções	UNKNOWN STEP	2026-10-08T21:59:10.5288987Z Version: 20261004.327.1
Avaliar a mesma candidata / Conferir RC ativa, papéis e proteções	UNKNOWN STEP	2026-10-08T21:59:10.5290325Z Included Software: https://github.com/actions/runner-images/blob/ubuntu24/20261004.327/images/ubuntu/Ubuntu2404-Readme.md
Avaliar a mesma candidata / Conferir RC ativa, papéis e proteções	UNKNOWN STEP	2026-10-08T21:59:10.5291941Z Image Release: https://github.com/actions/runner-images/releases/tag/ubuntu24%2F20261004.327
Avaliar a mesma candidata / Conferir RC ativa, papéis e proteções	UNKNOWN STEP	2026-10-08T21:59:10.5292903Z ##[endgroup]
Avaliar a mesma candidata / Conferir RC ativa, papéis e proteções	UNKNOWN STEP	2026-10-08T21:59:10.5294480Z ##[group]GITHUB_TOKEN Permissions
Avaliar a mesma candidata / Conferir RC ativa, papéis e proteções	UNKNOWN STEP	2026-10-08T21:59:10.5297004Z Actions: read
Avaliar a mesma candidata / Conferir RC ativa, papéis e proteções	UNKNOWN STEP	2026-10-08T21:59:10.5297734Z Contents: write
Avaliar a mesma candidata / Conferir RC ativa, papéis e proteções	UNKNOWN STEP	2026-10-08T21:59:10.5298315Z Metadata: read
Avaliar a mesma candidata / Conferir RC ativa, papéis e proteções	UNKNOWN STEP	2026-10-08T21:59:10.5298863Z ##[endgroup]
Avaliar a mesma candidata / Conferir RC ativa, papéis e proteções	UNKNOWN STEP	2026-10-08T21:59:10.5301013Z Secret source: Actions
Avaliar a mesma candidata / Conferir RC ativa, papéis e proteções	UNKNOWN STEP	2026-10-08T21:59:10.5301978Z Cache mode: write
Avaliar a mesma candidata / Conferir RC ativa, papéis e proteções	UNKNOWN STEP	2026-10-08T21:59:10.5302809Z Prepare workflow directory
Avaliar a mesma candidata / Conferir RC ativa, papéis e proteções	UNKNOWN STEP	2026-10-08T21:59:10.5640668Z Prepare all required actions
Avaliar a mesma candidata / Conferir RC ativa, papéis e proteções	UNKNOWN STEP	2026-10-08T21:59:10.5691995Z Getting action download info
Avaliar a mesma candidata / Conferir RC ativa, papéis e proteções	UNKNOWN STEP	2026-10-08T21:59:10.9230515Z Download action repository 'actions/checkout@11d5960a326750d5838078e36cf38b85af677262' (SHA:11d5960a326750d5838078e36cf38b85af677262)
Avaliar a mesma candidata / Conferir RC ativa, papéis e proteções	UNKNOWN STEP	2026-10-08T21:59:11.0312098Z Download action repository 'actions/upload-artifact@ea165f8d65b6e75b540449e92b4886f43607fa02' (SHA:ea165f8d65b6e75b540449e92b4886f43607fa02)
Avaliar a mesma candidata / Conferir RC ativa, papéis e proteções	UNKNOWN STEP	2026-10-08T21:59:11.2406516Z Uses: israelhudson/flutter_code_push_example/.github/workflows/release-lab-evaluate.yml@refs/heads/main (9c4ad37fc415a98ef2a8cfdc5be8d5cf97fe35b0)
Avaliar a mesma candidata / Conferir RC ativa, papéis e proteções	UNKNOWN STEP	2026-10-08T21:59:11.2414107Z ##[group] Inputs
Avaliar a mesma candidata / Conferir RC ativa, papéis e proteções	UNKNOWN STEP	2026-10-08T21:59:11.2415030Z   candidate_tag: v1.5.0-rc.1
Avaliar a mesma candidata / Conferir RC ativa, papéis e proteções	UNKNOWN STEP	2026-10-08T21:59:11.2416543Z   version: 1.5.0
Avaliar a mesma candidata / Conferir RC ativa, papéis e proteções	UNKNOWN STEP	2026-10-08T21:59:11.2417548Z   title: Ensaio de rejeição, correção e promoção no GitHub
Avaliar a mesma candidata / Conferir RC ativa, papéis e proteções	UNKNOWN STEP	2026-10-08T21:59:11.2418711Z ##[endgroup]
Avaliar a mesma candidata / Conferir RC ativa, papéis e proteções	UNKNOWN STEP	2026-10-08T21:59:11.2419916Z Complete job name: Avaliar a mesma candidata / Conferir RC ativa, papéis e proteções
Avaliar a mesma candidata / Conferir RC ativa, papéis e proteções	UNKNOWN STEP	2026-10-08T21:59:11.3203502Z ##[group]Run actions/checkout@11d5960a326750d5838078e36cf38b85af677262
Avaliar a mesma candidata / Conferir RC ativa, papéis e proteções	UNKNOWN STEP	2026-10-08T21:59:11.3204570Z with:
Avaliar a mesma candidata / Conferir RC ativa, papéis e proteções	UNKNOWN STEP	2026-10-08T21:59:11.3205007Z   ref: refs/heads/main
Avaliar a mesma candidata / Conferir RC ativa, papéis e proteções	UNKNOWN STEP	2026-10-08T21:59:11.3205673Z   path: trusted
Avaliar a mesma candidata / Conferir RC ativa, papéis e proteções	UNKNOWN STEP	2026-10-08T21:59:11.3206114Z   fetch-depth: 0
Avaliar a mesma candidata / Conferir RC ativa, papéis e proteções	UNKNOWN STEP	2026-10-08T21:59:11.3206564Z   persist-credentials: false
Avaliar a mesma candidata / Conferir RC ativa, papéis e proteções	UNKNOWN STEP	2026-10-08T21:59:11.3207164Z   repository: israelhudson/flutter_code_push_example
Avaliar a mesma candidata / Conferir RC ativa, papéis e proteções	UNKNOWN STEP	2026-10-08T21:59:11.3211025Z   token: ***
Avaliar a mesma candidata / Conferir RC ativa, papéis e proteções	UNKNOWN STEP	2026-10-08T21:59:11.3211465Z   ssh-strict: true
Avaliar a mesma candidata / Conferir RC ativa, papéis e proteções	UNKNOWN STEP	2026-10-08T21:59:11.3211895Z   ssh-user: git
Avaliar a mesma candidata / Conferir RC ativa, papéis e proteções	UNKNOWN STEP	2026-10-08T21:59:11.3212309Z   clean: true
Avaliar a mesma candidata / Conferir RC ativa, papéis e proteções	UNKNOWN STEP	2026-10-08T21:59:11.3212744Z   sparse-checkout-cone-mode: true
Avaliar a mesma candidata / Conferir RC ativa, papéis e proteções	UNKNOWN STEP	2026-10-08T21:59:11.3213272Z   fetch-tags: false
Avaliar a mesma candidata / Conferir RC ativa, papéis e proteções	UNKNOWN STEP	2026-10-08T21:59:11.3213725Z   show-progress: true
Avaliar a mesma candidata / Conferir RC ativa, papéis e proteções	UNKNOWN STEP	2026-10-08T21:59:11.3214176Z   lfs: false
Avaliar a mesma candidata / Conferir RC ativa, papéis e proteções	UNKNOWN STEP	2026-10-08T21:59:11.3214595Z   submodules: false
Avaliar a mesma candidata / Conferir RC ativa, papéis e proteções	UNKNOWN STEP	2026-10-08T21:59:11.3215044Z   set-safe-directory: true
Avaliar a mesma candidata / Conferir RC ativa, papéis e proteções	UNKNOWN STEP	2026-10-08T21:59:11.3215754Z   allow-unsafe-pr-checkout: false
Avaliar a mesma candidata / Conferir RC ativa, papéis e proteções	UNKNOWN STEP	2026-10-08T21:59:11.3216579Z ##[endgroup]
Avaliar a mesma candidata / Conferir RC ativa, papéis e proteções	UNKNOWN STEP	2026-10-08T21:59:11.4223444Z Syncing repository: israelhudson/flutter_code_push_example
Avaliar a mesma candidata / Conferir RC ativa, papéis e proteções	UNKNOWN STEP	2026-10-08T21:59:11.4226315Z ##[group]Getting Git version info
Avaliar a mesma candidata / Conferir RC ativa, papéis e proteções	UNKNOWN STEP	2026-10-08T21:59:11.4227305Z Working directory is '/home/runner/work/flutter_code_push_example/flutter_code_push_example/trusted'
Avaliar a mesma candidata / Conferir RC ativa, papéis e proteções	UNKNOWN STEP	2026-10-08T21:59:11.4228552Z [command]/usr/bin/git version
Avaliar a mesma candidata / Conferir RC ativa, papéis e proteções	UNKNOWN STEP	2026-10-08T21:59:11.4296061Z git version 2.55.0
Avaliar a mesma candidata / Conferir RC ativa, papéis e proteções	UNKNOWN STEP	2026-10-08T21:59:11.4319330Z ##[endgroup]
Avaliar a mesma candidata / Conferir RC ativa, papéis e proteções	UNKNOWN STEP	2026-10-08T21:59:11.4336583Z Temporarily overriding HOME='/home/runner/work/_temp/0321bc02-6da7-4a74-a7d3-b5395ea15a77' before making global git config changes
Avaliar a mesma candidata / Conferir RC ativa, papéis e proteções	UNKNOWN STEP	2026-10-08T21:59:11.4339119Z Adding repository directory to the temporary git global config as a safe directory
Avaliar a mesma candidata / Conferir RC ativa, papéis e proteções	UNKNOWN STEP	2026-10-08T21:59:11.4352102Z [command]/usr/bin/git config --global --add safe.directory /home/runner/work/flutter_code_push_example/flutter_code_push_example/trusted
Avaliar a mesma candidata / Conferir RC ativa, papéis e proteções	UNKNOWN STEP	2026-10-08T21:59:11.4429434Z ##[group]Initializing the repository
Avaliar a mesma candidata / Conferir RC ativa, papéis e proteções	UNKNOWN STEP	2026-10-08T21:59:11.4437050Z [command]/usr/bin/git init /home/runner/work/flutter_code_push_example/flutter_code_push_example/trusted
Avaliar a mesma candidata / Conferir RC ativa, papéis e proteções	UNKNOWN STEP	2026-10-08T21:59:11.4549274Z hint: Using 'master' as the name for the initial branch. This default branch name
Avaliar a mesma candidata / Conferir RC ativa, papéis e proteções	UNKNOWN STEP	2026-10-08T21:59:11.4551540Z hint: will change to "main" in Git 3.0. To configure the initial branch name
Avaliar a mesma candidata / Conferir RC ativa, papéis e proteções	UNKNOWN STEP	2026-10-08T21:59:11.4553207Z hint: to use in all of your new repositories, which will suppress this warning,
Avaliar a mesma candidata / Conferir RC ativa, papéis e proteções	UNKNOWN STEP	2026-10-08T21:59:11.4554569Z hint: call:
Avaliar a mesma candidata / Conferir RC ativa, papéis e proteções	UNKNOWN STEP	2026-10-08T21:59:11.4555292Z hint:
Avaliar a mesma candidata / Conferir RC ativa, papéis e proteções	UNKNOWN STEP	2026-10-08T21:59:11.4556461Z hint: 	git config --global init.defaultBranch <name>
Avaliar a mesma candidata / Conferir RC ativa, papéis e proteções	UNKNOWN STEP	2026-10-08T21:59:11.4557383Z hint:
Avaliar a mesma candidata / Conferir RC ativa, papéis e proteções	UNKNOWN STEP	2026-10-08T21:59:11.4558130Z hint: Names commonly chosen instead of 'master' are 'main', 'trunk' and
Avaliar a mesma candidata / Conferir RC ativa, papéis e proteções	UNKNOWN STEP	2026-10-08T21:59:11.4559541Z hint: 'development'. The just-created branch can be renamed via this command:
Avaliar a mesma candidata / Conferir RC ativa, papéis e proteções	UNKNOWN STEP	2026-10-08T21:59:11.4560901Z hint:
Avaliar a mesma candidata / Conferir RC ativa, papéis e proteções	UNKNOWN STEP	2026-10-08T21:59:11.4561365Z hint: 	git branch -m <name>
Avaliar a mesma candidata / Conferir RC ativa, papéis e proteções	UNKNOWN STEP	2026-10-08T21:59:11.4561852Z hint:
Avaliar a mesma candidata / Conferir RC ativa, papéis e proteções	UNKNOWN STEP	2026-10-08T21:59:11.4562502Z hint: Disable this message with "git config set advice.defaultBranchName false"
Avaliar a mesma candidata / Conferir RC ativa, papéis e proteções	UNKNOWN STEP	2026-10-08T21:59:11.4564001Z Initialized empty Git repository in /home/runner/work/flutter_code_push_example/flutter_code_push_example/trusted/.git/
Avaliar a mesma candidata / Conferir RC ativa, papéis e proteções	UNKNOWN STEP	2026-10-08T21:59:11.4569414Z [command]/usr/bin/git remote add origin https://github.com/israelhudson/flutter_code_push_example
Avaliar a mesma candidata / Conferir RC ativa, papéis e proteções	UNKNOWN STEP	2026-10-08T21:59:11.4618173Z ##[endgroup]
Avaliar a mesma candidata / Conferir RC ativa, papéis e proteções	UNKNOWN STEP	2026-10-08T21:59:11.4618982Z ##[group]Disabling automatic garbage collection
Avaliar a mesma candidata / Conferir RC ativa, papéis e proteções	UNKNOWN STEP	2026-10-08T21:59:11.4623218Z [command]/usr/bin/git config --local gc.auto 0
Avaliar a mesma candidata / Conferir RC ativa, papéis e proteções	UNKNOWN STEP	2026-10-08T21:59:11.4659474Z ##[endgroup]
Avaliar a mesma candidata / Conferir RC ativa, papéis e proteções	UNKNOWN STEP	2026-10-08T21:59:11.4660574Z ##[group]Setting up auth
Avaliar a mesma candidata / Conferir RC ativa, papéis e proteções	UNKNOWN STEP	2026-10-08T21:59:11.4666736Z [command]/usr/bin/git config --local --name-only --get-regexp core\.sshCommand
Avaliar a mesma candidata / Conferir RC ativa, papéis e proteções	UNKNOWN STEP	2026-10-08T21:59:11.4700328Z [command]/usr/bin/git submodule foreach --recursive sh -c "git config --local --name-only --get-regexp 'core\.sshCommand' && git config --local --unset-all 'core.sshCommand' || :"
Avaliar a mesma candidata / Conferir RC ativa, papéis e proteções	UNKNOWN STEP	2026-10-08T21:59:11.5081410Z [command]/usr/bin/git config --local --name-only --get-regexp http\.https\:\/\/github\.com\/\.extraheader
Avaliar a mesma candidata / Conferir RC ativa, papéis e proteções	UNKNOWN STEP	2026-10-08T21:59:11.5127651Z [command]/usr/bin/git submodule foreach --recursive sh -c "git config --local --name-only --get-regexp 'http\.https\:\/\/github\.com\/\.extraheader' && git config --local --unset-all 'http.https://github.com/.extraheader' || :"
Avaliar a mesma candidata / Conferir RC ativa, papéis e proteções	UNKNOWN STEP	2026-10-08T21:59:11.5365938Z [command]/usr/bin/git config --local --name-only --get-regexp ^includeIf\.gitdir:
Avaliar a mesma candidata / Conferir RC ativa, papéis e proteções	UNKNOWN STEP	2026-10-08T21:59:11.5405233Z [command]/usr/bin/git submodule foreach --recursive git config --local --show-origin --name-only --get-regexp remote.origin.url
Avaliar a mesma candidata / Conferir RC ativa, papéis e proteções	UNKNOWN STEP	2026-10-08T21:59:11.5634524Z [command]/usr/bin/git config --local http.https://github.com/.extraheader AUTHORIZATION: basic ***
Avaliar a mesma candidata / Conferir RC ativa, papéis e proteções	UNKNOWN STEP	2026-10-08T21:59:11.5677232Z ##[endgroup]
Avaliar a mesma candidata / Conferir RC ativa, papéis e proteções	UNKNOWN STEP	2026-10-08T21:59:11.5678731Z ##[group]Fetching the repository
Avaliar a mesma candidata / Conferir RC ativa, papéis e proteções	UNKNOWN STEP	2026-10-08T21:59:11.5689631Z [command]/usr/bin/git -c protocol.version=2 fetch --prune --no-recurse-submodules origin +refs/heads/*:refs/remotes/origin/* +refs/tags/*:refs/tags/*
Avaliar a mesma candidata / Conferir RC ativa, papéis e proteções	UNKNOWN STEP	2026-10-08T21:59:12.5951826Z From https://github.com/israelhudson/flutter_code_push_example
Avaliar a mesma candidata / Conferir RC ativa, papéis e proteções	UNKNOWN STEP	2026-10-08T21:59:12.5954392Z  * [new branch]      codex/candidate-lab-delivery-2026-10-06-rc.1 -> origin/codex/candidate-lab-delivery-2026-10-06-rc.1
Avaliar a mesma candidata / Conferir RC ativa, papéis e proteções	UNKNOWN STEP	2026-10-08T21:59:12.5957223Z  * [new branch]      codex/delivery-state    -> origin/codex/delivery-state
Avaliar a mesma candidata / Conferir RC ativa, papéis e proteções	UNKNOWN STEP	2026-10-08T21:59:12.5959738Z  * [new branch]      codex/fix-lab-release-upload -> origin/codex/fix-lab-release-upload
Avaliar a mesma candidata / Conferir RC ativa, papéis e proteções	UNKNOWN STEP	2026-10-08T21:59:12.5962548Z  * [new branch]      codex/flutter-sdk-bootstrap -> origin/codex/flutter-sdk-bootstrap
Avaliar a mesma candidata / Conferir RC ativa, papéis e proteções	UNKNOWN STEP	2026-10-08T21:59:12.5966134Z  * [new branch]      codex/github-release-approval-poc -> origin/codex/github-release-approval-poc
Avaliar a mesma candidata / Conferir RC ativa, papéis e proteções	UNKNOWN STEP	2026-10-08T21:59:12.5968624Z  * [new branch]      codex/lab-promotion-evidence -> origin/codex/lab-promotion-evidence
Avaliar a mesma candidata / Conferir RC ativa, papéis e proteções	UNKNOWN STEP	2026-10-08T21:59:12.5971348Z  * [new branch]      codex/lab-release-result -> origin/codex/lab-release-result
Avaliar a mesma candidata / Conferir RC ativa, papéis e proteções	UNKNOWN STEP	2026-10-08T21:59:12.5973510Z  * [new branch]      codex/lab-reviewed-promotion -> origin/codex/lab-reviewed-promotion
Avaliar a mesma candidata / Conferir RC ativa, papéis e proteções	UNKNOWN STEP	2026-10-08T21:59:12.5975604Z  * [new branch]      codex/lab-versions      -> origin/codex/lab-versions
Avaliar a mesma candidata / Conferir RC ativa, papéis e proteções	UNKNOWN STEP	2026-10-08T21:59:12.5977701Z  * [new branch]      codex/laboratory-release-records -> origin/codex/laboratory-release-records
Avaliar a mesma candidata / Conferir RC ativa, papéis e proteções	UNKNOWN STEP	2026-10-08T21:59:12.5980469Z  * [new branch]      codex/operational-delivery-preview -> origin/codex/operational-delivery-preview
Avaliar a mesma candidata / Conferir RC ativa, papéis e proteções	UNKNOWN STEP	2026-10-08T21:59:12.5982808Z  * [new branch]      codex/pages-previews    -> origin/codex/pages-previews
Avaliar a mesma candidata / Conferir RC ativa, papéis e proteções	UNKNOWN STEP	2026-10-08T21:59:12.5985302Z  * [new branch]      codex/pages-publication-verification -> origin/codex/pages-publication-verification
Avaliar a mesma candidata / Conferir RC ativa, papéis e proteções	UNKNOWN STEP	2026-10-08T21:59:12.5988720Z  * [new branch]      codex/release-lab-real-promotion -> origin/codex/release-lab-real-promotion
Avaliar a mesma candidata / Conferir RC ativa, papéis e proteções	UNKNOWN STEP	2026-10-08T21:59:12.5991371Z  * [new branch]      codex/release-lab-state -> origin/codex/release-lab-state
Avaliar a mesma candidata / Conferir RC ativa, papéis e proteções	UNKNOWN STEP	2026-10-08T21:59:12.5993825Z  * [new branch]      codex/release-lab-two-approvers -> origin/codex/release-lab-two-approvers
Avaliar a mesma candidata / Conferir RC ativa, papéis e proteções	UNKNOWN STEP	2026-10-08T21:59:12.5996875Z  * [new branch]      docs/estudo-shorebird-amulets -> origin/docs/estudo-shorebird-amulets
Avaliar a mesma candidata / Conferir RC ativa, papéis e proteções	UNKNOWN STEP	2026-10-08T21:59:12.5999698Z  * [new branch]      feature/shorebird-code-push-setup -> origin/feature/shorebird-code-push-setup
Avaliar a mesma candidata / Conferir RC ativa, papéis e proteções	UNKNOWN STEP	2026-10-08T21:59:12.6001953Z  * [new branch]      main                    -> origin/main
Avaliar a mesma candidata / Conferir RC ativa, papéis e proteções	UNKNOWN STEP	2026-10-08T21:59:12.6003590Z  * [new branch]      release/1.4.0           -> origin/release/1.4.0
Avaliar a mesma candidata / Conferir RC ativa, papéis e proteções	UNKNOWN STEP	2026-10-08T21:59:12.6005701Z  * [new branch]      release/1.5.0           -> origin/release/1.5.0
Avaliar a mesma candidata / Conferir RC ativa, papéis e proteções	UNKNOWN STEP	2026-10-08T21:59:12.6007847Z  * [new tag]         entrega-0100-rc.1       -> entrega-0100-rc.1
Avaliar a mesma candidata / Conferir RC ativa, papéis e proteções	UNKNOWN STEP	2026-10-08T21:59:12.6010010Z  * [new tag]         lab/delivery/2026-10-06-rc.1 -> lab/delivery/2026-10-06-rc.1
Avaliar a mesma candidata / Conferir RC ativa, papéis e proteções	UNKNOWN STEP	2026-10-08T21:59:12.6012093Z  * [new tag]         v1.4.0-rc.1             -> v1.4.0-rc.1
Avaliar a mesma candidata / Conferir RC ativa, papéis e proteções	UNKNOWN STEP	2026-10-08T21:59:12.6013877Z  * [new tag]         v1.5.0-rc.1             -> v1.5.0-rc.1
Avaliar a mesma candidata / Conferir RC ativa, papéis e proteções	UNKNOWN STEP	2026-10-08T21:59:12.6018366Z ##[endgroup]
Avaliar a mesma candidata / Conferir RC ativa, papéis e proteções	UNKNOWN STEP	2026-10-08T21:59:12.6021001Z ##[group]Determining the checkout info
Avaliar a mesma candidata / Conferir RC ativa, papéis e proteções	UNKNOWN STEP	2026-10-08T21:59:12.6023413Z ##[endgroup]
Avaliar a mesma candidata / Conferir RC ativa, papéis e proteções	UNKNOWN STEP	2026-10-08T21:59:12.6025144Z [command]/usr/bin/git sparse-checkout disable
Avaliar a mesma candidata / Conferir RC ativa, papéis e proteções	UNKNOWN STEP	2026-10-08T21:59:12.6029985Z [command]/usr/bin/git config --local --unset-all extensions.worktreeConfig
Avaliar a mesma candidata / Conferir RC ativa, papéis e proteções	UNKNOWN STEP	2026-10-08T21:59:12.6061134Z ##[group]Checking out the ref
Avaliar a mesma candidata / Conferir RC ativa, papéis e proteções	UNKNOWN STEP	2026-10-08T21:59:12.6064317Z [command]/usr/bin/git checkout --progress --force -B main refs/remotes/origin/main
Avaliar a mesma candidata / Conferir RC ativa, papéis e proteções	UNKNOWN STEP	2026-10-08T21:59:12.6304340Z Switched to a new branch 'main'
Avaliar a mesma candidata / Conferir RC ativa, papéis e proteções	UNKNOWN STEP	2026-10-08T21:59:12.6310685Z branch 'main' set up to track 'origin/main'.
Avaliar a mesma candidata / Conferir RC ativa, papéis e proteções	UNKNOWN STEP	2026-10-08T21:59:12.6319309Z ##[endgroup]
Avaliar a mesma candidata / Conferir RC ativa, papéis e proteções	UNKNOWN STEP	2026-10-08T21:59:12.6361824Z [command]/usr/bin/git log -1 --format=%H
Avaliar a mesma candidata / Conferir RC ativa, papéis e proteções	UNKNOWN STEP	2026-10-08T21:59:12.6389173Z 9c4ad37fc415a98ef2a8cfdc5be8d5cf97fe35b0
Avaliar a mesma candidata / Conferir RC ativa, papéis e proteções	UNKNOWN STEP	2026-10-08T21:59:12.6398978Z ##[group]Removing auth
Avaliar a mesma candidata / Conferir RC ativa, papéis e proteções	UNKNOWN STEP	2026-10-08T21:59:12.6402902Z [command]/usr/bin/git config --local --name-only --get-regexp core\.sshCommand
Avaliar a mesma candidata / Conferir RC ativa, papéis e proteções	UNKNOWN STEP	2026-10-08T21:59:12.6437574Z [command]/usr/bin/git submodule foreach --recursive sh -c "git config --local --name-only --get-regexp 'core\.sshCommand' && git config --local --unset-all 'core.sshCommand' || :"
Avaliar a mesma candidata / Conferir RC ativa, papéis e proteções	UNKNOWN STEP	2026-10-08T21:59:12.6662350Z [command]/usr/bin/git config --local --name-only --get-regexp http\.https\:\/\/github\.com\/\.extraheader
Avaliar a mesma candidata / Conferir RC ativa, papéis e proteções	UNKNOWN STEP	2026-10-08T21:59:12.6694532Z http.https://github.com/.extraheader
Avaliar a mesma candidata / Conferir RC ativa, papéis e proteções	UNKNOWN STEP	2026-10-08T21:59:12.6704141Z [command]/usr/bin/git config --local --unset-all http.https://github.com/.extraheader
Avaliar a mesma candidata / Conferir RC ativa, papéis e proteções	UNKNOWN STEP	2026-10-08T21:59:12.6744334Z [command]/usr/bin/git submodule foreach --recursive sh -c "git config --local --name-only --get-regexp 'http\.https\:\/\/github\.com\/\.extraheader' && git config --local --unset-all 'http.https://github.com/.extraheader' || :"
Avaliar a mesma candidata / Conferir RC ativa, papéis e proteções	UNKNOWN STEP	2026-10-08T21:59:12.6981573Z [command]/usr/bin/git config --local --name-only --get-regexp ^includeIf\.gitdir:
Avaliar a mesma candidata / Conferir RC ativa, papéis e proteções	UNKNOWN STEP	2026-10-08T21:59:12.7018739Z [command]/usr/bin/git submodule foreach --recursive git config --local --show-origin --name-only --get-regexp remote.origin.url
Avaliar a mesma candidata / Conferir RC ativa, papéis e proteções	UNKNOWN STEP	2026-10-08T21:59:12.7238785Z ##[endgroup]
Avaliar a mesma candidata / Conferir RC ativa, papéis e proteções	UNKNOWN STEP	2026-10-08T21:59:12.7500054Z ##[group]Run python3 trusted/tools/delivery/release_lab.py preflight --candidate-tag "$CANDIDATE_TAG" --output "$RUNNER_TEMP/release-lab"
Avaliar a mesma candidata / Conferir RC ativa, papéis e proteções	UNKNOWN STEP	2026-10-08T21:59:12.7504263Z ^[[36;1mpython3 trusted/tools/delivery/release_lab.py preflight --candidate-tag "$CANDIDATE_TAG" --output "$RUNNER_TEMP/release-lab"^[[0m
Avaliar a mesma candidata / Conferir RC ativa, papéis e proteções	UNKNOWN STEP	2026-10-08T21:59:12.7762963Z shell: /usr/bin/bash -e {0}
Avaliar a mesma candidata / Conferir RC ativa, papéis e proteções	UNKNOWN STEP	2026-10-08T21:59:12.7764098Z env:
Avaliar a mesma candidata / Conferir RC ativa, papéis e proteções	UNKNOWN STEP	2026-10-08T21:59:12.7774742Z   GH_TOKEN: ***
Avaliar a mesma candidata / Conferir RC ativa, papéis e proteções	UNKNOWN STEP	2026-10-08T21:59:12.7776037Z   CANDIDATE_TAG: v1.5.0-rc.1
Avaliar a mesma candidata / Conferir RC ativa, papéis e proteções	UNKNOWN STEP	2026-10-08T21:59:12.7777145Z ##[endgroup]
Avaliar a mesma candidata / Conferir RC ativa, papéis e proteções	UNKNOWN STEP	2026-10-08T21:59:17.9817543Z {"candidate_tag": "v1.5.0-rc.1", "source_sha": "9c4ad37fc415a98ef2a8cfdc5be8d5cf97fe35b0", "tooling_sha": "9c4ad37fc415a98ef2a8cfdc5be8d5cf97fe35b0", "first_environment": "aprovacao-israel", "first_login": "israelhudson", "second_environment": "aprovacao-fahnassau30", "second_login": "fahnassau30", "final_environment": "autorizar-publicacao"}
Avaliar a mesma candidata / Conferir RC ativa, papéis e proteções	UNKNOWN STEP	2026-10-08T21:59:17.9999664Z ##[group]Run actions/upload-artifact@ea165f8d65b6e75b540449e92b4886f43607fa02
Avaliar a mesma candidata / Conferir RC ativa, papéis e proteções	UNKNOWN STEP	2026-10-08T21:59:18.0000160Z with:
Avaliar a mesma candidata / Conferir RC ativa, papéis e proteções	UNKNOWN STEP	2026-10-08T21:59:18.0000439Z   name: release-lab-preflight
Avaliar a mesma candidata / Conferir RC ativa, papéis e proteções	UNKNOWN STEP	2026-10-08T21:59:18.0000780Z   path: /home/runner/work/_temp/release-lab/
Avaliar a mesma candidata / Conferir RC ativa, papéis e proteções	UNKNOWN STEP	2026-10-08T21:59:18.0001124Z   if-no-files-found: ignore
Avaliar a mesma candidata / Conferir RC ativa, papéis e proteções	UNKNOWN STEP	2026-10-08T21:59:18.0001411Z   retention-days: 90
Avaliar a mesma candidata / Conferir RC ativa, papéis e proteções	UNKNOWN STEP	2026-10-08T21:59:18.0001665Z   overwrite: false
Avaliar a mesma candidata / Conferir RC ativa, papéis e proteções	UNKNOWN STEP	2026-10-08T21:59:18.0001916Z   compression-level: 6
Avaliar a mesma candidata / Conferir RC ativa, papéis e proteções	UNKNOWN STEP	2026-10-08T21:59:18.0002194Z   include-hidden-files: false
Avaliar a mesma candidata / Conferir RC ativa, papéis e proteções	UNKNOWN STEP	2026-10-08T21:59:18.0002472Z ##[endgroup]
Avaliar a mesma candidata / Conferir RC ativa, papéis e proteções	UNKNOWN STEP	2026-10-08T21:59:18.1662853Z (node:2504) [DEP0040] DeprecationWarning: The `punycode` module is deprecated. Please use a userland alternative instead.
Avaliar a mesma candidata / Conferir RC ativa, papéis e proteções	UNKNOWN STEP	2026-10-08T21:59:18.1664367Z (Use `node --trace-deprecation ...` to show where the warning was created)
Avaliar a mesma candidata / Conferir RC ativa, papéis e proteções	UNKNOWN STEP	2026-10-08T21:59:18.1722331Z With the provided path, there will be 1 file uploaded
Avaliar a mesma candidata / Conferir RC ativa, papéis e proteções	UNKNOWN STEP	2026-10-08T21:59:18.1723531Z Artifact name is valid!
Avaliar a mesma candidata / Conferir RC ativa, papéis e proteções	UNKNOWN STEP	2026-10-08T21:59:18.1724301Z Root directory input is valid!
Avaliar a mesma candidata / Conferir RC ativa, papéis e proteções	UNKNOWN STEP	2026-10-08T21:59:18.5572127Z Beginning upload of artifact content to blob storage
Avaliar a mesma candidata / Conferir RC ativa, papéis e proteções	UNKNOWN STEP	2026-10-08T21:59:18.5752827Z (node:2504) [DEP0169] DeprecationWarning: `url.parse()` behavior is not standardized and prone to errors that have security implications. Use the WHATWG URL API instead. CVEs are not issued for `url.parse()` vulnerabilities.
Avaliar a mesma candidata / Conferir RC ativa, papéis e proteções	UNKNOWN STEP	2026-10-08T21:59:18.8580766Z Uploaded bytes 549
Avaliar a mesma candidata / Conferir RC ativa, papéis e proteções	UNKNOWN STEP	2026-10-08T21:59:18.9378290Z Finished uploading artifact content to blob storage!
Avaliar a mesma candidata / Conferir RC ativa, papéis e proteções	UNKNOWN STEP	2026-10-08T21:59:18.9379726Z SHA256 digest of uploaded artifact zip is 88f61c648e94328fc4bae7f587704f8722eb010ad0847eb77c3a9b26be2a0462
Avaliar a mesma candidata / Conferir RC ativa, papéis e proteções	UNKNOWN STEP	2026-10-08T21:59:18.9381734Z Finalizing artifact upload
Avaliar a mesma candidata / Conferir RC ativa, papéis e proteções	UNKNOWN STEP	2026-10-08T21:59:19.2360421Z Artifact release-lab-preflight.zip successfully finalized. Artifact ID 11581986601
Avaliar a mesma candidata / Conferir RC ativa, papéis e proteções	UNKNOWN STEP	2026-10-08T21:59:19.2361605Z Artifact release-lab-preflight has been successfully uploaded! Final size is 549 bytes. Artifact ID is 11581986601
Avaliar a mesma candidata / Conferir RC ativa, papéis e proteções	UNKNOWN STEP	2026-10-08T21:59:19.2362727Z Artifact download URL: https://github.com/israelhudson/flutter_code_push_example/actions/runs/37850467026/artifacts/11581986601
Avaliar a mesma candidata / Conferir RC ativa, papéis e proteções	UNKNOWN STEP	2026-10-08T21:59:19.3817679Z Post job cleanup.
Avaliar a mesma candidata / Conferir RC ativa, papéis e proteções	UNKNOWN STEP	2026-10-08T21:59:19.4658663Z [command]/usr/bin/git version
Avaliar a mesma candidata / Conferir RC ativa, papéis e proteções	UNKNOWN STEP	2026-10-08T21:59:19.4703036Z git version 2.55.0
Avaliar a mesma candidata / Conferir RC ativa, papéis e proteções	UNKNOWN STEP	2026-10-08T21:59:19.4744338Z Temporarily overriding HOME='/home/runner/work/_temp/620b640b-0c6c-4175-879c-4333f5d1de6c' before making global git config changes
Avaliar a mesma candidata / Conferir RC ativa, papéis e proteções	UNKNOWN STEP	2026-10-08T21:59:19.4746198Z Adding repository directory to the temporary git global config as a safe directory
Avaliar a mesma candidata / Conferir RC ativa, papéis e proteções	UNKNOWN STEP	2026-10-08T21:59:19.4749290Z [command]/usr/bin/git config --global --add safe.directory /home/runner/work/flutter_code_push_example/flutter_code_push_example/trusted
Avaliar a mesma candidata / Conferir RC ativa, papéis e proteções	UNKNOWN STEP	2026-10-08T21:59:19.5336705Z [command]/usr/bin/git config --local --name-only --get-regexp core\.sshCommand
Avaliar a mesma candidata / Conferir RC ativa, papéis e proteções	UNKNOWN STEP	2026-10-08T21:59:19.5381681Z [command]/usr/bin/git submodule foreach --recursive sh -c "git config --local --name-only --get-regexp 'core\.sshCommand' && git config --local --unset-all 'core.sshCommand' || :"
Avaliar a mesma candidata / Conferir RC ativa, papéis e proteções	UNKNOWN STEP	2026-10-08T21:59:19.5634214Z [command]/usr/bin/git config --local --name-only --get-regexp http\.https\:\/\/github\.com\/\.extraheader
Avaliar a mesma candidata / Conferir RC ativa, papéis e proteções	UNKNOWN STEP	2026-10-08T21:59:19.5673088Z [command]/usr/bin/git submodule foreach --recursive sh -c "git config --local --name-only --get-regexp 'http\.https\:\/\/github\.com\/\.extraheader' && git config --local --unset-all 'http.https://github.com/.extraheader' || :"
Avaliar a mesma candidata / Conferir RC ativa, papéis e proteções	UNKNOWN STEP	2026-10-08T21:59:19.5906219Z [command]/usr/bin/git config --local --name-only --get-regexp ^includeIf\.gitdir:
Avaliar a mesma candidata / Conferir RC ativa, papéis e proteções	UNKNOWN STEP	2026-10-08T21:59:19.5941147Z [command]/usr/bin/git submodule foreach --recursive git config --local --show-origin --name-only --get-regexp remote.origin.url
Avaliar a mesma candidata / Conferir RC ativa, papéis e proteções	UNKNOWN STEP	2026-10-08T21:59:19.7525891Z Evaluate and set job outputs
Avaliar a mesma candidata / Conferir RC ativa, papéis e proteções	UNKNOWN STEP	2026-10-08T21:59:19.7533932Z Set output 'candidate_tag'
Avaliar a mesma candidata / Conferir RC ativa, papéis e proteções	UNKNOWN STEP	2026-10-08T21:59:19.7536013Z Set output 'source_sha'
Avaliar a mesma candidata / Conferir RC ativa, papéis e proteções	UNKNOWN STEP	2026-10-08T21:59:19.7536858Z Set output 'tooling_sha'
Avaliar a mesma candidata / Conferir RC ativa, papéis e proteções	UNKNOWN STEP	2026-10-08T21:59:19.7537208Z Set output 'first_environment'
Avaliar a mesma candidata / Conferir RC ativa, papéis e proteções	UNKNOWN STEP	2026-10-08T21:59:19.7537569Z Set output 'second_environment'
Avaliar a mesma candidata / Conferir RC ativa, papéis e proteções	UNKNOWN STEP	2026-10-08T21:59:19.7537918Z Set output 'final_environment'
Avaliar a mesma candidata / Conferir RC ativa, papéis e proteções	UNKNOWN STEP	2026-10-08T21:59:19.7538249Z Set output 'first_login'
Avaliar a mesma candidata / Conferir RC ativa, papéis e proteções	UNKNOWN STEP	2026-10-08T21:59:19.7538565Z Set output 'second_login'
Avaliar a mesma candidata / Conferir RC ativa, papéis e proteções	UNKNOWN STEP	2026-10-08T21:59:19.7539303Z Cleaning up orphan processes
Avaliar a mesma candidata / Conferir RC ativa, papéis e proteções	UNKNOWN STEP	2026-10-08T21:59:19.7834470Z ##[warning]Node.js 20 is deprecated. The following actions target Node.js 20 but are being forced to run on Node.js 24: actions/checkout@11d5960a326750d5838078e36cf38b85af677262, actions/upload-artifact@ea165f8d65b6e75b540449e92b4886f43607fa02. For more information see: https://github.blog/changelog/2025-09-19-deprecation-of-node-20-on-github-actions-runners/
Avaliar a mesma candidata / Verificar e compilar web sem permissões de publicação	UNKNOWN STEP	﻿2026-10-08T21:59:25.3561388Z Current runner version: '2.337.0'
Avaliar a mesma candidata / Verificar e compilar web sem permissões de publicação	UNKNOWN STEP	2026-10-08T21:59:25.3586745Z ##[group]Runner Image Provisioner
Avaliar a mesma candidata / Verificar e compilar web sem permissões de publicação	UNKNOWN STEP	2026-10-08T21:59:25.3587662Z Hosted Compute Agent
Avaliar a mesma candidata / Verificar e compilar web sem permissões de publicação	UNKNOWN STEP	2026-10-08T21:59:25.3588241Z Version: 20261002.596
Avaliar a mesma candidata / Verificar e compilar web sem permissões de publicação	UNKNOWN STEP	2026-10-08T21:59:25.3588958Z Commit: c3d12f3313a95f25162a1503be624f3b0617f8c0
Avaliar a mesma candidata / Verificar e compilar web sem permissões de publicação	UNKNOWN STEP	2026-10-08T21:59:25.3589712Z Build Date: 2026-10-02T22:28:27Z
Avaliar a mesma candidata / Verificar e compilar web sem permissões de publicação	UNKNOWN STEP	2026-10-08T21:59:25.3590493Z Worker ID: {f53f4c40-dee8-461b-bed5-45d95cc3a02e}
Avaliar a mesma candidata / Verificar e compilar web sem permissões de publicação	UNKNOWN STEP	2026-10-08T21:59:25.3591218Z Region: westcentralus
Avaliar a mesma candidata / Verificar e compilar web sem permissões de publicação	UNKNOWN STEP	2026-10-08T21:59:25.3591779Z Cloud: Azure
Avaliar a mesma candidata / Verificar e compilar web sem permissões de publicação	UNKNOWN STEP	2026-10-08T21:59:25.3592373Z ##[endgroup]
Avaliar a mesma candidata / Verificar e compilar web sem permissões de publicação	UNKNOWN STEP	2026-10-08T21:59:25.3594016Z ##[group]Operating System
Avaliar a mesma candidata / Verificar e compilar web sem permissões de publicação	UNKNOWN STEP	2026-10-08T21:59:25.3594734Z Ubuntu
Avaliar a mesma candidata / Verificar e compilar web sem permissões de publicação	UNKNOWN STEP	2026-10-08T21:59:25.3595270Z 24.04.5
Avaliar a mesma candidata / Verificar e compilar web sem permissões de publicação	UNKNOWN STEP	2026-10-08T21:59:25.3595773Z LTS
Avaliar a mesma candidata / Verificar e compilar web sem permissões de publicação	UNKNOWN STEP	2026-10-08T21:59:25.3596323Z ##[endgroup]
Avaliar a mesma candidata / Verificar e compilar web sem permissões de publicação	UNKNOWN STEP	2026-10-08T21:59:25.3597165Z ##[group]Runner Image
Avaliar a mesma candidata / Verificar e compilar web sem permissões de publicação	UNKNOWN STEP	2026-10-08T21:59:25.3597846Z Image: ubuntu-24.04
Avaliar a mesma candidata / Verificar e compilar web sem permissões de publicação	UNKNOWN STEP	2026-10-08T21:59:25.3598431Z Version: 20261004.327.1
Avaliar a mesma candidata / Verificar e compilar web sem permissões de publicação	UNKNOWN STEP	2026-10-08T21:59:25.3599772Z Included Software: https://github.com/actions/runner-images/blob/ubuntu24/20261004.327/images/ubuntu/Ubuntu2404-Readme.md
Avaliar a mesma candidata / Verificar e compilar web sem permissões de publicação	UNKNOWN STEP	2026-10-08T21:59:25.3601950Z Image Release: https://github.com/actions/runner-images/releases/tag/ubuntu24%2F20261004.327
Avaliar a mesma candidata / Verificar e compilar web sem permissões de publicação	UNKNOWN STEP	2026-10-08T21:59:25.3604430Z ##[endgroup]
Avaliar a mesma candidata / Verificar e compilar web sem permissões de publicação	UNKNOWN STEP	2026-10-08T21:59:25.3606450Z ##[group]GITHUB_TOKEN Permissions
Avaliar a mesma candidata / Verificar e compilar web sem permissões de publicação	UNKNOWN STEP	2026-10-08T21:59:25.3609873Z Contents: read
Avaliar a mesma candidata / Verificar e compilar web sem permissões de publicação	UNKNOWN STEP	2026-10-08T21:59:25.3611059Z Metadata: read
Avaliar a mesma candidata / Verificar e compilar web sem permissões de publicação	UNKNOWN STEP	2026-10-08T21:59:25.3612059Z ##[endgroup]
Avaliar a mesma candidata / Verificar e compilar web sem permissões de publicação	UNKNOWN STEP	2026-10-08T21:59:25.3615034Z Secret source: Actions
Avaliar a mesma candidata / Verificar e compilar web sem permissões de publicação	UNKNOWN STEP	2026-10-08T21:59:25.3616123Z Cache mode: write
Avaliar a mesma candidata / Verificar e compilar web sem permissões de publicação	UNKNOWN STEP	2026-10-08T21:59:25.3617365Z Prepare workflow directory
Avaliar a mesma candidata / Verificar e compilar web sem permissões de publicação	UNKNOWN STEP	2026-10-08T21:59:25.3959947Z Prepare all required actions
Avaliar a mesma candidata / Verificar e compilar web sem permissões de publicação	UNKNOWN STEP	2026-10-08T21:59:25.4007897Z Getting action download info
Avaliar a mesma candidata / Verificar e compilar web sem permissões de publicação	UNKNOWN STEP	2026-10-08T21:59:25.7111723Z Download action repository 'actions/checkout@11d5960a326750d5838078e36cf38b85af677262' (SHA:11d5960a326750d5838078e36cf38b85af677262)
Avaliar a mesma candidata / Verificar e compilar web sem permissões de publicação	UNKNOWN STEP	2026-10-08T21:59:25.8250515Z Download action repository 'actions/upload-artifact@ea165f8d65b6e75b540449e92b4886f43607fa02' (SHA:ea165f8d65b6e75b540449e92b4886f43607fa02)
Avaliar a mesma candidata / Verificar e compilar web sem permissões de publicação	UNKNOWN STEP	2026-10-08T21:59:26.0384392Z Uses: israelhudson/flutter_code_push_example/.github/workflows/release-lab-evaluate.yml@refs/heads/main (9c4ad37fc415a98ef2a8cfdc5be8d5cf97fe35b0)
Avaliar a mesma candidata / Verificar e compilar web sem permissões de publicação	UNKNOWN STEP	2026-10-08T21:59:26.0390058Z ##[group] Inputs
Avaliar a mesma candidata / Verificar e compilar web sem permissões de publicação	UNKNOWN STEP	2026-10-08T21:59:26.0390604Z   candidate_tag: v1.5.0-rc.1
Avaliar a mesma candidata / Verificar e compilar web sem permissões de publicação	UNKNOWN STEP	2026-10-08T21:59:26.0391123Z   version: 1.5.0
Avaliar a mesma candidata / Verificar e compilar web sem permissões de publicação	UNKNOWN STEP	2026-10-08T21:59:26.0391680Z   title: Ensaio de rejeição, correção e promoção no GitHub
Avaliar a mesma candidata / Verificar e compilar web sem permissões de publicação	UNKNOWN STEP	2026-10-08T21:59:26.0392339Z ##[endgroup]
Avaliar a mesma candidata / Verificar e compilar web sem permissões de publicação	UNKNOWN STEP	2026-10-08T21:59:26.0393109Z Complete job name: Avaliar a mesma candidata / Verificar e compilar web sem permissões de publicação
Avaliar a mesma candidata / Verificar e compilar web sem permissões de publicação	UNKNOWN STEP	2026-10-08T21:59:26.1161156Z ##[group]Run actions/checkout@11d5960a326750d5838078e36cf38b85af677262
Avaliar a mesma candidata / Verificar e compilar web sem permissões de publicação	UNKNOWN STEP	2026-10-08T21:59:26.1162210Z with:
Avaliar a mesma candidata / Verificar e compilar web sem permissões de publicação	UNKNOWN STEP	2026-10-08T21:59:26.1162691Z   ref: 9c4ad37fc415a98ef2a8cfdc5be8d5cf97fe35b0
Avaliar a mesma candidata / Verificar e compilar web sem permissões de publicação	UNKNOWN STEP	2026-10-08T21:59:26.1163291Z   path: trusted
Avaliar a mesma candidata / Verificar e compilar web sem permissões de publicação	UNKNOWN STEP	2026-10-08T21:59:26.1163714Z   fetch-depth: 0
Avaliar a mesma candidata / Verificar e compilar web sem permissões de publicação	UNKNOWN STEP	2026-10-08T21:59:26.1164164Z   persist-credentials: false
Avaliar a mesma candidata / Verificar e compilar web sem permissões de publicação	UNKNOWN STEP	2026-10-08T21:59:26.1164741Z   repository: israelhudson/flutter_code_push_example
Avaliar a mesma candidata / Verificar e compilar web sem permissões de publicação	UNKNOWN STEP	2026-10-08T21:59:26.1169043Z   token: ***
Avaliar a mesma candidata / Verificar e compilar web sem permissões de publicação	UNKNOWN STEP	2026-10-08T21:59:26.1169495Z   ssh-strict: true
Avaliar a mesma candidata / Verificar e compilar web sem permissões de publicação	UNKNOWN STEP	2026-10-08T21:59:26.1169923Z   ssh-user: git
Avaliar a mesma candidata / Verificar e compilar web sem permissões de publicação	UNKNOWN STEP	2026-10-08T21:59:26.1170333Z   clean: true
Avaliar a mesma candidata / Verificar e compilar web sem permissões de publicação	UNKNOWN STEP	2026-10-08T21:59:26.1170767Z   sparse-checkout-cone-mode: true
Avaliar a mesma candidata / Verificar e compilar web sem permissões de publicação	UNKNOWN STEP	2026-10-08T21:59:26.1171276Z   fetch-tags: false
Avaliar a mesma candidata / Verificar e compilar web sem permissões de publicação	UNKNOWN STEP	2026-10-08T21:59:26.1171705Z   show-progress: true
Avaliar a mesma candidata / Verificar e compilar web sem permissões de publicação	UNKNOWN STEP	2026-10-08T21:59:26.1172143Z   lfs: false
Avaliar a mesma candidata / Verificar e compilar web sem permissões de publicação	UNKNOWN STEP	2026-10-08T21:59:26.1172546Z   submodules: false
Avaliar a mesma candidata / Verificar e compilar web sem permissões de publicação	UNKNOWN STEP	2026-10-08T21:59:26.1172993Z   set-safe-directory: true
Avaliar a mesma candidata / Verificar e compilar web sem permissões de publicação	UNKNOWN STEP	2026-10-08T21:59:26.1173540Z   allow-unsafe-pr-checkout: false
Avaliar a mesma candidata / Verificar e compilar web sem permissões de publicação	UNKNOWN STEP	2026-10-08T21:59:26.1174428Z ##[endgroup]
Avaliar a mesma candidata / Verificar e compilar web sem permissões de publicação	UNKNOWN STEP	2026-10-08T21:59:26.2160635Z Syncing repository: israelhudson/flutter_code_push_example
Avaliar a mesma candidata / Verificar e compilar web sem permissões de publicação	UNKNOWN STEP	2026-10-08T21:59:26.2162465Z ##[group]Getting Git version info
Avaliar a mesma candidata / Verificar e compilar web sem permissões de publicação	UNKNOWN STEP	2026-10-08T21:59:26.2163410Z Working directory is '/home/runner/work/flutter_code_push_example/flutter_code_push_example/trusted'
Avaliar a mesma candidata / Verificar e compilar web sem permissões de publicação	UNKNOWN STEP	2026-10-08T21:59:26.2164633Z [command]/usr/bin/git version
Avaliar a mesma candidata / Verificar e compilar web sem permissões de publicação	UNKNOWN STEP	2026-10-08T21:59:26.2275855Z git version 2.55.0
Avaliar a mesma candidata / Verificar e compilar web sem permissões de publicação	UNKNOWN STEP	2026-10-08T21:59:26.2308200Z ##[endgroup]
Avaliar a mesma candidata / Verificar e compilar web sem permissões de publicação	UNKNOWN STEP	2026-10-08T21:59:26.2325870Z Temporarily overriding HOME='/home/runner/work/_temp/fd015fd6-9884-4e2a-bc79-78b52eeb2102' before making global git config changes
Avaliar a mesma candidata / Verificar e compilar web sem permissões de publicação	UNKNOWN STEP	2026-10-08T21:59:26.2329145Z Adding repository directory to the temporary git global config as a safe directory
Avaliar a mesma candidata / Verificar e compilar web sem permissões de publicação	UNKNOWN STEP	2026-10-08T21:59:26.2331980Z [command]/usr/bin/git config --global --add safe.directory /home/runner/work/flutter_code_push_example/flutter_code_push_example/trusted
Avaliar a mesma candidata / Verificar e compilar web sem permissões de publicação	UNKNOWN STEP	2026-10-08T21:59:26.2385685Z ##[group]Initializing the repository
Avaliar a mesma candidata / Verificar e compilar web sem permissões de publicação	UNKNOWN STEP	2026-10-08T21:59:26.2390706Z [command]/usr/bin/git init /home/runner/work/flutter_code_push_example/flutter_code_push_example/trusted
Avaliar a mesma candidata / Verificar e compilar web sem permissões de publicação	UNKNOWN STEP	2026-10-08T21:59:26.2526224Z hint: Using 'master' as the name for the initial branch. This default branch name
Avaliar a mesma candidata / Verificar e compilar web sem permissões de publicação	UNKNOWN STEP	2026-10-08T21:59:26.2527919Z hint: will change to "main" in Git 3.0. To configure the initial branch name
Avaliar a mesma candidata / Verificar e compilar web sem permissões de publicação	UNKNOWN STEP	2026-10-08T21:59:26.2529159Z hint: to use in all of your new repositories, which will suppress this warning,
Avaliar a mesma candidata / Verificar e compilar web sem permissões de publicação	UNKNOWN STEP	2026-10-08T21:59:26.2530742Z hint: call:
Avaliar a mesma candidata / Verificar e compilar web sem permissões de publicação	UNKNOWN STEP	2026-10-08T21:59:26.2531515Z hint:
Avaliar a mesma candidata / Verificar e compilar web sem permissões de publicação	UNKNOWN STEP	2026-10-08T21:59:26.2532394Z hint: 	git config --global init.defaultBranch <name>
Avaliar a mesma candidata / Verificar e compilar web sem permissões de publicação	UNKNOWN STEP	2026-10-08T21:59:26.2533421Z hint:
Avaliar a mesma candidata / Verificar e compilar web sem permissões de publicação	UNKNOWN STEP	2026-10-08T21:59:26.2534086Z hint: Names commonly chosen instead of 'master' are 'main', 'trunk' and
Avaliar a mesma candidata / Verificar e compilar web sem permissões de publicação	UNKNOWN STEP	2026-10-08T21:59:26.2535645Z hint: 'development'. The just-created branch can be renamed via this command:
Avaliar a mesma candidata / Verificar e compilar web sem permissões de publicação	UNKNOWN STEP	2026-10-08T21:59:26.2536965Z hint:
Avaliar a mesma candidata / Verificar e compilar web sem permissões de publicação	UNKNOWN STEP	2026-10-08T21:59:26.2537692Z hint: 	git branch -m <name>
Avaliar a mesma candidata / Verificar e compilar web sem permissões de publicação	UNKNOWN STEP	2026-10-08T21:59:26.2538285Z hint:
Avaliar a mesma candidata / Verificar e compilar web sem permissões de publicação	UNKNOWN STEP	2026-10-08T21:59:26.2538916Z hint: Disable this message with "git config set advice.defaultBranchName false"
Avaliar a mesma candidata / Verificar e compilar web sem permissões de publicação	UNKNOWN STEP	2026-10-08T21:59:26.2540204Z Initialized empty Git repository in /home/runner/work/flutter_code_push_example/flutter_code_push_example/trusted/.git/
Avaliar a mesma candidata / Verificar e compilar web sem permissões de publicação	UNKNOWN STEP	2026-10-08T21:59:26.2543102Z [command]/usr/bin/git remote add origin https://github.com/israelhudson/flutter_code_push_example
Avaliar a mesma candidata / Verificar e compilar web sem permissões de publicação	UNKNOWN STEP	2026-10-08T21:59:26.2597250Z ##[endgroup]
Avaliar a mesma candidata / Verificar e compilar web sem permissões de publicação	UNKNOWN STEP	2026-10-08T21:59:26.2598059Z ##[group]Disabling automatic garbage collection
Avaliar a mesma candidata / Verificar e compilar web sem permissões de publicação	UNKNOWN STEP	2026-10-08T21:59:26.2601444Z [command]/usr/bin/git config --local gc.auto 0
Avaliar a mesma candidata / Verificar e compilar web sem permissões de publicação	UNKNOWN STEP	2026-10-08T21:59:26.2640586Z ##[endgroup]
Avaliar a mesma candidata / Verificar e compilar web sem permissões de publicação	UNKNOWN STEP	2026-10-08T21:59:26.2641939Z ##[group]Setting up auth
Avaliar a mesma candidata / Verificar e compilar web sem permissões de publicação	UNKNOWN STEP	2026-10-08T21:59:26.2648836Z [command]/usr/bin/git config --local --name-only --get-regexp core\.sshCommand
Avaliar a mesma candidata / Verificar e compilar web sem permissões de publicação	UNKNOWN STEP	2026-10-08T21:59:26.2685868Z [command]/usr/bin/git submodule foreach --recursive sh -c "git config --local --name-only --get-regexp 'core\.sshCommand' && git config --local --unset-all 'core.sshCommand' || :"
Avaliar a mesma candidata / Verificar e compilar web sem permissões de publicação	UNKNOWN STEP	2026-10-08T21:59:26.3087678Z [command]/usr/bin/git config --local --name-only --get-regexp http\.https\:\/\/github\.com\/\.extraheader
Avaliar a mesma candidata / Verificar e compilar web sem permissões de publicação	UNKNOWN STEP	2026-10-08T21:59:26.3125114Z [command]/usr/bin/git submodule foreach --recursive sh -c "git config --local --name-only --get-regexp 'http\.https\:\/\/github\.com\/\.extraheader' && git config --local --unset-all 'http.https://github.com/.extraheader' || :"
Avaliar a mesma candidata / Verificar e compilar web sem permissões de publicação	UNKNOWN STEP	2026-10-08T21:59:26.3357085Z [command]/usr/bin/git config --local --name-only --get-regexp ^includeIf\.gitdir:
Avaliar a mesma candidata / Verificar e compilar web sem permissões de publicação	UNKNOWN STEP	2026-10-08T21:59:26.3393098Z [command]/usr/bin/git submodule foreach --recursive git config --local --show-origin --name-only --get-regexp remote.origin.url
Avaliar a mesma candidata / Verificar e compilar web sem permissões de publicação	UNKNOWN STEP	2026-10-08T21:59:26.3615994Z [command]/usr/bin/git config --local http.https://github.com/.extraheader AUTHORIZATION: basic ***
Avaliar a mesma candidata / Verificar e compilar web sem permissões de publicação	UNKNOWN STEP	2026-10-08T21:59:26.3656886Z ##[endgroup]
Avaliar a mesma candidata / Verificar e compilar web sem permissões de publicação	UNKNOWN STEP	2026-10-08T21:59:26.3658085Z ##[group]Fetching the repository
Avaliar a mesma candidata / Verificar e compilar web sem permissões de publicação	UNKNOWN STEP	2026-10-08T21:59:26.3667334Z [command]/usr/bin/git -c protocol.version=2 fetch --prune --no-recurse-submodules origin +refs/heads/*:refs/remotes/origin/* +refs/tags/*:refs/tags/*
Avaliar a mesma candidata / Verificar e compilar web sem permissões de publicação	UNKNOWN STEP	2026-10-08T21:59:27.7630980Z From https://github.com/israelhudson/flutter_code_push_example
Avaliar a mesma candidata / Verificar e compilar web sem permissões de publicação	UNKNOWN STEP	2026-10-08T21:59:27.7633821Z  * [new branch]      codex/candidate-lab-delivery-2026-10-06-rc.1 -> origin/codex/candidate-lab-delivery-2026-10-06-rc.1
Avaliar a mesma candidata / Verificar e compilar web sem permissões de publicação	UNKNOWN STEP	2026-10-08T21:59:27.7637640Z  * [new branch]      codex/delivery-state    -> origin/codex/delivery-state
Avaliar a mesma candidata / Verificar e compilar web sem permissões de publicação	UNKNOWN STEP	2026-10-08T21:59:27.7639715Z  * [new branch]      codex/fix-lab-release-upload -> origin/codex/fix-lab-release-upload
Avaliar a mesma candidata / Verificar e compilar web sem permissões de publicação	UNKNOWN STEP	2026-10-08T21:59:27.7641873Z  * [new branch]      codex/flutter-sdk-bootstrap -> origin/codex/flutter-sdk-bootstrap
Avaliar a mesma candidata / Verificar e compilar web sem permissões de publicação	UNKNOWN STEP	2026-10-08T21:59:27.7644542Z  * [new branch]      codex/github-release-approval-poc -> origin/codex/github-release-approval-poc
Avaliar a mesma candidata / Verificar e compilar web sem permissões de publicação	UNKNOWN STEP	2026-10-08T21:59:27.7647053Z  * [new branch]      codex/lab-promotion-evidence -> origin/codex/lab-promotion-evidence
Avaliar a mesma candidata / Verificar e compilar web sem permissões de publicação	UNKNOWN STEP	2026-10-08T21:59:27.7649368Z  * [new branch]      codex/lab-release-result -> origin/codex/lab-release-result
Avaliar a mesma candidata / Verificar e compilar web sem permissões de publicação	UNKNOWN STEP	2026-10-08T21:59:27.7651293Z  * [new branch]      codex/lab-reviewed-promotion -> origin/codex/lab-reviewed-promotion
Avaliar a mesma candidata / Verificar e compilar web sem permissões de publicação	UNKNOWN STEP	2026-10-08T21:59:27.7653190Z  * [new branch]      codex/lab-versions      -> origin/codex/lab-versions
Avaliar a mesma candidata / Verificar e compilar web sem permissões de publicação	UNKNOWN STEP	2026-10-08T21:59:27.7655558Z  * [new branch]      codex/laboratory-release-records -> origin/codex/laboratory-release-records
Avaliar a mesma candidata / Verificar e compilar web sem permissões de publicação	UNKNOWN STEP	2026-10-08T21:59:27.7658343Z  * [new branch]      codex/operational-delivery-preview -> origin/codex/operational-delivery-preview
Avaliar a mesma candidata / Verificar e compilar web sem permissões de publicação	UNKNOWN STEP	2026-10-08T21:59:27.7660471Z  * [new branch]      codex/pages-previews    -> origin/codex/pages-previews
Avaliar a mesma candidata / Verificar e compilar web sem permissões de publicação	UNKNOWN STEP	2026-10-08T21:59:27.7662600Z  * [new branch]      codex/pages-publication-verification -> origin/codex/pages-publication-verification
Avaliar a mesma candidata / Verificar e compilar web sem permissões de publicação	UNKNOWN STEP	2026-10-08T21:59:27.7665248Z  * [new branch]      codex/release-lab-real-promotion -> origin/codex/release-lab-real-promotion
Avaliar a mesma candidata / Verificar e compilar web sem permissões de publicação	UNKNOWN STEP	2026-10-08T21:59:27.7668076Z  * [new branch]      codex/release-lab-state -> origin/codex/release-lab-state
Avaliar a mesma candidata / Verificar e compilar web sem permissões de publicação	UNKNOWN STEP	2026-10-08T21:59:27.7670499Z  * [new branch]      codex/release-lab-two-approvers -> origin/codex/release-lab-two-approvers
Avaliar a mesma candidata / Verificar e compilar web sem permissões de publicação	UNKNOWN STEP	2026-10-08T21:59:27.7673142Z  * [new branch]      docs/estudo-shorebird-amulets -> origin/docs/estudo-shorebird-amulets
Avaliar a mesma candidata / Verificar e compilar web sem permissões de publicação	UNKNOWN STEP	2026-10-08T21:59:27.7675948Z  * [new branch]      feature/shorebird-code-push-setup -> origin/feature/shorebird-code-push-setup
Avaliar a mesma candidata / Verificar e compilar web sem permissões de publicação	UNKNOWN STEP	2026-10-08T21:59:27.7678400Z  * [new branch]      main                    -> origin/main
Avaliar a mesma candidata / Verificar e compilar web sem permissões de publicação	UNKNOWN STEP	2026-10-08T21:59:27.7680040Z  * [new branch]      release/1.4.0           -> origin/release/1.4.0
Avaliar a mesma candidata / Verificar e compilar web sem permissões de publicação	UNKNOWN STEP	2026-10-08T21:59:27.7681771Z  * [new branch]      release/1.5.0           -> origin/release/1.5.0
Avaliar a mesma candidata / Verificar e compilar web sem permissões de publicação	UNKNOWN STEP	2026-10-08T21:59:27.7683456Z  * [new tag]         entrega-0100-rc.1       -> entrega-0100-rc.1
Avaliar a mesma candidata / Verificar e compilar web sem permissões de publicação	UNKNOWN STEP	2026-10-08T21:59:27.7685352Z  * [new tag]         lab/delivery/2026-10-06-rc.1 -> lab/delivery/2026-10-06-rc.1
Avaliar a mesma candidata / Verificar e compilar web sem permissões de publicação	UNKNOWN STEP	2026-10-08T21:59:27.7687720Z  * [new tag]         v1.4.0-rc.1             -> v1.4.0-rc.1
Avaliar a mesma candidata / Verificar e compilar web sem permissões de publicação	UNKNOWN STEP	2026-10-08T21:59:27.7689344Z  * [new tag]         v1.5.0-rc.1             -> v1.5.0-rc.1
Avaliar a mesma candidata / Verificar e compilar web sem permissões de publicação	UNKNOWN STEP	2026-10-08T21:59:27.7693027Z [command]/usr/bin/git rev-parse --verify --quiet 9c4ad37fc415a98ef2a8cfdc5be8d5cf97fe35b0^{object}
Avaliar a mesma candidata / Verificar e compilar web sem permissões de publicação	UNKNOWN STEP	2026-10-08T21:59:27.7695068Z 9c4ad37fc415a98ef2a8cfdc5be8d5cf97fe35b0
Avaliar a mesma candidata / Verificar e compilar web sem permissões de publicação	UNKNOWN STEP	2026-10-08T21:59:27.7698509Z ##[endgroup]
Avaliar a mesma candidata / Verificar e compilar web sem permissões de publicação	UNKNOWN STEP	2026-10-08T21:59:27.7700456Z ##[group]Determining the checkout info
Avaliar a mesma candidata / Verificar e compilar web sem permissões de publicação	UNKNOWN STEP	2026-10-08T21:59:27.7702365Z ##[endgroup]
Avaliar a mesma candidata / Verificar e compilar web sem permissões de publicação	UNKNOWN STEP	2026-10-08T21:59:27.7703399Z [command]/usr/bin/git sparse-checkout disable
Avaliar a mesma candidata / Verificar e compilar web sem permissões de publicação	UNKNOWN STEP	2026-10-08T21:59:27.7780963Z [command]/usr/bin/git config --local --unset-all extensions.worktreeConfig
Avaliar a mesma candidata / Verificar e compilar web sem permissões de publicação	UNKNOWN STEP	2026-10-08T21:59:27.7817978Z ##[group]Checking out the ref
Avaliar a mesma candidata / Verificar e compilar web sem permissões de publicação	UNKNOWN STEP	2026-10-08T21:59:27.7822138Z [command]/usr/bin/git checkout --progress --force 9c4ad37fc415a98ef2a8cfdc5be8d5cf97fe35b0
Avaliar a mesma candidata / Verificar e compilar web sem permissões de publicação	UNKNOWN STEP	2026-10-08T21:59:27.8066450Z Note: switching to '9c4ad37fc415a98ef2a8cfdc5be8d5cf97fe35b0'.
Avaliar a mesma candidata / Verificar e compilar web sem permissões de publicação	UNKNOWN STEP	2026-10-08T21:59:27.8068229Z 
Avaliar a mesma candidata / Verificar e compilar web sem permissões de publicação	UNKNOWN STEP	2026-10-08T21:59:27.8069142Z You are in 'detached HEAD' state. You can look around, make experimental
Avaliar a mesma candidata / Verificar e compilar web sem permissões de publicação	UNKNOWN STEP	2026-10-08T21:59:27.8070615Z changes and commit them, and you can discard any commits you make in this
Avaliar a mesma candidata / Verificar e compilar web sem permissões de publicação	UNKNOWN STEP	2026-10-08T21:59:27.8072018Z state without impacting any branches by switching back to a branch.
Avaliar a mesma candidata / Verificar e compilar web sem permissões de publicação	UNKNOWN STEP	2026-10-08T21:59:27.8072819Z 
Avaliar a mesma candidata / Verificar e compilar web sem permissões de publicação	UNKNOWN STEP	2026-10-08T21:59:27.8073372Z If you want to create a new branch to retain commits you create, you may
Avaliar a mesma candidata / Verificar e compilar web sem permissões de publicação	UNKNOWN STEP	2026-10-08T21:59:27.8075212Z do so (now or later) by using -c with the switch command. Example:
Avaliar a mesma candidata / Verificar e compilar web sem permissões de publicação	UNKNOWN STEP	2026-10-08T21:59:27.8076148Z 
Avaliar a mesma candidata / Verificar e compilar web sem permissões de publicação	UNKNOWN STEP	2026-10-08T21:59:27.8076772Z   git switch -c <new-branch-name>
Avaliar a mesma candidata / Verificar e compilar web sem permissões de publicação	UNKNOWN STEP	2026-10-08T21:59:27.8077424Z 
Avaliar a mesma candidata / Verificar e compilar web sem permissões de publicação	UNKNOWN STEP	2026-10-08T21:59:27.8077791Z Or undo this operation with:
Avaliar a mesma candidata / Verificar e compilar web sem permissões de publicação	UNKNOWN STEP	2026-10-08T21:59:27.8078332Z 
Avaliar a mesma candidata / Verificar e compilar web sem permissões de publicação	UNKNOWN STEP	2026-10-08T21:59:27.8078806Z   git switch -
Avaliar a mesma candidata / Verificar e compilar web sem permissões de publicação	UNKNOWN STEP	2026-10-08T21:59:27.8079302Z 
Avaliar a mesma candidata / Verificar e compilar web sem permissões de publicação	UNKNOWN STEP	2026-10-08T21:59:27.8079999Z Turn off this advice by setting config variable advice.detachedHead to false
Avaliar a mesma candidata / Verificar e compilar web sem permissões de publicação	UNKNOWN STEP	2026-10-08T21:59:27.8081317Z 
Avaliar a mesma candidata / Verificar e compilar web sem permissões de publicação	UNKNOWN STEP	2026-10-08T21:59:27.8082259Z HEAD is now at 9c4ad37 Merge pull request #14 from israelhudson/codex/release-lab-real-promotion
Avaliar a mesma candidata / Verificar e compilar web sem permissões de publicação	UNKNOWN STEP	2026-10-08T21:59:27.8085562Z ##[endgroup]
Avaliar a mesma candidata / Verificar e compilar web sem permissões de publicação	UNKNOWN STEP	2026-10-08T21:59:27.8121170Z [command]/usr/bin/git log -1 --format=%H
Avaliar a mesma candidata / Verificar e compilar web sem permissões de publicação	UNKNOWN STEP	2026-10-08T21:59:27.8150626Z 9c4ad37fc415a98ef2a8cfdc5be8d5cf97fe35b0
Avaliar a mesma candidata / Verificar e compilar web sem permissões de publicação	UNKNOWN STEP	2026-10-08T21:59:27.8161551Z ##[group]Removing auth
Avaliar a mesma candidata / Verificar e compilar web sem permissões de publicação	UNKNOWN STEP	2026-10-08T21:59:27.8166122Z [command]/usr/bin/git config --local --name-only --get-regexp core\.sshCommand
Avaliar a mesma candidata / Verificar e compilar web sem permissões de publicação	UNKNOWN STEP	2026-10-08T21:59:27.8201334Z [command]/usr/bin/git submodule foreach --recursive sh -c "git config --local --name-only --get-regexp 'core\.sshCommand' && git config --local --unset-all 'core.sshCommand' || :"
Avaliar a mesma candidata / Verificar e compilar web sem permissões de publicação	UNKNOWN STEP	2026-10-08T21:59:27.8422781Z [command]/usr/bin/git config --local --name-only --get-regexp http\.https\:\/\/github\.com\/\.extraheader
Avaliar a mesma candidata / Verificar e compilar web sem permissões de publicação	UNKNOWN STEP	2026-10-08T21:59:27.8451058Z http.https://github.com/.extraheader
Avaliar a mesma candidata / Verificar e compilar web sem permissões de publicação	UNKNOWN STEP	2026-10-08T21:59:27.8459806Z [command]/usr/bin/git config --local --unset-all http.https://github.com/.extraheader
Avaliar a mesma candidata / Verificar e compilar web sem permissões de publicação	UNKNOWN STEP	2026-10-08T21:59:27.8499677Z [command]/usr/bin/git submodule foreach --recursive sh -c "git config --local --name-only --get-regexp 'http\.https\:\/\/github\.com\/\.extraheader' && git config --local --unset-all 'http.https://github.com/.extraheader' || :"
Avaliar a mesma candidata / Verificar e compilar web sem permissões de publicação	UNKNOWN STEP	2026-10-08T21:59:27.8720875Z [command]/usr/bin/git config --local --name-only --get-regexp ^includeIf\.gitdir:
Avaliar a mesma candidata / Verificar e compilar web sem permissões de publicação	UNKNOWN STEP	2026-10-08T21:59:27.8756237Z [command]/usr/bin/git submodule foreach --recursive git config --local --show-origin --name-only --get-regexp remote.origin.url
Avaliar a mesma candidata / Verificar e compilar web sem permissões de publicação	UNKNOWN STEP	2026-10-08T21:59:27.8979657Z ##[endgroup]
Avaliar a mesma candidata / Verificar e compilar web sem permissões de publicação	UNKNOWN STEP	2026-10-08T21:59:27.9459395Z ##[group]Run actions/checkout@11d5960a326750d5838078e36cf38b85af677262
Avaliar a mesma candidata / Verificar e compilar web sem permissões de publicação	UNKNOWN STEP	2026-10-08T21:59:27.9461053Z with:
Avaliar a mesma candidata / Verificar e compilar web sem permissões de publicação	UNKNOWN STEP	2026-10-08T21:59:27.9462049Z   ref: 9c4ad37fc415a98ef2a8cfdc5be8d5cf97fe35b0
Avaliar a mesma candidata / Verificar e compilar web sem permissões de publicação	UNKNOWN STEP	2026-10-08T21:59:27.9463355Z   path: app
Avaliar a mesma candidata / Verificar e compilar web sem permissões de publicação	UNKNOWN STEP	2026-10-08T21:59:27.9464232Z   fetch-depth: 0
Avaliar a mesma candidata / Verificar e compilar web sem permissões de publicação	UNKNOWN STEP	2026-10-08T21:59:27.9465209Z   persist-credentials: false
Avaliar a mesma candidata / Verificar e compilar web sem permissões de publicação	UNKNOWN STEP	2026-10-08T21:59:27.9466686Z   repository: israelhudson/flutter_code_push_example
Avaliar a mesma candidata / Verificar e compilar web sem permissões de publicação	UNKNOWN STEP	2026-10-08T21:59:27.9477313Z   token: ***
Avaliar a mesma candidata / Verificar e compilar web sem permissões de publicação	UNKNOWN STEP	2026-10-08T21:59:27.9478272Z   ssh-strict: true
Avaliar a mesma candidata / Verificar e compilar web sem permissões de publicação	UNKNOWN STEP	2026-10-08T21:59:27.9479216Z   ssh-user: git
Avaliar a mesma candidata / Verificar e compilar web sem permissões de publicação	UNKNOWN STEP	2026-10-08T21:59:27.9480131Z   clean: true
Avaliar a mesma candidata / Verificar e compilar web sem permissões de publicação	UNKNOWN STEP	2026-10-08T21:59:27.9481113Z   sparse-checkout-cone-mode: true
Avaliar a mesma candidata / Verificar e compilar web sem permissões de publicação	UNKNOWN STEP	2026-10-08T21:59:27.9482279Z   fetch-tags: false
Avaliar a mesma candidata / Verificar e compilar web sem permissões de publicação	UNKNOWN STEP	2026-10-08T21:59:27.9483243Z   show-progress: true
Avaliar a mesma candidata / Verificar e compilar web sem permissões de publicação	UNKNOWN STEP	2026-10-08T21:59:27.9484217Z   lfs: false
Avaliar a mesma candidata / Verificar e compilar web sem permissões de publicação	UNKNOWN STEP	2026-10-08T21:59:27.9485111Z   submodules: false
Avaliar a mesma candidata / Verificar e compilar web sem permissões de publicação	UNKNOWN STEP	2026-10-08T21:59:27.9486088Z   set-safe-directory: true
Avaliar a mesma candidata / Verificar e compilar web sem permissões de publicação	UNKNOWN STEP	2026-10-08T21:59:27.9487702Z   allow-unsafe-pr-checkout: false
Avaliar a mesma candidata / Verificar e compilar web sem permissões de publicação	UNKNOWN STEP	2026-10-08T21:59:27.9488898Z ##[endgroup]
Avaliar a mesma candidata / Verificar e compilar web sem permissões de publicação	UNKNOWN STEP	2026-10-08T21:59:28.0368491Z Syncing repository: israelhudson/flutter_code_push_example
Avaliar a mesma candidata / Verificar e compilar web sem permissões de publicação	UNKNOWN STEP	2026-10-08T21:59:28.0372474Z ##[group]Getting Git version info
Avaliar a mesma candidata / Verificar e compilar web sem permissões de publicação	UNKNOWN STEP	2026-10-08T21:59:28.0381390Z Working directory is '/home/runner/work/flutter_code_push_example/flutter_code_push_example/app'
Avaliar a mesma candidata / Verificar e compilar web sem permissões de publicação	UNKNOWN STEP	2026-10-08T21:59:28.0400240Z [command]/usr/bin/git version
Avaliar a mesma candidata / Verificar e compilar web sem permissões de publicação	UNKNOWN STEP	2026-10-08T21:59:28.0445269Z git version 2.55.0
Avaliar a mesma candidata / Verificar e compilar web sem permissões de publicação	UNKNOWN STEP	2026-10-08T21:59:28.0468411Z ##[endgroup]
Avaliar a mesma candidata / Verificar e compilar web sem permissões de publicação	UNKNOWN STEP	2026-10-08T21:59:28.0480551Z Temporarily overriding HOME='/home/runner/work/_temp/c53f7bed-e135-44b0-b8fe-cff9fc387058' before making global git config changes
Avaliar a mesma candidata / Verificar e compilar web sem permissões de publicação	UNKNOWN STEP	2026-10-08T21:59:28.0485985Z Adding repository directory to the temporary git global config as a safe directory
Avaliar a mesma candidata / Verificar e compilar web sem permissões de publicação	UNKNOWN STEP	2026-10-08T21:59:28.0491865Z [command]/usr/bin/git config --global --add safe.directory /home/runner/work/flutter_code_push_example/flutter_code_push_example/app
Avaliar a mesma candidata / Verificar e compilar web sem permissões de publicação	UNKNOWN STEP	2026-10-08T21:59:28.0517207Z ##[group]Initializing the repository
Avaliar a mesma candidata / Verificar e compilar web sem permissões de publicação	UNKNOWN STEP	2026-10-08T21:59:28.0523505Z [command]/usr/bin/git init /home/runner/work/flutter_code_push_example/flutter_code_push_example/app
Avaliar a mesma candidata / Verificar e compilar web sem permissões de publicação	UNKNOWN STEP	2026-10-08T21:59:28.0565665Z hint: Using 'master' as the name for the initial branch. This default branch name
Avaliar a mesma candidata / Verificar e compilar web sem permissões de publicação	UNKNOWN STEP	2026-10-08T21:59:28.0569865Z hint: will change to "main" in Git 3.0. To configure the initial branch name
Avaliar a mesma candidata / Verificar e compilar web sem permissões de publicação	UNKNOWN STEP	2026-10-08T21:59:28.0574860Z hint: to use in all of your new repositories, which will suppress this warning,
Avaliar a mesma candidata / Verificar e compilar web sem permissões de publicação	UNKNOWN STEP	2026-10-08T21:59:28.0578095Z hint: call:
Avaliar a mesma candidata / Verificar e compilar web sem permissões de publicação	UNKNOWN STEP	2026-10-08T21:59:28.0579724Z hint:
Avaliar a mesma candidata / Verificar e compilar web sem permissões de publicação	UNKNOWN STEP	2026-10-08T21:59:28.0581480Z hint: 	git config --global init.defaultBranch <name>
Avaliar a mesma candidata / Verificar e compilar web sem permissões de publicação	UNKNOWN STEP	2026-10-08T21:59:28.0583170Z hint:
Avaliar a mesma candidata / Verificar e compilar web sem permissões de publicação	UNKNOWN STEP	2026-10-08T21:59:28.0585786Z hint: Names commonly chosen instead of 'master' are 'main', 'trunk' and
Avaliar a mesma candidata / Verificar e compilar web sem permissões de publicação	UNKNOWN STEP	2026-10-08T21:59:28.0589658Z hint: 'development'. The just-created branch can be renamed via this command:
Avaliar a mesma candidata / Verificar e compilar web sem permissões de publicação	UNKNOWN STEP	2026-10-08T21:59:28.0592847Z hint:
Avaliar a mesma candidata / Verificar e compilar web sem permissões de publicação	UNKNOWN STEP	2026-10-08T21:59:28.0594683Z hint: 	git branch -m <name>
Avaliar a mesma candidata / Verificar e compilar web sem permissões de publicação	UNKNOWN STEP	2026-10-08T21:59:28.0596946Z hint:
Avaliar a mesma candidata / Verificar e compilar web sem permissões de publicação	UNKNOWN STEP	2026-10-08T21:59:28.0599707Z hint: Disable this message with "git config set advice.defaultBranchName false"
Avaliar a mesma candidata / Verificar e compilar web sem permissões de publicação	UNKNOWN STEP	2026-10-08T21:59:28.0605171Z Initialized empty Git repository in /home/runner/work/flutter_code_push_example/flutter_code_push_example/app/.git/
Avaliar a mesma candidata / Verificar e compilar web sem permissões de publicação	UNKNOWN STEP	2026-10-08T21:59:28.0613638Z [command]/usr/bin/git remote add origin https://github.com/israelhudson/flutter_code_push_example
Avaliar a mesma candidata / Verificar e compilar web sem permissões de publicação	UNKNOWN STEP	2026-10-08T21:59:28.0650471Z ##[endgroup]
Avaliar a mesma candidata / Verificar e compilar web sem permissões de publicação	UNKNOWN STEP	2026-10-08T21:59:28.0653122Z ##[group]Disabling automatic garbage collection
Avaliar a mesma candidata / Verificar e compilar web sem permissões de publicação	UNKNOWN STEP	2026-10-08T21:59:28.0654936Z [command]/usr/bin/git config --local gc.auto 0
Avaliar a mesma candidata / Verificar e compilar web sem permissões de publicação	UNKNOWN STEP	2026-10-08T21:59:28.0690927Z ##[endgroup]
Avaliar a mesma candidata / Verificar e compilar web sem permissões de publicação	UNKNOWN STEP	2026-10-08T21:59:28.0693540Z ##[group]Setting up auth
Avaliar a mesma candidata / Verificar e compilar web sem permissões de publicação	UNKNOWN STEP	2026-10-08T21:59:28.0698592Z [command]/usr/bin/git config --local --name-only --get-regexp core\.sshCommand
Avaliar a mesma candidata / Verificar e compilar web sem permissões de publicação	UNKNOWN STEP	2026-10-08T21:59:28.0733067Z [command]/usr/bin/git submodule foreach --recursive sh -c "git config --local --name-only --get-regexp 'core\.sshCommand' && git config --local --unset-all 'core.sshCommand' || :"
Avaliar a mesma candidata / Verificar e compilar web sem permissões de publicação	UNKNOWN STEP	2026-10-08T21:59:28.1004434Z [command]/usr/bin/git config --local --name-only --get-regexp http\.https\:\/\/github\.com\/\.extraheader
Avaliar a mesma candidata / Verificar e compilar web sem permissões de publicação	UNKNOWN STEP	2026-10-08T21:59:28.1051520Z [command]/usr/bin/git submodule foreach --recursive sh -c "git config --local --name-only --get-regexp 'http\.https\:\/\/github\.com\/\.extraheader' && git config --local --unset-all 'http.https://github.com/.extraheader' || :"
Avaliar a mesma candidata / Verificar e compilar web sem permissões de publicação	UNKNOWN STEP	2026-10-08T21:59:28.1302800Z [command]/usr/bin/git config --local --name-only --get-regexp ^includeIf\.gitdir:
Avaliar a mesma candidata / Verificar e compilar web sem permissões de publicação	UNKNOWN STEP	2026-10-08T21:59:28.1349507Z [command]/usr/bin/git submodule foreach --recursive git config --local --show-origin --name-only --get-regexp remote.origin.url
Avaliar a mesma candidata / Verificar e compilar web sem permissões de publicação	UNKNOWN STEP	2026-10-08T21:59:28.1597409Z [command]/usr/bin/git config --local http.https://github.com/.extraheader AUTHORIZATION: basic ***
Avaliar a mesma candidata / Verificar e compilar web sem permissões de publicação	UNKNOWN STEP	2026-10-08T21:59:28.1638764Z ##[endgroup]
Avaliar a mesma candidata / Verificar e compilar web sem permissões de publicação	UNKNOWN STEP	2026-10-08T21:59:28.1640439Z ##[group]Fetching the repository
Avaliar a mesma candidata / Verificar e compilar web sem permissões de publicação	UNKNOWN STEP	2026-10-08T21:59:28.1649217Z [command]/usr/bin/git -c protocol.version=2 fetch --prune --no-recurse-submodules origin +refs/heads/*:refs/remotes/origin/* +refs/tags/*:refs/tags/*
Avaliar a mesma candidata / Verificar e compilar web sem permissões de publicação	UNKNOWN STEP	2026-10-08T21:59:29.8154499Z From https://github.com/israelhudson/flutter_code_push_example
Avaliar a mesma candidata / Verificar e compilar web sem permissões de publicação	UNKNOWN STEP	2026-10-08T21:59:29.8156014Z  * [new branch]      codex/candidate-lab-delivery-2026-10-06-rc.1 -> origin/codex/candidate-lab-delivery-2026-10-06-rc.1
Avaliar a mesma candidata / Verificar e compilar web sem permissões de publicação	UNKNOWN STEP	2026-10-08T21:59:29.8157566Z  * [new branch]      codex/delivery-state    -> origin/codex/delivery-state
Avaliar a mesma candidata / Verificar e compilar web sem permissões de publicação	UNKNOWN STEP	2026-10-08T21:59:29.8158613Z  * [new branch]      codex/fix-lab-release-upload -> origin/codex/fix-lab-release-upload
Avaliar a mesma candidata / Verificar e compilar web sem permissões de publicação	UNKNOWN STEP	2026-10-08T21:59:29.8159759Z  * [new branch]      codex/flutter-sdk-bootstrap -> origin/codex/flutter-sdk-bootstrap
Avaliar a mesma candidata / Verificar e compilar web sem permissões de publicação	UNKNOWN STEP	2026-10-08T21:59:29.8161094Z  * [new branch]      codex/github-release-approval-poc -> origin/codex/github-release-approval-poc
Avaliar a mesma candidata / Verificar e compilar web sem permissões de publicação	UNKNOWN STEP	2026-10-08T21:59:29.8162543Z  * [new branch]      codex/lab-promotion-evidence -> origin/codex/lab-promotion-evidence
Avaliar a mesma candidata / Verificar e compilar web sem permissões de publicação	UNKNOWN STEP	2026-10-08T21:59:29.8163847Z  * [new branch]      codex/lab-release-result -> origin/codex/lab-release-result
Avaliar a mesma candidata / Verificar e compilar web sem permissões de publicação	UNKNOWN STEP	2026-10-08T21:59:29.8165096Z  * [new branch]      codex/lab-reviewed-promotion -> origin/codex/lab-reviewed-promotion
Avaliar a mesma candidata / Verificar e compilar web sem permissões de publicação	UNKNOWN STEP	2026-10-08T21:59:29.8166276Z  * [new branch]      codex/lab-versions      -> origin/codex/lab-versions
Avaliar a mesma candidata / Verificar e compilar web sem permissões de publicação	UNKNOWN STEP	2026-10-08T21:59:29.8168053Z  * [new branch]      codex/laboratory-release-records -> origin/codex/laboratory-release-records
Avaliar a mesma candidata / Verificar e compilar web sem permissões de publicação	UNKNOWN STEP	2026-10-08T21:59:29.8169630Z  * [new branch]      codex/operational-delivery-preview -> origin/codex/operational-delivery-preview
Avaliar a mesma candidata / Verificar e compilar web sem permissões de publicação	UNKNOWN STEP	2026-10-08T21:59:29.8170873Z  * [new branch]      codex/pages-previews    -> origin/codex/pages-previews
Avaliar a mesma candidata / Verificar e compilar web sem permissões de publicação	UNKNOWN STEP	2026-10-08T21:59:29.8172147Z  * [new branch]      codex/pages-publication-verification -> origin/codex/pages-publication-verification
Avaliar a mesma candidata / Verificar e compilar web sem permissões de publicação	UNKNOWN STEP	2026-10-08T21:59:29.8174119Z  * [new branch]      codex/release-lab-real-promotion -> origin/codex/release-lab-real-promotion
Avaliar a mesma candidata / Verificar e compilar web sem permissões de publicação	UNKNOWN STEP	2026-10-08T21:59:29.8175724Z  * [new branch]      codex/release-lab-state -> origin/codex/release-lab-state
Avaliar a mesma candidata / Verificar e compilar web sem permissões de publicação	UNKNOWN STEP	2026-10-08T21:59:29.8177288Z  * [new branch]      codex/release-lab-two-approvers -> origin/codex/release-lab-two-approvers
Avaliar a mesma candidata / Verificar e compilar web sem permissões de publicação	UNKNOWN STEP	2026-10-08T21:59:29.8178561Z  * [new branch]      docs/estudo-shorebird-amulets -> origin/docs/estudo-shorebird-amulets
Avaliar a mesma candidata / Verificar e compilar web sem permissões de publicação	UNKNOWN STEP	2026-10-08T21:59:29.8179381Z  * [new branch]      feature/shorebird-code-push-setup -> origin/feature/shorebird-code-push-setup
Avaliar a mesma candidata / Verificar e compilar web sem permissões de publicação	UNKNOWN STEP	2026-10-08T21:59:29.8179974Z  * [new branch]      main                    -> origin/main
Avaliar a mesma candidata / Verificar e compilar web sem permissões de publicação	UNKNOWN STEP	2026-10-08T21:59:29.8180431Z  * [new branch]      release/1.4.0           -> origin/release/1.4.0
Avaliar a mesma candidata / Verificar e compilar web sem permissões de publicação	UNKNOWN STEP	2026-10-08T21:59:29.8180947Z  * [new branch]      release/1.5.0           -> origin/release/1.5.0
Avaliar a mesma candidata / Verificar e compilar web sem permissões de publicação	UNKNOWN STEP	2026-10-08T21:59:29.8181587Z  * [new tag]         entrega-0100-rc.1       -> entrega-0100-rc.1
Avaliar a mesma candidata / Verificar e compilar web sem permissões de publicação	UNKNOWN STEP	2026-10-08T21:59:29.8182104Z  * [new tag]         lab/delivery/2026-10-06-rc.1 -> lab/delivery/2026-10-06-rc.1
Avaliar a mesma candidata / Verificar e compilar web sem permissões de publicação	UNKNOWN STEP	2026-10-08T21:59:29.8182594Z  * [new tag]         v1.4.0-rc.1             -> v1.4.0-rc.1
Avaliar a mesma candidata / Verificar e compilar web sem permissões de publicação	UNKNOWN STEP	2026-10-08T21:59:29.8183014Z  * [new tag]         v1.5.0-rc.1             -> v1.5.0-rc.1
Avaliar a mesma candidata / Verificar e compilar web sem permissões de publicação	UNKNOWN STEP	2026-10-08T21:59:29.8184386Z [command]/usr/bin/git rev-parse --verify --quiet 9c4ad37fc415a98ef2a8cfdc5be8d5cf97fe35b0^{object}
Avaliar a mesma candidata / Verificar e compilar web sem permissões de publicação	UNKNOWN STEP	2026-10-08T21:59:29.8197345Z 9c4ad37fc415a98ef2a8cfdc5be8d5cf97fe35b0
Avaliar a mesma candidata / Verificar e compilar web sem permissões de publicação	UNKNOWN STEP	2026-10-08T21:59:29.8201938Z ##[endgroup]
Avaliar a mesma candidata / Verificar e compilar web sem permissões de publicação	UNKNOWN STEP	2026-10-08T21:59:29.8202650Z ##[group]Determining the checkout info
Avaliar a mesma candidata / Verificar e compilar web sem permissões de publicação	UNKNOWN STEP	2026-10-08T21:59:29.8203904Z ##[endgroup]
Avaliar a mesma candidata / Verificar e compilar web sem permissões de publicação	UNKNOWN STEP	2026-10-08T21:59:29.8209643Z [command]/usr/bin/git sparse-checkout disable
Avaliar a mesma candidata / Verificar e compilar web sem permissões de publicação	UNKNOWN STEP	2026-10-08T21:59:29.8259456Z [command]/usr/bin/git config --local --unset-all extensions.worktreeConfig
Avaliar a mesma candidata / Verificar e compilar web sem permissões de publicação	UNKNOWN STEP	2026-10-08T21:59:29.8290464Z ##[group]Checking out the ref
Avaliar a mesma candidata / Verificar e compilar web sem permissões de publicação	UNKNOWN STEP	2026-10-08T21:59:29.8295163Z [command]/usr/bin/git checkout --progress --force 9c4ad37fc415a98ef2a8cfdc5be8d5cf97fe35b0
Avaliar a mesma candidata / Verificar e compilar web sem permissões de publicação	UNKNOWN STEP	2026-10-08T21:59:29.8518636Z Note: switching to '9c4ad37fc415a98ef2a8cfdc5be8d5cf97fe35b0'.
Avaliar a mesma candidata / Verificar e compilar web sem permissões de publicação	UNKNOWN STEP	2026-10-08T21:59:29.8519419Z 
Avaliar a mesma candidata / Verificar e compilar web sem permissões de publicação	UNKNOWN STEP	2026-10-08T21:59:29.8520211Z You are in 'detached HEAD' state. You can look around, make experimental
Avaliar a mesma candidata / Verificar e compilar web sem permissões de publicação	UNKNOWN STEP	2026-10-08T21:59:29.8521230Z changes and commit them, and you can discard any commits you make in this
Avaliar a mesma candidata / Verificar e compilar web sem permissões de publicação	UNKNOWN STEP	2026-10-08T21:59:29.8522182Z state without impacting any branches by switching back to a branch.
Avaliar a mesma candidata / Verificar e compilar web sem permissões de publicação	UNKNOWN STEP	2026-10-08T21:59:29.8522724Z 
Avaliar a mesma candidata / Verificar e compilar web sem permissões de publicação	UNKNOWN STEP	2026-10-08T21:59:29.8523135Z If you want to create a new branch to retain commits you create, you may
Avaliar a mesma candidata / Verificar e compilar web sem permissões de publicação	UNKNOWN STEP	2026-10-08T21:59:29.8524051Z do so (now or later) by using -c with the switch command. Example:
Avaliar a mesma candidata / Verificar e compilar web sem permissões de publicação	UNKNOWN STEP	2026-10-08T21:59:29.8524549Z 
Avaliar a mesma candidata / Verificar e compilar web sem permissões de publicação	UNKNOWN STEP	2026-10-08T21:59:29.8524706Z   git switch -c <new-branch-name>
Avaliar a mesma candidata / Verificar e compilar web sem permissões de publicação	UNKNOWN STEP	2026-10-08T21:59:29.8524916Z 
Avaliar a mesma candidata / Verificar e compilar web sem permissões de publicação	UNKNOWN STEP	2026-10-08T21:59:29.8525059Z Or undo this operation with:
Avaliar a mesma candidata / Verificar e compilar web sem permissões de publicação	UNKNOWN STEP	2026-10-08T21:59:29.8525251Z 
Avaliar a mesma candidata / Verificar e compilar web sem permissões de publicação	UNKNOWN STEP	2026-10-08T21:59:29.8525363Z   git switch -
Avaliar a mesma candidata / Verificar e compilar web sem permissões de publicação	UNKNOWN STEP	2026-10-08T21:59:29.8525515Z 
Avaliar a mesma candidata / Verificar e compilar web sem permissões de publicação	UNKNOWN STEP	2026-10-08T21:59:29.8525777Z Turn off this advice by setting config variable advice.detachedHead to false
Avaliar a mesma candidata / Verificar e compilar web sem permissões de publicação	UNKNOWN STEP	2026-10-08T21:59:29.8526137Z 
Avaliar a mesma candidata / Verificar e compilar web sem permissões de publicação	UNKNOWN STEP	2026-10-08T21:59:29.8526792Z HEAD is now at 9c4ad37 Merge pull request #14 from israelhudson/codex/release-lab-real-promotion
Avaliar a mesma candidata / Verificar e compilar web sem permissões de publicação	UNKNOWN STEP	2026-10-08T21:59:29.8528624Z ##[endgroup]
Avaliar a mesma candidata / Verificar e compilar web sem permissões de publicação	UNKNOWN STEP	2026-10-08T21:59:29.8567559Z [command]/usr/bin/git log -1 --format=%H
Avaliar a mesma candidata / Verificar e compilar web sem permissões de publicação	UNKNOWN STEP	2026-10-08T21:59:29.8594541Z 9c4ad37fc415a98ef2a8cfdc5be8d5cf97fe35b0
Avaliar a mesma candidata / Verificar e compilar web sem permissões de publicação	UNKNOWN STEP	2026-10-08T21:59:29.8603615Z ##[group]Removing auth
Avaliar a mesma candidata / Verificar e compilar web sem permissões de publicação	UNKNOWN STEP	2026-10-08T21:59:29.8607780Z [command]/usr/bin/git config --local --name-only --get-regexp core\.sshCommand
Avaliar a mesma candidata / Verificar e compilar web sem permissões de publicação	UNKNOWN STEP	2026-10-08T21:59:29.8640071Z [command]/usr/bin/git submodule foreach --recursive sh -c "git config --local --name-only --get-regexp 'core\.sshCommand' && git config --local --unset-all 'core.sshCommand' || :"
Avaliar a mesma candidata / Verificar e compilar web sem permissões de publicação	UNKNOWN STEP	2026-10-08T21:59:29.8864625Z [command]/usr/bin/git config --local --name-only --get-regexp http\.https\:\/\/github\.com\/\.extraheader
Avaliar a mesma candidata / Verificar e compilar web sem permissões de publicação	UNKNOWN STEP	2026-10-08T21:59:29.8889893Z http.https://github.com/.extraheader
Avaliar a mesma candidata / Verificar e compilar web sem permissões de publicação	UNKNOWN STEP	2026-10-08T21:59:29.8898331Z [command]/usr/bin/git config --local --unset-all http.https://github.com/.extraheader
Avaliar a mesma candidata / Verificar e compilar web sem permissões de publicação	UNKNOWN STEP	2026-10-08T21:59:29.8934376Z [command]/usr/bin/git submodule foreach --recursive sh -c "git config --local --name-only --get-regexp 'http\.https\:\/\/github\.com\/\.extraheader' && git config --local --unset-all 'http.https://github.com/.extraheader' || :"
Avaliar a mesma candidata / Verificar e compilar web sem permissões de publicação	UNKNOWN STEP	2026-10-08T21:59:29.9154325Z [command]/usr/bin/git config --local --name-only --get-regexp ^includeIf\.gitdir:
Avaliar a mesma candidata / Verificar e compilar web sem permissões de publicação	UNKNOWN STEP	2026-10-08T21:59:29.9198190Z [command]/usr/bin/git submodule foreach --recursive git config --local --show-origin --name-only --get-regexp remote.origin.url
Avaliar a mesma candidata / Verificar e compilar web sem permissões de publicação	UNKNOWN STEP	2026-10-08T21:59:29.9528340Z ##[endgroup]
Avaliar a mesma candidata / Verificar e compilar web sem permissões de publicação	UNKNOWN STEP	2026-10-08T21:59:29.9797113Z Prepare all required actions
Avaliar a mesma candidata / Verificar e compilar web sem permissões de publicação	UNKNOWN STEP	2026-10-08T21:59:29.9874476Z ##[group]Run ./trusted/.github/actions/setup-flutter
Avaliar a mesma candidata / Verificar e compilar web sem permissões de publicação	UNKNOWN STEP	2026-10-08T21:59:29.9874794Z with:
Avaliar a mesma candidata / Verificar e compilar web sem permissões de publicação	UNKNOWN STEP	2026-10-08T21:59:29.9875030Z   build-inputs: app/delivery/build-inputs.json
Avaliar a mesma candidata / Verificar e compilar web sem permissões de publicação	UNKNOWN STEP	2026-10-08T21:59:29.9875321Z ##[endgroup]
Avaliar a mesma candidata / Verificar e compilar web sem permissões de publicação	UNKNOWN STEP	2026-10-08T21:59:29.9935888Z ##[start-action display=Run python3 - <<'PY';id=__self.inputs]
Avaliar a mesma candidata / Verificar e compilar web sem permissões de publicação	UNKNOWN STEP	2026-10-08T21:59:29.9974317Z ##[group]Run python3 - <<'PY'
Avaliar a mesma candidata / Verificar e compilar web sem permissões de publicação	UNKNOWN STEP	2026-10-08T21:59:29.9974667Z ^[[36;1mpython3 - <<'PY'^[[0m
Avaliar a mesma candidata / Verificar e compilar web sem permissões de publicação	UNKNOWN STEP	2026-10-08T21:59:29.9974925Z ^[[36;1mimport json, os, re^[[0m
Avaliar a mesma candidata / Verificar e compilar web sem permissões de publicação	UNKNOWN STEP	2026-10-08T21:59:29.9975173Z ^[[36;1mfrom pathlib import Path^[[0m
Avaliar a mesma candidata / Verificar e compilar web sem permissões de publicação	UNKNOWN STEP	2026-10-08T21:59:29.9975533Z ^[[36;1mworkspace = Path(os.environ['GITHUB_WORKSPACE']).resolve()^[[0m
Avaliar a mesma candidata / Verificar e compilar web sem permissões de publicação	UNKNOWN STEP	2026-10-08T21:59:29.9975957Z ^[[36;1mpath = Path(os.environ['BUILD_INPUTS']).resolve()^[[0m
Avaliar a mesma candidata / Verificar e compilar web sem permissões de publicação	UNKNOWN STEP	2026-10-08T21:59:29.9976308Z ^[[36;1mif not path.is_relative_to(workspace):^[[0m
Avaliar a mesma candidata / Verificar e compilar web sem permissões de publicação	UNKNOWN STEP	2026-10-08T21:59:29.9976970Z ^[[36;1m    raise ValueError('Build inputs precisa pertencer ao checkout deste job.')^[[0m
Avaliar a mesma candidata / Verificar e compilar web sem permissões de publicação	UNKNOWN STEP	2026-10-08T21:59:29.9977441Z ^[[36;1minputs = json.loads(path.read_text())^[[0m
Avaliar a mesma candidata / Verificar e compilar web sem permissões de publicação	UNKNOWN STEP	2026-10-08T21:59:29.9977868Z ^[[36;1mversion, revision = inputs['flutter_version'], inputs['flutter_revision']^[[0m
Avaliar a mesma candidata / Verificar e compilar web sem permissões de publicação	UNKNOWN STEP	2026-10-08T21:59:29.9978457Z ^[[36;1mif not re.fullmatch(r'[0-9]+\.[0-9]+\.[0-9]+', version) or not re.fullmatch(r'[0-9a-f]{40}', revision):^[[0m
Avaliar a mesma candidata / Verificar e compilar web sem permissões de publicação	UNKNOWN STEP	2026-10-08T21:59:29.9979054Z ^[[36;1m    raise ValueError('Versão e revisão Flutter precisam estar fixadas.')^[[0m
Avaliar a mesma candidata / Verificar e compilar web sem permissões de publicação	UNKNOWN STEP	2026-10-08T21:59:29.9979539Z ^[[36;1mwith open(os.environ['GITHUB_OUTPUT'], 'a') as f:^[[0m
Avaliar a mesma candidata / Verificar e compilar web sem permissões de publicação	UNKNOWN STEP	2026-10-08T21:59:29.9979952Z ^[[36;1m    f.write('version=' + version + '\nrevision=' + revision + '\n')^[[0m
Avaliar a mesma candidata / Verificar e compilar web sem permissões de publicação	UNKNOWN STEP	2026-10-08T21:59:29.9980302Z ^[[36;1mPY^[[0m
Avaliar a mesma candidata / Verificar e compilar web sem permissões de publicação	UNKNOWN STEP	2026-10-08T21:59:30.0274347Z shell: /usr/bin/bash --noprofile --norc -e -o pipefail {0}
Avaliar a mesma candidata / Verificar e compilar web sem permissões de publicação	UNKNOWN STEP	2026-10-08T21:59:30.0274765Z env:
Avaliar a mesma candidata / Verificar e compilar web sem permissões de publicação	UNKNOWN STEP	2026-10-08T21:59:30.0275048Z   BUILD_INPUTS: app/delivery/build-inputs.json
Avaliar a mesma candidata / Verificar e compilar web sem permissões de publicação	UNKNOWN STEP	2026-10-08T21:59:30.0275401Z ##[endgroup]
Avaliar a mesma candidata / Verificar e compilar web sem permissões de publicação	UNKNOWN STEP	2026-10-08T21:59:30.0802870Z ##[end-action id=__self.inputs;outcome=success;conclusion=success;duration_ms=86]
Avaliar a mesma candidata / Verificar e compilar web sem permissões de publicação	UNKNOWN STEP	2026-10-08T21:59:30.0809711Z ##[start-action display=Instalar e conferir o SDK;id=__self.__run]
Avaliar a mesma candidata / Verificar e compilar web sem permissões de publicação	UNKNOWN STEP	2026-10-08T21:59:30.0863175Z ##[group]Run set -euo pipefail
Avaliar a mesma candidata / Verificar e compilar web sem permissões de publicação	UNKNOWN STEP	2026-10-08T21:59:30.0863480Z ^[[36;1mset -euo pipefail^[[0m
Avaliar a mesma candidata / Verificar e compilar web sem permissões de publicação	UNKNOWN STEP	2026-10-08T21:59:30.0863768Z ^[[36;1mSDK_PATH="$RUNNER_TEMP/flutter-delivery"^[[0m
Avaliar a mesma candidata / Verificar e compilar web sem permissões de publicação	UNKNOWN STEP	2026-10-08T21:59:30.0864375Z ^[[36;1mgit clone --no-checkout --depth 1 --branch "$FLUTTER_VERSION" https://github.com/flutter/flutter.git "$SDK_PATH"^[[0m
Avaliar a mesma candidata / Verificar e compilar web sem permissões de publicação	UNKNOWN STEP	2026-10-08T21:59:30.0865038Z ^[[36;1mtest "$(git -C "$SDK_PATH" rev-parse HEAD)" = "$FLUTTER_REVISION"^[[0m
Avaliar a mesma candidata / Verificar e compilar web sem permissões de publicação	UNKNOWN STEP	2026-10-08T21:59:30.0865471Z ^[[36;1mgit -C "$SDK_PATH" checkout --detach "$FLUTTER_REVISION"^[[0m
Avaliar a mesma candidata / Verificar e compilar web sem permissões de publicação	UNKNOWN STEP	2026-10-08T21:59:30.0865938Z ^[[36;1m# The first invocation bootstraps the tool and prints a welcome banner.^[[0m
Avaliar a mesma candidata / Verificar e compilar web sem permissões de publicação	UNKNOWN STEP	2026-10-08T21:59:30.0866433Z ^[[36;1m# Run it before helpers parse --version --machine as strict JSON.^[[0m
Avaliar a mesma candidata / Verificar e compilar web sem permissões de publicação	UNKNOWN STEP	2026-10-08T21:59:30.0867142Z ^[[36;1m"$SDK_PATH/bin/flutter" --version^[[0m
Avaliar a mesma candidata / Verificar e compilar web sem permissões de publicação	UNKNOWN STEP	2026-10-08T21:59:30.0867463Z ^[[36;1mecho "$SDK_PATH/bin" >> "$GITHUB_PATH"^[[0m
Avaliar a mesma candidata / Verificar e compilar web sem permissões de publicação	UNKNOWN STEP	2026-10-08T21:59:30.0960151Z shell: /usr/bin/bash --noprofile --norc -e -o pipefail {0}
Avaliar a mesma candidata / Verificar e compilar web sem permissões de publicação	UNKNOWN STEP	2026-10-08T21:59:30.0960803Z env:
Avaliar a mesma candidata / Verificar e compilar web sem permissões de publicação	UNKNOWN STEP	2026-10-08T21:59:30.0961184Z   FLUTTER_VERSION: 3.44.1
Avaliar a mesma candidata / Verificar e compilar web sem permissões de publicação	UNKNOWN STEP	2026-10-08T21:59:30.0961709Z   FLUTTER_REVISION: 924134a44c189315be2148659913dda1671cbe99
Avaliar a mesma candidata / Verificar e compilar web sem permissões de publicação	UNKNOWN STEP	2026-10-08T21:59:30.0962266Z ##[endgroup]
Avaliar a mesma candidata / Verificar e compilar web sem permissões de publicação	UNKNOWN STEP	2026-10-08T21:59:30.1081481Z Cloning into '/home/runner/work/_temp/flutter-delivery'...
Avaliar a mesma candidata / Verificar e compilar web sem permissões de publicação	UNKNOWN STEP	2026-10-08T21:59:37.9020932Z HEAD is now at 924134a4 Update CHANGELOG with Flutter 3.44 changes (#187258)
Avaliar a mesma candidata / Verificar e compilar web sem permissões de publicação	UNKNOWN STEP	2026-10-08T21:59:37.9429393Z Downloading Linux x64 Dart SDK from Flutter engine c416acfeb8126e097f758c664aaa3da929e27da0...
Avaliar a mesma candidata / Verificar e compilar web sem permissões de publicação	UNKNOWN STEP	2026-10-08T21:59:37.9531539Z   % Total    % Received % Xferd  Average Speed   Time    Time     Time  Current
Avaliar a mesma candidata / Verificar e compilar web sem permissões de publicação	UNKNOWN STEP	2026-10-08T21:59:37.9532528Z                                  Dload  Upload   Total   Spent    Left  Speed
Avaliar a mesma candidata / Verificar e compilar web sem permissões de publicação	UNKNOWN STEP	2026-10-08T21:59:37.9533510Z 
Avaliar a mesma candidata / Verificar e compilar web sem permissões de publicação	UNKNOWN STEP	2026-10-08T21:59:38.7894217Z   0     0    0     0    0     0      0      0 --:--:-- --:--:-- --:--:--     0
Avaliar a mesma candidata / Verificar e compilar web sem permissões de publicação	UNKNOWN STEP	2026-10-08T21:59:39.7839578Z  29  222M   29 66.0M    0     0  78.9M      0  0:00:02 --:--:--  0:00:02 78.9M
Avaliar a mesma candidata / Verificar e compilar web sem permissões de publicação	UNKNOWN STEP	2026-10-08T21:59:39.9740520Z  87  222M   87  195M    0     0   106M      0  0:00:02  0:00:01  0:00:01  106M
Avaliar a mesma candidata / Verificar e compilar web sem permissões de publicação	UNKNOWN STEP	2026-10-08T21:59:39.9741380Z 100  222M  100  222M    0     0   110M      0  0:00:02  0:00:02 --:--:--  110M
Avaliar a mesma candidata / Verificar e compilar web sem permissões de publicação	UNKNOWN STEP	2026-10-08T21:59:44.5775948Z Building flutter tool...
Avaliar a mesma candidata / Verificar e compilar web sem permissões de publicação	UNKNOWN STEP	2026-10-08T21:59:44.5940890Z Resolving dependencies...
Avaliar a mesma candidata / Verificar e compilar web sem permissões de publicação	UNKNOWN STEP	2026-10-08T21:59:45.0770855Z Downloading packages...
Avaliar a mesma candidata / Verificar e compilar web sem permissões de publicação	UNKNOWN STEP	2026-10-08T21:59:48.1831750Z + _fe_analyzer_shared 95.0.0 (109.0.0 available)
Avaliar a mesma candidata / Verificar e compilar web sem permissões de publicação	UNKNOWN STEP	2026-10-08T21:59:48.1832319Z + analyzer 10.1.0 (14.5.0 available)
Avaliar a mesma candidata / Verificar e compilar web sem permissões de publicação	UNKNOWN STEP	2026-10-08T21:59:48.1832769Z + archive 3.6.1 (4.3.0 available)
Avaliar a mesma candidata / Verificar e compilar web sem permissões de publicação	UNKNOWN STEP	2026-10-08T21:59:48.1833196Z + args 2.7.0
Avaliar a mesma candidata / Verificar e compilar web sem permissões de publicação	UNKNOWN STEP	2026-10-08T21:59:48.1833547Z + async 2.13.1
Avaliar a mesma candidata / Verificar e compilar web sem permissões de publicação	UNKNOWN STEP	2026-10-08T21:59:48.1833886Z + boolean_selector 2.1.2
Avaliar a mesma candidata / Verificar e compilar web sem permissões de publicação	UNKNOWN STEP	2026-10-08T21:59:48.1834316Z + browser_launcher 1.1.3 (1.2.0 available)
Avaliar a mesma candidata / Verificar e compilar web sem permissões de publicação	UNKNOWN STEP	2026-10-08T21:59:48.1834839Z + built_collection 5.1.1 (5.1.2 available)
Avaliar a mesma candidata / Verificar e compilar web sem permissões de publicação	UNKNOWN STEP	2026-10-08T21:59:48.1835343Z + built_value 8.12.5 (8.13.0 available)
Avaliar a mesma candidata / Verificar e compilar web sem permissões de publicação	UNKNOWN STEP	2026-10-08T21:59:48.1835848Z + checked_yaml 2.0.4
Avaliar a mesma candidata / Verificar e compilar web sem permissões de publicação	UNKNOWN STEP	2026-10-08T21:59:48.1836218Z + cli_config 0.2.0
Avaliar a mesma candidata / Verificar e compilar web sem permissões de publicação	UNKNOWN STEP	2026-10-08T21:59:48.1836842Z + clock 1.1.2 (1.1.3 available)
Avaliar a mesma candidata / Verificar e compilar web sem permissões de publicação	UNKNOWN STEP	2026-10-08T21:59:48.1837291Z + code_assets 1.0.0 (2.1.0 available)
Avaliar a mesma candidata / Verificar e compilar web sem permissões de publicação	UNKNOWN STEP	2026-10-08T21:59:48.1837771Z + code_builder 4.11.1 (4.12.0 available)
Avaliar a mesma candidata / Verificar e compilar web sem permissões de publicação	UNKNOWN STEP	2026-10-08T21:59:48.1838242Z + collection 1.19.1
Avaliar a mesma candidata / Verificar e compilar web sem permissões de publicação	UNKNOWN STEP	2026-10-08T21:59:48.1838610Z + completion 1.0.2
Avaliar a mesma candidata / Verificar e compilar web sem permissões de publicação	UNKNOWN STEP	2026-10-08T21:59:48.1838971Z + convert 3.1.2
Avaliar a mesma candidata / Verificar e compilar web sem permissões de publicação	UNKNOWN STEP	2026-10-08T21:59:48.1839349Z + coverage 1.15.0 (1.15.1 available)
Avaliar a mesma candidata / Verificar e compilar web sem permissões de publicação	UNKNOWN STEP	2026-10-08T21:59:48.1839804Z + crypto 3.0.7
Avaliar a mesma candidata / Verificar e compilar web sem permissões de publicação	UNKNOWN STEP	2026-10-08T21:59:48.1840148Z + csslib 1.0.2
Avaliar a mesma candidata / Verificar e compilar web sem permissões de publicação	UNKNOWN STEP	2026-10-08T21:59:48.1840484Z + dap 1.4.0
Avaliar a mesma candidata / Verificar e compilar web sem permissões de publicação	UNKNOWN STEP	2026-10-08T21:59:48.1840883Z + dart_service_protocol_shared 0.0.3
Avaliar a mesma candidata / Verificar e compilar web sem permissões de publicação	UNKNOWN STEP	2026-10-08T21:59:48.1841362Z + dart_style 3.1.7 (3.1.13 available)
Avaliar a mesma candidata / Verificar e compilar web sem permissões de publicação	UNKNOWN STEP	2026-10-08T21:59:48.1841829Z + data_assets 0.19.6 (0.20.0 available)
Avaliar a mesma candidata / Verificar e compilar web sem permissões de publicação	UNKNOWN STEP	2026-10-08T21:59:48.1842299Z + dds 5.3.0 (5.4.0 available)
Avaliar a mesma candidata / Verificar e compilar web sem permissões de publicação	UNKNOWN STEP	2026-10-08T21:59:48.1842733Z + dds_service_extensions 2.1.0
Avaliar a mesma candidata / Verificar e compilar web sem permissões de publicação	UNKNOWN STEP	2026-10-08T21:59:48.1843208Z + devtools_shared 12.1.0 (14.0.0 available)
Avaliar a mesma candidata / Verificar e compilar web sem permissões de publicação	UNKNOWN STEP	2026-10-08T21:59:48.1843688Z + dtd 4.0.0
Avaliar a mesma candidata / Verificar e compilar web sem permissões de publicação	UNKNOWN STEP	2026-10-08T21:59:48.1844004Z + dwds 26.2.5 (27.1.4 available)
Avaliar a mesma candidata / Verificar e compilar web sem permissões de publicação	UNKNOWN STEP	2026-10-08T21:59:48.1844411Z + extension_discovery 2.1.0
Avaliar a mesma candidata / Verificar e compilar web sem permissões de publicação	UNKNOWN STEP	2026-10-08T21:59:48.1844794Z + fake_async 1.3.3
Avaliar a mesma candidata / Verificar e compilar web sem permissões de publicação	UNKNOWN STEP	2026-10-08T21:59:48.1845117Z + ffi 2.2.0
Avaliar a mesma candidata / Verificar e compilar web sem permissões de publicação	UNKNOWN STEP	2026-10-08T21:59:48.1845410Z + file 7.0.1
Avaliar a mesma candidata / Verificar e compilar web sem permissões de publicação	UNKNOWN STEP	2026-10-08T21:59:48.1845727Z + file_testing 3.0.2 (3.1.0 available)
Avaliar a mesma candidata / Verificar e compilar web sem permissões de publicação	UNKNOWN STEP	2026-10-08T21:59:48.1845980Z + fixnum 1.1.1
Avaliar a mesma candidata / Verificar e compilar web sem permissões de publicação	UNKNOWN STEP	2026-10-08T21:59:48.1846214Z + flutter_template_images 5.0.0 (5.0.1 available)
Avaliar a mesma candidata / Verificar e compilar web sem permissões de publicação	UNKNOWN STEP	2026-10-08T21:59:48.1846782Z + frontend_server_client 4.0.0 (4.1.0 available)
Avaliar a mesma candidata / Verificar e compilar web sem permissões de publicação	UNKNOWN STEP	2026-10-08T21:59:48.1847097Z + glob 2.1.3 (2.2.0 available)
Avaliar a mesma candidata / Verificar e compilar web sem permissões de publicação	UNKNOWN STEP	2026-10-08T21:59:48.1847323Z + graphs 2.3.2
Avaliar a mesma candidata / Verificar e compilar web sem permissões de publicação	UNKNOWN STEP	2026-10-08T21:59:48.1847513Z + hooks 1.0.2 (2.2.0 available)
Avaliar a mesma candidata / Verificar e compilar web sem permissões de publicação	UNKNOWN STEP	2026-10-08T21:59:48.1847750Z + hooks_runner 1.1.1 (1.6.4 available)
Avaliar a mesma candidata / Verificar e compilar web sem permissões de publicação	UNKNOWN STEP	2026-10-08T21:59:48.1848002Z + html 0.15.6 (0.15.7 available)
Avaliar a mesma candidata / Verificar e compilar web sem permissões de publicação	UNKNOWN STEP	2026-10-08T21:59:48.1848226Z + http 1.6.0
Avaliar a mesma candidata / Verificar e compilar web sem permissões de publicação	UNKNOWN STEP	2026-10-08T21:59:48.1848421Z + http_multi_server 3.2.2
Avaliar a mesma candidata / Verificar e compilar web sem permissões de publicação	UNKNOWN STEP	2026-10-08T21:59:48.1848643Z + http_parser 4.1.2
Avaliar a mesma candidata / Verificar e compilar web sem permissões de publicação	UNKNOWN STEP	2026-10-08T21:59:48.1848846Z + intl 0.20.2 (0.20.3 available)
Avaliar a mesma candidata / Verificar e compilar web sem permissões de publicação	UNKNOWN STEP	2026-10-08T21:59:48.1849076Z + io 1.0.5 (1.1.0 available)
Avaliar a mesma candidata / Verificar e compilar web sem permissões de publicação	UNKNOWN STEP	2026-10-08T21:59:48.1849298Z + js 0.7.2 (discontinued)
Avaliar a mesma candidata / Verificar e compilar web sem permissões de publicação	UNKNOWN STEP	2026-10-08T21:59:48.1849567Z + json_annotation 4.11.0 (4.12.0 available)
Avaliar a mesma candidata / Verificar e compilar web sem permissões de publicação	UNKNOWN STEP	2026-10-08T21:59:48.1849828Z + json_rpc_2 4.1.0
Avaliar a mesma candidata / Verificar e compilar web sem permissões de publicação	UNKNOWN STEP	2026-10-08T21:59:48.1850019Z + logging 1.3.0
Avaliar a mesma candidata / Verificar e compilar web sem permissões de publicação	UNKNOWN STEP	2026-10-08T21:59:48.1850220Z + matcher 0.12.19 (0.12.20 available)
Avaliar a mesma candidata / Verificar e compilar web sem permissões de publicação	UNKNOWN STEP	2026-10-08T21:59:48.1850458Z + meta 1.18.0 (1.19.0 available)
Avaliar a mesma candidata / Verificar e compilar web sem permissões de publicação	UNKNOWN STEP	2026-10-08T21:59:48.1850921Z + mime 2.0.0 (2.1.0 available)
Avaliar a mesma candidata / Verificar e compilar web sem permissões de publicação	UNKNOWN STEP	2026-10-08T21:59:48.1851151Z + multicast_dns 0.3.3 (0.3.3+1 available)
Avaliar a mesma candidata / Verificar e compilar web sem permissões de publicação	UNKNOWN STEP	2026-10-08T21:59:48.1851421Z + mustache_template 2.0.4 (2.0.6 available)
Avaliar a mesma candidata / Verificar e compilar web sem permissões de publicação	UNKNOWN STEP	2026-10-08T21:59:48.1851698Z + native_stack_traces 0.6.1 (0.7.0 available)
Avaliar a mesma candidata / Verificar e compilar web sem permissões de publicação	UNKNOWN STEP	2026-10-08T21:59:48.1851967Z + node_preamble 2.0.2
Avaliar a mesma candidata / Verificar e compilar web sem permissões de publicação	UNKNOWN STEP	2026-10-08T21:59:48.1852193Z + package_config 2.2.0 (3.0.0 available)
Avaliar a mesma candidata / Verificar e compilar web sem permissões de publicação	UNKNOWN STEP	2026-10-08T21:59:48.1852451Z + path 1.9.1
Avaliar a mesma candidata / Verificar e compilar web sem permissões de publicação	UNKNOWN STEP	2026-10-08T21:59:48.1852649Z + petitparser 7.0.2 (7.1.0 available)
Avaliar a mesma candidata / Verificar e compilar web sem permissões de publicação	UNKNOWN STEP	2026-10-08T21:59:48.1852910Z + platform 3.1.6 (3.2.0 available)
Avaliar a mesma candidata / Verificar e compilar web sem permissões de publicação	UNKNOWN STEP	2026-10-08T21:59:48.1853294Z + pool 1.5.2 (1.5.3 available)
Avaliar a mesma candidata / Verificar e compilar web sem permissões de publicação	UNKNOWN STEP	2026-10-08T21:59:48.1853533Z + process 5.0.5 (5.0.6 available)
Avaliar a mesma candidata / Verificar e compilar web sem permissões de publicação	UNKNOWN STEP	2026-10-08T21:59:48.1853773Z + pub_semver 2.2.0 (2.2.1 available)
Avaliar a mesma candidata / Verificar e compilar web sem permissões de publicação	UNKNOWN STEP	2026-10-08T21:59:48.1854042Z + pubspec_parse 1.5.0 (1.6.0 available)
Avaliar a mesma candidata / Verificar e compilar web sem permissões de publicação	UNKNOWN STEP	2026-10-08T21:59:48.1854394Z + record_use 0.6.0 (1.1.1 available)
Avaliar a mesma candidata / Verificar e compilar web sem permissões de publicação	UNKNOWN STEP	2026-10-08T21:59:48.1854636Z + shelf 1.4.2
Avaliar a mesma candidata / Verificar e compilar web sem permissões de publicação	UNKNOWN STEP	2026-10-08T21:59:48.1854839Z + shelf_packages_handler 3.0.2
Avaliar a mesma candidata / Verificar e compilar web sem permissões de publicação	UNKNOWN STEP	2026-10-08T21:59:48.1855089Z + shelf_proxy 1.0.4 (1.0.5 available)
Avaliar a mesma candidata / Verificar e compilar web sem permissões de publicação	UNKNOWN STEP	2026-10-08T21:59:48.1855343Z + shelf_static 1.1.3
Avaliar a mesma candidata / Verificar e compilar web sem permissões de publicação	UNKNOWN STEP	2026-10-08T21:59:48.1855553Z + shelf_web_socket 3.0.0
Avaliar a mesma candidata / Verificar e compilar web sem permissões de publicação	UNKNOWN STEP	2026-10-08T21:59:48.1855779Z + source_map_stack_trace 2.1.2
Avaliar a mesma candidata / Verificar e compilar web sem permissões de publicação	UNKNOWN STEP	2026-10-08T21:59:48.1856022Z + source_maps 0.10.13 (0.10.14 available)
Avaliar a mesma candidata / Verificar e compilar web sem permissões de publicação	UNKNOWN STEP	2026-10-08T21:59:48.1856282Z + source_span 1.10.2
Avaliar a mesma candidata / Verificar e compilar web sem permissões de publicação	UNKNOWN STEP	2026-10-08T21:59:48.1856701Z + sprintf 7.0.0
Avaliar a mesma candidata / Verificar e compilar web sem permissões de publicação	UNKNOWN STEP	2026-10-08T21:59:48.1856923Z + sse 4.1.8 (4.2.0 available)
Avaliar a mesma candidata / Verificar e compilar web sem permissões de publicação	UNKNOWN STEP	2026-10-08T21:59:48.1857159Z + stack_trace 1.12.1 (1.12.2 available)
Avaliar a mesma candidata / Verificar e compilar web sem permissões de publicação	UNKNOWN STEP	2026-10-08T21:59:48.1857447Z + standard_message_codec 0.0.1+4 (0.0.1+5 available)
Avaliar a mesma candidata / Verificar e compilar web sem permissões de publicação	UNKNOWN STEP	2026-10-08T21:59:48.1857742Z + stream_channel 2.1.4
Avaliar a mesma candidata / Verificar e compilar web sem permissões de publicação	UNKNOWN STEP	2026-10-08T21:59:48.1858060Z + string_scanner 1.4.1
Avaliar a mesma candidata / Verificar e compilar web sem permissões de publicação	UNKNOWN STEP	2026-10-08T21:59:48.1858262Z + sync_http 0.3.1
Avaliar a mesma candidata / Verificar e compilar web sem permissões de publicação	UNKNOWN STEP	2026-10-08T21:59:48.1858456Z + term_glyph 1.2.2
Avaliar a mesma candidata / Verificar e compilar web sem permissões de publicação	UNKNOWN STEP	2026-10-08T21:59:48.1858654Z + test 1.31.0 (1.33.0 available)
Avaliar a mesma candidata / Verificar e compilar web sem permissões de publicação	UNKNOWN STEP	2026-10-08T21:59:48.1858895Z + test_api 0.7.11 (0.7.15 available)
Avaliar a mesma candidata / Verificar e compilar web sem permissões de publicação	UNKNOWN STEP	2026-10-08T21:59:48.1859145Z + test_core 0.6.17 (0.6.21 available)
Avaliar a mesma candidata / Verificar e compilar web sem permissões de publicação	UNKNOWN STEP	2026-10-08T21:59:48.1859384Z + typed_data 1.4.0
Avaliar a mesma candidata / Verificar e compilar web sem permissões de publicação	UNKNOWN STEP	2026-10-08T21:59:48.1859605Z + unified_analytics 8.0.14 (8.0.18 available)
Avaliar a mesma candidata / Verificar e compilar web sem permissões de publicação	UNKNOWN STEP	2026-10-08T21:59:48.1859881Z + usage 4.1.1 (discontinued)
Avaliar a mesma candidata / Verificar e compilar web sem permissões de publicação	UNKNOWN STEP	2026-10-08T21:59:48.1860118Z + uuid 4.5.3 (4.6.0 available)
Avaliar a mesma candidata / Verificar e compilar web sem permissões de publicação	UNKNOWN STEP	2026-10-08T21:59:48.1860345Z + vm_service 15.0.2 (15.3.0 available)
Avaliar a mesma candidata / Verificar e compilar web sem permissões de publicação	UNKNOWN STEP	2026-10-08T21:59:48.1860596Z + vm_service_interface 2.0.1
Avaliar a mesma candidata / Verificar e compilar web sem permissões de publicação	UNKNOWN STEP	2026-10-08T21:59:48.1860824Z + vm_snapshot_analysis 0.7.6
Avaliar a mesma candidata / Verificar e compilar web sem permissões de publicação	UNKNOWN STEP	2026-10-08T21:59:48.1861042Z + watcher 1.2.1
Avaliar a mesma candidata / Verificar e compilar web sem permissões de publicação	UNKNOWN STEP	2026-10-08T21:59:48.1861225Z + web 1.1.1
Avaliar a mesma candidata / Verificar e compilar web sem permissões de publicação	UNKNOWN STEP	2026-10-08T21:59:48.1861406Z + web_socket 1.0.1
Avaliar a mesma candidata / Verificar e compilar web sem permissões de publicação	UNKNOWN STEP	2026-10-08T21:59:48.1861605Z + web_socket_channel 3.0.3
Avaliar a mesma candidata / Verificar e compilar web sem permissões de publicação	UNKNOWN STEP	2026-10-08T21:59:48.1861842Z + webdriver 3.1.0 (3.2.0 available)
Avaliar a mesma candidata / Verificar e compilar web sem permissões de publicação	UNKNOWN STEP	2026-10-08T21:59:48.1862104Z + webkit_inspection_protocol 1.2.1
Avaliar a mesma candidata / Verificar e compilar web sem permissões de publicação	UNKNOWN STEP	2026-10-08T21:59:48.1862348Z + xml 6.6.1 (7.1.0 available)
Avaliar a mesma candidata / Verificar e compilar web sem permissões de publicação	UNKNOWN STEP	2026-10-08T21:59:48.1862571Z + yaml 3.1.3 (3.1.4 available)
Avaliar a mesma candidata / Verificar e compilar web sem permissões de publicação	UNKNOWN STEP	2026-10-08T21:59:48.1862790Z + yaml_edit 2.2.4
Avaliar a mesma candidata / Verificar e compilar web sem permissões de publicação	UNKNOWN STEP	2026-10-08T21:59:48.1863001Z Changed 102 dependencies!
Avaliar a mesma candidata / Verificar e compilar web sem permissões de publicação	UNKNOWN STEP	2026-10-08T21:59:48.1863236Z 2 packages are discontinued.
Avaliar a mesma candidata / Verificar e compilar web sem permissões de publicação	UNKNOWN STEP	2026-10-08T21:59:48.1863584Z 53 packages have newer versions incompatible with dependency constraints.
Avaliar a mesma candidata / Verificar e compilar web sem permissões de publicação	UNKNOWN STEP	2026-10-08T21:59:48.1864006Z Try `dart pub outdated` for more information.
Avaliar a mesma candidata / Verificar e compilar web sem permissões de publicação	UNKNOWN STEP	2026-10-08T22:00:04.2121114Z Flutter 3.44.1 • channel [user-branch] • unknown source
Avaliar a mesma candidata / Verificar e compilar web sem permissões de publicação	UNKNOWN STEP	2026-10-08T22:00:04.2122095Z Framework • revision 924134a44c (4 months ago) • 2026-05-29 12:13:22 -0400
Avaliar a mesma candidata / Verificar e compilar web sem permissões de publicação	UNKNOWN STEP	2026-10-08T22:00:04.2123430Z Engine • hash 39b1f7043775b9578bbb26a1676e79c4e31c8b5e (revision c416acfeb8) (4 months ago) • 2026-05-27 20:19:31.000Z
Avaliar a mesma candidata / Verificar e compilar web sem permissões de publicação	UNKNOWN STEP	2026-10-08T22:00:04.2124130Z Tools • Dart 3.12.1 • DevTools 2.57.0
Avaliar a mesma candidata / Verificar e compilar web sem permissões de publicação	UNKNOWN STEP	2026-10-08T22:00:04.2164110Z ##[end-action id=__self.__run;outcome=success;conclusion=success;duration_ms=34135]
Avaliar a mesma candidata / Verificar e compilar web sem permissões de publicação	UNKNOWN STEP	2026-10-08T22:00:04.2243121Z ##[group]Run flutter pub get --enforce-lockfile
Avaliar a mesma candidata / Verificar e compilar web sem permissões de publicação	UNKNOWN STEP	2026-10-08T22:00:04.2243515Z ^[[36;1mflutter pub get --enforce-lockfile^[[0m
Avaliar a mesma candidata / Verificar e compilar web sem permissões de publicação	UNKNOWN STEP	2026-10-08T22:00:04.2243806Z ^[[36;1mflutter analyze^[[0m
Avaliar a mesma candidata / Verificar e compilar web sem permissões de publicação	UNKNOWN STEP	2026-10-08T22:00:04.2244030Z ^[[36;1mflutter test^[[0m
Avaliar a mesma candidata / Verificar e compilar web sem permissões de publicação	UNKNOWN STEP	2026-10-08T22:00:04.2311974Z shell: /usr/bin/bash -e {0}
Avaliar a mesma candidata / Verificar e compilar web sem permissões de publicação	UNKNOWN STEP	2026-10-08T22:00:04.2312232Z ##[endgroup]
Avaliar a mesma candidata / Verificar e compilar web sem permissões de publicação	UNKNOWN STEP	2026-10-08T22:00:04.6694294Z [1/10] Material Fonts                                              289ms
Avaliar a mesma candidata / Verificar e compilar web sem permissões de publicação	UNKNOWN STEP	2026-10-08T22:00:04.7353286Z [2/10] Gradle Wrapper                                               19ms
Avaliar a mesma candidata / Verificar e compilar web sem permissões de publicação	UNKNOWN STEP	2026-10-08T22:00:04.7449407Z [3/10] Flutter SDK
Avaliar a mesma candidata / Verificar e compilar web sem permissões de publicação	UNKNOWN STEP	2026-10-08T22:00:04.8854551Z   ├─ [1/5] sky_engine                                              135ms
Avaliar a mesma candidata / Verificar e compilar web sem permissões de publicação	UNKNOWN STEP	2026-10-08T22:00:04.9694047Z   ├─ [2/5] flutter_gpu                                              16ms
Avaliar a mesma candidata / Verificar e compilar web sem permissões de publicação	UNKNOWN STEP	2026-10-08T22:00:05.2668690Z   ├─ [3/5] flutter_patched_sdk                                     285ms
Avaliar a mesma candidata / Verificar e compilar web sem permissões de publicação	UNKNOWN STEP	2026-10-08T22:00:05.6624817Z   ├─ [4/5] flutter_patched_sdk_product                             306ms
Avaliar a mesma candidata / Verificar e compilar web sem permissões de publicação	UNKNOWN STEP	2026-10-08T22:00:06.7442298Z   └─ [5/5] linux-x64                                               992ms
Avaliar a mesma candidata / Verificar e compilar web sem permissões de publicação	UNKNOWN STEP	2026-10-08T22:00:07.4734624Z [10/10] linux-x64/font-subset                                      134ms
Avaliar a mesma candidata / Verificar e compilar web sem permissões de publicação	UNKNOWN STEP	2026-10-08T22:00:07.5891973Z Resolving dependencies...
Avaliar a mesma candidata / Verificar e compilar web sem permissões de publicação	UNKNOWN STEP	2026-10-08T22:00:07.8557277Z Downloading packages...
Avaliar a mesma candidata / Verificar e compilar web sem permissões de publicação	UNKNOWN STEP	2026-10-08T22:00:08.9340949Z   clock 1.1.2 (1.1.3 available)
Avaliar a mesma candidata / Verificar e compilar web sem permissões de publicação	UNKNOWN STEP	2026-10-08T22:00:08.9341505Z   cupertino_icons 1.0.9 (2.0.0 available)
Avaliar a mesma candidata / Verificar e compilar web sem permissões de publicação	UNKNOWN STEP	2026-10-08T22:00:08.9342121Z   matcher 0.12.19 (0.12.20 available)
Avaliar a mesma candidata / Verificar e compilar web sem permissões de publicação	UNKNOWN STEP	2026-10-08T22:00:08.9342612Z   material_color_utilities 0.13.0 (0.13.1 available)
Avaliar a mesma candidata / Verificar e compilar web sem permissões de publicação	UNKNOWN STEP	2026-10-08T22:00:08.9343177Z   meta 1.18.0 (1.19.0 available)
Avaliar a mesma candidata / Verificar e compilar web sem permissões de publicação	UNKNOWN STEP	2026-10-08T22:00:08.9343617Z   stack_trace 1.12.1 (1.12.2 available)
Avaliar a mesma candidata / Verificar e compilar web sem permissões de publicação	UNKNOWN STEP	2026-10-08T22:00:08.9344082Z   test_api 0.7.11 (0.7.15 available)
Avaliar a mesma candidata / Verificar e compilar web sem permissões de publicação	UNKNOWN STEP	2026-10-08T22:00:08.9344539Z   vector_math 2.2.0 (2.4.3 available)
Avaliar a mesma candidata / Verificar e compilar web sem permissões de publicação	UNKNOWN STEP	2026-10-08T22:00:08.9345011Z   vm_service 15.2.0 (15.3.0 available)
Avaliar a mesma candidata / Verificar e compilar web sem permissões de publicação	UNKNOWN STEP	2026-10-08T22:00:08.9345464Z Got dependencies!
Avaliar a mesma candidata / Verificar e compilar web sem permissões de publicação	UNKNOWN STEP	2026-10-08T22:00:08.9346055Z 9 packages have newer versions incompatible with dependency constraints.
Avaliar a mesma candidata / Verificar e compilar web sem permissões de publicação	UNKNOWN STEP	2026-10-08T22:00:08.9347135Z Try `flutter pub outdated` for more information.
Avaliar a mesma candidata / Verificar e compilar web sem permissões de publicação	UNKNOWN STEP	2026-10-08T22:00:09.3021105Z Resolving dependencies...
Avaliar a mesma candidata / Verificar e compilar web sem permissões de publicação	UNKNOWN STEP	2026-10-08T22:00:09.3255606Z Downloading packages...
Avaliar a mesma candidata / Verificar e compilar web sem permissões de publicação	UNKNOWN STEP	2026-10-08T22:00:09.3267749Z   clock 1.1.2 (1.1.3 available)
Avaliar a mesma candidata / Verificar e compilar web sem permissões de publicação	UNKNOWN STEP	2026-10-08T22:00:09.3268225Z   cupertino_icons 1.0.9 (2.0.0 available)
Avaliar a mesma candidata / Verificar e compilar web sem permissões de publicação	UNKNOWN STEP	2026-10-08T22:00:09.3268574Z   matcher 0.12.19 (0.12.20 available)
Avaliar a mesma candidata / Verificar e compilar web sem permissões de publicação	UNKNOWN STEP	2026-10-08T22:00:09.3268891Z   material_color_utilities 0.13.0 (0.13.1 available)
Avaliar a mesma candidata / Verificar e compilar web sem permissões de publicação	UNKNOWN STEP	2026-10-08T22:00:09.3269384Z   meta 1.18.0 (1.19.0 available)
Avaliar a mesma candidata / Verificar e compilar web sem permissões de publicação	UNKNOWN STEP	2026-10-08T22:00:09.3269744Z   stack_trace 1.12.1 (1.12.2 available)
Avaliar a mesma candidata / Verificar e compilar web sem permissões de publicação	UNKNOWN STEP	2026-10-08T22:00:09.3270024Z   test_api 0.7.11 (0.7.15 available)
Avaliar a mesma candidata / Verificar e compilar web sem permissões de publicação	UNKNOWN STEP	2026-10-08T22:00:09.3270293Z   vector_math 2.2.0 (2.4.3 available)
Avaliar a mesma candidata / Verificar e compilar web sem permissões de publicação	UNKNOWN STEP	2026-10-08T22:00:09.3270562Z   vm_service 15.2.0 (15.3.0 available)
Avaliar a mesma candidata / Verificar e compilar web sem permissões de publicação	UNKNOWN STEP	2026-10-08T22:00:09.3270830Z Got dependencies!
Avaliar a mesma candidata / Verificar e compilar web sem permissões de publicação	UNKNOWN STEP	2026-10-08T22:00:09.3271179Z 9 packages have newer versions incompatible with dependency constraints.
Avaliar a mesma candidata / Verificar e compilar web sem permissões de publicação	UNKNOWN STEP	2026-10-08T22:00:09.3271648Z Try `flutter pub outdated` for more information.
Avaliar a mesma candidata / Verificar e compilar web sem permissões de publicação	UNKNOWN STEP	2026-10-08T22:00:16.9010206Z Analyzing app...                                                
Avaliar a mesma candidata / Verificar e compilar web sem permissões de publicação	UNKNOWN STEP	2026-10-08T22:00:16.9027361Z No issues found! (ran in 7.1s)
Avaliar a mesma candidata / Verificar e compilar web sem permissões de publicação	UNKNOWN STEP	2026-10-08T22:00:17.1091805Z Resolving dependencies...
Avaliar a mesma candidata / Verificar e compilar web sem permissões de publicação	UNKNOWN STEP	2026-10-08T22:00:17.1325160Z Downloading packages...
Avaliar a mesma candidata / Verificar e compilar web sem permissões de publicação	UNKNOWN STEP	2026-10-08T22:00:17.1336924Z   clock 1.1.2 (1.1.3 available)
Avaliar a mesma candidata / Verificar e compilar web sem permissões de publicação	UNKNOWN STEP	2026-10-08T22:00:17.1337415Z   cupertino_icons 1.0.9 (2.0.0 available)
Avaliar a mesma candidata / Verificar e compilar web sem permissões de publicação	UNKNOWN STEP	2026-10-08T22:00:17.1337921Z   matcher 0.12.19 (0.12.20 available)
Avaliar a mesma candidata / Verificar e compilar web sem permissões de publicação	UNKNOWN STEP	2026-10-08T22:00:17.1338350Z   material_color_utilities 0.13.0 (0.13.1 available)
Avaliar a mesma candidata / Verificar e compilar web sem permissões de publicação	UNKNOWN STEP	2026-10-08T22:00:17.1338874Z   meta 1.18.0 (1.19.0 available)
Avaliar a mesma candidata / Verificar e compilar web sem permissões de publicação	UNKNOWN STEP	2026-10-08T22:00:17.1339291Z   stack_trace 1.12.1 (1.12.2 available)
Avaliar a mesma candidata / Verificar e compilar web sem permissões de publicação	UNKNOWN STEP	2026-10-08T22:00:17.1339741Z   test_api 0.7.11 (0.7.15 available)
Avaliar a mesma candidata / Verificar e compilar web sem permissões de publicação	UNKNOWN STEP	2026-10-08T22:00:17.1340199Z   vector_math 2.2.0 (2.4.3 available)
Avaliar a mesma candidata / Verificar e compilar web sem permissões de publicação	UNKNOWN STEP	2026-10-08T22:00:17.1340671Z   vm_service 15.2.0 (15.3.0 available)
Avaliar a mesma candidata / Verificar e compilar web sem permissões de publicação	UNKNOWN STEP	2026-10-08T22:00:17.1341140Z Got dependencies!
Avaliar a mesma candidata / Verificar e compilar web sem permissões de publicação	UNKNOWN STEP	2026-10-08T22:00:17.1342178Z 9 packages have newer versions incompatible with dependency constraints.
Avaliar a mesma candidata / Verificar e compilar web sem permissões de publicação	UNKNOWN STEP	2026-10-08T22:00:17.1342928Z Try `flutter pub outdated` for more information.
Avaliar a mesma candidata / Verificar e compilar web sem permissões de publicação	UNKNOWN STEP	2026-10-08T22:00:17.7573735Z 
Avaliar a mesma candidata / Verificar e compilar web sem permissões de publicação	UNKNOWN STEP	2026-10-08T22:00:26.0927846Z ##[group]✅ exibe a mensagem inicial
Avaliar a mesma candidata / Verificar e compilar web sem permissões de publicação	UNKNOWN STEP	2026-10-08T22:00:26.0929150Z -------------------------------------------------------------------------------
Avaliar a mesma candidata / Verificar e compilar web sem permissões de publicação	UNKNOWN STEP	2026-10-08T22:00:26.0930223Z The Shorebird Updater is unavailable in the current environment.
Avaliar a mesma candidata / Verificar e compilar web sem permissões de publicação	UNKNOWN STEP	2026-10-08T22:00:26.0931856Z -------------------------------------------------------------------------------
Avaliar a mesma candidata / Verificar e compilar web sem permissões de publicação	UNKNOWN STEP	2026-10-08T22:00:26.0932935Z This occurs when using pkg:shorebird_code_push in an app that does not
Avaliar a mesma candidata / Verificar e compilar web sem permissões de publicação	UNKNOWN STEP	2026-10-08T22:00:26.0934128Z contain the Shorebird Engine. Most commonly this is due to building with
Avaliar a mesma candidata / Verificar e compilar web sem permissões de publicação	UNKNOWN STEP	2026-10-08T22:00:26.0935466Z `flutter build` or `flutter run` instead of `shorebird release` or `shorebird preview`.
Avaliar a mesma candidata / Verificar e compilar web sem permissões de publicação	UNKNOWN STEP	2026-10-08T22:00:26.0936972Z It can also occur when running on an unsupported platform (e.g. web).
Avaliar a mesma candidata / Verificar e compilar web sem permissões de publicação	UNKNOWN STEP	2026-10-08T22:00:26.0937791Z 
Avaliar a mesma candidata / Verificar e compilar web sem permissões de publicação	UNKNOWN STEP	2026-10-08T22:00:26.0938326Z -------------------------------------------------------------------------------
Avaliar a mesma candidata / Verificar e compilar web sem permissões de publicação	UNKNOWN STEP	2026-10-08T22:00:26.0939411Z The Shorebird Updater is unavailable in the current environment.
Avaliar a mesma candidata / Verificar e compilar web sem permissões de publicação	UNKNOWN STEP	2026-10-08T22:00:26.0940463Z -------------------------------------------------------------------------------
Avaliar a mesma candidata / Verificar e compilar web sem permissões de publicação	UNKNOWN STEP	2026-10-08T22:00:26.0941483Z This occurs when using pkg:shorebird_code_push in an app that does not
Avaliar a mesma candidata / Verificar e compilar web sem permissões de publicação	UNKNOWN STEP	2026-10-08T22:00:26.0942590Z contain the Shorebird Engine. Most commonly this is due to building with
Avaliar a mesma candidata / Verificar e compilar web sem permissões de publicação	UNKNOWN STEP	2026-10-08T22:00:26.0943812Z `flutter build` or `flutter run` instead of `shorebird release` or `shorebird preview`.
Avaliar a mesma candidata / Verificar e compilar web sem permissões de publicação	UNKNOWN STEP	2026-10-08T22:00:26.0945024Z It can also occur when running on an unsupported platform (e.g. web).
Avaliar a mesma candidata / Verificar e compilar web sem permissões de publicação	UNKNOWN STEP	2026-10-08T22:00:26.0945765Z 
Avaliar a mesma candidata / Verificar e compilar web sem permissões de publicação	UNKNOWN STEP	2026-10-08T22:00:26.0946462Z ##[endgroup]
Avaliar a mesma candidata / Verificar e compilar web sem permissões de publicação	UNKNOWN STEP	2026-10-08T22:00:26.1119701Z 
Avaliar a mesma candidata / Verificar e compilar web sem permissões de publicação	UNKNOWN STEP	2026-10-08T22:00:26.1125539Z 🎉 1 test passed.
Avaliar a mesma candidata / Verificar e compilar web sem permissões de publicação	UNKNOWN STEP	2026-10-08T22:00:26.1724559Z ##[group]Run python3 trusted/deploy/pages_preview.py build --repo app --source-sha "$SOURCE_SHA" --site "$RUNNER_TEMP/new-pages-site" > "$RUNNER_TEMP/pages-build-metadata.json"
Avaliar a mesma candidata / Verificar e compilar web sem permissões de publicação	UNKNOWN STEP	2026-10-08T22:00:26.1725795Z ^[[36;1mpython3 trusted/deploy/pages_preview.py build --repo app --source-sha "$SOURCE_SHA" --site "$RUNNER_TEMP/new-pages-site" > "$RUNNER_TEMP/pages-build-metadata.json"^[[0m
Avaliar a mesma candidata / Verificar e compilar web sem permissões de publicação	UNKNOWN STEP	2026-10-08T22:00:26.1789622Z shell: /usr/bin/bash -e {0}
Avaliar a mesma candidata / Verificar e compilar web sem permissões de publicação	UNKNOWN STEP	2026-10-08T22:00:26.1789869Z env:
Avaliar a mesma candidata / Verificar e compilar web sem permissões de publicação	UNKNOWN STEP	2026-10-08T22:00:26.1790123Z   SOURCE_SHA: 9c4ad37fc415a98ef2a8cfdc5be8d5cf97fe35b0
Avaliar a mesma candidata / Verificar e compilar web sem permissões de publicação	UNKNOWN STEP	2026-10-08T22:00:26.1790448Z ##[endgroup]
Avaliar a mesma candidata / Verificar e compilar web sem permissões de publicação	UNKNOWN STEP	2026-10-08T22:00:26.5345588Z Resolving dependencies...
Avaliar a mesma candidata / Verificar e compilar web sem permissões de publicação	UNKNOWN STEP	2026-10-08T22:00:26.5586355Z Downloading packages...
Avaliar a mesma candidata / Verificar e compilar web sem permissões de publicação	UNKNOWN STEP	2026-10-08T22:00:26.5598497Z   clock 1.1.2 (1.1.3 available)
Avaliar a mesma candidata / Verificar e compilar web sem permissões de publicação	UNKNOWN STEP	2026-10-08T22:00:26.5598917Z   cupertino_icons 1.0.9 (2.0.0 available)
Avaliar a mesma candidata / Verificar e compilar web sem permissões de publicação	UNKNOWN STEP	2026-10-08T22:00:26.5599350Z   matcher 0.12.19 (0.12.20 available)
Avaliar a mesma candidata / Verificar e compilar web sem permissões de publicação	UNKNOWN STEP	2026-10-08T22:00:26.5599736Z   material_color_utilities 0.13.0 (0.13.1 available)
Avaliar a mesma candidata / Verificar e compilar web sem permissões de publicação	UNKNOWN STEP	2026-10-08T22:00:26.5600416Z   meta 1.18.0 (1.19.0 available)
Avaliar a mesma candidata / Verificar e compilar web sem permissões de publicação	UNKNOWN STEP	2026-10-08T22:00:26.5600752Z   stack_trace 1.12.1 (1.12.2 available)
Avaliar a mesma candidata / Verificar e compilar web sem permissões de publicação	UNKNOWN STEP	2026-10-08T22:00:26.5601095Z   test_api 0.7.11 (0.7.15 available)
Avaliar a mesma candidata / Verificar e compilar web sem permissões de publicação	UNKNOWN STEP	2026-10-08T22:00:26.5601427Z   vector_math 2.2.0 (2.4.3 available)
Avaliar a mesma candidata / Verificar e compilar web sem permissões de publicação	UNKNOWN STEP	2026-10-08T22:00:26.5601759Z   vm_service 15.2.0 (15.3.0 available)
Avaliar a mesma candidata / Verificar e compilar web sem permissões de publicação	UNKNOWN STEP	2026-10-08T22:00:26.5602096Z Got dependencies!
Avaliar a mesma candidata / Verificar e compilar web sem permissões de publicação	UNKNOWN STEP	2026-10-08T22:00:26.5602524Z 9 packages have newer versions incompatible with dependency constraints.
Avaliar a mesma candidata / Verificar e compilar web sem permissões de publicação	UNKNOWN STEP	2026-10-08T22:00:26.5603073Z Try `flutter pub outdated` for more information.
Avaliar a mesma candidata / Verificar e compilar web sem permissões de publicação	UNKNOWN STEP	2026-10-08T22:00:28.1708491Z [1/1] Web SDK                                                    1,275ms
Avaliar a mesma candidata / Verificar e compilar web sem permissões de publicação	UNKNOWN STEP	2026-10-08T22:00:28.9522031Z Resolving dependencies...
Avaliar a mesma candidata / Verificar e compilar web sem permissões de publicação	UNKNOWN STEP	2026-10-08T22:00:28.9763973Z Downloading packages...
Avaliar a mesma candidata / Verificar e compilar web sem permissões de publicação	UNKNOWN STEP	2026-10-08T22:00:28.9776397Z   clock 1.1.2 (1.1.3 available)
Avaliar a mesma candidata / Verificar e compilar web sem permissões de publicação	UNKNOWN STEP	2026-10-08T22:00:28.9777082Z   cupertino_icons 1.0.9 (2.0.0 available)
Avaliar a mesma candidata / Verificar e compilar web sem permissões de publicação	UNKNOWN STEP	2026-10-08T22:00:28.9777611Z   matcher 0.12.19 (0.12.20 available)
Avaliar a mesma candidata / Verificar e compilar web sem permissões de publicação	UNKNOWN STEP	2026-10-08T22:00:28.9778158Z   material_color_utilities 0.13.0 (0.13.1 available)
Avaliar a mesma candidata / Verificar e compilar web sem permissões de publicação	UNKNOWN STEP	2026-10-08T22:00:28.9778702Z   meta 1.18.0 (1.19.0 available)
Avaliar a mesma candidata / Verificar e compilar web sem permissões de publicação	UNKNOWN STEP	2026-10-08T22:00:28.9779129Z   stack_trace 1.12.1 (1.12.2 available)
Avaliar a mesma candidata / Verificar e compilar web sem permissões de publicação	UNKNOWN STEP	2026-10-08T22:00:28.9779600Z   test_api 0.7.11 (0.7.15 available)
Avaliar a mesma candidata / Verificar e compilar web sem permissões de publicação	UNKNOWN STEP	2026-10-08T22:00:28.9780063Z   vector_math 2.2.0 (2.4.3 available)
Avaliar a mesma candidata / Verificar e compilar web sem permissões de publicação	UNKNOWN STEP	2026-10-08T22:00:28.9780532Z   vm_service 15.2.0 (15.3.0 available)
Avaliar a mesma candidata / Verificar e compilar web sem permissões de publicação	UNKNOWN STEP	2026-10-08T22:00:28.9780978Z Got dependencies!
Avaliar a mesma candidata / Verificar e compilar web sem permissões de publicação	UNKNOWN STEP	2026-10-08T22:00:28.9781620Z 9 packages have newer versions incompatible with dependency constraints.
Avaliar a mesma candidata / Verificar e compilar web sem permissões de publicação	UNKNOWN STEP	2026-10-08T22:00:28.9782364Z Try `flutter pub outdated` for more information.
Avaliar a mesma candidata / Verificar e compilar web sem permissões de publicação	UNKNOWN STEP	2026-10-08T22:00:54.8655973Z Compiling lib/main.dart for the Web...                          
Avaliar a mesma candidata / Verificar e compilar web sem permissões de publicação	UNKNOWN STEP	2026-10-08T22:00:54.8665129Z Wasm dry run succeeded. Consider building and testing your application with the `--wasm` flag. See docs for more info: https://docs.flutter.dev/platform-integration/web/wasm
Avaliar a mesma candidata / Verificar e compilar web sem permissões de publicação	UNKNOWN STEP	2026-10-08T22:00:54.8666208Z Use --no-wasm-dry-run to disable these warnings.
Avaliar a mesma candidata / Verificar e compilar web sem permissões de publicação	UNKNOWN STEP	2026-10-08T22:00:56.2725070Z Font asset "CupertinoIcons.ttf" was tree-shaken, reducing it from 257628 to 1472 bytes (99.4% reduction). Tree-shaking can be disabled by providing the --no-tree-shake-icons flag when building your app.
Avaliar a mesma candidata / Verificar e compilar web sem permissões de publicação	UNKNOWN STEP	2026-10-08T22:00:56.2737828Z Font asset "MaterialIcons-Regular.otf" was tree-shaken, reducing it from 1645184 to 7856 bytes (99.5% reduction). Tree-shaking can be disabled by providing the --no-tree-shake-icons flag when building your app.
Avaliar a mesma candidata / Verificar e compilar web sem permissões de publicação	UNKNOWN STEP	2026-10-08T22:00:56.5362999Z Compiling lib/main.dart for the Web...                             27.4s
Avaliar a mesma candidata / Verificar e compilar web sem permissões de publicação	UNKNOWN STEP	2026-10-08T22:00:56.5371528Z ✓ Built build/web
Avaliar a mesma candidata / Verificar e compilar web sem permissões de publicação	UNKNOWN STEP	2026-10-08T22:00:56.7844799Z ##[group]Run actions/upload-artifact@ea165f8d65b6e75b540449e92b4886f43607fa02
Avaliar a mesma candidata / Verificar e compilar web sem permissões de publicação	UNKNOWN STEP	2026-10-08T22:00:56.7845228Z with:
Avaliar a mesma candidata / Verificar e compilar web sem permissões de publicação	UNKNOWN STEP	2026-10-08T22:00:56.7845434Z   name: release-lab-built-web
Avaliar a mesma candidata / Verificar e compilar web sem permissões de publicação	UNKNOWN STEP	2026-10-08T22:00:56.7845723Z   path: /home/runner/work/_temp/new-pages-site/
Avaliar a mesma candidata / Verificar e compilar web sem permissões de publicação	UNKNOWN STEP	2026-10-08T22:00:56.7846041Z   if-no-files-found: error
Avaliar a mesma candidata / Verificar e compilar web sem permissões de publicação	UNKNOWN STEP	2026-10-08T22:00:56.7846275Z   retention-days: 90
Avaliar a mesma candidata / Verificar e compilar web sem permissões de publicação	UNKNOWN STEP	2026-10-08T22:00:56.7846484Z   overwrite: false
Avaliar a mesma candidata / Verificar e compilar web sem permissões de publicação	UNKNOWN STEP	2026-10-08T22:00:56.7846902Z   compression-level: 6
Avaliar a mesma candidata / Verificar e compilar web sem permissões de publicação	UNKNOWN STEP	2026-10-08T22:00:56.7847129Z   include-hidden-files: false
Avaliar a mesma candidata / Verificar e compilar web sem permissões de publicação	UNKNOWN STEP	2026-10-08T22:00:56.7847366Z ##[endgroup]
Avaliar a mesma candidata / Verificar e compilar web sem permissões de publicação	UNKNOWN STEP	2026-10-08T22:00:56.9474583Z (node:3168) [DEP0040] DeprecationWarning: The `punycode` module is deprecated. Please use a userland alternative instead.
Avaliar a mesma candidata / Verificar e compilar web sem permissões de publicação	UNKNOWN STEP	2026-10-08T22:00:56.9475319Z (Use `node --trace-deprecation ...` to show where the warning was created)
Avaliar a mesma candidata / Verificar e compilar web sem permissões de publicação	UNKNOWN STEP	2026-10-08T22:00:56.9697354Z With the provided path, there will be 43 files uploaded
Avaliar a mesma candidata / Verificar e compilar web sem permissões de publicação	UNKNOWN STEP	2026-10-08T22:00:56.9698860Z Artifact name is valid!
Avaliar a mesma candidata / Verificar e compilar web sem permissões de publicação	UNKNOWN STEP	2026-10-08T22:00:56.9699627Z Root directory input is valid!
Avaliar a mesma candidata / Verificar e compilar web sem permissões de publicação	UNKNOWN STEP	2026-10-08T22:00:57.2838883Z Beginning upload of artifact content to blob storage
Avaliar a mesma candidata / Verificar e compilar web sem permissões de publicação	UNKNOWN STEP	2026-10-08T22:00:58.0575910Z (node:3168) [DEP0169] DeprecationWarning: `url.parse()` behavior is not standardized and prone to errors that have security implications. Use the WHATWG URL API instead. CVEs are not issued for `url.parse()` vulnerabilities.
Avaliar a mesma candidata / Verificar e compilar web sem permissões de publicação	UNKNOWN STEP	2026-10-08T22:00:58.7430256Z Uploaded bytes 8388608
Avaliar a mesma candidata / Verificar e compilar web sem permissões de publicação	UNKNOWN STEP	2026-10-08T22:00:58.9594272Z Uploaded bytes 14134465
Avaliar a mesma candidata / Verificar e compilar web sem permissões de publicação	UNKNOWN STEP	2026-10-08T22:00:59.0157475Z Finished uploading artifact content to blob storage!
Avaliar a mesma candidata / Verificar e compilar web sem permissões de publicação	UNKNOWN STEP	2026-10-08T22:00:59.0158986Z SHA256 digest of uploaded artifact zip is 210953b538c82b93ceb15f896bb19591223b709ef1790b1c0619068f705ecf97
Avaliar a mesma candidata / Verificar e compilar web sem permissões de publicação	UNKNOWN STEP	2026-10-08T22:00:59.0160729Z Finalizing artifact upload
Avaliar a mesma candidata / Verificar e compilar web sem permissões de publicação	UNKNOWN STEP	2026-10-08T22:00:59.2653942Z Artifact release-lab-built-web.zip successfully finalized. Artifact ID 11582045238
Avaliar a mesma candidata / Verificar e compilar web sem permissões de publicação	UNKNOWN STEP	2026-10-08T22:00:59.2654950Z Artifact release-lab-built-web has been successfully uploaded! Final size is 14134465 bytes. Artifact ID is 11582045238
Avaliar a mesma candidata / Verificar e compilar web sem permissões de publicação	UNKNOWN STEP	2026-10-08T22:00:59.2661067Z Artifact download URL: https://github.com/israelhudson/flutter_code_push_example/actions/runs/37850467026/artifacts/11582045238
Avaliar a mesma candidata / Verificar e compilar web sem permissões de publicação	UNKNOWN STEP	2026-10-08T22:00:59.2878043Z Post job cleanup.
Avaliar a mesma candidata / Verificar e compilar web sem permissões de publicação	UNKNOWN STEP	2026-10-08T22:00:59.3743424Z [command]/usr/bin/git version
Avaliar a mesma candidata / Verificar e compilar web sem permissões de publicação	UNKNOWN STEP	2026-10-08T22:00:59.3789075Z git version 2.55.0
Avaliar a mesma candidata / Verificar e compilar web sem permissões de publicação	UNKNOWN STEP	2026-10-08T22:00:59.3832903Z Temporarily overriding HOME='/home/runner/work/_temp/01a54abd-1826-4e05-8ec2-f5dc8ec4670d' before making global git config changes
Avaliar a mesma candidata / Verificar e compilar web sem permissões de publicação	UNKNOWN STEP	2026-10-08T22:00:59.3833877Z Adding repository directory to the temporary git global config as a safe directory
Avaliar a mesma candidata / Verificar e compilar web sem permissões de publicação	UNKNOWN STEP	2026-10-08T22:00:59.3839279Z [command]/usr/bin/git config --global --add safe.directory /home/runner/work/flutter_code_push_example/flutter_code_push_example/app
Avaliar a mesma candidata / Verificar e compilar web sem permissões de publicação	UNKNOWN STEP	2026-10-08T22:00:59.3879162Z [command]/usr/bin/git config --local --name-only --get-regexp core\.sshCommand
Avaliar a mesma candidata / Verificar e compilar web sem permissões de publicação	UNKNOWN STEP	2026-10-08T22:00:59.3913754Z [command]/usr/bin/git submodule foreach --recursive sh -c "git config --local --name-only --get-regexp 'core\.sshCommand' && git config --local --unset-all 'core.sshCommand' || :"
Avaliar a mesma candidata / Verificar e compilar web sem permissões de publicação	UNKNOWN STEP	2026-10-08T22:00:59.4157718Z [command]/usr/bin/git config --local --name-only --get-regexp http\.https\:\/\/github\.com\/\.extraheader
Avaliar a mesma candidata / Verificar e compilar web sem permissões de publicação	UNKNOWN STEP	2026-10-08T22:00:59.4194807Z [command]/usr/bin/git submodule foreach --recursive sh -c "git config --local --name-only --get-regexp 'http\.https\:\/\/github\.com\/\.extraheader' && git config --local --unset-all 'http.https://github.com/.extraheader' || :"
Avaliar a mesma candidata / Verificar e compilar web sem permissões de publicação	UNKNOWN STEP	2026-10-08T22:00:59.4459862Z [command]/usr/bin/git config --local --name-only --get-regexp ^includeIf\.gitdir:
Avaliar a mesma candidata / Verificar e compilar web sem permissões de publicação	UNKNOWN STEP	2026-10-08T22:00:59.4493863Z [command]/usr/bin/git submodule foreach --recursive git config --local --show-origin --name-only --get-regexp remote.origin.url
Avaliar a mesma candidata / Verificar e compilar web sem permissões de publicação	UNKNOWN STEP	2026-10-08T22:00:59.4920135Z Post job cleanup.
Avaliar a mesma candidata / Verificar e compilar web sem permissões de publicação	UNKNOWN STEP	2026-10-08T22:00:59.5752877Z [command]/usr/bin/git version
Avaliar a mesma candidata / Verificar e compilar web sem permissões de publicação	UNKNOWN STEP	2026-10-08T22:00:59.5798198Z git version 2.55.0
Avaliar a mesma candidata / Verificar e compilar web sem permissões de publicação	UNKNOWN STEP	2026-10-08T22:00:59.5841708Z Temporarily overriding HOME='/home/runner/work/_temp/f7a3a2a6-fc97-47e1-97ab-8f46a0bd0464' before making global git config changes
Avaliar a mesma candidata / Verificar e compilar web sem permissões de publicação	UNKNOWN STEP	2026-10-08T22:00:59.5842746Z Adding repository directory to the temporary git global config as a safe directory
Avaliar a mesma candidata / Verificar e compilar web sem permissões de publicação	UNKNOWN STEP	2026-10-08T22:00:59.5848224Z [command]/usr/bin/git config --global --add safe.directory /home/runner/work/flutter_code_push_example/flutter_code_push_example/trusted
Avaliar a mesma candidata / Verificar e compilar web sem permissões de publicação	UNKNOWN STEP	2026-10-08T22:00:59.5887367Z [command]/usr/bin/git config --local --name-only --get-regexp core\.sshCommand
Avaliar a mesma candidata / Verificar e compilar web sem permissões de publicação	UNKNOWN STEP	2026-10-08T22:00:59.5922182Z [command]/usr/bin/git submodule foreach --recursive sh -c "git config --local --name-only --get-regexp 'core\.sshCommand' && git config --local --unset-all 'core.sshCommand' || :"
Avaliar a mesma candidata / Verificar e compilar web sem permissões de publicação	UNKNOWN STEP	2026-10-08T22:00:59.6172667Z [command]/usr/bin/git config --local --name-only --get-regexp http\.https\:\/\/github\.com\/\.extraheader
Avaliar a mesma candidata / Verificar e compilar web sem permissões de publicação	UNKNOWN STEP	2026-10-08T22:00:59.6207280Z [command]/usr/bin/git submodule foreach --recursive sh -c "git config --local --name-only --get-regexp 'http\.https\:\/\/github\.com\/\.extraheader' && git config --local --unset-all 'http.https://github.com/.extraheader' || :"
Avaliar a mesma candidata / Verificar e compilar web sem permissões de publicação	UNKNOWN STEP	2026-10-08T22:00:59.6499696Z [command]/usr/bin/git config --local --name-only --get-regexp ^includeIf\.gitdir:
Avaliar a mesma candidata / Verificar e compilar web sem permissões de publicação	UNKNOWN STEP	2026-10-08T22:00:59.6530552Z [command]/usr/bin/git submodule foreach --recursive git config --local --show-origin --name-only --get-regexp remote.origin.url
Avaliar a mesma candidata / Verificar e compilar web sem permissões de publicação	UNKNOWN STEP	2026-10-08T22:00:59.6920851Z Cleaning up orphan processes
Avaliar a mesma candidata / Verificar e compilar web sem permissões de publicação	UNKNOWN STEP	2026-10-08T22:00:59.7322913Z ##[warning]Node.js 20 is deprecated. The following actions target Node.js 20 but are being forced to run on Node.js 24: actions/checkout@11d5960a326750d5838078e36cf38b85af677262, actions/upload-artifact@ea165f8d65b6e75b540449e92b4886f43607fa02. For more information see: https://github.blog/changelog/2025-09-19-deprecation-of-node-20-on-github-actions-runners/
Avaliar a mesma candidata / Publicar bytes verificados, confirmar preview e changelog	UNKNOWN STEP	﻿2026-10-08T22:01:06.7796734Z Current runner version: '2.337.0'
Avaliar a mesma candidata / Publicar bytes verificados, confirmar preview e changelog	UNKNOWN STEP	2026-10-08T22:01:06.7834539Z ##[group]Runner Image Provisioner
Avaliar a mesma candidata / Publicar bytes verificados, confirmar preview e changelog	UNKNOWN STEP	2026-10-08T22:01:06.7836024Z Hosted Compute Agent
Avaliar a mesma candidata / Publicar bytes verificados, confirmar preview e changelog	UNKNOWN STEP	2026-10-08T22:01:06.7837154Z Version: 20261002.596
Avaliar a mesma candidata / Publicar bytes verificados, confirmar preview e changelog	UNKNOWN STEP	2026-10-08T22:01:06.7838378Z Commit: c3d12f3313a95f25162a1503be624f3b0617f8c0
Avaliar a mesma candidata / Publicar bytes verificados, confirmar preview e changelog	UNKNOWN STEP	2026-10-08T22:01:06.7839891Z Build Date: 2026-10-02T22:28:27Z
Avaliar a mesma candidata / Publicar bytes verificados, confirmar preview e changelog	UNKNOWN STEP	2026-10-08T22:01:06.7841532Z Worker ID: {138a2faa-41e2-447b-b229-53f916c4c6f9}
Avaliar a mesma candidata / Publicar bytes verificados, confirmar preview e changelog	UNKNOWN STEP	2026-10-08T22:01:06.7842800Z Region: centralus
Avaliar a mesma candidata / Publicar bytes verificados, confirmar preview e changelog	UNKNOWN STEP	2026-10-08T22:01:06.7843400Z Cloud: Azure
Avaliar a mesma candidata / Publicar bytes verificados, confirmar preview e changelog	UNKNOWN STEP	2026-10-08T22:01:06.7843953Z ##[endgroup]
Avaliar a mesma candidata / Publicar bytes verificados, confirmar preview e changelog	UNKNOWN STEP	2026-10-08T22:01:06.7845563Z ##[group]Operating System
Avaliar a mesma candidata / Publicar bytes verificados, confirmar preview e changelog	UNKNOWN STEP	2026-10-08T22:01:06.7846229Z Ubuntu
Avaliar a mesma candidata / Publicar bytes verificados, confirmar preview e changelog	UNKNOWN STEP	2026-10-08T22:01:06.7846748Z 24.04.5
Avaliar a mesma candidata / Publicar bytes verificados, confirmar preview e changelog	UNKNOWN STEP	2026-10-08T22:01:06.7847370Z LTS
Avaliar a mesma candidata / Publicar bytes verificados, confirmar preview e changelog	UNKNOWN STEP	2026-10-08T22:01:06.7847899Z ##[endgroup]
Avaliar a mesma candidata / Publicar bytes verificados, confirmar preview e changelog	UNKNOWN STEP	2026-10-08T22:01:06.7848585Z ##[group]Runner Image
Avaliar a mesma candidata / Publicar bytes verificados, confirmar preview e changelog	UNKNOWN STEP	2026-10-08T22:01:06.7849194Z Image: ubuntu-24.04
Avaliar a mesma candidata / Publicar bytes verificados, confirmar preview e changelog	UNKNOWN STEP	2026-10-08T22:01:06.7849765Z Version: 20261004.327.1
Avaliar a mesma candidata / Publicar bytes verificados, confirmar preview e changelog	UNKNOWN STEP	2026-10-08T22:01:06.7851472Z Included Software: https://github.com/actions/runner-images/blob/ubuntu24/20261004.327/images/ubuntu/Ubuntu2404-Readme.md
Avaliar a mesma candidata / Publicar bytes verificados, confirmar preview e changelog	UNKNOWN STEP	2026-10-08T22:01:06.7853173Z Image Release: https://github.com/actions/runner-images/releases/tag/ubuntu24%2F20261004.327
Avaliar a mesma candidata / Publicar bytes verificados, confirmar preview e changelog	UNKNOWN STEP	2026-10-08T22:01:06.7854168Z ##[endgroup]
Avaliar a mesma candidata / Publicar bytes verificados, confirmar preview e changelog	UNKNOWN STEP	2026-10-08T22:01:06.7855487Z ##[group]GITHUB_TOKEN Permissions
Avaliar a mesma candidata / Publicar bytes verificados, confirmar preview e changelog	UNKNOWN STEP	2026-10-08T22:01:06.7857879Z Actions: read
Avaliar a mesma candidata / Publicar bytes verificados, confirmar preview e changelog	UNKNOWN STEP	2026-10-08T22:01:06.7858522Z Contents: write
Avaliar a mesma candidata / Publicar bytes verificados, confirmar preview e changelog	UNKNOWN STEP	2026-10-08T22:01:06.7859191Z Metadata: read
Avaliar a mesma candidata / Publicar bytes verificados, confirmar preview e changelog	UNKNOWN STEP	2026-10-08T22:01:06.7859762Z Pages: write
Avaliar a mesma candidata / Publicar bytes verificados, confirmar preview e changelog	UNKNOWN STEP	2026-10-08T22:01:06.7860702Z ##[endgroup]
Avaliar a mesma candidata / Publicar bytes verificados, confirmar preview e changelog	UNKNOWN STEP	2026-10-08T22:01:06.7862882Z Secret source: Actions
Avaliar a mesma candidata / Publicar bytes verificados, confirmar preview e changelog	UNKNOWN STEP	2026-10-08T22:01:06.7863975Z Cache mode: write
Avaliar a mesma candidata / Publicar bytes verificados, confirmar preview e changelog	UNKNOWN STEP	2026-10-08T22:01:06.7865086Z Prepare workflow directory
Avaliar a mesma candidata / Publicar bytes verificados, confirmar preview e changelog	UNKNOWN STEP	2026-10-08T22:01:06.8275415Z Prepare all required actions
Avaliar a mesma candidata / Publicar bytes verificados, confirmar preview e changelog	UNKNOWN STEP	2026-10-08T22:01:06.8346460Z Getting action download info
Avaliar a mesma candidata / Publicar bytes verificados, confirmar preview e changelog	UNKNOWN STEP	2026-10-08T22:01:07.1036495Z Download action repository 'actions/checkout@11d5960a326750d5838078e36cf38b85af677262' (SHA:11d5960a326750d5838078e36cf38b85af677262)
Avaliar a mesma candidata / Publicar bytes verificados, confirmar preview e changelog	UNKNOWN STEP	2026-10-08T22:01:07.2345558Z Download action repository 'actions/download-artifact@d3f86a106a0bac45b974a628896c90dbdf5c8093' (SHA:d3f86a106a0bac45b974a628896c90dbdf5c8093)
Avaliar a mesma candidata / Publicar bytes verificados, confirmar preview e changelog	UNKNOWN STEP	2026-10-08T22:01:07.7123021Z Download action repository 'actions/upload-pages-artifact@7b1f4a764d45c48632c6b24a0339c27f5614fb0b' (SHA:7b1f4a764d45c48632c6b24a0339c27f5614fb0b)
Avaliar a mesma candidata / Publicar bytes verificados, confirmar preview e changelog	UNKNOWN STEP	2026-10-08T22:01:07.8853074Z Download action repository 'actions/deploy-pages@d6db90164ac5ed86f2b6aed7e0febac5b3c0c03e' (SHA:d6db90164ac5ed86f2b6aed7e0febac5b3c0c03e)
Avaliar a mesma candidata / Publicar bytes verificados, confirmar preview e changelog	UNKNOWN STEP	2026-10-08T22:01:08.4509261Z Download action repository 'actions/upload-artifact@ea165f8d65b6e75b540449e92b4886f43607fa02' (SHA:ea165f8d65b6e75b540449e92b4886f43607fa02)
Avaliar a mesma candidata / Publicar bytes verificados, confirmar preview e changelog	UNKNOWN STEP	2026-10-08T22:01:08.6508680Z Getting action download info
Avaliar a mesma candidata / Publicar bytes verificados, confirmar preview e changelog	UNKNOWN STEP	2026-10-08T22:01:08.7643422Z Uses: israelhudson/flutter_code_push_example/.github/workflows/release-lab-evaluate.yml@refs/heads/main (9c4ad37fc415a98ef2a8cfdc5be8d5cf97fe35b0)
Avaliar a mesma candidata / Publicar bytes verificados, confirmar preview e changelog	UNKNOWN STEP	2026-10-08T22:01:08.7648458Z ##[group] Inputs
Avaliar a mesma candidata / Publicar bytes verificados, confirmar preview e changelog	UNKNOWN STEP	2026-10-08T22:01:08.7648893Z   candidate_tag: v1.5.0-rc.1
Avaliar a mesma candidata / Publicar bytes verificados, confirmar preview e changelog	UNKNOWN STEP	2026-10-08T22:01:08.7649283Z   version: 1.5.0
Avaliar a mesma candidata / Publicar bytes verificados, confirmar preview e changelog	UNKNOWN STEP	2026-10-08T22:01:08.7649739Z   title: Ensaio de rejeição, correção e promoção no GitHub
Avaliar a mesma candidata / Publicar bytes verificados, confirmar preview e changelog	UNKNOWN STEP	2026-10-08T22:01:08.7650534Z ##[endgroup]
Avaliar a mesma candidata / Publicar bytes verificados, confirmar preview e changelog	UNKNOWN STEP	2026-10-08T22:01:08.7651136Z Complete job name: Avaliar a mesma candidata / Publicar bytes verificados, confirmar preview e changelog
Avaliar a mesma candidata / Publicar bytes verificados, confirmar preview e changelog	UNKNOWN STEP	2026-10-08T22:01:08.8447539Z ##[group]Run actions/checkout@11d5960a326750d5838078e36cf38b85af677262
Avaliar a mesma candidata / Publicar bytes verificados, confirmar preview e changelog	UNKNOWN STEP	2026-10-08T22:01:08.8448420Z with:
Avaliar a mesma candidata / Publicar bytes verificados, confirmar preview e changelog	UNKNOWN STEP	2026-10-08T22:01:08.8448831Z   ref: 9c4ad37fc415a98ef2a8cfdc5be8d5cf97fe35b0
Avaliar a mesma candidata / Publicar bytes verificados, confirmar preview e changelog	UNKNOWN STEP	2026-10-08T22:01:08.8449296Z   path: trusted
Avaliar a mesma candidata / Publicar bytes verificados, confirmar preview e changelog	UNKNOWN STEP	2026-10-08T22:01:08.8449629Z   fetch-depth: 0
Avaliar a mesma candidata / Publicar bytes verificados, confirmar preview e changelog	UNKNOWN STEP	2026-10-08T22:01:08.8449972Z   persist-credentials: false
Avaliar a mesma candidata / Publicar bytes verificados, confirmar preview e changelog	UNKNOWN STEP	2026-10-08T22:01:08.8450698Z   repository: israelhudson/flutter_code_push_example
Avaliar a mesma candidata / Publicar bytes verificados, confirmar preview e changelog	UNKNOWN STEP	2026-10-08T22:01:08.8453650Z   token: ***
Avaliar a mesma candidata / Publicar bytes verificados, confirmar preview e changelog	UNKNOWN STEP	2026-10-08T22:01:08.8453983Z   ssh-strict: true
Avaliar a mesma candidata / Publicar bytes verificados, confirmar preview e changelog	UNKNOWN STEP	2026-10-08T22:01:08.8454306Z   ssh-user: git
Avaliar a mesma candidata / Publicar bytes verificados, confirmar preview e changelog	UNKNOWN STEP	2026-10-08T22:01:08.8454616Z   clean: true
Avaliar a mesma candidata / Publicar bytes verificados, confirmar preview e changelog	UNKNOWN STEP	2026-10-08T22:01:08.8454958Z   sparse-checkout-cone-mode: true
Avaliar a mesma candidata / Publicar bytes verificados, confirmar preview e changelog	UNKNOWN STEP	2026-10-08T22:01:08.8455339Z   fetch-tags: false
Avaliar a mesma candidata / Publicar bytes verificados, confirmar preview e changelog	UNKNOWN STEP	2026-10-08T22:01:08.8455673Z   show-progress: true
Avaliar a mesma candidata / Publicar bytes verificados, confirmar preview e changelog	UNKNOWN STEP	2026-10-08T22:01:08.8456005Z   lfs: false
Avaliar a mesma candidata / Publicar bytes verificados, confirmar preview e changelog	UNKNOWN STEP	2026-10-08T22:01:08.8456587Z   submodules: false
Avaliar a mesma candidata / Publicar bytes verificados, confirmar preview e changelog	UNKNOWN STEP	2026-10-08T22:01:08.8456923Z   set-safe-directory: true
Avaliar a mesma candidata / Publicar bytes verificados, confirmar preview e changelog	UNKNOWN STEP	2026-10-08T22:01:08.8457304Z   allow-unsafe-pr-checkout: false
Avaliar a mesma candidata / Publicar bytes verificados, confirmar preview e changelog	UNKNOWN STEP	2026-10-08T22:01:08.8458070Z ##[endgroup]
Avaliar a mesma candidata / Publicar bytes verificados, confirmar preview e changelog	UNKNOWN STEP	2026-10-08T22:01:08.9554668Z Syncing repository: israelhudson/flutter_code_push_example
Avaliar a mesma candidata / Publicar bytes verificados, confirmar preview e changelog	UNKNOWN STEP	2026-10-08T22:01:08.9557242Z ##[group]Getting Git version info
Avaliar a mesma candidata / Publicar bytes verificados, confirmar preview e changelog	UNKNOWN STEP	2026-10-08T22:01:08.9558370Z Working directory is '/home/runner/work/flutter_code_push_example/flutter_code_push_example/trusted'
Avaliar a mesma candidata / Publicar bytes verificados, confirmar preview e changelog	UNKNOWN STEP	2026-10-08T22:01:08.9560077Z [command]/usr/bin/git version
Avaliar a mesma candidata / Publicar bytes verificados, confirmar preview e changelog	UNKNOWN STEP	2026-10-08T22:01:08.9636854Z git version 2.55.0
Avaliar a mesma candidata / Publicar bytes verificados, confirmar preview e changelog	UNKNOWN STEP	2026-10-08T22:01:08.9661785Z ##[endgroup]
Avaliar a mesma candidata / Publicar bytes verificados, confirmar preview e changelog	UNKNOWN STEP	2026-10-08T22:01:08.9679483Z Temporarily overriding HOME='/home/runner/work/_temp/cbe1f2d6-31c8-4e9f-95ec-cbfd80984979' before making global git config changes
Avaliar a mesma candidata / Publicar bytes verificados, confirmar preview e changelog	UNKNOWN STEP	2026-10-08T22:01:08.9681577Z Adding repository directory to the temporary git global config as a safe directory
Avaliar a mesma candidata / Publicar bytes verificados, confirmar preview e changelog	UNKNOWN STEP	2026-10-08T22:01:08.9687856Z [command]/usr/bin/git config --global --add safe.directory /home/runner/work/flutter_code_push_example/flutter_code_push_example/trusted
Avaliar a mesma candidata / Publicar bytes verificados, confirmar preview e changelog	UNKNOWN STEP	2026-10-08T22:01:08.9745005Z ##[group]Initializing the repository
Avaliar a mesma candidata / Publicar bytes verificados, confirmar preview e changelog	UNKNOWN STEP	2026-10-08T22:01:08.9750884Z [command]/usr/bin/git init /home/runner/work/flutter_code_push_example/flutter_code_push_example/trusted
Avaliar a mesma candidata / Publicar bytes verificados, confirmar preview e changelog	UNKNOWN STEP	2026-10-08T22:01:08.9891744Z hint: Using 'master' as the name for the initial branch. This default branch name
Avaliar a mesma candidata / Publicar bytes verificados, confirmar preview e changelog	UNKNOWN STEP	2026-10-08T22:01:08.9893262Z hint: will change to "main" in Git 3.0. To configure the initial branch name
Avaliar a mesma candidata / Publicar bytes verificados, confirmar preview e changelog	UNKNOWN STEP	2026-10-08T22:01:08.9894645Z hint: to use in all of your new repositories, which will suppress this warning,
Avaliar a mesma candidata / Publicar bytes verificados, confirmar preview e changelog	UNKNOWN STEP	2026-10-08T22:01:08.9896206Z hint: call:
Avaliar a mesma candidata / Publicar bytes verificados, confirmar preview e changelog	UNKNOWN STEP	2026-10-08T22:01:08.9896978Z hint:
Avaliar a mesma candidata / Publicar bytes verificados, confirmar preview e changelog	UNKNOWN STEP	2026-10-08T22:01:08.9897840Z hint: 	git config --global init.defaultBranch <name>
Avaliar a mesma candidata / Publicar bytes verificados, confirmar preview e changelog	UNKNOWN STEP	2026-10-08T22:01:08.9898754Z hint:
Avaliar a mesma candidata / Publicar bytes verificados, confirmar preview e changelog	UNKNOWN STEP	2026-10-08T22:01:08.9899643Z hint: Names commonly chosen instead of 'master' are 'main', 'trunk' and
Avaliar a mesma candidata / Publicar bytes verificados, confirmar preview e changelog	UNKNOWN STEP	2026-10-08T22:01:08.9901297Z hint: 'development'. The just-created branch can be renamed via this command:
Avaliar a mesma candidata / Publicar bytes verificados, confirmar preview e changelog	UNKNOWN STEP	2026-10-08T22:01:08.9902470Z hint:
Avaliar a mesma candidata / Publicar bytes verificados, confirmar preview e changelog	UNKNOWN STEP	2026-10-08T22:01:08.9903331Z hint: 	git branch -m <name>
Avaliar a mesma candidata / Publicar bytes verificados, confirmar preview e changelog	UNKNOWN STEP	2026-10-08T22:01:08.9904119Z hint:
Avaliar a mesma candidata / Publicar bytes verificados, confirmar preview e changelog	UNKNOWN STEP	2026-10-08T22:01:08.9905065Z hint: Disable this message with "git config set advice.defaultBranchName false"
Avaliar a mesma candidata / Publicar bytes verificados, confirmar preview e changelog	UNKNOWN STEP	2026-10-08T22:01:08.9906979Z Initialized empty Git repository in /home/runner/work/flutter_code_push_example/flutter_code_push_example/trusted/.git/
Avaliar a mesma candidata / Publicar bytes verificados, confirmar preview e changelog	UNKNOWN STEP	2026-10-08T22:01:08.9910597Z [command]/usr/bin/git remote add origin https://github.com/israelhudson/flutter_code_push_example
Avaliar a mesma candidata / Publicar bytes verificados, confirmar preview e changelog	UNKNOWN STEP	2026-10-08T22:01:08.9965511Z ##[endgroup]
Avaliar a mesma candidata / Publicar bytes verificados, confirmar preview e changelog	UNKNOWN STEP	2026-10-08T22:01:08.9966412Z ##[group]Disabling automatic garbage collection
Avaliar a mesma candidata / Publicar bytes verificados, confirmar preview e changelog	UNKNOWN STEP	2026-10-08T22:01:08.9970748Z [command]/usr/bin/git config --local gc.auto 0
Avaliar a mesma candidata / Publicar bytes verificados, confirmar preview e changelog	UNKNOWN STEP	2026-10-08T22:01:09.0005542Z ##[endgroup]
Avaliar a mesma candidata / Publicar bytes verificados, confirmar preview e changelog	UNKNOWN STEP	2026-10-08T22:01:09.0006230Z ##[group]Setting up auth
Avaliar a mesma candidata / Publicar bytes verificados, confirmar preview e changelog	UNKNOWN STEP	2026-10-08T22:01:09.0013744Z [command]/usr/bin/git config --local --name-only --get-regexp core\.sshCommand
Avaliar a mesma candidata / Publicar bytes verificados, confirmar preview e changelog	UNKNOWN STEP	2026-10-08T22:01:09.0048018Z [command]/usr/bin/git submodule foreach --recursive sh -c "git config --local --name-only --get-regexp 'core\.sshCommand' && git config --local --unset-all 'core.sshCommand' || :"
Avaliar a mesma candidata / Publicar bytes verificados, confirmar preview e changelog	UNKNOWN STEP	2026-10-08T22:01:09.0465091Z [command]/usr/bin/git config --local --name-only --get-regexp http\.https\:\/\/github\.com\/\.extraheader
Avaliar a mesma candidata / Publicar bytes verificados, confirmar preview e changelog	UNKNOWN STEP	2026-10-08T22:01:09.0505941Z [command]/usr/bin/git submodule foreach --recursive sh -c "git config --local --name-only --get-regexp 'http\.https\:\/\/github\.com\/\.extraheader' && git config --local --unset-all 'http.https://github.com/.extraheader' || :"
Avaliar a mesma candidata / Publicar bytes verificados, confirmar preview e changelog	UNKNOWN STEP	2026-10-08T22:01:09.0736074Z [command]/usr/bin/git config --local --name-only --get-regexp ^includeIf\.gitdir:
Avaliar a mesma candidata / Publicar bytes verificados, confirmar preview e changelog	UNKNOWN STEP	2026-10-08T22:01:09.0772522Z [command]/usr/bin/git submodule foreach --recursive git config --local --show-origin --name-only --get-regexp remote.origin.url
Avaliar a mesma candidata / Publicar bytes verificados, confirmar preview e changelog	UNKNOWN STEP	2026-10-08T22:01:09.1003345Z [command]/usr/bin/git config --local http.https://github.com/.extraheader AUTHORIZATION: basic ***
Avaliar a mesma candidata / Publicar bytes verificados, confirmar preview e changelog	UNKNOWN STEP	2026-10-08T22:01:09.1044628Z ##[endgroup]
Avaliar a mesma candidata / Publicar bytes verificados, confirmar preview e changelog	UNKNOWN STEP	2026-10-08T22:01:09.1045356Z ##[group]Fetching the repository
Avaliar a mesma candidata / Publicar bytes verificados, confirmar preview e changelog	UNKNOWN STEP	2026-10-08T22:01:09.1054238Z [command]/usr/bin/git -c protocol.version=2 fetch --prune --no-recurse-submodules origin +refs/heads/*:refs/remotes/origin/* +refs/tags/*:refs/tags/*
Avaliar a mesma candidata / Publicar bytes verificados, confirmar preview e changelog	UNKNOWN STEP	2026-10-08T22:01:10.3003155Z From https://github.com/israelhudson/flutter_code_push_example
Avaliar a mesma candidata / Publicar bytes verificados, confirmar preview e changelog	UNKNOWN STEP	2026-10-08T22:01:10.3004619Z  * [new branch]      codex/candidate-lab-delivery-2026-10-06-rc.1 -> origin/codex/candidate-lab-delivery-2026-10-06-rc.1
Avaliar a mesma candidata / Publicar bytes verificados, confirmar preview e changelog	UNKNOWN STEP	2026-10-08T22:01:10.3005961Z  * [new branch]      codex/delivery-state    -> origin/codex/delivery-state
Avaliar a mesma candidata / Publicar bytes verificados, confirmar preview e changelog	UNKNOWN STEP	2026-10-08T22:01:10.3006723Z  * [new branch]      codex/fix-lab-release-upload -> origin/codex/fix-lab-release-upload
Avaliar a mesma candidata / Publicar bytes verificados, confirmar preview e changelog	UNKNOWN STEP	2026-10-08T22:01:10.3007377Z  * [new branch]      codex/flutter-sdk-bootstrap -> origin/codex/flutter-sdk-bootstrap
Avaliar a mesma candidata / Publicar bytes verificados, confirmar preview e changelog	UNKNOWN STEP	2026-10-08T22:01:10.3008027Z  * [new branch]      codex/github-release-approval-poc -> origin/codex/github-release-approval-poc
Avaliar a mesma candidata / Publicar bytes verificados, confirmar preview e changelog	UNKNOWN STEP	2026-10-08T22:01:10.3008718Z  * [new branch]      codex/lab-promotion-evidence -> origin/codex/lab-promotion-evidence
Avaliar a mesma candidata / Publicar bytes verificados, confirmar preview e changelog	UNKNOWN STEP	2026-10-08T22:01:10.3009284Z  * [new branch]      codex/lab-release-result -> origin/codex/lab-release-result
Avaliar a mesma candidata / Publicar bytes verificados, confirmar preview e changelog	UNKNOWN STEP	2026-10-08T22:01:10.3009897Z  * [new branch]      codex/lab-reviewed-promotion -> origin/codex/lab-reviewed-promotion
Avaliar a mesma candidata / Publicar bytes verificados, confirmar preview e changelog	UNKNOWN STEP	2026-10-08T22:01:10.3010979Z  * [new branch]      codex/lab-versions      -> origin/codex/lab-versions
Avaliar a mesma candidata / Publicar bytes verificados, confirmar preview e changelog	UNKNOWN STEP	2026-10-08T22:01:10.3012057Z  * [new branch]      codex/laboratory-release-records -> origin/codex/laboratory-release-records
Avaliar a mesma candidata / Publicar bytes verificados, confirmar preview e changelog	UNKNOWN STEP	2026-10-08T22:01:10.3012894Z  * [new branch]      codex/operational-delivery-preview -> origin/codex/operational-delivery-preview
Avaliar a mesma candidata / Publicar bytes verificados, confirmar preview e changelog	UNKNOWN STEP	2026-10-08T22:01:10.3013542Z  * [new branch]      codex/pages-previews    -> origin/codex/pages-previews
Avaliar a mesma candidata / Publicar bytes verificados, confirmar preview e changelog	UNKNOWN STEP	2026-10-08T22:01:10.3014180Z  * [new branch]      codex/pages-publication-verification -> origin/codex/pages-publication-verification
Avaliar a mesma candidata / Publicar bytes verificados, confirmar preview e changelog	UNKNOWN STEP	2026-10-08T22:01:10.3014939Z  * [new branch]      codex/release-lab-real-promotion -> origin/codex/release-lab-real-promotion
Avaliar a mesma candidata / Publicar bytes verificados, confirmar preview e changelog	UNKNOWN STEP	2026-10-08T22:01:10.3015684Z  * [new branch]      codex/release-lab-state -> origin/codex/release-lab-state
Avaliar a mesma candidata / Publicar bytes verificados, confirmar preview e changelog	UNKNOWN STEP	2026-10-08T22:01:10.3016696Z  * [new branch]      codex/release-lab-two-approvers -> origin/codex/release-lab-two-approvers
Avaliar a mesma candidata / Publicar bytes verificados, confirmar preview e changelog	UNKNOWN STEP	2026-10-08T22:01:10.3017466Z  * [new branch]      docs/estudo-shorebird-amulets -> origin/docs/estudo-shorebird-amulets
Avaliar a mesma candidata / Publicar bytes verificados, confirmar preview e changelog	UNKNOWN STEP	2026-10-08T22:01:10.3018152Z  * [new branch]      feature/shorebird-code-push-setup -> origin/feature/shorebird-code-push-setup
Avaliar a mesma candidata / Publicar bytes verificados, confirmar preview e changelog	UNKNOWN STEP	2026-10-08T22:01:10.3018712Z  * [new branch]      main                    -> origin/main
Avaliar a mesma candidata / Publicar bytes verificados, confirmar preview e changelog	UNKNOWN STEP	2026-10-08T22:01:10.3019100Z  * [new branch]      release/1.4.0           -> origin/release/1.4.0
Avaliar a mesma candidata / Publicar bytes verificados, confirmar preview e changelog	UNKNOWN STEP	2026-10-08T22:01:10.3019519Z  * [new branch]      release/1.5.0           -> origin/release/1.5.0
Avaliar a mesma candidata / Publicar bytes verificados, confirmar preview e changelog	UNKNOWN STEP	2026-10-08T22:01:10.3019919Z  * [new tag]         entrega-0100-rc.1       -> entrega-0100-rc.1
Avaliar a mesma candidata / Publicar bytes verificados, confirmar preview e changelog	UNKNOWN STEP	2026-10-08T22:01:10.3020715Z  * [new tag]         lab/delivery/2026-10-06-rc.1 -> lab/delivery/2026-10-06-rc.1
Avaliar a mesma candidata / Publicar bytes verificados, confirmar preview e changelog	UNKNOWN STEP	2026-10-08T22:01:10.3021143Z  * [new tag]         v1.4.0-rc.1             -> v1.4.0-rc.1
Avaliar a mesma candidata / Publicar bytes verificados, confirmar preview e changelog	UNKNOWN STEP	2026-10-08T22:01:10.3021500Z  * [new tag]         v1.5.0-rc.1             -> v1.5.0-rc.1
Avaliar a mesma candidata / Publicar bytes verificados, confirmar preview e changelog	UNKNOWN STEP	2026-10-08T22:01:10.3022838Z [command]/usr/bin/git rev-parse --verify --quiet 9c4ad37fc415a98ef2a8cfdc5be8d5cf97fe35b0^{object}
Avaliar a mesma candidata / Publicar bytes verificados, confirmar preview e changelog	UNKNOWN STEP	2026-10-08T22:01:10.3046437Z 9c4ad37fc415a98ef2a8cfdc5be8d5cf97fe35b0
Avaliar a mesma candidata / Publicar bytes verificados, confirmar preview e changelog	UNKNOWN STEP	2026-10-08T22:01:10.3051524Z ##[endgroup]
Avaliar a mesma candidata / Publicar bytes verificados, confirmar preview e changelog	UNKNOWN STEP	2026-10-08T22:01:10.3052599Z ##[group]Determining the checkout info
Avaliar a mesma candidata / Publicar bytes verificados, confirmar preview e changelog	UNKNOWN STEP	2026-10-08T22:01:10.3053701Z ##[endgroup]
Avaliar a mesma candidata / Publicar bytes verificados, confirmar preview e changelog	UNKNOWN STEP	2026-10-08T22:01:10.3059035Z [command]/usr/bin/git sparse-checkout disable
Avaliar a mesma candidata / Publicar bytes verificados, confirmar preview e changelog	UNKNOWN STEP	2026-10-08T22:01:10.3120438Z [command]/usr/bin/git config --local --unset-all extensions.worktreeConfig
Avaliar a mesma candidata / Publicar bytes verificados, confirmar preview e changelog	UNKNOWN STEP	2026-10-08T22:01:10.3152645Z ##[group]Checking out the ref
Avaliar a mesma candidata / Publicar bytes verificados, confirmar preview e changelog	UNKNOWN STEP	2026-10-08T22:01:10.3157018Z [command]/usr/bin/git checkout --progress --force 9c4ad37fc415a98ef2a8cfdc5be8d5cf97fe35b0
Avaliar a mesma candidata / Publicar bytes verificados, confirmar preview e changelog	UNKNOWN STEP	2026-10-08T22:01:10.3393010Z Note: switching to '9c4ad37fc415a98ef2a8cfdc5be8d5cf97fe35b0'.
Avaliar a mesma candidata / Publicar bytes verificados, confirmar preview e changelog	UNKNOWN STEP	2026-10-08T22:01:10.3393629Z 
Avaliar a mesma candidata / Publicar bytes verificados, confirmar preview e changelog	UNKNOWN STEP	2026-10-08T22:01:10.3393956Z You are in 'detached HEAD' state. You can look around, make experimental
Avaliar a mesma candidata / Publicar bytes verificados, confirmar preview e changelog	UNKNOWN STEP	2026-10-08T22:01:10.3394729Z changes and commit them, and you can discard any commits you make in this
Avaliar a mesma candidata / Publicar bytes verificados, confirmar preview e changelog	UNKNOWN STEP	2026-10-08T22:01:10.3395377Z state without impacting any branches by switching back to a branch.
Avaliar a mesma candidata / Publicar bytes verificados, confirmar preview e changelog	UNKNOWN STEP	2026-10-08T22:01:10.3396036Z 
Avaliar a mesma candidata / Publicar bytes verificados, confirmar preview e changelog	UNKNOWN STEP	2026-10-08T22:01:10.3396302Z If you want to create a new branch to retain commits you create, you may
Avaliar a mesma candidata / Publicar bytes verificados, confirmar preview e changelog	UNKNOWN STEP	2026-10-08T22:01:10.3396910Z do so (now or later) by using -c with the switch command. Example:
Avaliar a mesma candidata / Publicar bytes verificados, confirmar preview e changelog	UNKNOWN STEP	2026-10-08T22:01:10.3397261Z 
Avaliar a mesma candidata / Publicar bytes verificados, confirmar preview e changelog	UNKNOWN STEP	2026-10-08T22:01:10.3397400Z   git switch -c <new-branch-name>
Avaliar a mesma candidata / Publicar bytes verificados, confirmar preview e changelog	UNKNOWN STEP	2026-10-08T22:01:10.3397634Z 
Avaliar a mesma candidata / Publicar bytes verificados, confirmar preview e changelog	UNKNOWN STEP	2026-10-08T22:01:10.3397769Z Or undo this operation with:
Avaliar a mesma candidata / Publicar bytes verificados, confirmar preview e changelog	UNKNOWN STEP	2026-10-08T22:01:10.3397984Z 
Avaliar a mesma candidata / Publicar bytes verificados, confirmar preview e changelog	UNKNOWN STEP	2026-10-08T22:01:10.3398094Z   git switch -
Avaliar a mesma candidata / Publicar bytes verificados, confirmar preview e changelog	UNKNOWN STEP	2026-10-08T22:01:10.3398256Z 
Avaliar a mesma candidata / Publicar bytes verificados, confirmar preview e changelog	UNKNOWN STEP	2026-10-08T22:01:10.3398548Z Turn off this advice by setting config variable advice.detachedHead to false
Avaliar a mesma candidata / Publicar bytes verificados, confirmar preview e changelog	UNKNOWN STEP	2026-10-08T22:01:10.3398963Z 
Avaliar a mesma candidata / Publicar bytes verificados, confirmar preview e changelog	UNKNOWN STEP	2026-10-08T22:01:10.3399340Z HEAD is now at 9c4ad37 Merge pull request #14 from israelhudson/codex/release-lab-real-promotion
Avaliar a mesma candidata / Publicar bytes verificados, confirmar preview e changelog	UNKNOWN STEP	2026-10-08T22:01:10.3404904Z ##[endgroup]
Avaliar a mesma candidata / Publicar bytes verificados, confirmar preview e changelog	UNKNOWN STEP	2026-10-08T22:01:10.3450497Z [command]/usr/bin/git log -1 --format=%H
Avaliar a mesma candidata / Publicar bytes verificados, confirmar preview e changelog	UNKNOWN STEP	2026-10-08T22:01:10.3477527Z 9c4ad37fc415a98ef2a8cfdc5be8d5cf97fe35b0
Avaliar a mesma candidata / Publicar bytes verificados, confirmar preview e changelog	UNKNOWN STEP	2026-10-08T22:01:10.3487107Z ##[group]Removing auth
Avaliar a mesma candidata / Publicar bytes verificados, confirmar preview e changelog	UNKNOWN STEP	2026-10-08T22:01:10.3491621Z [command]/usr/bin/git config --local --name-only --get-regexp core\.sshCommand
Avaliar a mesma candidata / Publicar bytes verificados, confirmar preview e changelog	UNKNOWN STEP	2026-10-08T22:01:10.3524467Z [command]/usr/bin/git submodule foreach --recursive sh -c "git config --local --name-only --get-regexp 'core\.sshCommand' && git config --local --unset-all 'core.sshCommand' || :"
Avaliar a mesma candidata / Publicar bytes verificados, confirmar preview e changelog	UNKNOWN STEP	2026-10-08T22:01:10.3749859Z [command]/usr/bin/git config --local --name-only --get-regexp http\.https\:\/\/github\.com\/\.extraheader
Avaliar a mesma candidata / Publicar bytes verificados, confirmar preview e changelog	UNKNOWN STEP	2026-10-08T22:01:10.3779167Z http.https://github.com/.extraheader
Avaliar a mesma candidata / Publicar bytes verificados, confirmar preview e changelog	UNKNOWN STEP	2026-10-08T22:01:10.3787878Z [command]/usr/bin/git config --local --unset-all http.https://github.com/.extraheader
Avaliar a mesma candidata / Publicar bytes verificados, confirmar preview e changelog	UNKNOWN STEP	2026-10-08T22:01:10.3826366Z [command]/usr/bin/git submodule foreach --recursive sh -c "git config --local --name-only --get-regexp 'http\.https\:\/\/github\.com\/\.extraheader' && git config --local --unset-all 'http.https://github.com/.extraheader' || :"
Avaliar a mesma candidata / Publicar bytes verificados, confirmar preview e changelog	UNKNOWN STEP	2026-10-08T22:01:10.4049473Z [command]/usr/bin/git config --local --name-only --get-regexp ^includeIf\.gitdir:
Avaliar a mesma candidata / Publicar bytes verificados, confirmar preview e changelog	UNKNOWN STEP	2026-10-08T22:01:10.4086545Z [command]/usr/bin/git submodule foreach --recursive git config --local --show-origin --name-only --get-regexp remote.origin.url
Avaliar a mesma candidata / Publicar bytes verificados, confirmar preview e changelog	UNKNOWN STEP	2026-10-08T22:01:10.4313439Z ##[endgroup]
Avaliar a mesma candidata / Publicar bytes verificados, confirmar preview e changelog	UNKNOWN STEP	2026-10-08T22:01:10.4561374Z ##[group]Run actions/download-artifact@d3f86a106a0bac45b974a628896c90dbdf5c8093
Avaliar a mesma candidata / Publicar bytes verificados, confirmar preview e changelog	UNKNOWN STEP	2026-10-08T22:01:10.4561831Z with:
Avaliar a mesma candidata / Publicar bytes verificados, confirmar preview e changelog	UNKNOWN STEP	2026-10-08T22:01:10.4562064Z   name: release-lab-built-web
Avaliar a mesma candidata / Publicar bytes verificados, confirmar preview e changelog	UNKNOWN STEP	2026-10-08T22:01:10.4562364Z   path: /home/runner/work/_temp/incoming-site
Avaliar a mesma candidata / Publicar bytes verificados, confirmar preview e changelog	UNKNOWN STEP	2026-10-08T22:01:10.4562686Z   merge-multiple: false
Avaliar a mesma candidata / Publicar bytes verificados, confirmar preview e changelog	UNKNOWN STEP	2026-10-08T22:01:10.4562977Z   repository: israelhudson/flutter_code_push_example
Avaliar a mesma candidata / Publicar bytes verificados, confirmar preview e changelog	UNKNOWN STEP	2026-10-08T22:01:10.4563320Z   run-id: 37850467026
Avaliar a mesma candidata / Publicar bytes verificados, confirmar preview e changelog	UNKNOWN STEP	2026-10-08T22:01:10.4563587Z ##[endgroup]
Avaliar a mesma candidata / Publicar bytes verificados, confirmar preview e changelog	UNKNOWN STEP	2026-10-08T22:01:10.6119352Z Downloading single artifact
Avaliar a mesma candidata / Publicar bytes verificados, confirmar preview e changelog	UNKNOWN STEP	2026-10-08T22:01:10.6311740Z (node:2296) [DEP0040] DeprecationWarning: The `punycode` module is deprecated. Please use a userland alternative instead.
Avaliar a mesma candidata / Publicar bytes verificados, confirmar preview e changelog	UNKNOWN STEP	2026-10-08T22:01:10.6313111Z (Use `node --trace-deprecation ...` to show where the warning was created)
Avaliar a mesma candidata / Publicar bytes verificados, confirmar preview e changelog	UNKNOWN STEP	2026-10-08T22:01:10.7889292Z Preparing to download the following artifacts:
Avaliar a mesma candidata / Publicar bytes verificados, confirmar preview e changelog	UNKNOWN STEP	2026-10-08T22:01:10.7890497Z - release-lab-built-web (ID: 11582045238, Size: 14134465, Expected Digest: sha256:210953b538c82b93ceb15f896bb19591223b709ef1790b1c0619068f705ecf97)
Avaliar a mesma candidata / Publicar bytes verificados, confirmar preview e changelog	UNKNOWN STEP	2026-10-08T22:01:10.9799181Z Redirecting to blob download url: https://productionresultssa14.blob.core.windows.net/actions-results/0128c78f-c56b-425e-bbba-0c81eda80323/workflow-job-run-d827c223-3fad-5eac-a13e-573f6355bce6/artifacts/b2f197a25b3e88f343981c4bce2107c68e655ba7e09fe63109d7c57c2506660f.zip
Avaliar a mesma candidata / Publicar bytes verificados, confirmar preview e changelog	UNKNOWN STEP	2026-10-08T22:01:10.9802225Z Starting download of artifact to: /home/runner/work/_temp/incoming-site
Avaliar a mesma candidata / Publicar bytes verificados, confirmar preview e changelog	UNKNOWN STEP	2026-10-08T22:01:11.1924466Z (node:2296) [DEP0005] DeprecationWarning: Buffer() is deprecated due to security and usability issues. Please use the Buffer.alloc(), Buffer.allocUnsafe(), or Buffer.from() methods instead.
Avaliar a mesma candidata / Publicar bytes verificados, confirmar preview e changelog	UNKNOWN STEP	2026-10-08T22:01:11.8795023Z SHA256 digest of downloaded artifact is 210953b538c82b93ceb15f896bb19591223b709ef1790b1c0619068f705ecf97
Avaliar a mesma candidata / Publicar bytes verificados, confirmar preview e changelog	UNKNOWN STEP	2026-10-08T22:01:11.8796417Z Artifact download completed successfully.
Avaliar a mesma candidata / Publicar bytes verificados, confirmar preview e changelog	UNKNOWN STEP	2026-10-08T22:01:11.8796976Z Total of 1 artifact(s) downloaded
Avaliar a mesma candidata / Publicar bytes verificados, confirmar preview e changelog	UNKNOWN STEP	2026-10-08T22:01:11.8801341Z Download artifact has finished successfully
Avaliar a mesma candidata / Publicar bytes verificados, confirmar preview e changelog	UNKNOWN STEP	2026-10-08T22:01:11.8960843Z ##[group]Run python3 trusted/deploy/pages_preview.py history --site "$RUNNER_TEMP/pages-site"
Avaliar a mesma candidata / Publicar bytes verificados, confirmar preview e changelog	UNKNOWN STEP	2026-10-08T22:01:11.8961585Z ^[[36;1mpython3 trusted/deploy/pages_preview.py history --site "$RUNNER_TEMP/pages-site"^[[0m
Avaliar a mesma candidata / Publicar bytes verificados, confirmar preview e changelog	UNKNOWN STEP	2026-10-08T22:01:11.9255238Z shell: /usr/bin/bash -e {0}
Avaliar a mesma candidata / Publicar bytes verificados, confirmar preview e changelog	UNKNOWN STEP	2026-10-08T22:01:11.9255552Z env:
Avaliar a mesma candidata / Publicar bytes verificados, confirmar preview e changelog	UNKNOWN STEP	2026-10-08T22:01:11.9259147Z   GH_TOKEN: ***
Avaliar a mesma candidata / Publicar bytes verificados, confirmar preview e changelog	UNKNOWN STEP	2026-10-08T22:01:11.9259397Z ##[endgroup]
Avaliar a mesma candidata / Publicar bytes verificados, confirmar preview e changelog	UNKNOWN STEP	2026-10-08T22:01:14.7121747Z {
Avaliar a mesma candidata / Publicar bytes verificados, confirmar preview e changelog	UNKNOWN STEP	2026-10-08T22:01:14.7122330Z   "history_branch": "codex/pages-previews",
Avaliar a mesma candidata / Publicar bytes verificados, confirmar preview e changelog	UNKNOWN STEP	2026-10-08T22:01:14.7122942Z   "existing": true
Avaliar a mesma candidata / Publicar bytes verificados, confirmar preview e changelog	UNKNOWN STEP	2026-10-08T22:01:14.7123415Z }
Avaliar a mesma candidata / Publicar bytes verificados, confirmar preview e changelog	UNKNOWN STEP	2026-10-08T22:01:14.7816828Z ##[group]Run python3 trusted/tools/delivery/release_lab.py merge-preview --candidate-tag "$CANDIDATE_TAG" --incoming "$RUNNER_TEMP/incoming-site" --site "$RUNNER_TEMP/pages-site" --output "$RUNNER_TEMP/release-lab"
Avaliar a mesma candidata / Publicar bytes verificados, confirmar preview e changelog	UNKNOWN STEP	2026-10-08T22:01:14.7818501Z ^[[36;1mpython3 trusted/tools/delivery/release_lab.py merge-preview --candidate-tag "$CANDIDATE_TAG" --incoming "$RUNNER_TEMP/incoming-site" --site "$RUNNER_TEMP/pages-site" --output "$RUNNER_TEMP/release-lab"^[[0m
Avaliar a mesma candidata / Publicar bytes verificados, confirmar preview e changelog	UNKNOWN STEP	2026-10-08T22:01:14.7880669Z shell: /usr/bin/bash -e {0}
Avaliar a mesma candidata / Publicar bytes verificados, confirmar preview e changelog	UNKNOWN STEP	2026-10-08T22:01:14.7880937Z env:
Avaliar a mesma candidata / Publicar bytes verificados, confirmar preview e changelog	UNKNOWN STEP	2026-10-08T22:01:14.7884029Z   GH_TOKEN: ***
Avaliar a mesma candidata / Publicar bytes verificados, confirmar preview e changelog	UNKNOWN STEP	2026-10-08T22:01:14.7884278Z   CANDIDATE_TAG: v1.5.0-rc.1
Avaliar a mesma candidata / Publicar bytes verificados, confirmar preview e changelog	UNKNOWN STEP	2026-10-08T22:01:14.7884554Z ##[endgroup]
Avaliar a mesma candidata / Publicar bytes verificados, confirmar preview e changelog	UNKNOWN STEP	2026-10-08T22:01:20.2229028Z {"web_content_sha256": "6152d8571abe47270d9d3b6a77477fc9ebab426de46da4dfaf3fc724ccdce480", "snapshot_manifest_sha256": "81c8d4dde408cf198f32e8b5aebd0615028ffc452775528458953e7d56414be0"}
Avaliar a mesma candidata / Publicar bytes verificados, confirmar preview e changelog	UNKNOWN STEP	2026-10-08T22:01:20.2365411Z ##[group]Run python3 trusted/deploy/pages_preview.py persist --site "$RUNNER_TEMP/pages-site"
Avaliar a mesma candidata / Publicar bytes verificados, confirmar preview e changelog	UNKNOWN STEP	2026-10-08T22:01:20.2366155Z ^[[36;1mpython3 trusted/deploy/pages_preview.py persist --site "$RUNNER_TEMP/pages-site"^[[0m
Avaliar a mesma candidata / Publicar bytes verificados, confirmar preview e changelog	UNKNOWN STEP	2026-10-08T22:01:20.2428245Z shell: /usr/bin/bash -e {0}
Avaliar a mesma candidata / Publicar bytes verificados, confirmar preview e changelog	UNKNOWN STEP	2026-10-08T22:01:20.2428505Z env:
Avaliar a mesma candidata / Publicar bytes verificados, confirmar preview e changelog	UNKNOWN STEP	2026-10-08T22:01:20.2431378Z   GH_TOKEN: ***
Avaliar a mesma candidata / Publicar bytes verificados, confirmar preview e changelog	UNKNOWN STEP	2026-10-08T22:01:20.2431596Z ##[endgroup]
Avaliar a mesma candidata / Publicar bytes verificados, confirmar preview e changelog	UNKNOWN STEP	2026-10-08T22:01:24.6842662Z {
Avaliar a mesma candidata / Publicar bytes verificados, confirmar preview e changelog	UNKNOWN STEP	2026-10-08T22:01:24.6843056Z   "history_branch": "codex/pages-previews",
Avaliar a mesma candidata / Publicar bytes verificados, confirmar preview e changelog	UNKNOWN STEP	2026-10-08T22:01:24.6843459Z   "snapshots": [
Avaliar a mesma candidata / Publicar bytes verificados, confirmar preview e changelog	UNKNOWN STEP	2026-10-08T22:01:24.6843764Z     "05634b4b620cc30a053e5acab5fefb0667f2544e",
Avaliar a mesma candidata / Publicar bytes verificados, confirmar preview e changelog	UNKNOWN STEP	2026-10-08T22:01:24.6844182Z     "0817b4fbf84204b24a20858925fa414a1dcac54a",
Avaliar a mesma candidata / Publicar bytes verificados, confirmar preview e changelog	UNKNOWN STEP	2026-10-08T22:01:24.6844567Z     "08ce07d615905e33f0572f9264808683cab53349",
Avaliar a mesma candidata / Publicar bytes verificados, confirmar preview e changelog	UNKNOWN STEP	2026-10-08T22:01:24.6844962Z     "0fc06c8f2b79a83bd8bcf135b24fcd02ef1bd928",
Avaliar a mesma candidata / Publicar bytes verificados, confirmar preview e changelog	UNKNOWN STEP	2026-10-08T22:01:24.6845353Z     "6e48aef9b03778593bc639ababa885b9e2792c35",
Avaliar a mesma candidata / Publicar bytes verificados, confirmar preview e changelog	UNKNOWN STEP	2026-10-08T22:01:24.6845812Z     "989fe3443ad16df0c67ff0068d6efb3f458c8ace",
Avaliar a mesma candidata / Publicar bytes verificados, confirmar preview e changelog	UNKNOWN STEP	2026-10-08T22:01:24.6846222Z     "9c4ad37fc415a98ef2a8cfdc5be8d5cf97fe35b0",
Avaliar a mesma candidata / Publicar bytes verificados, confirmar preview e changelog	UNKNOWN STEP	2026-10-08T22:01:24.6846629Z     "9e0320fca6fdfba5931d6c80d9181c362ac33c17",
Avaliar a mesma candidata / Publicar bytes verificados, confirmar preview e changelog	UNKNOWN STEP	2026-10-08T22:01:24.6847046Z     "e34f36f5c8b191f96ea6a18280a9b51c18ebacfa"
Avaliar a mesma candidata / Publicar bytes verificados, confirmar preview e changelog	UNKNOWN STEP	2026-10-08T22:01:24.6847404Z   ]
Avaliar a mesma candidata / Publicar bytes verificados, confirmar preview e changelog	UNKNOWN STEP	2026-10-08T22:01:24.6847634Z }
Avaliar a mesma candidata / Publicar bytes verificados, confirmar preview e changelog	UNKNOWN STEP	2026-10-08T22:01:24.6969259Z ##[group]Run python3 trusted/deploy/pages_preview.py export --site "$RUNNER_TEMP/pages-site" --output "$RUNNER_TEMP/pages-public"
Avaliar a mesma candidata / Publicar bytes verificados, confirmar preview e changelog	UNKNOWN STEP	2026-10-08T22:01:24.6970612Z ^[[36;1mpython3 trusted/deploy/pages_preview.py export --site "$RUNNER_TEMP/pages-site" --output "$RUNNER_TEMP/pages-public"^[[0m
Avaliar a mesma candidata / Publicar bytes verificados, confirmar preview e changelog	UNKNOWN STEP	2026-10-08T22:01:24.7032830Z shell: /usr/bin/bash -e {0}
Avaliar a mesma candidata / Publicar bytes verificados, confirmar preview e changelog	UNKNOWN STEP	2026-10-08T22:01:24.7033079Z ##[endgroup]
Avaliar a mesma candidata / Publicar bytes verificados, confirmar preview e changelog	UNKNOWN STEP	2026-10-08T22:01:28.2549754Z {
Avaliar a mesma candidata / Publicar bytes verificados, confirmar preview e changelog	UNKNOWN STEP	2026-10-08T22:01:28.2551419Z   "output": "/home/runner/work/_temp/pages-public",
Avaliar a mesma candidata / Publicar bytes verificados, confirmar preview e changelog	UNKNOWN STEP	2026-10-08T22:01:28.2551884Z   "snapshots": [
Avaliar a mesma candidata / Publicar bytes verificados, confirmar preview e changelog	UNKNOWN STEP	2026-10-08T22:01:28.2552220Z     "05634b4b620cc30a053e5acab5fefb0667f2544e",
Avaliar a mesma candidata / Publicar bytes verificados, confirmar preview e changelog	UNKNOWN STEP	2026-10-08T22:01:28.2552657Z     "0817b4fbf84204b24a20858925fa414a1dcac54a",
Avaliar a mesma candidata / Publicar bytes verificados, confirmar preview e changelog	UNKNOWN STEP	2026-10-08T22:01:28.2553072Z     "08ce07d615905e33f0572f9264808683cab53349",
Avaliar a mesma candidata / Publicar bytes verificados, confirmar preview e changelog	UNKNOWN STEP	2026-10-08T22:01:28.2553488Z     "0fc06c8f2b79a83bd8bcf135b24fcd02ef1bd928",
Avaliar a mesma candidata / Publicar bytes verificados, confirmar preview e changelog	UNKNOWN STEP	2026-10-08T22:01:28.2553915Z     "6e48aef9b03778593bc639ababa885b9e2792c35",
Avaliar a mesma candidata / Publicar bytes verificados, confirmar preview e changelog	UNKNOWN STEP	2026-10-08T22:01:28.2554430Z     "989fe3443ad16df0c67ff0068d6efb3f458c8ace",
Avaliar a mesma candidata / Publicar bytes verificados, confirmar preview e changelog	UNKNOWN STEP	2026-10-08T22:01:28.2555312Z     "9c4ad37fc415a98ef2a8cfdc5be8d5cf97fe35b0",
Avaliar a mesma candidata / Publicar bytes verificados, confirmar preview e changelog	UNKNOWN STEP	2026-10-08T22:01:28.2555749Z     "9e0320fca6fdfba5931d6c80d9181c362ac33c17",
Avaliar a mesma candidata / Publicar bytes verificados, confirmar preview e changelog	UNKNOWN STEP	2026-10-08T22:01:28.2556170Z     "e34f36f5c8b191f96ea6a18280a9b51c18ebacfa"
Avaliar a mesma candidata / Publicar bytes verificados, confirmar preview e changelog	UNKNOWN STEP	2026-10-08T22:01:28.2556550Z   ]
Avaliar a mesma candidata / Publicar bytes verificados, confirmar preview e changelog	UNKNOWN STEP	2026-10-08T22:01:28.2556782Z }
Avaliar a mesma candidata / Publicar bytes verificados, confirmar preview e changelog	UNKNOWN STEP	2026-10-08T22:01:28.2746591Z ##[group]Run actions/upload-pages-artifact@7b1f4a764d45c48632c6b24a0339c27f5614fb0b
Avaliar a mesma candidata / Publicar bytes verificados, confirmar preview e changelog	UNKNOWN STEP	2026-10-08T22:01:28.2747039Z with:
Avaliar a mesma candidata / Publicar bytes verificados, confirmar preview e changelog	UNKNOWN STEP	2026-10-08T22:01:28.2747284Z   path: /home/runner/work/_temp/pages-public
Avaliar a mesma candidata / Publicar bytes verificados, confirmar preview e changelog	UNKNOWN STEP	2026-10-08T22:01:28.2747586Z   retention-days: 1
Avaliar a mesma candidata / Publicar bytes verificados, confirmar preview e changelog	UNKNOWN STEP	2026-10-08T22:01:28.2747808Z   name: github-pages
Avaliar a mesma candidata / Publicar bytes verificados, confirmar preview e changelog	UNKNOWN STEP	2026-10-08T22:01:28.2748026Z ##[endgroup]
Avaliar a mesma candidata / Publicar bytes verificados, confirmar preview e changelog	UNKNOWN STEP	2026-10-08T22:01:28.2807992Z ##[start-action display=Archive artifact;id=__actions_upload-pages-artifact.__run]
Avaliar a mesma candidata / Publicar bytes verificados, confirmar preview e changelog	UNKNOWN STEP	2026-10-08T22:01:28.2845188Z ##[group]Run echo ::group::Archive artifact
Avaliar a mesma candidata / Publicar bytes verificados, confirmar preview e changelog	UNKNOWN STEP	2026-10-08T22:01:28.2845547Z ^[[36;1mecho ::group::Archive artifact^[[0m
Avaliar a mesma candidata / Publicar bytes verificados, confirmar preview e changelog	UNKNOWN STEP	2026-10-08T22:01:28.2845822Z ^[[36;1mtar \^[[0m
Avaliar a mesma candidata / Publicar bytes verificados, confirmar preview e changelog	UNKNOWN STEP	2026-10-08T22:01:28.2846075Z ^[[36;1m  --dereference --hard-dereference \^[[0m
Avaliar a mesma candidata / Publicar bytes verificados, confirmar preview e changelog	UNKNOWN STEP	2026-10-08T22:01:28.2846425Z ^[[36;1m  --directory "$INPUT_PATH" \^[[0m
Avaliar a mesma candidata / Publicar bytes verificados, confirmar preview e changelog	UNKNOWN STEP	2026-10-08T22:01:28.2846730Z ^[[36;1m  -cvf "$RUNNER_TEMP/artifact.tar" \^[[0m
Avaliar a mesma candidata / Publicar bytes verificados, confirmar preview e changelog	UNKNOWN STEP	2026-10-08T22:01:28.2847044Z ^[[36;1m  --exclude=.git \^[[0m
Avaliar a mesma candidata / Publicar bytes verificados, confirmar preview e changelog	UNKNOWN STEP	2026-10-08T22:01:28.2847303Z ^[[36;1m  --exclude=.github \^[[0m
Avaliar a mesma candidata / Publicar bytes verificados, confirmar preview e changelog	UNKNOWN STEP	2026-10-08T22:01:28.2847592Z ^[[36;1m  --exclude=".[^/]*" \^[[0m
Avaliar a mesma candidata / Publicar bytes verificados, confirmar preview e changelog	UNKNOWN STEP	2026-10-08T22:01:28.2847832Z ^[[36;1m  .^[[0m
Avaliar a mesma candidata / Publicar bytes verificados, confirmar preview e changelog	UNKNOWN STEP	2026-10-08T22:01:28.2848039Z ^[[36;1mecho ::endgroup::^[[0m
Avaliar a mesma candidata / Publicar bytes verificados, confirmar preview e changelog	UNKNOWN STEP	2026-10-08T22:01:28.2874550Z shell: /usr/bin/sh -e {0}
Avaliar a mesma candidata / Publicar bytes verificados, confirmar preview e changelog	UNKNOWN STEP	2026-10-08T22:01:28.2874807Z env:
Avaliar a mesma candidata / Publicar bytes verificados, confirmar preview e changelog	UNKNOWN STEP	2026-10-08T22:01:28.2875064Z   INPUT_PATH: /home/runner/work/_temp/pages-public
Avaliar a mesma candidata / Publicar bytes verificados, confirmar preview e changelog	UNKNOWN STEP	2026-10-08T22:01:28.2875387Z ##[endgroup]
Avaliar a mesma candidata / Publicar bytes verificados, confirmar preview e changelog	UNKNOWN STEP	2026-10-08T22:01:28.2914395Z ##[group]Archive artifact
Avaliar a mesma candidata / Publicar bytes verificados, confirmar preview e changelog	UNKNOWN STEP	2026-10-08T22:01:28.2931764Z ./
Avaliar a mesma candidata / Publicar bytes verificados, confirmar preview e changelog	UNKNOWN STEP	2026-10-08T22:01:28.2932097Z ./index.html
Avaliar a mesma candidata / Publicar bytes verificados, confirmar preview e changelog	UNKNOWN STEP	2026-10-08T22:01:28.2932446Z ./snapshots/
Avaliar a mesma candidata / Publicar bytes verificados, confirmar preview e changelog	UNKNOWN STEP	2026-10-08T22:01:28.2932906Z ./snapshots/e34f36f5c8b191f96ea6a18280a9b51c18ebacfa/
Avaliar a mesma candidata / Publicar bytes verificados, confirmar preview e changelog	UNKNOWN STEP	2026-10-08T22:01:28.2933590Z ./snapshots/e34f36f5c8b191f96ea6a18280a9b51c18ebacfa/app/
Avaliar a mesma candidata / Publicar bytes verificados, confirmar preview e changelog	UNKNOWN STEP	2026-10-08T22:01:28.2934393Z ./snapshots/e34f36f5c8b191f96ea6a18280a9b51c18ebacfa/app/manifest.json
Avaliar a mesma candidata / Publicar bytes verificados, confirmar preview e changelog	UNKNOWN STEP	2026-10-08T22:01:28.2935228Z ./snapshots/e34f36f5c8b191f96ea6a18280a9b51c18ebacfa/app/icons/
Avaliar a mesma candidata / Publicar bytes verificados, confirmar preview e changelog	UNKNOWN STEP	2026-10-08T22:01:28.2936109Z ./snapshots/e34f36f5c8b191f96ea6a18280a9b51c18ebacfa/app/icons/Icon-512.png
Avaliar a mesma candidata / Publicar bytes verificados, confirmar preview e changelog	UNKNOWN STEP	2026-10-08T22:01:28.2937076Z ./snapshots/e34f36f5c8b191f96ea6a18280a9b51c18ebacfa/app/icons/Icon-192.png
Avaliar a mesma candidata / Publicar bytes verificados, confirmar preview e changelog	UNKNOWN STEP	2026-10-08T22:01:28.2938072Z ./snapshots/e34f36f5c8b191f96ea6a18280a9b51c18ebacfa/app/icons/Icon-maskable-192.png
Avaliar a mesma candidata / Publicar bytes verificados, confirmar preview e changelog	UNKNOWN STEP	2026-10-08T22:01:28.2939151Z ./snapshots/e34f36f5c8b191f96ea6a18280a9b51c18ebacfa/app/icons/Icon-maskable-512.png
Avaliar a mesma candidata / Publicar bytes verificados, confirmar preview e changelog	UNKNOWN STEP	2026-10-08T22:01:28.2940394Z ./snapshots/e34f36f5c8b191f96ea6a18280a9b51c18ebacfa/app/flutter_bootstrap.js
Avaliar a mesma candidata / Publicar bytes verificados, confirmar preview e changelog	UNKNOWN STEP	2026-10-08T22:01:28.2941290Z ./snapshots/e34f36f5c8b191f96ea6a18280a9b51c18ebacfa/app/assets/
Avaliar a mesma candidata / Publicar bytes verificados, confirmar preview e changelog	UNKNOWN STEP	2026-10-08T22:01:28.2942220Z ./snapshots/e34f36f5c8b191f96ea6a18280a9b51c18ebacfa/app/assets/AssetManifest.bin.json
Avaliar a mesma candidata / Publicar bytes verificados, confirmar preview e changelog	UNKNOWN STEP	2026-10-08T22:01:28.2943212Z ./snapshots/e34f36f5c8b191f96ea6a18280a9b51c18ebacfa/app/assets/NOTICES
Avaliar a mesma candidata / Publicar bytes verificados, confirmar preview e changelog	UNKNOWN STEP	2026-10-08T22:01:28.2949504Z ./snapshots/e34f36f5c8b191f96ea6a18280a9b51c18ebacfa/app/assets/shorebird.yaml
Avaliar a mesma candidata / Publicar bytes verificados, confirmar preview e changelog	UNKNOWN STEP	2026-10-08T22:01:28.2950733Z ./snapshots/e34f36f5c8b191f96ea6a18280a9b51c18ebacfa/app/assets/AssetManifest.bin
Avaliar a mesma candidata / Publicar bytes verificados, confirmar preview e changelog	UNKNOWN STEP	2026-10-08T22:01:28.2951743Z ./snapshots/e34f36f5c8b191f96ea6a18280a9b51c18ebacfa/app/assets/packages/
Avaliar a mesma candidata / Publicar bytes verificados, confirmar preview e changelog	UNKNOWN STEP	2026-10-08T22:01:28.2952786Z ./snapshots/e34f36f5c8b191f96ea6a18280a9b51c18ebacfa/app/assets/packages/cupertino_icons/
Avaliar a mesma candidata / Publicar bytes verificados, confirmar preview e changelog	UNKNOWN STEP	2026-10-08T22:01:28.2954041Z ./snapshots/e34f36f5c8b191f96ea6a18280a9b51c18ebacfa/app/assets/packages/cupertino_icons/assets/
Avaliar a mesma candidata / Publicar bytes verificados, confirmar preview e changelog	UNKNOWN STEP	2026-10-08T22:01:28.2955407Z ./snapshots/e34f36f5c8b191f96ea6a18280a9b51c18ebacfa/app/assets/packages/cupertino_icons/assets/CupertinoIcons.ttf
Avaliar a mesma candidata / Publicar bytes verificados, confirmar preview e changelog	UNKNOWN STEP	2026-10-08T22:01:28.2956672Z ./snapshots/e34f36f5c8b191f96ea6a18280a9b51c18ebacfa/app/assets/FontManifest.json
Avaliar a mesma candidata / Publicar bytes verificados, confirmar preview e changelog	UNKNOWN STEP	2026-10-08T22:01:28.2957626Z ./snapshots/e34f36f5c8b191f96ea6a18280a9b51c18ebacfa/app/assets/shaders/
Avaliar a mesma candidata / Publicar bytes verificados, confirmar preview e changelog	UNKNOWN STEP	2026-10-08T22:01:28.2958631Z ./snapshots/e34f36f5c8b191f96ea6a18280a9b51c18ebacfa/app/assets/shaders/ink_sparkle.frag
Avaliar a mesma candidata / Publicar bytes verificados, confirmar preview e changelog	UNKNOWN STEP	2026-10-08T22:01:28.2959999Z ./snapshots/e34f36f5c8b191f96ea6a18280a9b51c18ebacfa/app/assets/shaders/stretch_effect.frag
Avaliar a mesma candidata / Publicar bytes verificados, confirmar preview e changelog	UNKNOWN STEP	2026-10-08T22:01:28.2961254Z ./snapshots/e34f36f5c8b191f96ea6a18280a9b51c18ebacfa/app/assets/fonts/
Avaliar a mesma candidata / Publicar bytes verificados, confirmar preview e changelog	UNKNOWN STEP	2026-10-08T22:01:28.2962494Z ./snapshots/e34f36f5c8b191f96ea6a18280a9b51c18ebacfa/app/assets/fonts/MaterialIcons-Regular.otf
Avaliar a mesma candidata / Publicar bytes verificados, confirmar preview e changelog	UNKNOWN STEP	2026-10-08T22:01:28.2963540Z ./snapshots/e34f36f5c8b191f96ea6a18280a9b51c18ebacfa/app/index.html
Avaliar a mesma candidata / Publicar bytes verificados, confirmar preview e changelog	UNKNOWN STEP	2026-10-08T22:01:28.2964370Z ./snapshots/e34f36f5c8b191f96ea6a18280a9b51c18ebacfa/app/version.json
Avaliar a mesma candidata / Publicar bytes verificados, confirmar preview e changelog	UNKNOWN STEP	2026-10-08T22:01:28.2965302Z ./snapshots/e34f36f5c8b191f96ea6a18280a9b51c18ebacfa/app/flutter_service_worker.js
Avaliar a mesma candidata / Publicar bytes verificados, confirmar preview e changelog	UNKNOWN STEP	2026-10-08T22:01:28.2966217Z ./snapshots/e34f36f5c8b191f96ea6a18280a9b51c18ebacfa/app/flutter.js
Avaliar a mesma candidata / Publicar bytes verificados, confirmar preview e changelog	UNKNOWN STEP	2026-10-08T22:01:28.2967036Z ./snapshots/e34f36f5c8b191f96ea6a18280a9b51c18ebacfa/app/favicon.png
Avaliar a mesma candidata / Publicar bytes verificados, confirmar preview e changelog	UNKNOWN STEP	2026-10-08T22:01:28.2967883Z ./snapshots/e34f36f5c8b191f96ea6a18280a9b51c18ebacfa/app/main.dart.js
Avaliar a mesma candidata / Publicar bytes verificados, confirmar preview e changelog	UNKNOWN STEP	2026-10-08T22:01:28.2976043Z ./snapshots/e34f36f5c8b191f96ea6a18280a9b51c18ebacfa/app/canvaskit/
Avaliar a mesma candidata / Publicar bytes verificados, confirmar preview e changelog	UNKNOWN STEP	2026-10-08T22:01:28.2976979Z ./snapshots/e34f36f5c8b191f96ea6a18280a9b51c18ebacfa/app/canvaskit/wimp.wasm
Avaliar a mesma candidata / Publicar bytes verificados, confirmar preview e changelog	UNKNOWN STEP	2026-10-08T22:01:28.3005914Z ./snapshots/e34f36f5c8b191f96ea6a18280a9b51c18ebacfa/app/canvaskit/chromium/
Avaliar a mesma candidata / Publicar bytes verificados, confirmar preview e changelog	UNKNOWN STEP	2026-10-08T22:01:28.3007011Z ./snapshots/e34f36f5c8b191f96ea6a18280a9b51c18ebacfa/app/canvaskit/chromium/canvaskit.js
Avaliar a mesma candidata / Publicar bytes verificados, confirmar preview e changelog	UNKNOWN STEP	2026-10-08T22:01:28.3008168Z ./snapshots/e34f36f5c8b191f96ea6a18280a9b51c18ebacfa/app/canvaskit/chromium/canvaskit.wasm
Avaliar a mesma candidata / Publicar bytes verificados, confirmar preview e changelog	UNKNOWN STEP	2026-10-08T22:01:28.3053586Z ./snapshots/e34f36f5c8b191f96ea6a18280a9b51c18ebacfa/app/canvaskit/chromium/canvaskit.js.symbols
Avaliar a mesma candidata / Publicar bytes verificados, confirmar preview e changelog	UNKNOWN STEP	2026-10-08T22:01:28.3065137Z ./snapshots/e34f36f5c8b191f96ea6a18280a9b51c18ebacfa/app/canvaskit/skwasm_heavy.js.symbols
Avaliar a mesma candidata / Publicar bytes verificados, confirmar preview e changelog	UNKNOWN STEP	2026-10-08T22:01:28.3078487Z ./snapshots/e34f36f5c8b191f96ea6a18280a9b51c18ebacfa/app/canvaskit/canvaskit.js
Avaliar a mesma candidata / Publicar bytes verificados, confirmar preview e changelog	UNKNOWN STEP	2026-10-08T22:01:28.3079576Z ./snapshots/e34f36f5c8b191f96ea6a18280a9b51c18ebacfa/app/canvaskit/skwasm.js
Avaliar a mesma candidata / Publicar bytes verificados, confirmar preview e changelog	UNKNOWN STEP	2026-10-08T22:01:28.3080594Z ./snapshots/e34f36f5c8b191f96ea6a18280a9b51c18ebacfa/app/canvaskit/canvaskit.wasm
Avaliar a mesma candidata / Publicar bytes verificados, confirmar preview e changelog	UNKNOWN STEP	2026-10-08T22:01:28.3138621Z ./snapshots/e34f36f5c8b191f96ea6a18280a9b51c18ebacfa/app/canvaskit/skwasm.wasm
Avaliar a mesma candidata / Publicar bytes verificados, confirmar preview e changelog	UNKNOWN STEP	2026-10-08T22:01:28.3171185Z ./snapshots/e34f36f5c8b191f96ea6a18280a9b51c18ebacfa/app/canvaskit/skwasm.js.symbols
Avaliar a mesma candidata / Publicar bytes verificados, confirmar preview e changelog	UNKNOWN STEP	2026-10-08T22:01:28.3180426Z ./snapshots/e34f36f5c8b191f96ea6a18280a9b51c18ebacfa/app/canvaskit/skwasm_heavy.wasm
Avaliar a mesma candidata / Publicar bytes verificados, confirmar preview e changelog	UNKNOWN STEP	2026-10-08T22:01:28.3220905Z ./snapshots/e34f36f5c8b191f96ea6a18280a9b51c18ebacfa/app/canvaskit/canvaskit.js.symbols
Avaliar a mesma candidata / Publicar bytes verificados, confirmar preview e changelog	UNKNOWN STEP	2026-10-08T22:01:28.3232824Z ./snapshots/e34f36f5c8b191f96ea6a18280a9b51c18ebacfa/app/canvaskit/experimental_webparagraph/
Avaliar a mesma candidata / Publicar bytes verificados, confirmar preview e changelog	UNKNOWN STEP	2026-10-08T22:01:28.3234162Z ./snapshots/e34f36f5c8b191f96ea6a18280a9b51c18ebacfa/app/canvaskit/experimental_webparagraph/canvaskit.js
Avaliar a mesma candidata / Publicar bytes verificados, confirmar preview e changelog	UNKNOWN STEP	2026-10-08T22:01:28.3235567Z ./snapshots/e34f36f5c8b191f96ea6a18280a9b51c18ebacfa/app/canvaskit/experimental_webparagraph/canvaskit.wasm
Avaliar a mesma candidata / Publicar bytes verificados, confirmar preview e changelog	UNKNOWN STEP	2026-10-08T22:01:28.3267414Z ./snapshots/e34f36f5c8b191f96ea6a18280a9b51c18ebacfa/app/canvaskit/experimental_webparagraph/canvaskit.js.symbols
Avaliar a mesma candidata / Publicar bytes verificados, confirmar preview e changelog	UNKNOWN STEP	2026-10-08T22:01:28.3275864Z ./snapshots/e34f36f5c8b191f96ea6a18280a9b51c18ebacfa/app/canvaskit/wimp.js
Avaliar a mesma candidata / Publicar bytes verificados, confirmar preview e changelog	UNKNOWN STEP	2026-10-08T22:01:28.3276886Z ./snapshots/e34f36f5c8b191f96ea6a18280a9b51c18ebacfa/app/canvaskit/skwasm_heavy.js
Avaliar a mesma candidata / Publicar bytes verificados, confirmar preview e changelog	UNKNOWN STEP	2026-10-08T22:01:28.3277945Z ./snapshots/e34f36f5c8b191f96ea6a18280a9b51c18ebacfa/app/canvaskit/wimp.js.symbols
Avaliar a mesma candidata / Publicar bytes verificados, confirmar preview e changelog	UNKNOWN STEP	2026-10-08T22:01:28.3293034Z ./snapshots/e34f36f5c8b191f96ea6a18280a9b51c18ebacfa/metadata.json
Avaliar a mesma candidata / Publicar bytes verificados, confirmar preview e changelog	UNKNOWN STEP	2026-10-08T22:01:28.3293857Z ./snapshots/e34f36f5c8b191f96ea6a18280a9b51c18ebacfa/index.html
Avaliar a mesma candidata / Publicar bytes verificados, confirmar preview e changelog	UNKNOWN STEP	2026-10-08T22:01:28.3294630Z ./snapshots/e34f36f5c8b191f96ea6a18280a9b51c18ebacfa/files.json
Avaliar a mesma candidata / Publicar bytes verificados, confirmar preview e changelog	UNKNOWN STEP	2026-10-08T22:01:28.3295343Z ./snapshots/9c4ad37fc415a98ef2a8cfdc5be8d5cf97fe35b0/
Avaliar a mesma candidata / Publicar bytes verificados, confirmar preview e changelog	UNKNOWN STEP	2026-10-08T22:01:28.3296024Z ./snapshots/9c4ad37fc415a98ef2a8cfdc5be8d5cf97fe35b0/app/
Avaliar a mesma candidata / Publicar bytes verificados, confirmar preview e changelog	UNKNOWN STEP	2026-10-08T22:01:28.3296813Z ./snapshots/9c4ad37fc415a98ef2a8cfdc5be8d5cf97fe35b0/app/manifest.json
Avaliar a mesma candidata / Publicar bytes verificados, confirmar preview e changelog	UNKNOWN STEP	2026-10-08T22:01:28.3297649Z ./snapshots/9c4ad37fc415a98ef2a8cfdc5be8d5cf97fe35b0/app/icons/
Avaliar a mesma candidata / Publicar bytes verificados, confirmar preview e changelog	UNKNOWN STEP	2026-10-08T22:01:28.3298519Z ./snapshots/9c4ad37fc415a98ef2a8cfdc5be8d5cf97fe35b0/app/icons/Icon-512.png
Avaliar a mesma candidata / Publicar bytes verificados, confirmar preview e changelog	UNKNOWN STEP	2026-10-08T22:01:28.3299714Z ./snapshots/9c4ad37fc415a98ef2a8cfdc5be8d5cf97fe35b0/app/icons/Icon-192.png
Avaliar a mesma candidata / Publicar bytes verificados, confirmar preview e changelog	UNKNOWN STEP	2026-10-08T22:01:28.3300939Z ./snapshots/9c4ad37fc415a98ef2a8cfdc5be8d5cf97fe35b0/app/icons/Icon-maskable-192.png
Avaliar a mesma candidata / Publicar bytes verificados, confirmar preview e changelog	UNKNOWN STEP	2026-10-08T22:01:28.3302216Z ./snapshots/9c4ad37fc415a98ef2a8cfdc5be8d5cf97fe35b0/app/icons/Icon-maskable-512.png
Avaliar a mesma candidata / Publicar bytes verificados, confirmar preview e changelog	UNKNOWN STEP	2026-10-08T22:01:28.3303252Z ./snapshots/9c4ad37fc415a98ef2a8cfdc5be8d5cf97fe35b0/app/flutter_bootstrap.js
Avaliar a mesma candidata / Publicar bytes verificados, confirmar preview e changelog	UNKNOWN STEP	2026-10-08T22:01:28.3304140Z ./snapshots/9c4ad37fc415a98ef2a8cfdc5be8d5cf97fe35b0/app/assets/
Avaliar a mesma candidata / Publicar bytes verificados, confirmar preview e changelog	UNKNOWN STEP	2026-10-08T22:01:28.3305110Z ./snapshots/9c4ad37fc415a98ef2a8cfdc5be8d5cf97fe35b0/app/assets/AssetManifest.bin.json
Avaliar a mesma candidata / Publicar bytes verificados, confirmar preview e changelog	UNKNOWN STEP	2026-10-08T22:01:28.3306116Z ./snapshots/9c4ad37fc415a98ef2a8cfdc5be8d5cf97fe35b0/app/assets/NOTICES
Avaliar a mesma candidata / Publicar bytes verificados, confirmar preview e changelog	UNKNOWN STEP	2026-10-08T22:01:28.3310193Z ./snapshots/9c4ad37fc415a98ef2a8cfdc5be8d5cf97fe35b0/app/assets/shorebird.yaml
Avaliar a mesma candidata / Publicar bytes verificados, confirmar preview e changelog	UNKNOWN STEP	2026-10-08T22:01:28.3311390Z ./snapshots/9c4ad37fc415a98ef2a8cfdc5be8d5cf97fe35b0/app/assets/AssetManifest.bin
Avaliar a mesma candidata / Publicar bytes verificados, confirmar preview e changelog	UNKNOWN STEP	2026-10-08T22:01:28.3312394Z ./snapshots/9c4ad37fc415a98ef2a8cfdc5be8d5cf97fe35b0/app/assets/packages/
Avaliar a mesma candidata / Publicar bytes verificados, confirmar preview e changelog	UNKNOWN STEP	2026-10-08T22:01:28.3313443Z ./snapshots/9c4ad37fc415a98ef2a8cfdc5be8d5cf97fe35b0/app/assets/packages/cupertino_icons/
Avaliar a mesma candidata / Publicar bytes verificados, confirmar preview e changelog	UNKNOWN STEP	2026-10-08T22:01:28.3314661Z ./snapshots/9c4ad37fc415a98ef2a8cfdc5be8d5cf97fe35b0/app/assets/packages/cupertino_icons/assets/
Avaliar a mesma candidata / Publicar bytes verificados, confirmar preview e changelog	UNKNOWN STEP	2026-10-08T22:01:28.3316064Z ./snapshots/9c4ad37fc415a98ef2a8cfdc5be8d5cf97fe35b0/app/assets/packages/cupertino_icons/assets/CupertinoIcons.ttf
Avaliar a mesma candidata / Publicar bytes verificados, confirmar preview e changelog	UNKNOWN STEP	2026-10-08T22:01:28.3317331Z ./snapshots/9c4ad37fc415a98ef2a8cfdc5be8d5cf97fe35b0/app/assets/FontManifest.json
Avaliar a mesma candidata / Publicar bytes verificados, confirmar preview e changelog	UNKNOWN STEP	2026-10-08T22:01:28.3318305Z ./snapshots/9c4ad37fc415a98ef2a8cfdc5be8d5cf97fe35b0/app/assets/shaders/
Avaliar a mesma candidata / Publicar bytes verificados, confirmar preview e changelog	UNKNOWN STEP	2026-10-08T22:01:28.3319315Z ./snapshots/9c4ad37fc415a98ef2a8cfdc5be8d5cf97fe35b0/app/assets/shaders/ink_sparkle.frag
Avaliar a mesma candidata / Publicar bytes verificados, confirmar preview e changelog	UNKNOWN STEP	2026-10-08T22:01:28.3320719Z ./snapshots/9c4ad37fc415a98ef2a8cfdc5be8d5cf97fe35b0/app/assets/shaders/stretch_effect.frag
Avaliar a mesma candidata / Publicar bytes verificados, confirmar preview e changelog	UNKNOWN STEP	2026-10-08T22:01:28.3321769Z ./snapshots/9c4ad37fc415a98ef2a8cfdc5be8d5cf97fe35b0/app/assets/fonts/
Avaliar a mesma candidata / Publicar bytes verificados, confirmar preview e changelog	UNKNOWN STEP	2026-10-08T22:01:28.3322838Z ./snapshots/9c4ad37fc415a98ef2a8cfdc5be8d5cf97fe35b0/app/assets/fonts/MaterialIcons-Regular.otf
Avaliar a mesma candidata / Publicar bytes verificados, confirmar preview e changelog	UNKNOWN STEP	2026-10-08T22:01:28.3323877Z ./snapshots/9c4ad37fc415a98ef2a8cfdc5be8d5cf97fe35b0/app/index.html
Avaliar a mesma candidata / Publicar bytes verificados, confirmar preview e changelog	UNKNOWN STEP	2026-10-08T22:01:28.3324737Z ./snapshots/9c4ad37fc415a98ef2a8cfdc5be8d5cf97fe35b0/app/version.json
Avaliar a mesma candidata / Publicar bytes verificados, confirmar preview e changelog	UNKNOWN STEP	2026-10-08T22:01:28.3325683Z ./snapshots/9c4ad37fc415a98ef2a8cfdc5be8d5cf97fe35b0/app/flutter_service_worker.js
Avaliar a mesma candidata / Publicar bytes verificados, confirmar preview e changelog	UNKNOWN STEP	2026-10-08T22:01:28.3326617Z ./snapshots/9c4ad37fc415a98ef2a8cfdc5be8d5cf97fe35b0/app/flutter.js
Avaliar a mesma candidata / Publicar bytes verificados, confirmar preview e changelog	UNKNOWN STEP	2026-10-08T22:01:28.3327454Z ./snapshots/9c4ad37fc415a98ef2a8cfdc5be8d5cf97fe35b0/app/favicon.png
Avaliar a mesma candidata / Publicar bytes verificados, confirmar preview e changelog	UNKNOWN STEP	2026-10-08T22:01:28.3328295Z ./snapshots/9c4ad37fc415a98ef2a8cfdc5be8d5cf97fe35b0/app/main.dart.js
Avaliar a mesma candidata / Publicar bytes verificados, confirmar preview e changelog	UNKNOWN STEP	2026-10-08T22:01:28.3335038Z ./snapshots/9c4ad37fc415a98ef2a8cfdc5be8d5cf97fe35b0/app/canvaskit/
Avaliar a mesma candidata / Publicar bytes verificados, confirmar preview e changelog	UNKNOWN STEP	2026-10-08T22:01:28.3335980Z ./snapshots/9c4ad37fc415a98ef2a8cfdc5be8d5cf97fe35b0/app/canvaskit/wimp.wasm
Avaliar a mesma candidata / Publicar bytes verificados, confirmar preview e changelog	UNKNOWN STEP	2026-10-08T22:01:28.3363423Z ./snapshots/9c4ad37fc415a98ef2a8cfdc5be8d5cf97fe35b0/app/canvaskit/chromium/
Avaliar a mesma candidata / Publicar bytes verificados, confirmar preview e changelog	UNKNOWN STEP	2026-10-08T22:01:28.3364457Z ./snapshots/9c4ad37fc415a98ef2a8cfdc5be8d5cf97fe35b0/app/canvaskit/chromium/canvaskit.js
Avaliar a mesma candidata / Publicar bytes verificados, confirmar preview e changelog	UNKNOWN STEP	2026-10-08T22:01:28.3365284Z ./snapshots/9c4ad37fc415a98ef2a8cfdc5be8d5cf97fe35b0/app/canvaskit/chromium/canvaskit.wasm
Avaliar a mesma candidata / Publicar bytes verificados, confirmar preview e changelog	UNKNOWN STEP	2026-10-08T22:01:28.3410342Z ./snapshots/9c4ad37fc415a98ef2a8cfdc5be8d5cf97fe35b0/app/canvaskit/chromium/canvaskit.js.symbols
Avaliar a mesma candidata / Publicar bytes verificados, confirmar preview e changelog	UNKNOWN STEP	2026-10-08T22:01:28.3421074Z ./snapshots/9c4ad37fc415a98ef2a8cfdc5be8d5cf97fe35b0/app/canvaskit/skwasm_heavy.js.symbols
Avaliar a mesma candidata / Publicar bytes verificados, confirmar preview e changelog	UNKNOWN STEP	2026-10-08T22:01:28.3434916Z ./snapshots/9c4ad37fc415a98ef2a8cfdc5be8d5cf97fe35b0/app/canvaskit/canvaskit.js
Avaliar a mesma candidata / Publicar bytes verificados, confirmar preview e changelog	UNKNOWN STEP	2026-10-08T22:01:28.3435956Z ./snapshots/9c4ad37fc415a98ef2a8cfdc5be8d5cf97fe35b0/app/canvaskit/skwasm.js
Avaliar a mesma candidata / Publicar bytes verificados, confirmar preview e changelog	UNKNOWN STEP	2026-10-08T22:01:28.3436975Z ./snapshots/9c4ad37fc415a98ef2a8cfdc5be8d5cf97fe35b0/app/canvaskit/canvaskit.wasm
Avaliar a mesma candidata / Publicar bytes verificados, confirmar preview e changelog	UNKNOWN STEP	2026-10-08T22:01:28.3492818Z ./snapshots/9c4ad37fc415a98ef2a8cfdc5be8d5cf97fe35b0/app/canvaskit/skwasm.wasm
Avaliar a mesma candidata / Publicar bytes verificados, confirmar preview e changelog	UNKNOWN STEP	2026-10-08T22:01:28.3521981Z ./snapshots/9c4ad37fc415a98ef2a8cfdc5be8d5cf97fe35b0/app/canvaskit/skwasm.js.symbols
Avaliar a mesma candidata / Publicar bytes verificados, confirmar preview e changelog	UNKNOWN STEP	2026-10-08T22:01:28.3534454Z ./snapshots/9c4ad37fc415a98ef2a8cfdc5be8d5cf97fe35b0/app/canvaskit/skwasm_heavy.wasm
Avaliar a mesma candidata / Publicar bytes verificados, confirmar preview e changelog	UNKNOWN STEP	2026-10-08T22:01:28.3575166Z ./snapshots/9c4ad37fc415a98ef2a8cfdc5be8d5cf97fe35b0/app/canvaskit/canvaskit.js.symbols
Avaliar a mesma candidata / Publicar bytes verificados, confirmar preview e changelog	UNKNOWN STEP	2026-10-08T22:01:28.3586586Z ./snapshots/9c4ad37fc415a98ef2a8cfdc5be8d5cf97fe35b0/app/canvaskit/experimental_webparagraph/
Avaliar a mesma candidata / Publicar bytes verificados, confirmar preview e changelog	UNKNOWN STEP	2026-10-08T22:01:28.3587881Z ./snapshots/9c4ad37fc415a98ef2a8cfdc5be8d5cf97fe35b0/app/canvaskit/experimental_webparagraph/canvaskit.js
Avaliar a mesma candidata / Publicar bytes verificados, confirmar preview e changelog	UNKNOWN STEP	2026-10-08T22:01:28.3588933Z ./snapshots/9c4ad37fc415a98ef2a8cfdc5be8d5cf97fe35b0/app/canvaskit/experimental_webparagraph/canvaskit.wasm
Avaliar a mesma candidata / Publicar bytes verificados, confirmar preview e changelog	UNKNOWN STEP	2026-10-08T22:01:28.3619625Z ./snapshots/9c4ad37fc415a98ef2a8cfdc5be8d5cf97fe35b0/app/canvaskit/experimental_webparagraph/canvaskit.js.symbols
Avaliar a mesma candidata / Publicar bytes verificados, confirmar preview e changelog	UNKNOWN STEP	2026-10-08T22:01:28.3628594Z ./snapshots/9c4ad37fc415a98ef2a8cfdc5be8d5cf97fe35b0/app/canvaskit/wimp.js
Avaliar a mesma candidata / Publicar bytes verificados, confirmar preview e changelog	UNKNOWN STEP	2026-10-08T22:01:28.3629577Z ./snapshots/9c4ad37fc415a98ef2a8cfdc5be8d5cf97fe35b0/app/canvaskit/skwasm_heavy.js
Avaliar a mesma candidata / Publicar bytes verificados, confirmar preview e changelog	UNKNOWN STEP	2026-10-08T22:01:28.3630724Z ./snapshots/9c4ad37fc415a98ef2a8cfdc5be8d5cf97fe35b0/app/canvaskit/wimp.js.symbols
Avaliar a mesma candidata / Publicar bytes verificados, confirmar preview e changelog	UNKNOWN STEP	2026-10-08T22:01:28.3645648Z ./snapshots/9c4ad37fc415a98ef2a8cfdc5be8d5cf97fe35b0/metadata.json
Avaliar a mesma candidata / Publicar bytes verificados, confirmar preview e changelog	UNKNOWN STEP	2026-10-08T22:01:28.3646550Z ./snapshots/9c4ad37fc415a98ef2a8cfdc5be8d5cf97fe35b0/index.html
Avaliar a mesma candidata / Publicar bytes verificados, confirmar preview e changelog	UNKNOWN STEP	2026-10-08T22:01:28.3647311Z ./snapshots/9c4ad37fc415a98ef2a8cfdc5be8d5cf97fe35b0/files.json
Avaliar a mesma candidata / Publicar bytes verificados, confirmar preview e changelog	UNKNOWN STEP	2026-10-08T22:01:28.3648018Z ./snapshots/9e0320fca6fdfba5931d6c80d9181c362ac33c17/
Avaliar a mesma candidata / Publicar bytes verificados, confirmar preview e changelog	UNKNOWN STEP	2026-10-08T22:01:28.3648676Z ./snapshots/9e0320fca6fdfba5931d6c80d9181c362ac33c17/app/
Avaliar a mesma candidata / Publicar bytes verificados, confirmar preview e changelog	UNKNOWN STEP	2026-10-08T22:01:28.3649450Z ./snapshots/9e0320fca6fdfba5931d6c80d9181c362ac33c17/app/manifest.json
Avaliar a mesma candidata / Publicar bytes verificados, confirmar preview e changelog	UNKNOWN STEP	2026-10-08T22:01:28.3650493Z ./snapshots/9e0320fca6fdfba5931d6c80d9181c362ac33c17/app/icons/
Avaliar a mesma candidata / Publicar bytes verificados, confirmar preview e changelog	UNKNOWN STEP	2026-10-08T22:01:28.3651349Z ./snapshots/9e0320fca6fdfba5931d6c80d9181c362ac33c17/app/icons/Icon-512.png
Avaliar a mesma candidata / Publicar bytes verificados, confirmar preview e changelog	UNKNOWN STEP	2026-10-08T22:01:28.3652290Z ./snapshots/9e0320fca6fdfba5931d6c80d9181c362ac33c17/app/icons/Icon-192.png
Avaliar a mesma candidata / Publicar bytes verificados, confirmar preview e changelog	UNKNOWN STEP	2026-10-08T22:01:28.3653351Z ./snapshots/9e0320fca6fdfba5931d6c80d9181c362ac33c17/app/icons/Icon-maskable-192.png
Avaliar a mesma candidata / Publicar bytes verificados, confirmar preview e changelog	UNKNOWN STEP	2026-10-08T22:01:28.3654441Z ./snapshots/9e0320fca6fdfba5931d6c80d9181c362ac33c17/app/icons/Icon-maskable-512.png
Avaliar a mesma candidata / Publicar bytes verificados, confirmar preview e changelog	UNKNOWN STEP	2026-10-08T22:01:28.3655470Z ./snapshots/9e0320fca6fdfba5931d6c80d9181c362ac33c17/app/flutter_bootstrap.js
Avaliar a mesma candidata / Publicar bytes verificados, confirmar preview e changelog	UNKNOWN STEP	2026-10-08T22:01:28.3656365Z ./snapshots/9e0320fca6fdfba5931d6c80d9181c362ac33c17/app/assets/
Avaliar a mesma candidata / Publicar bytes verificados, confirmar preview e changelog	UNKNOWN STEP	2026-10-08T22:01:28.3657300Z ./snapshots/9e0320fca6fdfba5931d6c80d9181c362ac33c17/app/assets/AssetManifest.bin.json
Avaliar a mesma candidata / Publicar bytes verificados, confirmar preview e changelog	UNKNOWN STEP	2026-10-08T22:01:28.3658292Z ./snapshots/9e0320fca6fdfba5931d6c80d9181c362ac33c17/app/assets/NOTICES
Avaliar a mesma candidata / Publicar bytes verificados, confirmar preview e changelog	UNKNOWN STEP	2026-10-08T22:01:28.3663002Z ./snapshots/9e0320fca6fdfba5931d6c80d9181c362ac33c17/app/assets/shorebird.yaml
Avaliar a mesma candidata / Publicar bytes verificados, confirmar preview e changelog	UNKNOWN STEP	2026-10-08T22:01:28.3664018Z ./snapshots/9e0320fca6fdfba5931d6c80d9181c362ac33c17/app/assets/AssetManifest.bin
Avaliar a mesma candidata / Publicar bytes verificados, confirmar preview e changelog	UNKNOWN STEP	2026-10-08T22:01:28.3664988Z ./snapshots/9e0320fca6fdfba5931d6c80d9181c362ac33c17/app/assets/packages/
Avaliar a mesma candidata / Publicar bytes verificados, confirmar preview e changelog	UNKNOWN STEP	2026-10-08T22:01:28.3666023Z ./snapshots/9e0320fca6fdfba5931d6c80d9181c362ac33c17/app/assets/packages/cupertino_icons/
Avaliar a mesma candidata / Publicar bytes verificados, confirmar preview e changelog	UNKNOWN STEP	2026-10-08T22:01:28.3667220Z ./snapshots/9e0320fca6fdfba5931d6c80d9181c362ac33c17/app/assets/packages/cupertino_icons/assets/
Avaliar a mesma candidata / Publicar bytes verificados, confirmar preview e changelog	UNKNOWN STEP	2026-10-08T22:01:28.3668750Z ./snapshots/9e0320fca6fdfba5931d6c80d9181c362ac33c17/app/assets/packages/cupertino_icons/assets/CupertinoIcons.ttf
Avaliar a mesma candidata / Publicar bytes verificados, confirmar preview e changelog	UNKNOWN STEP	2026-10-08T22:01:28.3670035Z ./snapshots/9e0320fca6fdfba5931d6c80d9181c362ac33c17/app/assets/FontManifest.json
Avaliar a mesma candidata / Publicar bytes verificados, confirmar preview e changelog	UNKNOWN STEP	2026-10-08T22:01:28.3671231Z ./snapshots/9e0320fca6fdfba5931d6c80d9181c362ac33c17/app/assets/shaders/
Avaliar a mesma candidata / Publicar bytes verificados, confirmar preview e changelog	UNKNOWN STEP	2026-10-08T22:01:28.3672230Z ./snapshots/9e0320fca6fdfba5931d6c80d9181c362ac33c17/app/assets/shaders/ink_sparkle.frag
Avaliar a mesma candidata / Publicar bytes verificados, confirmar preview e changelog	UNKNOWN STEP	2026-10-08T22:01:28.3673373Z ./snapshots/9e0320fca6fdfba5931d6c80d9181c362ac33c17/app/assets/shaders/stretch_effect.frag
Avaliar a mesma candidata / Publicar bytes verificados, confirmar preview e changelog	UNKNOWN STEP	2026-10-08T22:01:28.3674390Z ./snapshots/9e0320fca6fdfba5931d6c80d9181c362ac33c17/app/assets/fonts/
Avaliar a mesma candidata / Publicar bytes verificados, confirmar preview e changelog	UNKNOWN STEP	2026-10-08T22:01:28.3675436Z ./snapshots/9e0320fca6fdfba5931d6c80d9181c362ac33c17/app/assets/fonts/MaterialIcons-Regular.otf
Avaliar a mesma candidata / Publicar bytes verificados, confirmar preview e changelog	UNKNOWN STEP	2026-10-08T22:01:28.3691023Z ./snapshots/9e0320fca6fdfba5931d6c80d9181c362ac33c17/app/index.html
Avaliar a mesma candidata / Publicar bytes verificados, confirmar preview e changelog	UNKNOWN STEP	2026-10-08T22:01:28.3692110Z ./snapshots/9e0320fca6fdfba5931d6c80d9181c362ac33c17/app/version.json
Avaliar a mesma candidata / Publicar bytes verificados, confirmar preview e changelog	UNKNOWN STEP	2026-10-08T22:01:28.3692761Z ./snapshots/9e0320fca6fdfba5931d6c80d9181c362ac33c17/app/flutter_service_worker.js
Avaliar a mesma candidata / Publicar bytes verificados, confirmar preview e changelog	UNKNOWN STEP	2026-10-08T22:01:28.3693531Z ./snapshots/9e0320fca6fdfba5931d6c80d9181c362ac33c17/app/flutter.js
Avaliar a mesma candidata / Publicar bytes verificados, confirmar preview e changelog	UNKNOWN STEP	2026-10-08T22:01:28.3694097Z ./snapshots/9e0320fca6fdfba5931d6c80d9181c362ac33c17/app/favicon.png
Avaliar a mesma candidata / Publicar bytes verificados, confirmar preview e changelog	UNKNOWN STEP	2026-10-08T22:01:28.3694671Z ./snapshots/9e0320fca6fdfba5931d6c80d9181c362ac33c17/app/main.dart.js
Avaliar a mesma candidata / Publicar bytes verificados, confirmar preview e changelog	UNKNOWN STEP	2026-10-08T22:01:28.3695245Z ./snapshots/9e0320fca6fdfba5931d6c80d9181c362ac33c17/app/canvaskit/
Avaliar a mesma candidata / Publicar bytes verificados, confirmar preview e changelog	UNKNOWN STEP	2026-10-08T22:01:28.3695844Z ./snapshots/9e0320fca6fdfba5931d6c80d9181c362ac33c17/app/canvaskit/wimp.wasm
Avaliar a mesma candidata / Publicar bytes verificados, confirmar preview e changelog	UNKNOWN STEP	2026-10-08T22:01:28.3714854Z ./snapshots/9e0320fca6fdfba5931d6c80d9181c362ac33c17/app/canvaskit/chromium/
Avaliar a mesma candidata / Publicar bytes verificados, confirmar preview e changelog	UNKNOWN STEP	2026-10-08T22:01:28.3715971Z ./snapshots/9e0320fca6fdfba5931d6c80d9181c362ac33c17/app/canvaskit/chromium/canvaskit.js
Avaliar a mesma candidata / Publicar bytes verificados, confirmar preview e changelog	UNKNOWN STEP	2026-10-08T22:01:28.3716946Z ./snapshots/9e0320fca6fdfba5931d6c80d9181c362ac33c17/app/canvaskit/chromium/canvaskit.wasm
Avaliar a mesma candidata / Publicar bytes verificados, confirmar preview e changelog	UNKNOWN STEP	2026-10-08T22:01:28.3761182Z ./snapshots/9e0320fca6fdfba5931d6c80d9181c362ac33c17/app/canvaskit/chromium/canvaskit.js.symbols
Avaliar a mesma candidata / Publicar bytes verificados, confirmar preview e changelog	UNKNOWN STEP	2026-10-08T22:01:28.3771297Z ./snapshots/9e0320fca6fdfba5931d6c80d9181c362ac33c17/app/canvaskit/skwasm_heavy.js.symbols
Avaliar a mesma candidata / Publicar bytes verificados, confirmar preview e changelog	UNKNOWN STEP	2026-10-08T22:01:28.3784319Z ./snapshots/9e0320fca6fdfba5931d6c80d9181c362ac33c17/app/canvaskit/canvaskit.js
Avaliar a mesma candidata / Publicar bytes verificados, confirmar preview e changelog	UNKNOWN STEP	2026-10-08T22:01:28.3785353Z ./snapshots/9e0320fca6fdfba5931d6c80d9181c362ac33c17/app/canvaskit/skwasm.js
Avaliar a mesma candidata / Publicar bytes verificados, confirmar preview e changelog	UNKNOWN STEP	2026-10-08T22:01:28.3786407Z ./snapshots/9e0320fca6fdfba5931d6c80d9181c362ac33c17/app/canvaskit/canvaskit.wasm
Avaliar a mesma candidata / Publicar bytes verificados, confirmar preview e changelog	UNKNOWN STEP	2026-10-08T22:01:28.3842349Z ./snapshots/9e0320fca6fdfba5931d6c80d9181c362ac33c17/app/canvaskit/skwasm.wasm
Avaliar a mesma candidata / Publicar bytes verificados, confirmar preview e changelog	UNKNOWN STEP	2026-10-08T22:01:28.3870708Z ./snapshots/9e0320fca6fdfba5931d6c80d9181c362ac33c17/app/canvaskit/skwasm.js.symbols
Avaliar a mesma candidata / Publicar bytes verificados, confirmar preview e changelog	UNKNOWN STEP	2026-10-08T22:01:28.3882998Z ./snapshots/9e0320fca6fdfba5931d6c80d9181c362ac33c17/app/canvaskit/skwasm_heavy.wasm
Avaliar a mesma candidata / Publicar bytes verificados, confirmar preview e changelog	UNKNOWN STEP	2026-10-08T22:01:28.3923778Z ./snapshots/9e0320fca6fdfba5931d6c80d9181c362ac33c17/app/canvaskit/canvaskit.js.symbols
Avaliar a mesma candidata / Publicar bytes verificados, confirmar preview e changelog	UNKNOWN STEP	2026-10-08T22:01:28.3934725Z ./snapshots/9e0320fca6fdfba5931d6c80d9181c362ac33c17/app/canvaskit/experimental_webparagraph/
Avaliar a mesma candidata / Publicar bytes verificados, confirmar preview e changelog	UNKNOWN STEP	2026-10-08T22:01:28.3936322Z ./snapshots/9e0320fca6fdfba5931d6c80d9181c362ac33c17/app/canvaskit/experimental_webparagraph/canvaskit.js
Avaliar a mesma candidata / Publicar bytes verificados, confirmar preview e changelog	UNKNOWN STEP	2026-10-08T22:01:28.3937465Z ./snapshots/9e0320fca6fdfba5931d6c80d9181c362ac33c17/app/canvaskit/experimental_webparagraph/canvaskit.wasm
Avaliar a mesma candidata / Publicar bytes verificados, confirmar preview e changelog	UNKNOWN STEP	2026-10-08T22:01:28.3968528Z ./snapshots/9e0320fca6fdfba5931d6c80d9181c362ac33c17/app/canvaskit/experimental_webparagraph/canvaskit.js.symbols
Avaliar a mesma candidata / Publicar bytes verificados, confirmar preview e changelog	UNKNOWN STEP	2026-10-08T22:01:28.3976494Z ./snapshots/9e0320fca6fdfba5931d6c80d9181c362ac33c17/app/canvaskit/wimp.js
Avaliar a mesma candidata / Publicar bytes verificados, confirmar preview e changelog	UNKNOWN STEP	2026-10-08T22:01:28.3977722Z ./snapshots/9e0320fca6fdfba5931d6c80d9181c362ac33c17/app/canvaskit/skwasm_heavy.js
Avaliar a mesma candidata / Publicar bytes verificados, confirmar preview e changelog	UNKNOWN STEP	2026-10-08T22:01:28.3978917Z ./snapshots/9e0320fca6fdfba5931d6c80d9181c362ac33c17/app/canvaskit/wimp.js.symbols
Avaliar a mesma candidata / Publicar bytes verificados, confirmar preview e changelog	UNKNOWN STEP	2026-10-08T22:01:28.3992711Z ./snapshots/9e0320fca6fdfba5931d6c80d9181c362ac33c17/metadata.json
Avaliar a mesma candidata / Publicar bytes verificados, confirmar preview e changelog	UNKNOWN STEP	2026-10-08T22:01:28.3993675Z ./snapshots/9e0320fca6fdfba5931d6c80d9181c362ac33c17/index.html
Avaliar a mesma candidata / Publicar bytes verificados, confirmar preview e changelog	UNKNOWN STEP	2026-10-08T22:01:28.3994283Z ./snapshots/9e0320fca6fdfba5931d6c80d9181c362ac33c17/files.json
Avaliar a mesma candidata / Publicar bytes verificados, confirmar preview e changelog	UNKNOWN STEP	2026-10-08T22:01:28.3996162Z ./snapshots/05634b4b620cc30a053e5acab5fefb0667f2544e/
Avaliar a mesma candidata / Publicar bytes verificados, confirmar preview e changelog	UNKNOWN STEP	2026-10-08T22:01:28.3996865Z ./snapshots/05634b4b620cc30a053e5acab5fefb0667f2544e/app/
Avaliar a mesma candidata / Publicar bytes verificados, confirmar preview e changelog	UNKNOWN STEP	2026-10-08T22:01:28.3997433Z ./snapshots/05634b4b620cc30a053e5acab5fefb0667f2544e/app/manifest.json
Avaliar a mesma candidata / Publicar bytes verificados, confirmar preview e changelog	UNKNOWN STEP	2026-10-08T22:01:28.3998038Z ./snapshots/05634b4b620cc30a053e5acab5fefb0667f2544e/app/icons/
Avaliar a mesma candidata / Publicar bytes verificados, confirmar preview e changelog	UNKNOWN STEP	2026-10-08T22:01:28.3998667Z ./snapshots/05634b4b620cc30a053e5acab5fefb0667f2544e/app/icons/Icon-512.png
Avaliar a mesma candidata / Publicar bytes verificados, confirmar preview e changelog	UNKNOWN STEP	2026-10-08T22:01:28.3999362Z ./snapshots/05634b4b620cc30a053e5acab5fefb0667f2544e/app/icons/Icon-192.png
Avaliar a mesma candidata / Publicar bytes verificados, confirmar preview e changelog	UNKNOWN STEP	2026-10-08T22:01:28.4000337Z ./snapshots/05634b4b620cc30a053e5acab5fefb0667f2544e/app/icons/Icon-maskable-192.png
Avaliar a mesma candidata / Publicar bytes verificados, confirmar preview e changelog	UNKNOWN STEP	2026-10-08T22:01:28.4001137Z ./snapshots/05634b4b620cc30a053e5acab5fefb0667f2544e/app/icons/Icon-maskable-512.png
Avaliar a mesma candidata / Publicar bytes verificados, confirmar preview e changelog	UNKNOWN STEP	2026-10-08T22:01:28.4002139Z ./snapshots/05634b4b620cc30a053e5acab5fefb0667f2544e/app/flutter_bootstrap.js
Avaliar a mesma candidata / Publicar bytes verificados, confirmar preview e changelog	UNKNOWN STEP	2026-10-08T22:01:28.4002786Z ./snapshots/05634b4b620cc30a053e5acab5fefb0667f2544e/app/assets/
Avaliar a mesma candidata / Publicar bytes verificados, confirmar preview e changelog	UNKNOWN STEP	2026-10-08T22:01:28.4003466Z ./snapshots/05634b4b620cc30a053e5acab5fefb0667f2544e/app/assets/AssetManifest.bin.json
Avaliar a mesma candidata / Publicar bytes verificados, confirmar preview e changelog	UNKNOWN STEP	2026-10-08T22:01:28.4004337Z ./snapshots/05634b4b620cc30a053e5acab5fefb0667f2544e/app/assets/NOTICES
Avaliar a mesma candidata / Publicar bytes verificados, confirmar preview e changelog	UNKNOWN STEP	2026-10-08T22:01:28.4007814Z ./snapshots/05634b4b620cc30a053e5acab5fefb0667f2544e/app/assets/shorebird.yaml
Avaliar a mesma candidata / Publicar bytes verificados, confirmar preview e changelog	UNKNOWN STEP	2026-10-08T22:01:28.4009108Z ./snapshots/05634b4b620cc30a053e5acab5fefb0667f2544e/app/assets/AssetManifest.bin
Avaliar a mesma candidata / Publicar bytes verificados, confirmar preview e changelog	UNKNOWN STEP	2026-10-08T22:01:28.4010423Z ./snapshots/05634b4b620cc30a053e5acab5fefb0667f2544e/app/assets/packages/
Avaliar a mesma candidata / Publicar bytes verificados, confirmar preview e changelog	UNKNOWN STEP	2026-10-08T22:01:28.4011583Z ./snapshots/05634b4b620cc30a053e5acab5fefb0667f2544e/app/assets/packages/cupertino_icons/
Avaliar a mesma candidata / Publicar bytes verificados, confirmar preview e changelog	UNKNOWN STEP	2026-10-08T22:01:28.4012563Z ./snapshots/05634b4b620cc30a053e5acab5fefb0667f2544e/app/assets/packages/cupertino_icons/assets/
Avaliar a mesma candidata / Publicar bytes verificados, confirmar preview e changelog	UNKNOWN STEP	2026-10-08T22:01:28.4013343Z ./snapshots/05634b4b620cc30a053e5acab5fefb0667f2544e/app/assets/packages/cupertino_icons/assets/CupertinoIcons.ttf
Avaliar a mesma candidata / Publicar bytes verificados, confirmar preview e changelog	UNKNOWN STEP	2026-10-08T22:01:28.4014055Z ./snapshots/05634b4b620cc30a053e5acab5fefb0667f2544e/app/assets/FontManifest.json
Avaliar a mesma candidata / Publicar bytes verificados, confirmar preview e changelog	UNKNOWN STEP	2026-10-08T22:01:28.4014588Z ./snapshots/05634b4b620cc30a053e5acab5fefb0667f2544e/app/assets/shaders/
Avaliar a mesma candidata / Publicar bytes verificados, confirmar preview e changelog	UNKNOWN STEP	2026-10-08T22:01:28.4015148Z ./snapshots/05634b4b620cc30a053e5acab5fefb0667f2544e/app/assets/shaders/ink_sparkle.frag
Avaliar a mesma candidata / Publicar bytes verificados, confirmar preview e changelog	UNKNOWN STEP	2026-10-08T22:01:28.4015765Z ./snapshots/05634b4b620cc30a053e5acab5fefb0667f2544e/app/assets/shaders/stretch_effect.frag
Avaliar a mesma candidata / Publicar bytes verificados, confirmar preview e changelog	UNKNOWN STEP	2026-10-08T22:01:28.4016317Z ./snapshots/05634b4b620cc30a053e5acab5fefb0667f2544e/app/assets/fonts/
Avaliar a mesma candidata / Publicar bytes verificados, confirmar preview e changelog	UNKNOWN STEP	2026-10-08T22:01:28.4016885Z ./snapshots/05634b4b620cc30a053e5acab5fefb0667f2544e/app/assets/fonts/MaterialIcons-Regular.otf
Avaliar a mesma candidata / Publicar bytes verificados, confirmar preview e changelog	UNKNOWN STEP	2026-10-08T22:01:28.4017443Z ./snapshots/05634b4b620cc30a053e5acab5fefb0667f2544e/app/index.html
Avaliar a mesma candidata / Publicar bytes verificados, confirmar preview e changelog	UNKNOWN STEP	2026-10-08T22:01:28.4017893Z ./snapshots/05634b4b620cc30a053e5acab5fefb0667f2544e/app/version.json
Avaliar a mesma candidata / Publicar bytes verificados, confirmar preview e changelog	UNKNOWN STEP	2026-10-08T22:01:28.4018396Z ./snapshots/05634b4b620cc30a053e5acab5fefb0667f2544e/app/flutter_service_worker.js
Avaliar a mesma candidata / Publicar bytes verificados, confirmar preview e changelog	UNKNOWN STEP	2026-10-08T22:01:28.4018907Z ./snapshots/05634b4b620cc30a053e5acab5fefb0667f2544e/app/flutter.js
Avaliar a mesma candidata / Publicar bytes verificados, confirmar preview e changelog	UNKNOWN STEP	2026-10-08T22:01:28.4019351Z ./snapshots/05634b4b620cc30a053e5acab5fefb0667f2544e/app/favicon.png
Avaliar a mesma candidata / Publicar bytes verificados, confirmar preview e changelog	UNKNOWN STEP	2026-10-08T22:01:28.4019804Z ./snapshots/05634b4b620cc30a053e5acab5fefb0667f2544e/app/main.dart.js
Avaliar a mesma candidata / Publicar bytes verificados, confirmar preview e changelog	UNKNOWN STEP	2026-10-08T22:01:28.4029329Z ./snapshots/05634b4b620cc30a053e5acab5fefb0667f2544e/app/canvaskit/
Avaliar a mesma candidata / Publicar bytes verificados, confirmar preview e changelog	UNKNOWN STEP	2026-10-08T22:01:28.4030267Z ./snapshots/05634b4b620cc30a053e5acab5fefb0667f2544e/app/canvaskit/wimp.wasm
Avaliar a mesma candidata / Publicar bytes verificados, confirmar preview e changelog	UNKNOWN STEP	2026-10-08T22:01:28.4057842Z ./snapshots/05634b4b620cc30a053e5acab5fefb0667f2544e/app/canvaskit/chromium/
Avaliar a mesma candidata / Publicar bytes verificados, confirmar preview e changelog	UNKNOWN STEP	2026-10-08T22:01:28.4058865Z ./snapshots/05634b4b620cc30a053e5acab5fefb0667f2544e/app/canvaskit/chromium/canvaskit.js
Avaliar a mesma candidata / Publicar bytes verificados, confirmar preview e changelog	UNKNOWN STEP	2026-10-08T22:01:28.4061214Z ./snapshots/05634b4b620cc30a053e5acab5fefb0667f2544e/app/canvaskit/chromium/canvaskit.wasm
Avaliar a mesma candidata / Publicar bytes verificados, confirmar preview e changelog	UNKNOWN STEP	2026-10-08T22:01:28.4105061Z ./snapshots/05634b4b620cc30a053e5acab5fefb0667f2544e/app/canvaskit/chromium/canvaskit.js.symbols
Avaliar a mesma candidata / Publicar bytes verificados, confirmar preview e changelog	UNKNOWN STEP	2026-10-08T22:01:28.4115151Z ./snapshots/05634b4b620cc30a053e5acab5fefb0667f2544e/app/canvaskit/skwasm_heavy.js.symbols
Avaliar a mesma candidata / Publicar bytes verificados, confirmar preview e changelog	UNKNOWN STEP	2026-10-08T22:01:28.4128764Z ./snapshots/05634b4b620cc30a053e5acab5fefb0667f2544e/app/canvaskit/canvaskit.js
Avaliar a mesma candidata / Publicar bytes verificados, confirmar preview e changelog	UNKNOWN STEP	2026-10-08T22:01:28.4129722Z ./snapshots/05634b4b620cc30a053e5acab5fefb0667f2544e/app/canvaskit/skwasm.js
Avaliar a mesma candidata / Publicar bytes verificados, confirmar preview e changelog	UNKNOWN STEP	2026-10-08T22:01:28.4130889Z ./snapshots/05634b4b620cc30a053e5acab5fefb0667f2544e/app/canvaskit/canvaskit.wasm
Avaliar a mesma candidata / Publicar bytes verificados, confirmar preview e changelog	UNKNOWN STEP	2026-10-08T22:01:28.4187106Z ./snapshots/05634b4b620cc30a053e5acab5fefb0667f2544e/app/canvaskit/skwasm.wasm
Avaliar a mesma candidata / Publicar bytes verificados, confirmar preview e changelog	UNKNOWN STEP	2026-10-08T22:01:28.4214985Z ./snapshots/05634b4b620cc30a053e5acab5fefb0667f2544e/app/canvaskit/skwasm.js.symbols
Avaliar a mesma candidata / Publicar bytes verificados, confirmar preview e changelog	UNKNOWN STEP	2026-10-08T22:01:28.4227080Z ./snapshots/05634b4b620cc30a053e5acab5fefb0667f2544e/app/canvaskit/skwasm_heavy.wasm
Avaliar a mesma candidata / Publicar bytes verificados, confirmar preview e changelog	UNKNOWN STEP	2026-10-08T22:01:28.4267736Z ./snapshots/05634b4b620cc30a053e5acab5fefb0667f2544e/app/canvaskit/canvaskit.js.symbols
Avaliar a mesma candidata / Publicar bytes verificados, confirmar preview e changelog	UNKNOWN STEP	2026-10-08T22:01:28.4278768Z ./snapshots/05634b4b620cc30a053e5acab5fefb0667f2544e/app/canvaskit/experimental_webparagraph/
Avaliar a mesma candidata / Publicar bytes verificados, confirmar preview e changelog	UNKNOWN STEP	2026-10-08T22:01:28.4280701Z ./snapshots/05634b4b620cc30a053e5acab5fefb0667f2544e/app/canvaskit/experimental_webparagraph/canvaskit.js
Avaliar a mesma candidata / Publicar bytes verificados, confirmar preview e changelog	UNKNOWN STEP	2026-10-08T22:01:28.4282179Z ./snapshots/05634b4b620cc30a053e5acab5fefb0667f2544e/app/canvaskit/experimental_webparagraph/canvaskit.wasm
Avaliar a mesma candidata / Publicar bytes verificados, confirmar preview e changelog	UNKNOWN STEP	2026-10-08T22:01:28.4312778Z ./snapshots/05634b4b620cc30a053e5acab5fefb0667f2544e/app/canvaskit/experimental_webparagraph/canvaskit.js.symbols
Avaliar a mesma candidata / Publicar bytes verificados, confirmar preview e changelog	UNKNOWN STEP	2026-10-08T22:01:28.4320314Z ./snapshots/05634b4b620cc30a053e5acab5fefb0667f2544e/app/canvaskit/wimp.js
Avaliar a mesma candidata / Publicar bytes verificados, confirmar preview e changelog	UNKNOWN STEP	2026-10-08T22:01:28.4321733Z ./snapshots/05634b4b620cc30a053e5acab5fefb0667f2544e/app/canvaskit/skwasm_heavy.js
Avaliar a mesma candidata / Publicar bytes verificados, confirmar preview e changelog	UNKNOWN STEP	2026-10-08T22:01:28.4322816Z ./snapshots/05634b4b620cc30a053e5acab5fefb0667f2544e/app/canvaskit/wimp.js.symbols
Avaliar a mesma candidata / Publicar bytes verificados, confirmar preview e changelog	UNKNOWN STEP	2026-10-08T22:01:28.4336762Z ./snapshots/05634b4b620cc30a053e5acab5fefb0667f2544e/metadata.json
Avaliar a mesma candidata / Publicar bytes verificados, confirmar preview e changelog	UNKNOWN STEP	2026-10-08T22:01:28.4337547Z ./snapshots/05634b4b620cc30a053e5acab5fefb0667f2544e/index.html
Avaliar a mesma candidata / Publicar bytes verificados, confirmar preview e changelog	UNKNOWN STEP	2026-10-08T22:01:28.4338294Z ./snapshots/05634b4b620cc30a053e5acab5fefb0667f2544e/files.json
Avaliar a mesma candidata / Publicar bytes verificados, confirmar preview e changelog	UNKNOWN STEP	2026-10-08T22:01:28.4340846Z ./snapshots/0817b4fbf84204b24a20858925fa414a1dcac54a/
Avaliar a mesma candidata / Publicar bytes verificados, confirmar preview e changelog	UNKNOWN STEP	2026-10-08T22:01:28.4341542Z ./snapshots/0817b4fbf84204b24a20858925fa414a1dcac54a/app/
Avaliar a mesma candidata / Publicar bytes verificados, confirmar preview e changelog	UNKNOWN STEP	2026-10-08T22:01:28.4342345Z ./snapshots/0817b4fbf84204b24a20858925fa414a1dcac54a/app/manifest.json
Avaliar a mesma candidata / Publicar bytes verificados, confirmar preview e changelog	UNKNOWN STEP	2026-10-08T22:01:28.4343200Z ./snapshots/0817b4fbf84204b24a20858925fa414a1dcac54a/app/icons/
Avaliar a mesma candidata / Publicar bytes verificados, confirmar preview e changelog	UNKNOWN STEP	2026-10-08T22:01:28.4344076Z ./snapshots/0817b4fbf84204b24a20858925fa414a1dcac54a/app/icons/Icon-512.png
Avaliar a mesma candidata / Publicar bytes verificados, confirmar preview e changelog	UNKNOWN STEP	2026-10-08T22:01:28.4344899Z ./snapshots/0817b4fbf84204b24a20858925fa414a1dcac54a/app/icons/Icon-192.png
Avaliar a mesma candidata / Publicar bytes verificados, confirmar preview e changelog	UNKNOWN STEP	2026-10-08T22:01:28.4345577Z ./snapshots/0817b4fbf84204b24a20858925fa414a1dcac54a/app/icons/Icon-maskable-192.png
Avaliar a mesma candidata / Publicar bytes verificados, confirmar preview e changelog	UNKNOWN STEP	2026-10-08T22:01:28.4346285Z ./snapshots/0817b4fbf84204b24a20858925fa414a1dcac54a/app/icons/Icon-maskable-512.png
Avaliar a mesma candidata / Publicar bytes verificados, confirmar preview e changelog	UNKNOWN STEP	2026-10-08T22:01:28.4346959Z ./snapshots/0817b4fbf84204b24a20858925fa414a1dcac54a/app/flutter_bootstrap.js
Avaliar a mesma candidata / Publicar bytes verificados, confirmar preview e changelog	UNKNOWN STEP	2026-10-08T22:01:28.4347541Z ./snapshots/0817b4fbf84204b24a20858925fa414a1dcac54a/app/assets/
Avaliar a mesma candidata / Publicar bytes verificados, confirmar preview e changelog	UNKNOWN STEP	2026-10-08T22:01:28.4348160Z ./snapshots/0817b4fbf84204b24a20858925fa414a1dcac54a/app/assets/AssetManifest.bin.json
Avaliar a mesma candidata / Publicar bytes verificados, confirmar preview e changelog	UNKNOWN STEP	2026-10-08T22:01:28.4348827Z ./snapshots/0817b4fbf84204b24a20858925fa414a1dcac54a/app/assets/NOTICES
Avaliar a mesma candidata / Publicar bytes verificados, confirmar preview e changelog	UNKNOWN STEP	2026-10-08T22:01:28.4350986Z ./snapshots/0817b4fbf84204b24a20858925fa414a1dcac54a/app/assets/shorebird.yaml
Avaliar a mesma candidata / Publicar bytes verificados, confirmar preview e changelog	UNKNOWN STEP	2026-10-08T22:01:28.4352046Z ./snapshots/0817b4fbf84204b24a20858925fa414a1dcac54a/app/assets/AssetManifest.bin
Avaliar a mesma candidata / Publicar bytes verificados, confirmar preview e changelog	UNKNOWN STEP	2026-10-08T22:01:28.4352979Z ./snapshots/0817b4fbf84204b24a20858925fa414a1dcac54a/app/assets/packages/
Avaliar a mesma candidata / Publicar bytes verificados, confirmar preview e changelog	UNKNOWN STEP	2026-10-08T22:01:28.4353961Z ./snapshots/0817b4fbf84204b24a20858925fa414a1dcac54a/app/assets/packages/cupertino_icons/
Avaliar a mesma candidata / Publicar bytes verificados, confirmar preview e changelog	UNKNOWN STEP	2026-10-08T22:01:28.4355106Z ./snapshots/0817b4fbf84204b24a20858925fa414a1dcac54a/app/assets/packages/cupertino_icons/assets/
Avaliar a mesma candidata / Publicar bytes verificados, confirmar preview e changelog	UNKNOWN STEP	2026-10-08T22:01:28.4356433Z ./snapshots/0817b4fbf84204b24a20858925fa414a1dcac54a/app/assets/packages/cupertino_icons/assets/CupertinoIcons.ttf
Avaliar a mesma candidata / Publicar bytes verificados, confirmar preview e changelog	UNKNOWN STEP	2026-10-08T22:01:28.4357648Z ./snapshots/0817b4fbf84204b24a20858925fa414a1dcac54a/app/assets/FontManifest.json
Avaliar a mesma candidata / Publicar bytes verificados, confirmar preview e changelog	UNKNOWN STEP	2026-10-08T22:01:28.4358569Z ./snapshots/0817b4fbf84204b24a20858925fa414a1dcac54a/app/assets/shaders/
Avaliar a mesma candidata / Publicar bytes verificados, confirmar preview e changelog	UNKNOWN STEP	2026-10-08T22:01:28.4359555Z ./snapshots/0817b4fbf84204b24a20858925fa414a1dcac54a/app/assets/shaders/ink_sparkle.frag
Avaliar a mesma candidata / Publicar bytes verificados, confirmar preview e changelog	UNKNOWN STEP	2026-10-08T22:01:28.4360494Z ./snapshots/0817b4fbf84204b24a20858925fa414a1dcac54a/app/assets/shaders/stretch_effect.frag
Avaliar a mesma candidata / Publicar bytes verificados, confirmar preview e changelog	UNKNOWN STEP	2026-10-08T22:01:28.4361080Z ./snapshots/0817b4fbf84204b24a20858925fa414a1dcac54a/app/assets/fonts/
Avaliar a mesma candidata / Publicar bytes verificados, confirmar preview e changelog	UNKNOWN STEP	2026-10-08T22:01:28.4361661Z ./snapshots/0817b4fbf84204b24a20858925fa414a1dcac54a/app/assets/fonts/MaterialIcons-Regular.otf
Avaliar a mesma candidata / Publicar bytes verificados, confirmar preview e changelog	UNKNOWN STEP	2026-10-08T22:01:28.4362239Z ./snapshots/0817b4fbf84204b24a20858925fa414a1dcac54a/app/index.html
Avaliar a mesma candidata / Publicar bytes verificados, confirmar preview e changelog	UNKNOWN STEP	2026-10-08T22:01:28.4362702Z ./snapshots/0817b4fbf84204b24a20858925fa414a1dcac54a/app/version.json
Avaliar a mesma candidata / Publicar bytes verificados, confirmar preview e changelog	UNKNOWN STEP	2026-10-08T22:01:28.4363227Z ./snapshots/0817b4fbf84204b24a20858925fa414a1dcac54a/app/flutter_service_worker.js
Avaliar a mesma candidata / Publicar bytes verificados, confirmar preview e changelog	UNKNOWN STEP	2026-10-08T22:01:28.4363729Z ./snapshots/0817b4fbf84204b24a20858925fa414a1dcac54a/app/flutter.js
Avaliar a mesma candidata / Publicar bytes verificados, confirmar preview e changelog	UNKNOWN STEP	2026-10-08T22:01:28.4364184Z ./snapshots/0817b4fbf84204b24a20858925fa414a1dcac54a/app/favicon.png
Avaliar a mesma candidata / Publicar bytes verificados, confirmar preview e changelog	UNKNOWN STEP	2026-10-08T22:01:28.4364867Z ./snapshots/0817b4fbf84204b24a20858925fa414a1dcac54a/app/main.dart.js
Avaliar a mesma candidata / Publicar bytes verificados, confirmar preview e changelog	UNKNOWN STEP	2026-10-08T22:01:28.4372819Z ./snapshots/0817b4fbf84204b24a20858925fa414a1dcac54a/app/canvaskit/
Avaliar a mesma candidata / Publicar bytes verificados, confirmar preview e changelog	UNKNOWN STEP	2026-10-08T22:01:28.4373919Z ./snapshots/0817b4fbf84204b24a20858925fa414a1dcac54a/app/canvaskit/wimp.wasm
Avaliar a mesma candidata / Publicar bytes verificados, confirmar preview e changelog	UNKNOWN STEP	2026-10-08T22:01:28.4400689Z ./snapshots/0817b4fbf84204b24a20858925fa414a1dcac54a/app/canvaskit/chromium/
Avaliar a mesma candidata / Publicar bytes verificados, confirmar preview e changelog	UNKNOWN STEP	2026-10-08T22:01:28.4402218Z ./snapshots/0817b4fbf84204b24a20858925fa414a1dcac54a/app/canvaskit/chromium/canvaskit.js
Avaliar a mesma candidata / Publicar bytes verificados, confirmar preview e changelog	UNKNOWN STEP	2026-10-08T22:01:28.4403586Z ./snapshots/0817b4fbf84204b24a20858925fa414a1dcac54a/app/canvaskit/chromium/canvaskit.wasm
Avaliar a mesma candidata / Publicar bytes verificados, confirmar preview e changelog	UNKNOWN STEP	2026-10-08T22:01:28.4447493Z ./snapshots/0817b4fbf84204b24a20858925fa414a1dcac54a/app/canvaskit/chromium/canvaskit.js.symbols
Avaliar a mesma candidata / Publicar bytes verificados, confirmar preview e changelog	UNKNOWN STEP	2026-10-08T22:01:28.4457614Z ./snapshots/0817b4fbf84204b24a20858925fa414a1dcac54a/app/canvaskit/skwasm_heavy.js.symbols
Avaliar a mesma candidata / Publicar bytes verificados, confirmar preview e changelog	UNKNOWN STEP	2026-10-08T22:01:28.4470910Z ./snapshots/0817b4fbf84204b24a20858925fa414a1dcac54a/app/canvaskit/canvaskit.js
Avaliar a mesma candidata / Publicar bytes verificados, confirmar preview e changelog	UNKNOWN STEP	2026-10-08T22:01:28.4471883Z ./snapshots/0817b4fbf84204b24a20858925fa414a1dcac54a/app/canvaskit/skwasm.js
Avaliar a mesma candidata / Publicar bytes verificados, confirmar preview e changelog	UNKNOWN STEP	2026-10-08T22:01:28.4472837Z ./snapshots/0817b4fbf84204b24a20858925fa414a1dcac54a/app/canvaskit/canvaskit.wasm
Avaliar a mesma candidata / Publicar bytes verificados, confirmar preview e changelog	UNKNOWN STEP	2026-10-08T22:01:28.4528620Z ./snapshots/0817b4fbf84204b24a20858925fa414a1dcac54a/app/canvaskit/skwasm.wasm
Avaliar a mesma candidata / Publicar bytes verificados, confirmar preview e changelog	UNKNOWN STEP	2026-10-08T22:01:28.4556725Z ./snapshots/0817b4fbf84204b24a20858925fa414a1dcac54a/app/canvaskit/skwasm.js.symbols
Avaliar a mesma candidata / Publicar bytes verificados, confirmar preview e changelog	UNKNOWN STEP	2026-10-08T22:01:28.4568888Z ./snapshots/0817b4fbf84204b24a20858925fa414a1dcac54a/app/canvaskit/skwasm_heavy.wasm
Avaliar a mesma candidata / Publicar bytes verificados, confirmar preview e changelog	UNKNOWN STEP	2026-10-08T22:01:28.4608749Z ./snapshots/0817b4fbf84204b24a20858925fa414a1dcac54a/app/canvaskit/canvaskit.js.symbols
Avaliar a mesma candidata / Publicar bytes verificados, confirmar preview e changelog	UNKNOWN STEP	2026-10-08T22:01:28.4619724Z ./snapshots/0817b4fbf84204b24a20858925fa414a1dcac54a/app/canvaskit/experimental_webparagraph/
Avaliar a mesma candidata / Publicar bytes verificados, confirmar preview e changelog	UNKNOWN STEP	2026-10-08T22:01:28.4621275Z ./snapshots/0817b4fbf84204b24a20858925fa414a1dcac54a/app/canvaskit/experimental_webparagraph/canvaskit.js
Avaliar a mesma candidata / Publicar bytes verificados, confirmar preview e changelog	UNKNOWN STEP	2026-10-08T22:01:28.4622716Z ./snapshots/0817b4fbf84204b24a20858925fa414a1dcac54a/app/canvaskit/experimental_webparagraph/canvaskit.wasm
Avaliar a mesma candidata / Publicar bytes verificados, confirmar preview e changelog	UNKNOWN STEP	2026-10-08T22:01:28.4653967Z ./snapshots/0817b4fbf84204b24a20858925fa414a1dcac54a/app/canvaskit/experimental_webparagraph/canvaskit.js.symbols
Avaliar a mesma candidata / Publicar bytes verificados, confirmar preview e changelog	UNKNOWN STEP	2026-10-08T22:01:28.4662003Z ./snapshots/0817b4fbf84204b24a20858925fa414a1dcac54a/app/canvaskit/wimp.js
Avaliar a mesma candidata / Publicar bytes verificados, confirmar preview e changelog	UNKNOWN STEP	2026-10-08T22:01:28.4663027Z ./snapshots/0817b4fbf84204b24a20858925fa414a1dcac54a/app/canvaskit/skwasm_heavy.js
Avaliar a mesma candidata / Publicar bytes verificados, confirmar preview e changelog	UNKNOWN STEP	2026-10-08T22:01:28.4664116Z ./snapshots/0817b4fbf84204b24a20858925fa414a1dcac54a/app/canvaskit/wimp.js.symbols
Avaliar a mesma candidata / Publicar bytes verificados, confirmar preview e changelog	UNKNOWN STEP	2026-10-08T22:01:28.4678649Z ./snapshots/0817b4fbf84204b24a20858925fa414a1dcac54a/metadata.json
Avaliar a mesma candidata / Publicar bytes verificados, confirmar preview e changelog	UNKNOWN STEP	2026-10-08T22:01:28.4679488Z ./snapshots/0817b4fbf84204b24a20858925fa414a1dcac54a/index.html
Avaliar a mesma candidata / Publicar bytes verificados, confirmar preview e changelog	UNKNOWN STEP	2026-10-08T22:01:28.4680448Z ./snapshots/0817b4fbf84204b24a20858925fa414a1dcac54a/files.json
Avaliar a mesma candidata / Publicar bytes verificados, confirmar preview e changelog	UNKNOWN STEP	2026-10-08T22:01:28.4681173Z ./snapshots/6e48aef9b03778593bc639ababa885b9e2792c35/
Avaliar a mesma candidata / Publicar bytes verificados, confirmar preview e changelog	UNKNOWN STEP	2026-10-08T22:01:28.4681764Z ./snapshots/6e48aef9b03778593bc639ababa885b9e2792c35/app/
Avaliar a mesma candidata / Publicar bytes verificados, confirmar preview e changelog	UNKNOWN STEP	2026-10-08T22:01:28.4682443Z ./snapshots/6e48aef9b03778593bc639ababa885b9e2792c35/app/manifest.json
Avaliar a mesma candidata / Publicar bytes verificados, confirmar preview e changelog	UNKNOWN STEP	2026-10-08T22:01:28.4683176Z ./snapshots/6e48aef9b03778593bc639ababa885b9e2792c35/app/icons/
Avaliar a mesma candidata / Publicar bytes verificados, confirmar preview e changelog	UNKNOWN STEP	2026-10-08T22:01:28.4684022Z ./snapshots/6e48aef9b03778593bc639ababa885b9e2792c35/app/icons/Icon-512.png
Avaliar a mesma candidata / Publicar bytes verificados, confirmar preview e changelog	UNKNOWN STEP	2026-10-08T22:01:28.4684978Z ./snapshots/6e48aef9b03778593bc639ababa885b9e2792c35/app/icons/Icon-192.png
Avaliar a mesma candidata / Publicar bytes verificados, confirmar preview e changelog	UNKNOWN STEP	2026-10-08T22:01:28.4686100Z ./snapshots/6e48aef9b03778593bc639ababa885b9e2792c35/app/icons/Icon-maskable-192.png
Avaliar a mesma candidata / Publicar bytes verificados, confirmar preview e changelog	UNKNOWN STEP	2026-10-08T22:01:28.4687306Z ./snapshots/6e48aef9b03778593bc639ababa885b9e2792c35/app/icons/Icon-maskable-512.png
Avaliar a mesma candidata / Publicar bytes verificados, confirmar preview e changelog	UNKNOWN STEP	2026-10-08T22:01:28.4688510Z ./snapshots/6e48aef9b03778593bc639ababa885b9e2792c35/app/flutter_bootstrap.js
Avaliar a mesma candidata / Publicar bytes verificados, confirmar preview e changelog	UNKNOWN STEP	2026-10-08T22:01:28.4689556Z ./snapshots/6e48aef9b03778593bc639ababa885b9e2792c35/app/assets/
Avaliar a mesma candidata / Publicar bytes verificados, confirmar preview e changelog	UNKNOWN STEP	2026-10-08T22:01:28.4690882Z ./snapshots/6e48aef9b03778593bc639ababa885b9e2792c35/app/assets/AssetManifest.bin.json
Avaliar a mesma candidata / Publicar bytes verificados, confirmar preview e changelog	UNKNOWN STEP	2026-10-08T22:01:28.4692059Z ./snapshots/6e48aef9b03778593bc639ababa885b9e2792c35/app/assets/NOTICES
Avaliar a mesma candidata / Publicar bytes verificados, confirmar preview e changelog	UNKNOWN STEP	2026-10-08T22:01:28.4695504Z ./snapshots/6e48aef9b03778593bc639ababa885b9e2792c35/app/assets/shorebird.yaml
Avaliar a mesma candidata / Publicar bytes verificados, confirmar preview e changelog	UNKNOWN STEP	2026-10-08T22:01:28.4696956Z ./snapshots/6e48aef9b03778593bc639ababa885b9e2792c35/app/assets/AssetManifest.bin
Avaliar a mesma candidata / Publicar bytes verificados, confirmar preview e changelog	UNKNOWN STEP	2026-10-08T22:01:28.4698002Z ./snapshots/6e48aef9b03778593bc639ababa885b9e2792c35/app/assets/packages/
Avaliar a mesma candidata / Publicar bytes verificados, confirmar preview e changelog	UNKNOWN STEP	2026-10-08T22:01:28.4699281Z ./snapshots/6e48aef9b03778593bc639ababa885b9e2792c35/app/assets/packages/cupertino_icons/
Avaliar a mesma candidata / Publicar bytes verificados, confirmar preview e changelog	UNKNOWN STEP	2026-10-08T22:01:28.4700826Z ./snapshots/6e48aef9b03778593bc639ababa885b9e2792c35/app/assets/packages/cupertino_icons/assets/
Avaliar a mesma candidata / Publicar bytes verificados, confirmar preview e changelog	UNKNOWN STEP	2026-10-08T22:01:28.4702248Z ./snapshots/6e48aef9b03778593bc639ababa885b9e2792c35/app/assets/packages/cupertino_icons/assets/CupertinoIcons.ttf
Avaliar a mesma candidata / Publicar bytes verificados, confirmar preview e changelog	UNKNOWN STEP	2026-10-08T22:01:28.4703544Z ./snapshots/6e48aef9b03778593bc639ababa885b9e2792c35/app/assets/FontManifest.json
Avaliar a mesma candidata / Publicar bytes verificados, confirmar preview e changelog	UNKNOWN STEP	2026-10-08T22:01:28.4704519Z ./snapshots/6e48aef9b03778593bc639ababa885b9e2792c35/app/assets/shaders/
Avaliar a mesma candidata / Publicar bytes verificados, confirmar preview e changelog	UNKNOWN STEP	2026-10-08T22:01:28.4705539Z ./snapshots/6e48aef9b03778593bc639ababa885b9e2792c35/app/assets/shaders/ink_sparkle.frag
Avaliar a mesma candidata / Publicar bytes verificados, confirmar preview e changelog	UNKNOWN STEP	2026-10-08T22:01:28.4706753Z ./snapshots/6e48aef9b03778593bc639ababa885b9e2792c35/app/assets/shaders/stretch_effect.frag
Avaliar a mesma candidata / Publicar bytes verificados, confirmar preview e changelog	UNKNOWN STEP	2026-10-08T22:01:28.4707795Z ./snapshots/6e48aef9b03778593bc639ababa885b9e2792c35/app/assets/fonts/
Avaliar a mesma candidata / Publicar bytes verificados, confirmar preview e changelog	UNKNOWN STEP	2026-10-08T22:01:28.4708870Z ./snapshots/6e48aef9b03778593bc639ababa885b9e2792c35/app/assets/fonts/MaterialIcons-Regular.otf
Avaliar a mesma candidata / Publicar bytes verificados, confirmar preview e changelog	UNKNOWN STEP	2026-10-08T22:01:28.4710028Z ./snapshots/6e48aef9b03778593bc639ababa885b9e2792c35/app/index.html
Avaliar a mesma candidata / Publicar bytes verificados, confirmar preview e changelog	UNKNOWN STEP	2026-10-08T22:01:28.4711217Z ./snapshots/6e48aef9b03778593bc639ababa885b9e2792c35/app/version.json
Avaliar a mesma candidata / Publicar bytes verificados, confirmar preview e changelog	UNKNOWN STEP	2026-10-08T22:01:28.4712219Z ./snapshots/6e48aef9b03778593bc639ababa885b9e2792c35/app/flutter_service_worker.js
Avaliar a mesma candidata / Publicar bytes verificados, confirmar preview e changelog	UNKNOWN STEP	2026-10-08T22:01:28.4713201Z ./snapshots/6e48aef9b03778593bc639ababa885b9e2792c35/app/flutter.js
Avaliar a mesma candidata / Publicar bytes verificados, confirmar preview e changelog	UNKNOWN STEP	2026-10-08T22:01:28.4714092Z ./snapshots/6e48aef9b03778593bc639ababa885b9e2792c35/app/favicon.png
Avaliar a mesma candidata / Publicar bytes verificados, confirmar preview e changelog	UNKNOWN STEP	2026-10-08T22:01:28.4715008Z ./snapshots/6e48aef9b03778593bc639ababa885b9e2792c35/app/main.dart.js
Avaliar a mesma candidata / Publicar bytes verificados, confirmar preview e changelog	UNKNOWN STEP	2026-10-08T22:01:28.4718004Z ./snapshots/6e48aef9b03778593bc639ababa885b9e2792c35/app/canvaskit/
Avaliar a mesma candidata / Publicar bytes verificados, confirmar preview e changelog	UNKNOWN STEP	2026-10-08T22:01:28.4719216Z ./snapshots/6e48aef9b03778593bc639ababa885b9e2792c35/app/canvaskit/wimp.wasm
Avaliar a mesma candidata / Publicar bytes verificados, confirmar preview e changelog	UNKNOWN STEP	2026-10-08T22:01:28.4746774Z ./snapshots/6e48aef9b03778593bc639ababa885b9e2792c35/app/canvaskit/chromium/
Avaliar a mesma candidata / Publicar bytes verificados, confirmar preview e changelog	UNKNOWN STEP	2026-10-08T22:01:28.4748118Z ./snapshots/6e48aef9b03778593bc639ababa885b9e2792c35/app/canvaskit/chromium/canvaskit.js
Avaliar a mesma candidata / Publicar bytes verificados, confirmar preview e changelog	UNKNOWN STEP	2026-10-08T22:01:28.4749488Z ./snapshots/6e48aef9b03778593bc639ababa885b9e2792c35/app/canvaskit/chromium/canvaskit.wasm
Avaliar a mesma candidata / Publicar bytes verificados, confirmar preview e changelog	UNKNOWN STEP	2026-10-08T22:01:28.4795192Z ./snapshots/6e48aef9b03778593bc639ababa885b9e2792c35/app/canvaskit/chromium/canvaskit.js.symbols
Avaliar a mesma candidata / Publicar bytes verificados, confirmar preview e changelog	UNKNOWN STEP	2026-10-08T22:01:28.4805970Z ./snapshots/6e48aef9b03778593bc639ababa885b9e2792c35/app/canvaskit/skwasm_heavy.js.symbols
Avaliar a mesma candidata / Publicar bytes verificados, confirmar preview e changelog	UNKNOWN STEP	2026-10-08T22:01:28.4819323Z ./snapshots/6e48aef9b03778593bc639ababa885b9e2792c35/app/canvaskit/canvaskit.js
Avaliar a mesma candidata / Publicar bytes verificados, confirmar preview e changelog	UNKNOWN STEP	2026-10-08T22:01:28.4820789Z ./snapshots/6e48aef9b03778593bc639ababa885b9e2792c35/app/canvaskit/skwasm.js
Avaliar a mesma candidata / Publicar bytes verificados, confirmar preview e changelog	UNKNOWN STEP	2026-10-08T22:01:28.4822036Z ./snapshots/6e48aef9b03778593bc639ababa885b9e2792c35/app/canvaskit/canvaskit.wasm
Avaliar a mesma candidata / Publicar bytes verificados, confirmar preview e changelog	UNKNOWN STEP	2026-10-08T22:01:28.4877140Z ./snapshots/6e48aef9b03778593bc639ababa885b9e2792c35/app/canvaskit/skwasm.wasm
Avaliar a mesma candidata / Publicar bytes verificados, confirmar preview e changelog	UNKNOWN STEP	2026-10-08T22:01:28.4905553Z ./snapshots/6e48aef9b03778593bc639ababa885b9e2792c35/app/canvaskit/skwasm.js.symbols
Avaliar a mesma candidata / Publicar bytes verificados, confirmar preview e changelog	UNKNOWN STEP	2026-10-08T22:01:28.4917753Z ./snapshots/6e48aef9b03778593bc639ababa885b9e2792c35/app/canvaskit/skwasm_heavy.wasm
Avaliar a mesma candidata / Publicar bytes verificados, confirmar preview e changelog	UNKNOWN STEP	2026-10-08T22:01:28.4957926Z ./snapshots/6e48aef9b03778593bc639ababa885b9e2792c35/app/canvaskit/canvaskit.js.symbols
Avaliar a mesma candidata / Publicar bytes verificados, confirmar preview e changelog	UNKNOWN STEP	2026-10-08T22:01:28.4969118Z ./snapshots/6e48aef9b03778593bc639ababa885b9e2792c35/app/canvaskit/experimental_webparagraph/
Avaliar a mesma candidata / Publicar bytes verificados, confirmar preview e changelog	UNKNOWN STEP	2026-10-08T22:01:28.4970830Z ./snapshots/6e48aef9b03778593bc639ababa885b9e2792c35/app/canvaskit/experimental_webparagraph/canvaskit.js
Avaliar a mesma candidata / Publicar bytes verificados, confirmar preview e changelog	UNKNOWN STEP	2026-10-08T22:01:28.4972422Z ./snapshots/6e48aef9b03778593bc639ababa885b9e2792c35/app/canvaskit/experimental_webparagraph/canvaskit.wasm
Avaliar a mesma candidata / Publicar bytes verificados, confirmar preview e changelog	UNKNOWN STEP	2026-10-08T22:01:28.5003528Z ./snapshots/6e48aef9b03778593bc639ababa885b9e2792c35/app/canvaskit/experimental_webparagraph/canvaskit.js.symbols
Avaliar a mesma candidata / Publicar bytes verificados, confirmar preview e changelog	UNKNOWN STEP	2026-10-08T22:01:28.5011588Z ./snapshots/6e48aef9b03778593bc639ababa885b9e2792c35/app/canvaskit/wimp.js
Avaliar a mesma candidata / Publicar bytes verificados, confirmar preview e changelog	UNKNOWN STEP	2026-10-08T22:01:28.5013158Z ./snapshots/6e48aef9b03778593bc639ababa885b9e2792c35/app/canvaskit/skwasm_heavy.js
Avaliar a mesma candidata / Publicar bytes verificados, confirmar preview e changelog	UNKNOWN STEP	2026-10-08T22:01:28.5014331Z ./snapshots/6e48aef9b03778593bc639ababa885b9e2792c35/app/canvaskit/wimp.js.symbols
Avaliar a mesma candidata / Publicar bytes verificados, confirmar preview e changelog	UNKNOWN STEP	2026-10-08T22:01:28.5028383Z ./snapshots/6e48aef9b03778593bc639ababa885b9e2792c35/metadata.json
Avaliar a mesma candidata / Publicar bytes verificados, confirmar preview e changelog	UNKNOWN STEP	2026-10-08T22:01:28.5029305Z ./snapshots/6e48aef9b03778593bc639ababa885b9e2792c35/index.html
Avaliar a mesma candidata / Publicar bytes verificados, confirmar preview e changelog	UNKNOWN STEP	2026-10-08T22:01:28.5030249Z ./snapshots/6e48aef9b03778593bc639ababa885b9e2792c35/files.json
Avaliar a mesma candidata / Publicar bytes verificados, confirmar preview e changelog	UNKNOWN STEP	2026-10-08T22:01:28.5031054Z ./snapshots/08ce07d615905e33f0572f9264808683cab53349/
Avaliar a mesma candidata / Publicar bytes verificados, confirmar preview e changelog	UNKNOWN STEP	2026-10-08T22:01:28.5031768Z ./snapshots/08ce07d615905e33f0572f9264808683cab53349/app/
Avaliar a mesma candidata / Publicar bytes verificados, confirmar preview e changelog	UNKNOWN STEP	2026-10-08T22:01:28.5032571Z ./snapshots/08ce07d615905e33f0572f9264808683cab53349/app/manifest.json
Avaliar a mesma candidata / Publicar bytes verificados, confirmar preview e changelog	UNKNOWN STEP	2026-10-08T22:01:28.5033407Z ./snapshots/08ce07d615905e33f0572f9264808683cab53349/app/icons/
Avaliar a mesma candidata / Publicar bytes verificados, confirmar preview e changelog	UNKNOWN STEP	2026-10-08T22:01:28.5034272Z ./snapshots/08ce07d615905e33f0572f9264808683cab53349/app/icons/Icon-512.png
Avaliar a mesma candidata / Publicar bytes verificados, confirmar preview e changelog	UNKNOWN STEP	2026-10-08T22:01:28.5035234Z ./snapshots/08ce07d615905e33f0572f9264808683cab53349/app/icons/Icon-192.png
Avaliar a mesma candidata / Publicar bytes verificados, confirmar preview e changelog	UNKNOWN STEP	2026-10-08T22:01:28.5036223Z ./snapshots/08ce07d615905e33f0572f9264808683cab53349/app/icons/Icon-maskable-192.png
Avaliar a mesma candidata / Publicar bytes verificados, confirmar preview e changelog	UNKNOWN STEP	2026-10-08T22:01:28.5037352Z ./snapshots/08ce07d615905e33f0572f9264808683cab53349/app/icons/Icon-maskable-512.png
Avaliar a mesma candidata / Publicar bytes verificados, confirmar preview e changelog	UNKNOWN STEP	2026-10-08T22:01:28.5038440Z ./snapshots/08ce07d615905e33f0572f9264808683cab53349/app/flutter_bootstrap.js
Avaliar a mesma candidata / Publicar bytes verificados, confirmar preview e changelog	UNKNOWN STEP	2026-10-08T22:01:28.5039420Z ./snapshots/08ce07d615905e33f0572f9264808683cab53349/app/assets/
Avaliar a mesma candidata / Publicar bytes verificados, confirmar preview e changelog	UNKNOWN STEP	2026-10-08T22:01:28.5040633Z ./snapshots/08ce07d615905e33f0572f9264808683cab53349/app/assets/AssetManifest.bin.json
Avaliar a mesma candidata / Publicar bytes verificados, confirmar preview e changelog	UNKNOWN STEP	2026-10-08T22:01:28.5041766Z ./snapshots/08ce07d615905e33f0572f9264808683cab53349/app/assets/NOTICES
Avaliar a mesma candidata / Publicar bytes verificados, confirmar preview e changelog	UNKNOWN STEP	2026-10-08T22:01:28.5043923Z ./snapshots/08ce07d615905e33f0572f9264808683cab53349/app/assets/shorebird.yaml
Avaliar a mesma candidata / Publicar bytes verificados, confirmar preview e changelog	UNKNOWN STEP	2026-10-08T22:01:28.5045025Z ./snapshots/08ce07d615905e33f0572f9264808683cab53349/app/assets/AssetManifest.bin
Avaliar a mesma candidata / Publicar bytes verificados, confirmar preview e changelog	UNKNOWN STEP	2026-10-08T22:01:28.5046084Z ./snapshots/08ce07d615905e33f0572f9264808683cab53349/app/assets/packages/
Avaliar a mesma candidata / Publicar bytes verificados, confirmar preview e changelog	UNKNOWN STEP	2026-10-08T22:01:28.5047189Z ./snapshots/08ce07d615905e33f0572f9264808683cab53349/app/assets/packages/cupertino_icons/
Avaliar a mesma candidata / Publicar bytes verificados, confirmar preview e changelog	UNKNOWN STEP	2026-10-08T22:01:28.5048478Z ./snapshots/08ce07d615905e33f0572f9264808683cab53349/app/assets/packages/cupertino_icons/assets/
Avaliar a mesma candidata / Publicar bytes verificados, confirmar preview e changelog	UNKNOWN STEP	2026-10-08T22:01:28.5049863Z ./snapshots/08ce07d615905e33f0572f9264808683cab53349/app/assets/packages/cupertino_icons/assets/CupertinoIcons.ttf
Avaliar a mesma candidata / Publicar bytes verificados, confirmar preview e changelog	UNKNOWN STEP	2026-10-08T22:01:28.5051372Z ./snapshots/08ce07d615905e33f0572f9264808683cab53349/app/assets/FontManifest.json
Avaliar a mesma candidata / Publicar bytes verificados, confirmar preview e changelog	UNKNOWN STEP	2026-10-08T22:01:28.5052406Z ./snapshots/08ce07d615905e33f0572f9264808683cab53349/app/assets/shaders/
Avaliar a mesma candidata / Publicar bytes verificados, confirmar preview e changelog	UNKNOWN STEP	2026-10-08T22:01:28.5053443Z ./snapshots/08ce07d615905e33f0572f9264808683cab53349/app/assets/shaders/ink_sparkle.frag
Avaliar a mesma candidata / Publicar bytes verificados, confirmar preview e changelog	UNKNOWN STEP	2026-10-08T22:01:28.5054688Z ./snapshots/08ce07d615905e33f0572f9264808683cab53349/app/assets/shaders/stretch_effect.frag
Avaliar a mesma candidata / Publicar bytes verificados, confirmar preview e changelog	UNKNOWN STEP	2026-10-08T22:01:28.5055785Z ./snapshots/08ce07d615905e33f0572f9264808683cab53349/app/assets/fonts/
Avaliar a mesma candidata / Publicar bytes verificados, confirmar preview e changelog	UNKNOWN STEP	2026-10-08T22:01:28.5056926Z ./snapshots/08ce07d615905e33f0572f9264808683cab53349/app/assets/fonts/MaterialIcons-Regular.otf
Avaliar a mesma candidata / Publicar bytes verificados, confirmar preview e changelog	UNKNOWN STEP	2026-10-08T22:01:28.5058031Z ./snapshots/08ce07d615905e33f0572f9264808683cab53349/app/index.html
Avaliar a mesma candidata / Publicar bytes verificados, confirmar preview e changelog	UNKNOWN STEP	2026-10-08T22:01:28.5058882Z ./snapshots/08ce07d615905e33f0572f9264808683cab53349/app/version.json
Avaliar a mesma candidata / Publicar bytes verificados, confirmar preview e changelog	UNKNOWN STEP	2026-10-08T22:01:28.5059830Z ./snapshots/08ce07d615905e33f0572f9264808683cab53349/app/flutter_service_worker.js
Avaliar a mesma candidata / Publicar bytes verificados, confirmar preview e changelog	UNKNOWN STEP	2026-10-08T22:01:28.5061057Z ./snapshots/08ce07d615905e33f0572f9264808683cab53349/app/flutter.js
Avaliar a mesma candidata / Publicar bytes verificados, confirmar preview e changelog	UNKNOWN STEP	2026-10-08T22:01:28.5061872Z ./snapshots/08ce07d615905e33f0572f9264808683cab53349/app/favicon.png
Avaliar a mesma candidata / Publicar bytes verificados, confirmar preview e changelog	UNKNOWN STEP	2026-10-08T22:01:28.5062700Z ./snapshots/08ce07d615905e33f0572f9264808683cab53349/app/main.dart.js
Avaliar a mesma candidata / Publicar bytes verificados, confirmar preview e changelog	UNKNOWN STEP	2026-10-08T22:01:28.5066830Z ./snapshots/08ce07d615905e33f0572f9264808683cab53349/app/canvaskit/
Avaliar a mesma candidata / Publicar bytes verificados, confirmar preview e changelog	UNKNOWN STEP	2026-10-08T22:01:28.5067867Z ./snapshots/08ce07d615905e33f0572f9264808683cab53349/app/canvaskit/wimp.wasm
Avaliar a mesma candidata / Publicar bytes verificados, confirmar preview e changelog	UNKNOWN STEP	2026-10-08T22:01:28.5094986Z ./snapshots/08ce07d615905e33f0572f9264808683cab53349/app/canvaskit/chromium/
Avaliar a mesma candidata / Publicar bytes verificados, confirmar preview e changelog	UNKNOWN STEP	2026-10-08T22:01:28.5096416Z ./snapshots/08ce07d615905e33f0572f9264808683cab53349/app/canvaskit/chromium/canvaskit.js
Avaliar a mesma candidata / Publicar bytes verificados, confirmar preview e changelog	UNKNOWN STEP	2026-10-08T22:01:28.5097634Z ./snapshots/08ce07d615905e33f0572f9264808683cab53349/app/canvaskit/chromium/canvaskit.wasm
Avaliar a mesma candidata / Publicar bytes verificados, confirmar preview e changelog	UNKNOWN STEP	2026-10-08T22:01:28.5142763Z ./snapshots/08ce07d615905e33f0572f9264808683cab53349/app/canvaskit/chromium/canvaskit.js.symbols
Avaliar a mesma candidata / Publicar bytes verificados, confirmar preview e changelog	UNKNOWN STEP	2026-10-08T22:01:28.5152939Z ./snapshots/08ce07d615905e33f0572f9264808683cab53349/app/canvaskit/skwasm_heavy.js.symbols
Avaliar a mesma candidata / Publicar bytes verificados, confirmar preview e changelog	UNKNOWN STEP	2026-10-08T22:01:28.5167390Z ./snapshots/08ce07d615905e33f0572f9264808683cab53349/app/canvaskit/canvaskit.js
Avaliar a mesma candidata / Publicar bytes verificados, confirmar preview e changelog	UNKNOWN STEP	2026-10-08T22:01:28.5171177Z ./snapshots/08ce07d615905e33f0572f9264808683cab53349/app/canvaskit/skwasm.js
Avaliar a mesma candidata / Publicar bytes verificados, confirmar preview e changelog	UNKNOWN STEP	2026-10-08T22:01:28.5191085Z ./snapshots/08ce07d615905e33f0572f9264808683cab53349/app/canvaskit/canvaskit.wasm
Avaliar a mesma candidata / Publicar bytes verificados, confirmar preview e changelog	UNKNOWN STEP	2026-10-08T22:01:28.5227428Z ./snapshots/08ce07d615905e33f0572f9264808683cab53349/app/canvaskit/skwasm.wasm
Avaliar a mesma candidata / Publicar bytes verificados, confirmar preview e changelog	UNKNOWN STEP	2026-10-08T22:01:28.5255634Z ./snapshots/08ce07d615905e33f0572f9264808683cab53349/app/canvaskit/skwasm.js.symbols
Avaliar a mesma candidata / Publicar bytes verificados, confirmar preview e changelog	UNKNOWN STEP	2026-10-08T22:01:28.5267963Z ./snapshots/08ce07d615905e33f0572f9264808683cab53349/app/canvaskit/skwasm_heavy.wasm
Avaliar a mesma candidata / Publicar bytes verificados, confirmar preview e changelog	UNKNOWN STEP	2026-10-08T22:01:28.5308264Z ./snapshots/08ce07d615905e33f0572f9264808683cab53349/app/canvaskit/canvaskit.js.symbols
Avaliar a mesma candidata / Publicar bytes verificados, confirmar preview e changelog	UNKNOWN STEP	2026-10-08T22:01:28.5320028Z ./snapshots/08ce07d615905e33f0572f9264808683cab53349/app/canvaskit/experimental_webparagraph/
Avaliar a mesma candidata / Publicar bytes verificados, confirmar preview e changelog	UNKNOWN STEP	2026-10-08T22:01:28.5322003Z ./snapshots/08ce07d615905e33f0572f9264808683cab53349/app/canvaskit/experimental_webparagraph/canvaskit.js
Avaliar a mesma candidata / Publicar bytes verificados, confirmar preview e changelog	UNKNOWN STEP	2026-10-08T22:01:28.5323874Z ./snapshots/08ce07d615905e33f0572f9264808683cab53349/app/canvaskit/experimental_webparagraph/canvaskit.wasm
Avaliar a mesma candidata / Publicar bytes verificados, confirmar preview e changelog	UNKNOWN STEP	2026-10-08T22:01:28.5354428Z ./snapshots/08ce07d615905e33f0572f9264808683cab53349/app/canvaskit/experimental_webparagraph/canvaskit.js.symbols
Avaliar a mesma candidata / Publicar bytes verificados, confirmar preview e changelog	UNKNOWN STEP	2026-10-08T22:01:28.5362378Z ./snapshots/08ce07d615905e33f0572f9264808683cab53349/app/canvaskit/wimp.js
Avaliar a mesma candidata / Publicar bytes verificados, confirmar preview e changelog	UNKNOWN STEP	2026-10-08T22:01:28.5363849Z ./snapshots/08ce07d615905e33f0572f9264808683cab53349/app/canvaskit/skwasm_heavy.js
Avaliar a mesma candidata / Publicar bytes verificados, confirmar preview e changelog	UNKNOWN STEP	2026-10-08T22:01:28.5365165Z ./snapshots/08ce07d615905e33f0572f9264808683cab53349/app/canvaskit/wimp.js.symbols
Avaliar a mesma candidata / Publicar bytes verificados, confirmar preview e changelog	UNKNOWN STEP	2026-10-08T22:01:28.5378818Z ./snapshots/08ce07d615905e33f0572f9264808683cab53349/metadata.json
Avaliar a mesma candidata / Publicar bytes verificados, confirmar preview e changelog	UNKNOWN STEP	2026-10-08T22:01:28.5380026Z ./snapshots/08ce07d615905e33f0572f9264808683cab53349/index.html
Avaliar a mesma candidata / Publicar bytes verificados, confirmar preview e changelog	UNKNOWN STEP	2026-10-08T22:01:28.5381363Z ./snapshots/08ce07d615905e33f0572f9264808683cab53349/files.json
Avaliar a mesma candidata / Publicar bytes verificados, confirmar preview e changelog	UNKNOWN STEP	2026-10-08T22:01:28.5382635Z ./snapshots/0fc06c8f2b79a83bd8bcf135b24fcd02ef1bd928/
Avaliar a mesma candidata / Publicar bytes verificados, confirmar preview e changelog	UNKNOWN STEP	2026-10-08T22:01:28.5383670Z ./snapshots/0fc06c8f2b79a83bd8bcf135b24fcd02ef1bd928/app/
Avaliar a mesma candidata / Publicar bytes verificados, confirmar preview e changelog	UNKNOWN STEP	2026-10-08T22:01:28.5384985Z ./snapshots/0fc06c8f2b79a83bd8bcf135b24fcd02ef1bd928/app/manifest.json
Avaliar a mesma candidata / Publicar bytes verificados, confirmar preview e changelog	UNKNOWN STEP	2026-10-08T22:01:28.5386381Z ./snapshots/0fc06c8f2b79a83bd8bcf135b24fcd02ef1bd928/app/icons/
Avaliar a mesma candidata / Publicar bytes verificados, confirmar preview e changelog	UNKNOWN STEP	2026-10-08T22:01:28.5387678Z ./snapshots/0fc06c8f2b79a83bd8bcf135b24fcd02ef1bd928/app/icons/Icon-512.png
Avaliar a mesma candidata / Publicar bytes verificados, confirmar preview e changelog	UNKNOWN STEP	2026-10-08T22:01:28.5405829Z ./snapshots/0fc06c8f2b79a83bd8bcf135b24fcd02ef1bd928/app/icons/Icon-192.png
Avaliar a mesma candidata / Publicar bytes verificados, confirmar preview e changelog	UNKNOWN STEP	2026-10-08T22:01:28.5406970Z ./snapshots/0fc06c8f2b79a83bd8bcf135b24fcd02ef1bd928/app/icons/Icon-maskable-192.png
Avaliar a mesma candidata / Publicar bytes verificados, confirmar preview e changelog	UNKNOWN STEP	2026-10-08T22:01:28.5408152Z ./snapshots/0fc06c8f2b79a83bd8bcf135b24fcd02ef1bd928/app/icons/Icon-maskable-512.png
Avaliar a mesma candidata / Publicar bytes verificados, confirmar preview e changelog	UNKNOWN STEP	2026-10-08T22:01:28.5409258Z ./snapshots/0fc06c8f2b79a83bd8bcf135b24fcd02ef1bd928/app/flutter_bootstrap.js
Avaliar a mesma candidata / Publicar bytes verificados, confirmar preview e changelog	UNKNOWN STEP	2026-10-08T22:01:28.5410566Z ./snapshots/0fc06c8f2b79a83bd8bcf135b24fcd02ef1bd928/app/assets/
Avaliar a mesma candidata / Publicar bytes verificados, confirmar preview e changelog	UNKNOWN STEP	2026-10-08T22:01:28.5411974Z ./snapshots/0fc06c8f2b79a83bd8bcf135b24fcd02ef1bd928/app/assets/AssetManifest.bin.json
Avaliar a mesma candidata / Publicar bytes verificados, confirmar preview e changelog	UNKNOWN STEP	2026-10-08T22:01:28.5413399Z ./snapshots/0fc06c8f2b79a83bd8bcf135b24fcd02ef1bd928/app/assets/NOTICES
Avaliar a mesma candidata / Publicar bytes verificados, confirmar preview e changelog	UNKNOWN STEP	2026-10-08T22:01:28.5414428Z ./snapshots/0fc06c8f2b79a83bd8bcf135b24fcd02ef1bd928/app/assets/shorebird.yaml
Avaliar a mesma candidata / Publicar bytes verificados, confirmar preview e changelog	UNKNOWN STEP	2026-10-08T22:01:28.5415491Z ./snapshots/0fc06c8f2b79a83bd8bcf135b24fcd02ef1bd928/app/assets/AssetManifest.bin
Avaliar a mesma candidata / Publicar bytes verificados, confirmar preview e changelog	UNKNOWN STEP	2026-10-08T22:01:28.5416529Z ./snapshots/0fc06c8f2b79a83bd8bcf135b24fcd02ef1bd928/app/assets/packages/
Avaliar a mesma candidata / Publicar bytes verificados, confirmar preview e changelog	UNKNOWN STEP	2026-10-08T22:01:28.5417601Z ./snapshots/0fc06c8f2b79a83bd8bcf135b24fcd02ef1bd928/app/assets/packages/cupertino_icons/
Avaliar a mesma candidata / Publicar bytes verificados, confirmar preview e changelog	UNKNOWN STEP	2026-10-08T22:01:28.5419270Z ./snapshots/0fc06c8f2b79a83bd8bcf135b24fcd02ef1bd928/app/assets/packages/cupertino_icons/assets/
Avaliar a mesma candidata / Publicar bytes verificados, confirmar preview e changelog	UNKNOWN STEP	2026-10-08T22:01:28.5421005Z ./snapshots/0fc06c8f2b79a83bd8bcf135b24fcd02ef1bd928/app/assets/packages/cupertino_icons/assets/CupertinoIcons.ttf
Avaliar a mesma candidata / Publicar bytes verificados, confirmar preview e changelog	UNKNOWN STEP	2026-10-08T22:01:28.5422612Z ./snapshots/0fc06c8f2b79a83bd8bcf135b24fcd02ef1bd928/app/assets/FontManifest.json
Avaliar a mesma candidata / Publicar bytes verificados, confirmar preview e changelog	UNKNOWN STEP	2026-10-08T22:01:28.5423683Z ./snapshots/0fc06c8f2b79a83bd8bcf135b24fcd02ef1bd928/app/assets/shaders/
Avaliar a mesma candidata / Publicar bytes verificados, confirmar preview e changelog	UNKNOWN STEP	2026-10-08T22:01:28.5424743Z ./snapshots/0fc06c8f2b79a83bd8bcf135b24fcd02ef1bd928/app/assets/shaders/ink_sparkle.frag
Avaliar a mesma candidata / Publicar bytes verificados, confirmar preview e changelog	UNKNOWN STEP	2026-10-08T22:01:28.5425972Z ./snapshots/0fc06c8f2b79a83bd8bcf135b24fcd02ef1bd928/app/assets/shaders/stretch_effect.frag
Avaliar a mesma candidata / Publicar bytes verificados, confirmar preview e changelog	UNKNOWN STEP	2026-10-08T22:01:28.5427067Z ./snapshots/0fc06c8f2b79a83bd8bcf135b24fcd02ef1bd928/app/assets/fonts/
Avaliar a mesma candidata / Publicar bytes verificados, confirmar preview e changelog	UNKNOWN STEP	2026-10-08T22:01:28.5428169Z ./snapshots/0fc06c8f2b79a83bd8bcf135b24fcd02ef1bd928/app/assets/fonts/MaterialIcons-Regular.otf
Avaliar a mesma candidata / Publicar bytes verificados, confirmar preview e changelog	UNKNOWN STEP	2026-10-08T22:01:28.5429190Z ./snapshots/0fc06c8f2b79a83bd8bcf135b24fcd02ef1bd928/app/index.html
Avaliar a mesma candidata / Publicar bytes verificados, confirmar preview e changelog	UNKNOWN STEP	2026-10-08T22:01:28.5430406Z ./snapshots/0fc06c8f2b79a83bd8bcf135b24fcd02ef1bd928/app/version.json
Avaliar a mesma candidata / Publicar bytes verificados, confirmar preview e changelog	UNKNOWN STEP	2026-10-08T22:01:28.5431418Z ./snapshots/0fc06c8f2b79a83bd8bcf135b24fcd02ef1bd928/app/flutter_service_worker.js
Avaliar a mesma candidata / Publicar bytes verificados, confirmar preview e changelog	UNKNOWN STEP	2026-10-08T22:01:28.5432378Z ./snapshots/0fc06c8f2b79a83bd8bcf135b24fcd02ef1bd928/app/flutter.js
Avaliar a mesma candidata / Publicar bytes verificados, confirmar preview e changelog	UNKNOWN STEP	2026-10-08T22:01:28.5433271Z ./snapshots/0fc06c8f2b79a83bd8bcf135b24fcd02ef1bd928/app/favicon.png
Avaliar a mesma candidata / Publicar bytes verificados, confirmar preview e changelog	UNKNOWN STEP	2026-10-08T22:01:28.5434179Z ./snapshots/0fc06c8f2b79a83bd8bcf135b24fcd02ef1bd928/app/main.dart.js
Avaliar a mesma candidata / Publicar bytes verificados, confirmar preview e changelog	UNKNOWN STEP	2026-10-08T22:01:28.5435064Z ./snapshots/0fc06c8f2b79a83bd8bcf135b24fcd02ef1bd928/app/canvaskit/
Avaliar a mesma candidata / Publicar bytes verificados, confirmar preview e changelog	UNKNOWN STEP	2026-10-08T22:01:28.5436068Z ./snapshots/0fc06c8f2b79a83bd8bcf135b24fcd02ef1bd928/app/canvaskit/wimp.wasm
Avaliar a mesma candidata / Publicar bytes verificados, confirmar preview e changelog	UNKNOWN STEP	2026-10-08T22:01:28.5451220Z ./snapshots/0fc06c8f2b79a83bd8bcf135b24fcd02ef1bd928/app/canvaskit/chromium/
Avaliar a mesma candidata / Publicar bytes verificados, confirmar preview e changelog	UNKNOWN STEP	2026-10-08T22:01:28.5452375Z ./snapshots/0fc06c8f2b79a83bd8bcf135b24fcd02ef1bd928/app/canvaskit/chromium/canvaskit.js
Avaliar a mesma candidata / Publicar bytes verificados, confirmar preview e changelog	UNKNOWN STEP	2026-10-08T22:01:28.5453609Z ./snapshots/0fc06c8f2b79a83bd8bcf135b24fcd02ef1bd928/app/canvaskit/chromium/canvaskit.wasm
Avaliar a mesma candidata / Publicar bytes verificados, confirmar preview e changelog	UNKNOWN STEP	2026-10-08T22:01:28.5492833Z ./snapshots/0fc06c8f2b79a83bd8bcf135b24fcd02ef1bd928/app/canvaskit/chromium/canvaskit.js.symbols
Avaliar a mesma candidata / Publicar bytes verificados, confirmar preview e changelog	UNKNOWN STEP	2026-10-08T22:01:28.5503268Z ./snapshots/0fc06c8f2b79a83bd8bcf135b24fcd02ef1bd928/app/canvaskit/skwasm_heavy.js.symbols
Avaliar a mesma candidata / Publicar bytes verificados, confirmar preview e changelog	UNKNOWN STEP	2026-10-08T22:01:28.5516681Z ./snapshots/0fc06c8f2b79a83bd8bcf135b24fcd02ef1bd928/app/canvaskit/canvaskit.js
Avaliar a mesma candidata / Publicar bytes verificados, confirmar preview e changelog	UNKNOWN STEP	2026-10-08T22:01:28.5517800Z ./snapshots/0fc06c8f2b79a83bd8bcf135b24fcd02ef1bd928/app/canvaskit/skwasm.js
Avaliar a mesma candidata / Publicar bytes verificados, confirmar preview e changelog	UNKNOWN STEP	2026-10-08T22:01:28.5518862Z ./snapshots/0fc06c8f2b79a83bd8bcf135b24fcd02ef1bd928/app/canvaskit/canvaskit.wasm
Avaliar a mesma candidata / Publicar bytes verificados, confirmar preview e changelog	UNKNOWN STEP	2026-10-08T22:01:28.5574862Z ./snapshots/0fc06c8f2b79a83bd8bcf135b24fcd02ef1bd928/app/canvaskit/skwasm.wasm
Avaliar a mesma candidata / Publicar bytes verificados, confirmar preview e changelog	UNKNOWN STEP	2026-10-08T22:01:28.5602988Z ./snapshots/0fc06c8f2b79a83bd8bcf135b24fcd02ef1bd928/app/canvaskit/skwasm.js.symbols
Avaliar a mesma candidata / Publicar bytes verificados, confirmar preview e changelog	UNKNOWN STEP	2026-10-08T22:01:28.5615217Z ./snapshots/0fc06c8f2b79a83bd8bcf135b24fcd02ef1bd928/app/canvaskit/skwasm_heavy.wasm
Avaliar a mesma candidata / Publicar bytes verificados, confirmar preview e changelog	UNKNOWN STEP	2026-10-08T22:01:28.5656029Z ./snapshots/0fc06c8f2b79a83bd8bcf135b24fcd02ef1bd928/app/canvaskit/canvaskit.js.symbols
Avaliar a mesma candidata / Publicar bytes verificados, confirmar preview e changelog	UNKNOWN STEP	2026-10-08T22:01:28.5667313Z ./snapshots/0fc06c8f2b79a83bd8bcf135b24fcd02ef1bd928/app/canvaskit/experimental_webparagraph/
Avaliar a mesma candidata / Publicar bytes verificados, confirmar preview e changelog	UNKNOWN STEP	2026-10-08T22:01:28.5668767Z ./snapshots/0fc06c8f2b79a83bd8bcf135b24fcd02ef1bd928/app/canvaskit/experimental_webparagraph/canvaskit.js
Avaliar a mesma candidata / Publicar bytes verificados, confirmar preview e changelog	UNKNOWN STEP	2026-10-08T22:01:28.5670448Z ./snapshots/0fc06c8f2b79a83bd8bcf135b24fcd02ef1bd928/app/canvaskit/experimental_webparagraph/canvaskit.wasm
Avaliar a mesma candidata / Publicar bytes verificados, confirmar preview e changelog	UNKNOWN STEP	2026-10-08T22:01:28.5701569Z ./snapshots/0fc06c8f2b79a83bd8bcf135b24fcd02ef1bd928/app/canvaskit/experimental_webparagraph/canvaskit.js.symbols
Avaliar a mesma candidata / Publicar bytes verificados, confirmar preview e changelog	UNKNOWN STEP	2026-10-08T22:01:28.5709513Z ./snapshots/0fc06c8f2b79a83bd8bcf135b24fcd02ef1bd928/app/canvaskit/wimp.js
Avaliar a mesma candidata / Publicar bytes verificados, confirmar preview e changelog	UNKNOWN STEP	2026-10-08T22:01:28.5710879Z ./snapshots/0fc06c8f2b79a83bd8bcf135b24fcd02ef1bd928/app/canvaskit/skwasm_heavy.js
Avaliar a mesma candidata / Publicar bytes verificados, confirmar preview e changelog	UNKNOWN STEP	2026-10-08T22:01:28.5712006Z ./snapshots/0fc06c8f2b79a83bd8bcf135b24fcd02ef1bd928/app/canvaskit/wimp.js.symbols
Avaliar a mesma candidata / Publicar bytes verificados, confirmar preview e changelog	UNKNOWN STEP	2026-10-08T22:01:28.5725957Z ./snapshots/0fc06c8f2b79a83bd8bcf135b24fcd02ef1bd928/metadata.json
Avaliar a mesma candidata / Publicar bytes verificados, confirmar preview e changelog	UNKNOWN STEP	2026-10-08T22:01:28.5726838Z ./snapshots/0fc06c8f2b79a83bd8bcf135b24fcd02ef1bd928/index.html
Avaliar a mesma candidata / Publicar bytes verificados, confirmar preview e changelog	UNKNOWN STEP	2026-10-08T22:01:28.5727969Z ./snapshots/0fc06c8f2b79a83bd8bcf135b24fcd02ef1bd928/files.json
Avaliar a mesma candidata / Publicar bytes verificados, confirmar preview e changelog	UNKNOWN STEP	2026-10-08T22:01:28.5728701Z ./snapshots/989fe3443ad16df0c67ff0068d6efb3f458c8ace/
Avaliar a mesma candidata / Publicar bytes verificados, confirmar preview e changelog	UNKNOWN STEP	2026-10-08T22:01:28.5729569Z ./snapshots/989fe3443ad16df0c67ff0068d6efb3f458c8ace/app/
Avaliar a mesma candidata / Publicar bytes verificados, confirmar preview e changelog	UNKNOWN STEP	2026-10-08T22:01:28.5730714Z ./snapshots/989fe3443ad16df0c67ff0068d6efb3f458c8ace/app/manifest.json
Avaliar a mesma candidata / Publicar bytes verificados, confirmar preview e changelog	UNKNOWN STEP	2026-10-08T22:01:28.5731587Z ./snapshots/989fe3443ad16df0c67ff0068d6efb3f458c8ace/app/icons/
Avaliar a mesma candidata / Publicar bytes verificados, confirmar preview e changelog	UNKNOWN STEP	2026-10-08T22:01:28.5732465Z ./snapshots/989fe3443ad16df0c67ff0068d6efb3f458c8ace/app/icons/Icon-512.png
Avaliar a mesma candidata / Publicar bytes verificados, confirmar preview e changelog	UNKNOWN STEP	2026-10-08T22:01:28.5733437Z ./snapshots/989fe3443ad16df0c67ff0068d6efb3f458c8ace/app/icons/Icon-192.png
Avaliar a mesma candidata / Publicar bytes verificados, confirmar preview e changelog	UNKNOWN STEP	2026-10-08T22:01:28.5734427Z ./snapshots/989fe3443ad16df0c67ff0068d6efb3f458c8ace/app/icons/Icon-maskable-192.png
Avaliar a mesma candidata / Publicar bytes verificados, confirmar preview e changelog	UNKNOWN STEP	2026-10-08T22:01:28.5735491Z ./snapshots/989fe3443ad16df0c67ff0068d6efb3f458c8ace/app/icons/Icon-maskable-512.png
Avaliar a mesma candidata / Publicar bytes verificados, confirmar preview e changelog	UNKNOWN STEP	2026-10-08T22:01:28.5736527Z ./snapshots/989fe3443ad16df0c67ff0068d6efb3f458c8ace/app/flutter_bootstrap.js
Avaliar a mesma candidata / Publicar bytes verificados, confirmar preview e changelog	UNKNOWN STEP	2026-10-08T22:01:28.5737455Z ./snapshots/989fe3443ad16df0c67ff0068d6efb3f458c8ace/app/assets/
Avaliar a mesma candidata / Publicar bytes verificados, confirmar preview e changelog	UNKNOWN STEP	2026-10-08T22:01:28.5738384Z ./snapshots/989fe3443ad16df0c67ff0068d6efb3f458c8ace/app/assets/AssetManifest.bin.json
Avaliar a mesma candidata / Publicar bytes verificados, confirmar preview e changelog	UNKNOWN STEP	2026-10-08T22:01:28.5739413Z ./snapshots/989fe3443ad16df0c67ff0068d6efb3f458c8ace/app/assets/NOTICES
Avaliar a mesma candidata / Publicar bytes verificados, confirmar preview e changelog	UNKNOWN STEP	2026-10-08T22:01:28.5740632Z ./snapshots/989fe3443ad16df0c67ff0068d6efb3f458c8ace/app/assets/shorebird.yaml
Avaliar a mesma candidata / Publicar bytes verificados, confirmar preview e changelog	UNKNOWN STEP	2026-10-08T22:01:28.5741674Z ./snapshots/989fe3443ad16df0c67ff0068d6efb3f458c8ace/app/assets/AssetManifest.bin
Avaliar a mesma candidata / Publicar bytes verificados, confirmar preview e changelog	UNKNOWN STEP	2026-10-08T22:01:28.5742650Z ./snapshots/989fe3443ad16df0c67ff0068d6efb3f458c8ace/app/assets/packages/
Avaliar a mesma candidata / Publicar bytes verificados, confirmar preview e changelog	UNKNOWN STEP	2026-10-08T22:01:28.5743644Z ./snapshots/989fe3443ad16df0c67ff0068d6efb3f458c8ace/app/assets/packages/cupertino_icons/
Avaliar a mesma candidata / Publicar bytes verificados, confirmar preview e changelog	UNKNOWN STEP	2026-10-08T22:01:28.5744789Z ./snapshots/989fe3443ad16df0c67ff0068d6efb3f458c8ace/app/assets/packages/cupertino_icons/assets/
Avaliar a mesma candidata / Publicar bytes verificados, confirmar preview e changelog	UNKNOWN STEP	2026-10-08T22:01:28.5746007Z ./snapshots/989fe3443ad16df0c67ff0068d6efb3f458c8ace/app/assets/packages/cupertino_icons/assets/CupertinoIcons.ttf
Avaliar a mesma candidata / Publicar bytes verificados, confirmar preview e changelog	UNKNOWN STEP	2026-10-08T22:01:28.5747190Z ./snapshots/989fe3443ad16df0c67ff0068d6efb3f458c8ace/app/assets/FontManifest.json
Avaliar a mesma candidata / Publicar bytes verificados, confirmar preview e changelog	UNKNOWN STEP	2026-10-08T22:01:28.5748023Z ./snapshots/989fe3443ad16df0c67ff0068d6efb3f458c8ace/app/assets/shaders/
Avaliar a mesma candidata / Publicar bytes verificados, confirmar preview e changelog	UNKNOWN STEP	2026-10-08T22:01:28.5748896Z ./snapshots/989fe3443ad16df0c67ff0068d6efb3f458c8ace/app/assets/shaders/ink_sparkle.frag
Avaliar a mesma candidata / Publicar bytes verificados, confirmar preview e changelog	UNKNOWN STEP	2026-10-08T22:01:28.5749875Z ./snapshots/989fe3443ad16df0c67ff0068d6efb3f458c8ace/app/assets/shaders/stretch_effect.frag
Avaliar a mesma candidata / Publicar bytes verificados, confirmar preview e changelog	UNKNOWN STEP	2026-10-08T22:01:28.5750957Z ./snapshots/989fe3443ad16df0c67ff0068d6efb3f458c8ace/app/assets/fonts/
Avaliar a mesma candidata / Publicar bytes verificados, confirmar preview e changelog	UNKNOWN STEP	2026-10-08T22:01:28.5751841Z ./snapshots/989fe3443ad16df0c67ff0068d6efb3f458c8ace/app/assets/fonts/MaterialIcons-Regular.otf
Avaliar a mesma candidata / Publicar bytes verificados, confirmar preview e changelog	UNKNOWN STEP	2026-10-08T22:01:28.5752731Z ./snapshots/989fe3443ad16df0c67ff0068d6efb3f458c8ace/app/index.html
Avaliar a mesma candidata / Publicar bytes verificados, confirmar preview e changelog	UNKNOWN STEP	2026-10-08T22:01:28.5753458Z ./snapshots/989fe3443ad16df0c67ff0068d6efb3f458c8ace/app/version.json
Avaliar a mesma candidata / Publicar bytes verificados, confirmar preview e changelog	UNKNOWN STEP	2026-10-08T22:01:28.5754257Z ./snapshots/989fe3443ad16df0c67ff0068d6efb3f458c8ace/app/flutter_service_worker.js
Avaliar a mesma candidata / Publicar bytes verificados, confirmar preview e changelog	UNKNOWN STEP	2026-10-08T22:01:28.5755069Z ./snapshots/989fe3443ad16df0c67ff0068d6efb3f458c8ace/app/flutter.js
Avaliar a mesma candidata / Publicar bytes verificados, confirmar preview e changelog	UNKNOWN STEP	2026-10-08T22:01:28.5755784Z ./snapshots/989fe3443ad16df0c67ff0068d6efb3f458c8ace/app/favicon.png
Avaliar a mesma candidata / Publicar bytes verificados, confirmar preview e changelog	UNKNOWN STEP	2026-10-08T22:01:28.5756512Z ./snapshots/989fe3443ad16df0c67ff0068d6efb3f458c8ace/app/main.dart.js
Avaliar a mesma candidata / Publicar bytes verificados, confirmar preview e changelog	UNKNOWN STEP	2026-10-08T22:01:28.5762976Z ./snapshots/989fe3443ad16df0c67ff0068d6efb3f458c8ace/app/canvaskit/
Avaliar a mesma candidata / Publicar bytes verificados, confirmar preview e changelog	UNKNOWN STEP	2026-10-08T22:01:28.5763780Z ./snapshots/989fe3443ad16df0c67ff0068d6efb3f458c8ace/app/canvaskit/wimp.wasm
Avaliar a mesma candidata / Publicar bytes verificados, confirmar preview e changelog	UNKNOWN STEP	2026-10-08T22:01:28.5790959Z ./snapshots/989fe3443ad16df0c67ff0068d6efb3f458c8ace/app/canvaskit/chromium/
Avaliar a mesma candidata / Publicar bytes verificados, confirmar preview e changelog	UNKNOWN STEP	2026-10-08T22:01:28.5792063Z ./snapshots/989fe3443ad16df0c67ff0068d6efb3f458c8ace/app/canvaskit/chromium/canvaskit.js
Avaliar a mesma candidata / Publicar bytes verificados, confirmar preview e changelog	UNKNOWN STEP	2026-10-08T22:01:28.5793260Z ./snapshots/989fe3443ad16df0c67ff0068d6efb3f458c8ace/app/canvaskit/chromium/canvaskit.wasm
Avaliar a mesma candidata / Publicar bytes verificados, confirmar preview e changelog	UNKNOWN STEP	2026-10-08T22:01:28.5837814Z ./snapshots/989fe3443ad16df0c67ff0068d6efb3f458c8ace/app/canvaskit/chromium/canvaskit.js.symbols
Avaliar a mesma candidata / Publicar bytes verificados, confirmar preview e changelog	UNKNOWN STEP	2026-10-08T22:01:28.5848136Z ./snapshots/989fe3443ad16df0c67ff0068d6efb3f458c8ace/app/canvaskit/skwasm_heavy.js.symbols
Avaliar a mesma candidata / Publicar bytes verificados, confirmar preview e changelog	UNKNOWN STEP	2026-10-08T22:01:28.5871451Z ./snapshots/989fe3443ad16df0c67ff0068d6efb3f458c8ace/app/canvaskit/canvaskit.js
Avaliar a mesma candidata / Publicar bytes verificados, confirmar preview e changelog	UNKNOWN STEP	2026-10-08T22:01:28.5881814Z ./snapshots/989fe3443ad16df0c67ff0068d6efb3f458c8ace/app/canvaskit/skwasm.js
Avaliar a mesma candidata / Publicar bytes verificados, confirmar preview e changelog	UNKNOWN STEP	2026-10-08T22:01:28.5883179Z ./snapshots/989fe3443ad16df0c67ff0068d6efb3f458c8ace/app/canvaskit/canvaskit.wasm
Avaliar a mesma candidata / Publicar bytes verificados, confirmar preview e changelog	UNKNOWN STEP	2026-10-08T22:01:28.5920424Z ./snapshots/989fe3443ad16df0c67ff0068d6efb3f458c8ace/app/canvaskit/skwasm.wasm
Avaliar a mesma candidata / Publicar bytes verificados, confirmar preview e changelog	UNKNOWN STEP	2026-10-08T22:01:28.5952881Z ./snapshots/989fe3443ad16df0c67ff0068d6efb3f458c8ace/app/canvaskit/skwasm.js.symbols
Avaliar a mesma candidata / Publicar bytes verificados, confirmar preview e changelog	UNKNOWN STEP	2026-10-08T22:01:28.5965702Z ./snapshots/989fe3443ad16df0c67ff0068d6efb3f458c8ace/app/canvaskit/skwasm_heavy.wasm
Avaliar a mesma candidata / Publicar bytes verificados, confirmar preview e changelog	UNKNOWN STEP	2026-10-08T22:01:28.6006249Z ./snapshots/989fe3443ad16df0c67ff0068d6efb3f458c8ace/app/canvaskit/canvaskit.js.symbols
Avaliar a mesma candidata / Publicar bytes verificados, confirmar preview e changelog	UNKNOWN STEP	2026-10-08T22:01:28.6017801Z ./snapshots/989fe3443ad16df0c67ff0068d6efb3f458c8ace/app/canvaskit/experimental_webparagraph/
Avaliar a mesma candidata / Publicar bytes verificados, confirmar preview e changelog	UNKNOWN STEP	2026-10-08T22:01:28.6019231Z ./snapshots/989fe3443ad16df0c67ff0068d6efb3f458c8ace/app/canvaskit/experimental_webparagraph/canvaskit.js
Avaliar a mesma candidata / Publicar bytes verificados, confirmar preview e changelog	UNKNOWN STEP	2026-10-08T22:01:28.6021010Z ./snapshots/989fe3443ad16df0c67ff0068d6efb3f458c8ace/app/canvaskit/experimental_webparagraph/canvaskit.wasm
Avaliar a mesma candidata / Publicar bytes verificados, confirmar preview e changelog	UNKNOWN STEP	2026-10-08T22:01:28.6052478Z ./snapshots/989fe3443ad16df0c67ff0068d6efb3f458c8ace/app/canvaskit/experimental_webparagraph/canvaskit.js.symbols
Avaliar a mesma candidata / Publicar bytes verificados, confirmar preview e changelog	UNKNOWN STEP	2026-10-08T22:01:28.6060855Z ./snapshots/989fe3443ad16df0c67ff0068d6efb3f458c8ace/app/canvaskit/wimp.js
Avaliar a mesma candidata / Publicar bytes verificados, confirmar preview e changelog	UNKNOWN STEP	2026-10-08T22:01:28.6071357Z ./snapshots/989fe3443ad16df0c67ff0068d6efb3f458c8ace/app/canvaskit/skwasm_heavy.js
Avaliar a mesma candidata / Publicar bytes verificados, confirmar preview e changelog	UNKNOWN STEP	2026-10-08T22:01:28.6072633Z ./snapshots/989fe3443ad16df0c67ff0068d6efb3f458c8ace/app/canvaskit/wimp.js.symbols
Avaliar a mesma candidata / Publicar bytes verificados, confirmar preview e changelog	UNKNOWN STEP	2026-10-08T22:01:28.6078082Z ./snapshots/989fe3443ad16df0c67ff0068d6efb3f458c8ace/metadata.json
Avaliar a mesma candidata / Publicar bytes verificados, confirmar preview e changelog	UNKNOWN STEP	2026-10-08T22:01:28.6078952Z ./snapshots/989fe3443ad16df0c67ff0068d6efb3f458c8ace/index.html
Avaliar a mesma candidata / Publicar bytes verificados, confirmar preview e changelog	UNKNOWN STEP	2026-10-08T22:01:28.6079753Z ./snapshots/989fe3443ad16df0c67ff0068d6efb3f458c8ace/files.json
Avaliar a mesma candidata / Publicar bytes verificados, confirmar preview e changelog	UNKNOWN STEP	2026-10-08T22:01:28.6092123Z ##[endgroup]
Avaliar a mesma candidata / Publicar bytes verificados, confirmar preview e changelog	UNKNOWN STEP	2026-10-08T22:01:28.6105110Z ##[end-action id=__actions_upload-pages-artifact.__run;outcome=success;conclusion=success;duration_ms=329]
Avaliar a mesma candidata / Publicar bytes verificados, confirmar preview e changelog	UNKNOWN STEP	2026-10-08T22:01:28.6109449Z ##[start-action display=Archive artifact;id=__actions_upload-pages-artifact.__run_2]
Avaliar a mesma candidata / Publicar bytes verificados, confirmar preview e changelog	UNKNOWN STEP	2026-10-08T22:01:28.6115239Z ##[end-action id=__actions_upload-pages-artifact.__run_2;outcome=skipped;conclusion=skipped;duration_ms=0]
Avaliar a mesma candidata / Publicar bytes verificados, confirmar preview e changelog	UNKNOWN STEP	2026-10-08T22:01:28.6117900Z ##[start-action display=Archive artifact;id=__actions_upload-pages-artifact.__run_3]
Avaliar a mesma candidata / Publicar bytes verificados, confirmar preview e changelog	UNKNOWN STEP	2026-10-08T22:01:28.6121910Z ##[end-action id=__actions_upload-pages-artifact.__run_3;outcome=skipped;conclusion=skipped;duration_ms=0]
Avaliar a mesma candidata / Publicar bytes verificados, confirmar preview e changelog	UNKNOWN STEP	2026-10-08T22:01:28.6123886Z ##[start-action display=Upload artifact;id=__actions_upload-pages-artifact.upload-artifact]
Avaliar a mesma candidata / Publicar bytes verificados, confirmar preview e changelog	UNKNOWN STEP	2026-10-08T22:01:28.6159344Z ##[group]Run actions/upload-artifact@ea165f8d65b6e75b540449e92b4886f43607fa02
Avaliar a mesma candidata / Publicar bytes verificados, confirmar preview e changelog	UNKNOWN STEP	2026-10-08T22:01:28.6159735Z with:
Avaliar a mesma candidata / Publicar bytes verificados, confirmar preview e changelog	UNKNOWN STEP	2026-10-08T22:01:28.6159936Z   name: github-pages
Avaliar a mesma candidata / Publicar bytes verificados, confirmar preview e changelog	UNKNOWN STEP	2026-10-08T22:01:28.6160565Z   path: /home/runner/work/_temp/artifact.tar
Avaliar a mesma candidata / Publicar bytes verificados, confirmar preview e changelog	UNKNOWN STEP	2026-10-08T22:01:28.6160883Z   retention-days: 1
Avaliar a mesma candidata / Publicar bytes verificados, confirmar preview e changelog	UNKNOWN STEP	2026-10-08T22:01:28.6161122Z   if-no-files-found: error
Avaliar a mesma candidata / Publicar bytes verificados, confirmar preview e changelog	UNKNOWN STEP	2026-10-08T22:01:28.6161368Z   compression-level: 6
Avaliar a mesma candidata / Publicar bytes verificados, confirmar preview e changelog	UNKNOWN STEP	2026-10-08T22:01:28.6161590Z   overwrite: false
Avaliar a mesma candidata / Publicar bytes verificados, confirmar preview e changelog	UNKNOWN STEP	2026-10-08T22:01:28.6161816Z   include-hidden-files: false
Avaliar a mesma candidata / Publicar bytes verificados, confirmar preview e changelog	UNKNOWN STEP	2026-10-08T22:01:28.6162060Z ##[endgroup]
Avaliar a mesma candidata / Publicar bytes verificados, confirmar preview e changelog	UNKNOWN STEP	2026-10-08T22:01:28.7814612Z (node:2457) [DEP0040] DeprecationWarning: The `punycode` module is deprecated. Please use a userland alternative instead.
Avaliar a mesma candidata / Publicar bytes verificados, confirmar preview e changelog	UNKNOWN STEP	2026-10-08T22:01:28.7815543Z (Use `node --trace-deprecation ...` to show where the warning was created)
Avaliar a mesma candidata / Publicar bytes verificados, confirmar preview e changelog	UNKNOWN STEP	2026-10-08T22:01:28.7861138Z With the provided path, there will be 1 file uploaded
Avaliar a mesma candidata / Publicar bytes verificados, confirmar preview e changelog	UNKNOWN STEP	2026-10-08T22:01:28.7880492Z Artifact name is valid!
Avaliar a mesma candidata / Publicar bytes verificados, confirmar preview e changelog	UNKNOWN STEP	2026-10-08T22:01:28.7881289Z Root directory input is valid!
Avaliar a mesma candidata / Publicar bytes verificados, confirmar preview e changelog	UNKNOWN STEP	2026-10-08T22:01:29.0647137Z Beginning upload of artifact content to blob storage
Avaliar a mesma candidata / Publicar bytes verificados, confirmar preview e changelog	UNKNOWN STEP	2026-10-08T22:01:29.8048826Z (node:2457) [DEP0169] DeprecationWarning: `url.parse()` behavior is not standardized and prone to errors that have security implications. Use the WHATWG URL API instead. CVEs are not issued for `url.parse()` vulnerabilities.
Avaliar a mesma candidata / Publicar bytes verificados, confirmar preview e changelog	UNKNOWN STEP	2026-10-08T22:01:30.3323007Z Uploaded bytes 8388608
Avaliar a mesma candidata / Publicar bytes verificados, confirmar preview e changelog	UNKNOWN STEP	2026-10-08T22:01:30.7697811Z Uploaded bytes 16777216
Avaliar a mesma candidata / Publicar bytes verificados, confirmar preview e changelog	UNKNOWN STEP	2026-10-08T22:01:31.4266230Z Uploaded bytes 25165824
Avaliar a mesma candidata / Publicar bytes verificados, confirmar preview e changelog	UNKNOWN STEP	2026-10-08T22:01:32.1588138Z Uploaded bytes 33554432
Avaliar a mesma candidata / Publicar bytes verificados, confirmar preview e changelog	UNKNOWN STEP	2026-10-08T22:01:32.8390261Z Uploaded bytes 41943040
Avaliar a mesma candidata / Publicar bytes verificados, confirmar preview e changelog	UNKNOWN STEP	2026-10-08T22:01:33.6708195Z Uploaded bytes 50331648
Avaliar a mesma candidata / Publicar bytes verificados, confirmar preview e changelog	UNKNOWN STEP	2026-10-08T22:01:34.3019337Z Uploaded bytes 58720256
Avaliar a mesma candidata / Publicar bytes verificados, confirmar preview e changelog	UNKNOWN STEP	2026-10-08T22:01:35.0247802Z Uploaded bytes 67108864
Avaliar a mesma candidata / Publicar bytes verificados, confirmar preview e changelog	UNKNOWN STEP	2026-10-08T22:01:35.8305473Z Uploaded bytes 75497472
Avaliar a mesma candidata / Publicar bytes verificados, confirmar preview e changelog	UNKNOWN STEP	2026-10-08T22:01:36.5412550Z Uploaded bytes 83886080
Avaliar a mesma candidata / Publicar bytes verificados, confirmar preview e changelog	UNKNOWN STEP	2026-10-08T22:01:37.2565013Z Uploaded bytes 92274688
Avaliar a mesma candidata / Publicar bytes verificados, confirmar preview e changelog	UNKNOWN STEP	2026-10-08T22:01:37.9836225Z Uploaded bytes 100663296
Avaliar a mesma candidata / Publicar bytes verificados, confirmar preview e changelog	UNKNOWN STEP	2026-10-08T22:01:38.7086802Z Uploaded bytes 109051904
Avaliar a mesma candidata / Publicar bytes verificados, confirmar preview e changelog	UNKNOWN STEP	2026-10-08T22:01:39.4977805Z Uploaded bytes 117440512
Avaliar a mesma candidata / Publicar bytes verificados, confirmar preview e changelog	UNKNOWN STEP	2026-10-08T22:01:40.1387726Z Uploaded bytes 125829120
Avaliar a mesma candidata / Publicar bytes verificados, confirmar preview e changelog	UNKNOWN STEP	2026-10-08T22:01:40.2105454Z Uploaded bytes 127206898
Avaliar a mesma candidata / Publicar bytes verificados, confirmar preview e changelog	UNKNOWN STEP	2026-10-08T22:01:40.2601116Z Finished uploading artifact content to blob storage!
Avaliar a mesma candidata / Publicar bytes verificados, confirmar preview e changelog	UNKNOWN STEP	2026-10-08T22:01:40.2604177Z SHA256 digest of uploaded artifact zip is 350c7f2c21a5f272da70b7f31d4ff3c370c7500d21bb876658626d8c8d6bb232
Avaliar a mesma candidata / Publicar bytes verificados, confirmar preview e changelog	UNKNOWN STEP	2026-10-08T22:01:40.2606388Z Finalizing artifact upload
Avaliar a mesma candidata / Publicar bytes verificados, confirmar preview e changelog	UNKNOWN STEP	2026-10-08T22:01:40.5866716Z Artifact github-pages.zip successfully finalized. Artifact ID 11581573087
Avaliar a mesma candidata / Publicar bytes verificados, confirmar preview e changelog	UNKNOWN STEP	2026-10-08T22:01:40.5868047Z Artifact github-pages has been successfully uploaded! Final size is 127206898 bytes. Artifact ID is 11581573087
Avaliar a mesma candidata / Publicar bytes verificados, confirmar preview e changelog	UNKNOWN STEP	2026-10-08T22:01:40.5877426Z Artifact download URL: https://github.com/israelhudson/flutter_code_push_example/actions/runs/37850467026/artifacts/11581573087
Avaliar a mesma candidata / Publicar bytes verificados, confirmar preview e changelog	UNKNOWN STEP	2026-10-08T22:01:40.6016018Z ##[end-action id=__actions_upload-pages-artifact.upload-artifact;outcome=success;conclusion=success;duration_ms=11989]
Avaliar a mesma candidata / Publicar bytes verificados, confirmar preview e changelog	UNKNOWN STEP	2026-10-08T22:01:40.6096409Z ##[group]Run actions/deploy-pages@d6db90164ac5ed86f2b6aed7e0febac5b3c0c03e
Avaliar a mesma candidata / Publicar bytes verificados, confirmar preview e changelog	UNKNOWN STEP	2026-10-08T22:01:40.6096829Z with:
Avaliar a mesma candidata / Publicar bytes verificados, confirmar preview e changelog	UNKNOWN STEP	2026-10-08T22:01:40.6099315Z   token: ***
Avaliar a mesma candidata / Publicar bytes verificados, confirmar preview e changelog	UNKNOWN STEP	2026-10-08T22:01:40.6099519Z   timeout: 600000
Avaliar a mesma candidata / Publicar bytes verificados, confirmar preview e changelog	UNKNOWN STEP	2026-10-08T22:01:40.6099724Z   error_count: 10
Avaliar a mesma candidata / Publicar bytes verificados, confirmar preview e changelog	UNKNOWN STEP	2026-10-08T22:01:40.6099945Z   reporting_interval: 5000
Avaliar a mesma candidata / Publicar bytes verificados, confirmar preview e changelog	UNKNOWN STEP	2026-10-08T22:01:40.6100608Z   artifact_name: github-pages
Avaliar a mesma candidata / Publicar bytes verificados, confirmar preview e changelog	UNKNOWN STEP	2026-10-08T22:01:40.6100869Z   preview: false
Avaliar a mesma candidata / Publicar bytes verificados, confirmar preview e changelog	UNKNOWN STEP	2026-10-08T22:01:40.6101085Z ##[endgroup]
Avaliar a mesma candidata / Publicar bytes verificados, confirmar preview e changelog	UNKNOWN STEP	2026-10-08T22:01:40.7932059Z (node:2471) [DEP0040] DeprecationWarning: The `punycode` module is deprecated. Please use a userland alternative instead.
Avaliar a mesma candidata / Publicar bytes verificados, confirmar preview e changelog	UNKNOWN STEP	2026-10-08T22:01:40.7932952Z (Use `node --trace-deprecation ...` to show where the warning was created)
Avaliar a mesma candidata / Publicar bytes verificados, confirmar preview e changelog	UNKNOWN STEP	2026-10-08T22:01:40.9137296Z Fetching artifact metadata for "github-pages" in this workflow run
Avaliar a mesma candidata / Publicar bytes verificados, confirmar preview e changelog	UNKNOWN STEP	2026-10-08T22:01:41.0744964Z Found 4 artifact(s)
Avaliar a mesma candidata / Publicar bytes verificados, confirmar preview e changelog	UNKNOWN STEP	2026-10-08T22:01:41.0758156Z Creating Pages deployment with payload:
Avaliar a mesma candidata / Publicar bytes verificados, confirmar preview e changelog	UNKNOWN STEP	2026-10-08T22:01:41.0758745Z {
Avaliar a mesma candidata / Publicar bytes verificados, confirmar preview e changelog	UNKNOWN STEP	2026-10-08T22:01:41.0759192Z 	"artifact_id": 11581573087,
Avaliar a mesma candidata / Publicar bytes verificados, confirmar preview e changelog	UNKNOWN STEP	2026-10-08T22:01:41.0759891Z 	"pages_build_version": "9c4ad37fc415a98ef2a8cfdc5be8d5cf97fe35b0",
Avaliar a mesma candidata / Publicar bytes verificados, confirmar preview e changelog	UNKNOWN STEP	2026-10-08T22:01:41.0803878Z 	"oidc_token": "***"
Avaliar a mesma candidata / Publicar bytes verificados, confirmar preview e changelog	UNKNOWN STEP	2026-10-08T22:01:41.0804125Z }
Avaliar a mesma candidata / Publicar bytes verificados, confirmar preview e changelog	UNKNOWN STEP	2026-10-08T22:01:41.9514987Z Created deployment for 9c4ad37fc415a98ef2a8cfdc5be8d5cf97fe35b0, ID: 9c4ad37fc415a98ef2a8cfdc5be8d5cf97fe35b0
Avaliar a mesma candidata / Publicar bytes verificados, confirmar preview e changelog	UNKNOWN STEP	2026-10-08T22:01:46.9527509Z Getting Pages deployment status...
Avaliar a mesma candidata / Publicar bytes verificados, confirmar preview e changelog	UNKNOWN STEP	2026-10-08T22:01:47.1796641Z Current status: deployment_queued
Avaliar a mesma candidata / Publicar bytes verificados, confirmar preview e changelog	UNKNOWN STEP	2026-10-08T22:01:52.1800715Z Getting Pages deployment status...
Avaliar a mesma candidata / Publicar bytes verificados, confirmar preview e changelog	UNKNOWN STEP	2026-10-08T22:01:52.4129544Z Current status: deployment_in_progress
Avaliar a mesma candidata / Publicar bytes verificados, confirmar preview e changelog	UNKNOWN STEP	2026-10-08T22:01:57.4134760Z Getting Pages deployment status...
Avaliar a mesma candidata / Publicar bytes verificados, confirmar preview e changelog	UNKNOWN STEP	2026-10-08T22:01:57.6291497Z Current status: updating_pages
Avaliar a mesma candidata / Publicar bytes verificados, confirmar preview e changelog	UNKNOWN STEP	2026-10-08T22:02:02.6284042Z Getting Pages deployment status...
Avaliar a mesma candidata / Publicar bytes verificados, confirmar preview e changelog	UNKNOWN STEP	2026-10-08T22:02:02.8286702Z Reported success!
Avaliar a mesma candidata / Publicar bytes verificados, confirmar preview e changelog	UNKNOWN STEP	2026-10-08T22:02:02.8425141Z ##[group]Run python3 - <<'PY'
Avaliar a mesma candidata / Publicar bytes verificados, confirmar preview e changelog	UNKNOWN STEP	2026-10-08T22:02:02.8425472Z ^[[36;1mpython3 - <<'PY'^[[0m
Avaliar a mesma candidata / Publicar bytes verificados, confirmar preview e changelog	UNKNOWN STEP	2026-10-08T22:02:02.8425733Z ^[[36;1mimport json, os, re^[[0m
Avaliar a mesma candidata / Publicar bytes verificados, confirmar preview e changelog	UNKNOWN STEP	2026-10-08T22:02:02.8425999Z ^[[36;1mfrom pathlib import Path^[[0m
Avaliar a mesma candidata / Publicar bytes verificados, confirmar preview e changelog	UNKNOWN STEP	2026-10-08T22:02:02.8426664Z ^[[36;1mmetadata = json.loads(Path(os.environ['RUNNER_TEMP'], 'release-lab', 'preview-metadata.json').read_text())^[[0m
Avaliar a mesma candidata / Publicar bytes verificados, confirmar preview e changelog	UNKNOWN STEP	2026-10-08T22:02:02.8427736Z ^[[36;1mkeys = ('web_content_sha256', 'snapshot_manifest_sha256')^[[0m
Avaliar a mesma candidata / Publicar bytes verificados, confirmar preview e changelog	UNKNOWN STEP	2026-10-08T22:02:02.8428398Z ^[[36;1mif metadata['source_sha'] != os.environ['SOURCE_SHA'] or any(not re.fullmatch(r'[0-9a-f]{64}', metadata[key]) for key in keys):^[[0m
Avaliar a mesma candidata / Publicar bytes verificados, confirmar preview e changelog	UNKNOWN STEP	2026-10-08T22:02:02.8429336Z ^[[36;1m    raise ValueError('Metadata não corresponde à fonte congelada.')^[[0m
Avaliar a mesma candidata / Publicar bytes verificados, confirmar preview e changelog	UNKNOWN STEP	2026-10-08T22:02:02.8429836Z ^[[36;1mwith open(os.environ['GITHUB_OUTPUT'], 'a') as output:^[[0m
Avaliar a mesma candidata / Publicar bytes verificados, confirmar preview e changelog	UNKNOWN STEP	2026-10-08T22:02:02.8430468Z ^[[36;1m    for key in keys:^[[0m
Avaliar a mesma candidata / Publicar bytes verificados, confirmar preview e changelog	UNKNOWN STEP	2026-10-08T22:02:02.8430800Z ^[[36;1m        output.write(key + '=' + metadata[key] + '\n')^[[0m
Avaliar a mesma candidata / Publicar bytes verificados, confirmar preview e changelog	UNKNOWN STEP	2026-10-08T22:02:02.8431165Z ^[[36;1mPY^[[0m
Avaliar a mesma candidata / Publicar bytes verificados, confirmar preview e changelog	UNKNOWN STEP	2026-10-08T22:02:02.8492576Z shell: /usr/bin/bash -e {0}
Avaliar a mesma candidata / Publicar bytes verificados, confirmar preview e changelog	UNKNOWN STEP	2026-10-08T22:02:02.8492839Z env:
Avaliar a mesma candidata / Publicar bytes verificados, confirmar preview e changelog	UNKNOWN STEP	2026-10-08T22:02:02.8493099Z   SOURCE_SHA: 9c4ad37fc415a98ef2a8cfdc5be8d5cf97fe35b0
Avaliar a mesma candidata / Publicar bytes verificados, confirmar preview e changelog	UNKNOWN STEP	2026-10-08T22:02:02.8493436Z ##[endgroup]
Avaliar a mesma candidata / Publicar bytes verificados, confirmar preview e changelog	UNKNOWN STEP	2026-10-08T22:02:02.8874088Z ##[group]Run python3 trusted/deploy/pages_smoke.py --source-sha "$SOURCE_SHA" --expected-web-content-sha256 "$WEB_CONTENT_SHA256" --expected-snapshot-manifest-sha256 "$SNAPSHOT_MANIFEST_SHA256" --output "$RUNNER_TEMP/pages-smoke.json"
Avaliar a mesma candidata / Publicar bytes verificados, confirmar preview e changelog	UNKNOWN STEP	2026-10-08T22:02:02.8875868Z ^[[36;1mpython3 trusted/deploy/pages_smoke.py --source-sha "$SOURCE_SHA" --expected-web-content-sha256 "$WEB_CONTENT_SHA256" --expected-snapshot-manifest-sha256 "$SNAPSHOT_MANIFEST_SHA256" --output "$RUNNER_TEMP/pages-smoke.json"^[[0m
Avaliar a mesma candidata / Publicar bytes verificados, confirmar preview e changelog	UNKNOWN STEP	2026-10-08T22:02:02.8936166Z shell: /usr/bin/bash -e {0}
Avaliar a mesma candidata / Publicar bytes verificados, confirmar preview e changelog	UNKNOWN STEP	2026-10-08T22:02:02.8936621Z env:
Avaliar a mesma candidata / Publicar bytes verificados, confirmar preview e changelog	UNKNOWN STEP	2026-10-08T22:02:02.8937027Z   SOURCE_SHA: 9c4ad37fc415a98ef2a8cfdc5be8d5cf97fe35b0
Avaliar a mesma candidata / Publicar bytes verificados, confirmar preview e changelog	UNKNOWN STEP	2026-10-08T22:02:02.8937624Z   WEB_CONTENT_SHA256: 6152d8571abe47270d9d3b6a77477fc9ebab426de46da4dfaf3fc724ccdce480
Avaliar a mesma candidata / Publicar bytes verificados, confirmar preview e changelog	UNKNOWN STEP	2026-10-08T22:02:02.8938466Z   SNAPSHOT_MANIFEST_SHA256: 81c8d4dde408cf198f32e8b5aebd0615028ffc452775528458953e7d56414be0
Avaliar a mesma candidata / Publicar bytes verificados, confirmar preview e changelog	UNKNOWN STEP	2026-10-08T22:02:02.8939053Z ##[endgroup]
Avaliar a mesma candidata / Publicar bytes verificados, confirmar preview e changelog	UNKNOWN STEP	2026-10-08T22:02:03.9037725Z {
Avaliar a mesma candidata / Publicar bytes verificados, confirmar preview e changelog	UNKNOWN STEP	2026-10-08T22:02:03.9038160Z   "success": true,
Avaliar a mesma candidata / Publicar bytes verificados, confirmar preview e changelog	UNKNOWN STEP	2026-10-08T22:02:03.9038647Z   "source_sha": "9c4ad37fc415a98ef2a8cfdc5be8d5cf97fe35b0",
Avaliar a mesma candidata / Publicar bytes verificados, confirmar preview e changelog	UNKNOWN STEP	2026-10-08T22:02:03.9039465Z   "web_content_sha256": "6152d8571abe47270d9d3b6a77477fc9ebab426de46da4dfaf3fc724ccdce480",
Avaliar a mesma candidata / Publicar bytes verificados, confirmar preview e changelog	UNKNOWN STEP	2026-10-08T22:02:03.9040856Z   "snapshot_manifest_sha256": "81c8d4dde408cf198f32e8b5aebd0615028ffc452775528458953e7d56414be0",
Avaliar a mesma candidata / Publicar bytes verificados, confirmar preview e changelog	UNKNOWN STEP	2026-10-08T22:02:03.9042199Z   "snapshot_url": "https://israelhudson.github.io/flutter_code_push_example/snapshots/9c4ad37fc415a98ef2a8cfdc5be8d5cf97fe35b0/",
Avaliar a mesma candidata / Publicar bytes verificados, confirmar preview e changelog	UNKNOWN STEP	2026-10-08T22:02:03.9043154Z   "verified_files": [
Avaliar a mesma candidata / Publicar bytes verificados, confirmar preview e changelog	UNKNOWN STEP	2026-10-08T22:02:03.9043511Z     "files.json",
Avaliar a mesma candidata / Publicar bytes verificados, confirmar preview e changelog	UNKNOWN STEP	2026-10-08T22:02:03.9043821Z     "metadata.json",
Avaliar a mesma candidata / Publicar bytes verificados, confirmar preview e changelog	UNKNOWN STEP	2026-10-08T22:02:03.9044140Z     "index.html",
Avaliar a mesma candidata / Publicar bytes verificados, confirmar preview e changelog	UNKNOWN STEP	2026-10-08T22:02:03.9044462Z     "app/index.html",
Avaliar a mesma candidata / Publicar bytes verificados, confirmar preview e changelog	UNKNOWN STEP	2026-10-08T22:02:03.9044815Z     "app/flutter_bootstrap.js",
Avaliar a mesma candidata / Publicar bytes verificados, confirmar preview e changelog	UNKNOWN STEP	2026-10-08T22:02:03.9045205Z     "app/main.dart.js"
Avaliar a mesma candidata / Publicar bytes verificados, confirmar preview e changelog	UNKNOWN STEP	2026-10-08T22:02:03.9045521Z   ],
Avaliar a mesma candidata / Publicar bytes verificados, confirmar preview e changelog	UNKNOWN STEP	2026-10-08T22:02:03.9045800Z   "attempts": 1
Avaliar a mesma candidata / Publicar bytes verificados, confirmar preview e changelog	UNKNOWN STEP	2026-10-08T22:02:03.9046107Z }
Avaliar a mesma candidata / Publicar bytes verificados, confirmar preview e changelog	UNKNOWN STEP	2026-10-08T22:02:03.9184836Z ##[group]Run python3 trusted/tools/delivery/release_lab.py report --candidate-tag "$CANDIDATE_TAG" --preview-report "$RUNNER_TEMP/pages-smoke.json" --preview-metadata "$RUNNER_TEMP/release-lab/preview-metadata.json" --output "$RUNNER_TEMP/release-lab"
Avaliar a mesma candidata / Publicar bytes verificados, confirmar preview e changelog	UNKNOWN STEP	2026-10-08T22:02:03.9188219Z ^[[36;1mpython3 trusted/tools/delivery/release_lab.py report --candidate-tag "$CANDIDATE_TAG" --preview-report "$RUNNER_TEMP/pages-smoke.json" --preview-metadata "$RUNNER_TEMP/release-lab/preview-metadata.json" --output "$RUNNER_TEMP/release-lab"^[[0m
Avaliar a mesma candidata / Publicar bytes verificados, confirmar preview e changelog	UNKNOWN STEP	2026-10-08T22:02:03.9279477Z shell: /usr/bin/bash -e {0}
Avaliar a mesma candidata / Publicar bytes verificados, confirmar preview e changelog	UNKNOWN STEP	2026-10-08T22:02:03.9279924Z env:
Avaliar a mesma candidata / Publicar bytes verificados, confirmar preview e changelog	UNKNOWN STEP	2026-10-08T22:02:03.9285860Z   GH_TOKEN: ***
Avaliar a mesma candidata / Publicar bytes verificados, confirmar preview e changelog	UNKNOWN STEP	2026-10-08T22:02:03.9286291Z   CANDIDATE_TAG: v1.5.0-rc.1
Avaliar a mesma candidata / Publicar bytes verificados, confirmar preview e changelog	UNKNOWN STEP	2026-10-08T22:02:03.9286736Z ##[endgroup]
Avaliar a mesma candidata / Publicar bytes verificados, confirmar preview e changelog	UNKNOWN STEP	2026-10-08T22:02:08.3122071Z {"report_digest": "8a074cf72f9d5a4a3966112d1e6843a3a9a3235653e71963800f11224f37d2d9", "report_url": "https://github.com/israelhudson/flutter_code_push_example/actions/runs/37850467026", "preview_url": "https://israelhudson.github.io/flutter_code_push_example/snapshots/9c4ad37fc415a98ef2a8cfdc5be8d5cf97fe35b0/"}
Avaliar a mesma candidata / Publicar bytes verificados, confirmar preview e changelog	UNKNOWN STEP	2026-10-08T22:02:08.3251982Z ##[group]Run actions/upload-artifact@ea165f8d65b6e75b540449e92b4886f43607fa02
Avaliar a mesma candidata / Publicar bytes verificados, confirmar preview e changelog	UNKNOWN STEP	2026-10-08T22:02:08.3252434Z with:
Avaliar a mesma candidata / Publicar bytes verificados, confirmar preview e changelog	UNKNOWN STEP	2026-10-08T22:02:08.3252673Z   name: release-lab-evaluation
Avaliar a mesma candidata / Publicar bytes verificados, confirmar preview e changelog	UNKNOWN STEP	2026-10-08T22:02:08.3253312Z   path: /home/runner/work/_temp/release-lab/
Avaliar a mesma candidata / Publicar bytes verificados, confirmar preview e changelog	UNKNOWN STEP	/home/runner/work/_temp/pages-smoke.json
Avaliar a mesma candidata / Publicar bytes verificados, confirmar preview e changelog	UNKNOWN STEP	
Avaliar a mesma candidata / Publicar bytes verificados, confirmar preview e changelog	UNKNOWN STEP	2026-10-08T22:02:08.3253774Z   if-no-files-found: ignore
Avaliar a mesma candidata / Publicar bytes verificados, confirmar preview e changelog	UNKNOWN STEP	2026-10-08T22:02:08.3254050Z   retention-days: 90
Avaliar a mesma candidata / Publicar bytes verificados, confirmar preview e changelog	UNKNOWN STEP	2026-10-08T22:02:08.3254295Z   overwrite: false
Avaliar a mesma candidata / Publicar bytes verificados, confirmar preview e changelog	UNKNOWN STEP	2026-10-08T22:02:08.3254540Z   compression-level: 6
Avaliar a mesma candidata / Publicar bytes verificados, confirmar preview e changelog	UNKNOWN STEP	2026-10-08T22:02:08.3254799Z   include-hidden-files: false
Avaliar a mesma candidata / Publicar bytes verificados, confirmar preview e changelog	UNKNOWN STEP	2026-10-08T22:02:08.3255076Z ##[endgroup]
Avaliar a mesma candidata / Publicar bytes verificados, confirmar preview e changelog	UNKNOWN STEP	2026-10-08T22:02:08.4913652Z (node:2565) [DEP0040] DeprecationWarning: The `punycode` module is deprecated. Please use a userland alternative instead.
Avaliar a mesma candidata / Publicar bytes verificados, confirmar preview e changelog	UNKNOWN STEP	2026-10-08T22:02:08.4914933Z (Use `node --trace-deprecation ...` to show where the warning was created)
Avaliar a mesma candidata / Publicar bytes verificados, confirmar preview e changelog	UNKNOWN STEP	2026-10-08T22:02:08.4976358Z Multiple search paths detected. Calculating the least common ancestor of all paths
Avaliar a mesma candidata / Publicar bytes verificados, confirmar preview e changelog	UNKNOWN STEP	2026-10-08T22:02:08.4979010Z The least common ancestor is /home/runner/work/_temp. This will be the root directory of the artifact
Avaliar a mesma candidata / Publicar bytes verificados, confirmar preview e changelog	UNKNOWN STEP	2026-10-08T22:02:08.4980250Z With the provided path, there will be 4 files uploaded
Avaliar a mesma candidata / Publicar bytes verificados, confirmar preview e changelog	UNKNOWN STEP	2026-10-08T22:02:08.4990842Z Artifact name is valid!
Avaliar a mesma candidata / Publicar bytes verificados, confirmar preview e changelog	UNKNOWN STEP	2026-10-08T22:02:08.4991508Z Root directory input is valid!
Avaliar a mesma candidata / Publicar bytes verificados, confirmar preview e changelog	UNKNOWN STEP	2026-10-08T22:02:08.7849106Z Beginning upload of artifact content to blob storage
Avaliar a mesma candidata / Publicar bytes verificados, confirmar preview e changelog	UNKNOWN STEP	2026-10-08T22:02:08.8093581Z (node:2565) [DEP0169] DeprecationWarning: `url.parse()` behavior is not standardized and prone to errors that have security implications. Use the WHATWG URL API instead. CVEs are not issued for `url.parse()` vulnerabilities.
Avaliar a mesma candidata / Publicar bytes verificados, confirmar preview e changelog	UNKNOWN STEP	2026-10-08T22:02:08.9467352Z Uploaded bytes 4596
Avaliar a mesma candidata / Publicar bytes verificados, confirmar preview e changelog	UNKNOWN STEP	2026-10-08T22:02:09.0008858Z Finished uploading artifact content to blob storage!
Avaliar a mesma candidata / Publicar bytes verificados, confirmar preview e changelog	UNKNOWN STEP	2026-10-08T22:02:09.0009769Z SHA256 digest of uploaded artifact zip is ab26629fbefaad60b729a329f73362436a3768f34679ec1dc3431eec55754150
Avaliar a mesma candidata / Publicar bytes verificados, confirmar preview e changelog	UNKNOWN STEP	2026-10-08T22:02:09.0012134Z Finalizing artifact upload
Avaliar a mesma candidata / Publicar bytes verificados, confirmar preview e changelog	UNKNOWN STEP	2026-10-08T22:02:09.2539045Z Artifact release-lab-evaluation.zip successfully finalized. Artifact ID 11581148807
Avaliar a mesma candidata / Publicar bytes verificados, confirmar preview e changelog	UNKNOWN STEP	2026-10-08T22:02:09.2540056Z Artifact release-lab-evaluation has been successfully uploaded! Final size is 4596 bytes. Artifact ID is 11581148807
Avaliar a mesma candidata / Publicar bytes verificados, confirmar preview e changelog	UNKNOWN STEP	2026-10-08T22:02:09.2546952Z Artifact download URL: https://github.com/israelhudson/flutter_code_push_example/actions/runs/37850467026/artifacts/11581148807
Avaliar a mesma candidata / Publicar bytes verificados, confirmar preview e changelog	UNKNOWN STEP	2026-10-08T22:02:09.2723419Z Post job cleanup.
Avaliar a mesma candidata / Publicar bytes verificados, confirmar preview e changelog	UNKNOWN STEP	2026-10-08T22:02:09.3584399Z [command]/usr/bin/git version
Avaliar a mesma candidata / Publicar bytes verificados, confirmar preview e changelog	UNKNOWN STEP	2026-10-08T22:02:09.3633052Z git version 2.55.0
Avaliar a mesma candidata / Publicar bytes verificados, confirmar preview e changelog	UNKNOWN STEP	2026-10-08T22:02:09.3678001Z Temporarily overriding HOME='/home/runner/work/_temp/cdc6a6db-8024-4961-b879-74bc956a720d' before making global git config changes
Avaliar a mesma candidata / Publicar bytes verificados, confirmar preview e changelog	UNKNOWN STEP	2026-10-08T22:02:09.3679361Z Adding repository directory to the temporary git global config as a safe directory
Avaliar a mesma candidata / Publicar bytes verificados, confirmar preview e changelog	UNKNOWN STEP	2026-10-08T22:02:09.3684935Z [command]/usr/bin/git config --global --add safe.directory /home/runner/work/flutter_code_push_example/flutter_code_push_example/trusted
Avaliar a mesma candidata / Publicar bytes verificados, confirmar preview e changelog	UNKNOWN STEP	2026-10-08T22:02:09.3726509Z [command]/usr/bin/git config --local --name-only --get-regexp core\.sshCommand
Avaliar a mesma candidata / Publicar bytes verificados, confirmar preview e changelog	UNKNOWN STEP	2026-10-08T22:02:09.3764845Z [command]/usr/bin/git submodule foreach --recursive sh -c "git config --local --name-only --get-regexp 'core\.sshCommand' && git config --local --unset-all 'core.sshCommand' || :"
Avaliar a mesma candidata / Publicar bytes verificados, confirmar preview e changelog	UNKNOWN STEP	2026-10-08T22:02:09.4014633Z [command]/usr/bin/git config --local --name-only --get-regexp http\.https\:\/\/github\.com\/\.extraheader
Avaliar a mesma candidata / Publicar bytes verificados, confirmar preview e changelog	UNKNOWN STEP	2026-10-08T22:02:09.4067527Z [command]/usr/bin/git submodule foreach --recursive sh -c "git config --local --name-only --get-regexp 'http\.https\:\/\/github\.com\/\.extraheader' && git config --local --unset-all 'http.https://github.com/.extraheader' || :"
Avaliar a mesma candidata / Publicar bytes verificados, confirmar preview e changelog	UNKNOWN STEP	2026-10-08T22:02:09.4328441Z [command]/usr/bin/git config --local --name-only --get-regexp ^includeIf\.gitdir:
Avaliar a mesma candidata / Publicar bytes verificados, confirmar preview e changelog	UNKNOWN STEP	2026-10-08T22:02:09.4364921Z [command]/usr/bin/git submodule foreach --recursive git config --local --show-origin --name-only --get-regexp remote.origin.url
Avaliar a mesma candidata / Publicar bytes verificados, confirmar preview e changelog	UNKNOWN STEP	2026-10-08T22:02:09.4780430Z Evaluate and set job outputs
Avaliar a mesma candidata / Publicar bytes verificados, confirmar preview e changelog	UNKNOWN STEP	2026-10-08T22:02:09.4785822Z Set output 'report_digest'
Avaliar a mesma candidata / Publicar bytes verificados, confirmar preview e changelog	UNKNOWN STEP	2026-10-08T22:02:09.4787852Z Set output 'report_url'
Avaliar a mesma candidata / Publicar bytes verificados, confirmar preview e changelog	UNKNOWN STEP	2026-10-08T22:02:09.4788952Z Set output 'preview_url'
Avaliar a mesma candidata / Publicar bytes verificados, confirmar preview e changelog	UNKNOWN STEP	2026-10-08T22:02:09.4789781Z Evaluate and set environment url
Avaliar a mesma candidata / Publicar bytes verificados, confirmar preview e changelog	UNKNOWN STEP	2026-10-08T22:02:09.4793176Z Evaluated environment url: https://israelhudson.github.io/flutter_code_push_example/snapshots/9c4ad37fc415a98ef2a8cfdc5be8d5cf97fe35b0/
Avaliar a mesma candidata / Publicar bytes verificados, confirmar preview e changelog	UNKNOWN STEP	2026-10-08T22:02:09.4794636Z Cleaning up orphan processes
Avaliar a mesma candidata / Publicar bytes verificados, confirmar preview e changelog	UNKNOWN STEP	2026-10-08T22:02:09.5174300Z ##[warning]Node.js 20 is deprecated. The following actions target Node.js 20 but are being forced to run on Node.js 24: actions/checkout@11d5960a326750d5838078e36cf38b85af677262, actions/deploy-pages@d6db90164ac5ed86f2b6aed7e0febac5b3c0c03e, actions/download-artifact@d3f86a106a0bac45b974a628896c90dbdf5c8093, actions/upload-artifact@ea165f8d65b6e75b540449e92b4886f43607fa02. For more information see: https://github.blog/changelog/2025-09-19-deprecation-of-node-20-on-github-actions-runners/
Avaliar a mesma candidata / Registrar aprovação — israelhudson / Gate first	UNKNOWN STEP	﻿2026-10-08T22:05:15.6757150Z Current runner version: '2.337.0'
Avaliar a mesma candidata / Registrar aprovação — israelhudson / Gate first	UNKNOWN STEP	2026-10-08T22:05:15.6783040Z ##[group]Runner Image Provisioner
Avaliar a mesma candidata / Registrar aprovação — israelhudson / Gate first	UNKNOWN STEP	2026-10-08T22:05:15.6783944Z Hosted Compute Agent
Avaliar a mesma candidata / Registrar aprovação — israelhudson / Gate first	UNKNOWN STEP	2026-10-08T22:05:15.6784617Z Version: 20261002.596
Avaliar a mesma candidata / Registrar aprovação — israelhudson / Gate first	UNKNOWN STEP	2026-10-08T22:05:15.6785251Z Commit: c3d12f3313a95f25162a1503be624f3b0617f8c0
Avaliar a mesma candidata / Registrar aprovação — israelhudson / Gate first	UNKNOWN STEP	2026-10-08T22:05:15.6786457Z Build Date: 2026-10-02T22:28:27Z
Avaliar a mesma candidata / Registrar aprovação — israelhudson / Gate first	UNKNOWN STEP	2026-10-08T22:05:15.6787261Z Worker ID: {dd4e5458-9980-45a4-a49b-53e747623a3b}
Avaliar a mesma candidata / Registrar aprovação — israelhudson / Gate first	UNKNOWN STEP	2026-10-08T22:05:15.6787986Z Region: westus
Avaliar a mesma candidata / Registrar aprovação — israelhudson / Gate first	UNKNOWN STEP	2026-10-08T22:05:15.6788574Z Cloud: Azure
Avaliar a mesma candidata / Registrar aprovação — israelhudson / Gate first	UNKNOWN STEP	2026-10-08T22:05:15.6789162Z ##[endgroup]
Avaliar a mesma candidata / Registrar aprovação — israelhudson / Gate first	UNKNOWN STEP	2026-10-08T22:05:15.6790942Z ##[group]Operating System
Avaliar a mesma candidata / Registrar aprovação — israelhudson / Gate first	UNKNOWN STEP	2026-10-08T22:05:15.6791663Z Ubuntu
Avaliar a mesma candidata / Registrar aprovação — israelhudson / Gate first	UNKNOWN STEP	2026-10-08T22:05:15.6792225Z 24.04.5
Avaliar a mesma candidata / Registrar aprovação — israelhudson / Gate first	UNKNOWN STEP	2026-10-08T22:05:15.6792770Z LTS
Avaliar a mesma candidata / Registrar aprovação — israelhudson / Gate first	UNKNOWN STEP	2026-10-08T22:05:15.6793296Z ##[endgroup]
Avaliar a mesma candidata / Registrar aprovação — israelhudson / Gate first	UNKNOWN STEP	2026-10-08T22:05:15.6793875Z ##[group]Runner Image
Avaliar a mesma candidata / Registrar aprovação — israelhudson / Gate first	UNKNOWN STEP	2026-10-08T22:05:15.6794558Z Image: ubuntu-24.04
Avaliar a mesma candidata / Registrar aprovação — israelhudson / Gate first	UNKNOWN STEP	2026-10-08T22:05:15.6795122Z Version: 20261004.327.1
Avaliar a mesma candidata / Registrar aprovação — israelhudson / Gate first	UNKNOWN STEP	2026-10-08T22:05:15.6796821Z Included Software: https://github.com/actions/runner-images/blob/ubuntu24/20261004.327/images/ubuntu/Ubuntu2404-Readme.md
Avaliar a mesma candidata / Registrar aprovação — israelhudson / Gate first	UNKNOWN STEP	2026-10-08T22:05:15.6798448Z Image Release: https://github.com/actions/runner-images/releases/tag/ubuntu24%2F20261004.327
Avaliar a mesma candidata / Registrar aprovação — israelhudson / Gate first	UNKNOWN STEP	2026-10-08T22:05:15.6799494Z ##[endgroup]
Avaliar a mesma candidata / Registrar aprovação — israelhudson / Gate first	UNKNOWN STEP	2026-10-08T22:05:15.6800700Z ##[group]GITHUB_TOKEN Permissions
Avaliar a mesma candidata / Registrar aprovação — israelhudson / Gate first	UNKNOWN STEP	2026-10-08T22:05:15.6803250Z Actions: read
Avaliar a mesma candidata / Registrar aprovação — israelhudson / Gate first	UNKNOWN STEP	2026-10-08T22:05:15.6803921Z Contents: write
Avaliar a mesma candidata / Registrar aprovação — israelhudson / Gate first	UNKNOWN STEP	2026-10-08T22:05:15.6804474Z Metadata: read
Avaliar a mesma candidata / Registrar aprovação — israelhudson / Gate first	UNKNOWN STEP	2026-10-08T22:05:15.6805125Z ##[endgroup]
Avaliar a mesma candidata / Registrar aprovação — israelhudson / Gate first	UNKNOWN STEP	2026-10-08T22:05:15.6807645Z Secret source: Actions
Avaliar a mesma candidata / Registrar aprovação — israelhudson / Gate first	UNKNOWN STEP	2026-10-08T22:05:15.6808854Z Cache mode: write
Avaliar a mesma candidata / Registrar aprovação — israelhudson / Gate first	UNKNOWN STEP	2026-10-08T22:05:15.6809675Z Prepare workflow directory
Avaliar a mesma candidata / Registrar aprovação — israelhudson / Gate first	UNKNOWN STEP	2026-10-08T22:05:15.7163086Z Prepare all required actions
Avaliar a mesma candidata / Registrar aprovação — israelhudson / Gate first	UNKNOWN STEP	2026-10-08T22:05:15.7212967Z Getting action download info
Avaliar a mesma candidata / Registrar aprovação — israelhudson / Gate first	UNKNOWN STEP	2026-10-08T22:05:16.0742047Z Download action repository 'actions/checkout@11d5960a326750d5838078e36cf38b85af677262' (SHA:11d5960a326750d5838078e36cf38b85af677262)
Avaliar a mesma candidata / Registrar aprovação — israelhudson / Gate first	UNKNOWN STEP	2026-10-08T22:05:16.1911403Z Download action repository 'actions/upload-artifact@ea165f8d65b6e75b540449e92b4886f43607fa02' (SHA:ea165f8d65b6e75b540449e92b4886f43607fa02)
Avaliar a mesma candidata / Registrar aprovação — israelhudson / Gate first	UNKNOWN STEP	2026-10-08T22:05:16.4033108Z Uses: israelhudson/flutter_code_push_example/.github/workflows/release-lab-evaluate.yml@refs/heads/main (9c4ad37fc415a98ef2a8cfdc5be8d5cf97fe35b0)
Avaliar a mesma candidata / Registrar aprovação — israelhudson / Gate first	UNKNOWN STEP	2026-10-08T22:05:16.4038391Z ##[group] Inputs
Avaliar a mesma candidata / Registrar aprovação — israelhudson / Gate first	UNKNOWN STEP	2026-10-08T22:05:16.4038944Z   candidate_tag: v1.5.0-rc.1
Avaliar a mesma candidata / Registrar aprovação — israelhudson / Gate first	UNKNOWN STEP	2026-10-08T22:05:16.4039463Z   version: 1.5.0
Avaliar a mesma candidata / Registrar aprovação — israelhudson / Gate first	UNKNOWN STEP	2026-10-08T22:05:16.4040027Z   title: Ensaio de rejeição, correção e promoção no GitHub
Avaliar a mesma candidata / Registrar aprovação — israelhudson / Gate first	UNKNOWN STEP	2026-10-08T22:05:16.4040679Z ##[endgroup]
Avaliar a mesma candidata / Registrar aprovação — israelhudson / Gate first	UNKNOWN STEP	2026-10-08T22:05:16.4041414Z Complete job name: Avaliar a mesma candidata / Registrar aprovação — israelhudson / Gate first
Avaliar a mesma candidata / Registrar aprovação — israelhudson / Gate first	UNKNOWN STEP	2026-10-08T22:05:16.4819463Z ##[group]Run actions/checkout@11d5960a326750d5838078e36cf38b85af677262
Avaliar a mesma candidata / Registrar aprovação — israelhudson / Gate first	UNKNOWN STEP	2026-10-08T22:05:16.4820569Z with:
Avaliar a mesma candidata / Registrar aprovação — israelhudson / Gate first	UNKNOWN STEP	2026-10-08T22:05:16.4821058Z   ref: 9c4ad37fc415a98ef2a8cfdc5be8d5cf97fe35b0
Avaliar a mesma candidata / Registrar aprovação — israelhudson / Gate first	UNKNOWN STEP	2026-10-08T22:05:16.4821651Z   path: trusted
Avaliar a mesma candidata / Registrar aprovação — israelhudson / Gate first	UNKNOWN STEP	2026-10-08T22:05:16.4822165Z   persist-credentials: false
Avaliar a mesma candidata / Registrar aprovação — israelhudson / Gate first	UNKNOWN STEP	2026-10-08T22:05:16.4822810Z   repository: israelhudson/flutter_code_push_example
Avaliar a mesma candidata / Registrar aprovação — israelhudson / Gate first	UNKNOWN STEP	2026-10-08T22:05:16.4826904Z   token: ***
Avaliar a mesma candidata / Registrar aprovação — israelhudson / Gate first	UNKNOWN STEP	2026-10-08T22:05:16.4827374Z   ssh-strict: true
Avaliar a mesma candidata / Registrar aprovação — israelhudson / Gate first	UNKNOWN STEP	2026-10-08T22:05:16.4827810Z   ssh-user: git
Avaliar a mesma candidata / Registrar aprovação — israelhudson / Gate first	UNKNOWN STEP	2026-10-08T22:05:16.4828229Z   clean: true
Avaliar a mesma candidata / Registrar aprovação — israelhudson / Gate first	UNKNOWN STEP	2026-10-08T22:05:16.4828671Z   sparse-checkout-cone-mode: true
Avaliar a mesma candidata / Registrar aprovação — israelhudson / Gate first	UNKNOWN STEP	2026-10-08T22:05:16.4829201Z   fetch-depth: 1
Avaliar a mesma candidata / Registrar aprovação — israelhudson / Gate first	UNKNOWN STEP	2026-10-08T22:05:16.4829636Z   fetch-tags: false
Avaliar a mesma candidata / Registrar aprovação — israelhudson / Gate first	UNKNOWN STEP	2026-10-08T22:05:16.4830085Z   show-progress: true
Avaliar a mesma candidata / Registrar aprovação — israelhudson / Gate first	UNKNOWN STEP	2026-10-08T22:05:16.4830525Z   lfs: false
Avaliar a mesma candidata / Registrar aprovação — israelhudson / Gate first	UNKNOWN STEP	2026-10-08T22:05:16.4830936Z   submodules: false
Avaliar a mesma candidata / Registrar aprovação — israelhudson / Gate first	UNKNOWN STEP	2026-10-08T22:05:16.4831390Z   set-safe-directory: true
Avaliar a mesma candidata / Registrar aprovação — israelhudson / Gate first	UNKNOWN STEP	2026-10-08T22:05:16.4831898Z   allow-unsafe-pr-checkout: false
Avaliar a mesma candidata / Registrar aprovação — israelhudson / Gate first	UNKNOWN STEP	2026-10-08T22:05:16.4832715Z ##[endgroup]
Avaliar a mesma candidata / Registrar aprovação — israelhudson / Gate first	UNKNOWN STEP	2026-10-08T22:05:16.5824920Z Syncing repository: israelhudson/flutter_code_push_example
Avaliar a mesma candidata / Registrar aprovação — israelhudson / Gate first	UNKNOWN STEP	2026-10-08T22:05:16.5827607Z ##[group]Getting Git version info
Avaliar a mesma candidata / Registrar aprovação — israelhudson / Gate first	UNKNOWN STEP	2026-10-08T22:05:16.5828596Z Working directory is '/home/runner/work/flutter_code_push_example/flutter_code_push_example/trusted'
Avaliar a mesma candidata / Registrar aprovação — israelhudson / Gate first	UNKNOWN STEP	2026-10-08T22:05:16.5830794Z [command]/usr/bin/git version
Avaliar a mesma candidata / Registrar aprovação — israelhudson / Gate first	UNKNOWN STEP	2026-10-08T22:05:16.5947062Z git version 2.55.0
Avaliar a mesma candidata / Registrar aprovação — israelhudson / Gate first	UNKNOWN STEP	2026-10-08T22:05:16.5974725Z ##[endgroup]
Avaliar a mesma candidata / Registrar aprovação — israelhudson / Gate first	UNKNOWN STEP	2026-10-08T22:05:16.5993308Z Temporarily overriding HOME='/home/runner/work/_temp/23704f32-7806-4edf-8823-21fefe79f034' before making global git config changes
Avaliar a mesma candidata / Registrar aprovação — israelhudson / Gate first	UNKNOWN STEP	2026-10-08T22:05:16.5995093Z Adding repository directory to the temporary git global config as a safe directory
Avaliar a mesma candidata / Registrar aprovação — israelhudson / Gate first	UNKNOWN STEP	2026-10-08T22:05:16.5999371Z [command]/usr/bin/git config --global --add safe.directory /home/runner/work/flutter_code_push_example/flutter_code_push_example/trusted
Avaliar a mesma candidata / Registrar aprovação — israelhudson / Gate first	UNKNOWN STEP	2026-10-08T22:05:16.6058360Z ##[group]Initializing the repository
Avaliar a mesma candidata / Registrar aprovação — israelhudson / Gate first	UNKNOWN STEP	2026-10-08T22:05:16.6064105Z [command]/usr/bin/git init /home/runner/work/flutter_code_push_example/flutter_code_push_example/trusted
Avaliar a mesma candidata / Registrar aprovação — israelhudson / Gate first	UNKNOWN STEP	2026-10-08T22:05:16.6177252Z hint: Using 'master' as the name for the initial branch. This default branch name
Avaliar a mesma candidata / Registrar aprovação — israelhudson / Gate first	UNKNOWN STEP	2026-10-08T22:05:16.6181579Z hint: will change to "main" in Git 3.0. To configure the initial branch name
Avaliar a mesma candidata / Registrar aprovação — israelhudson / Gate first	UNKNOWN STEP	2026-10-08T22:05:16.6183166Z hint: to use in all of your new repositories, which will suppress this warning,
Avaliar a mesma candidata / Registrar aprovação — israelhudson / Gate first	UNKNOWN STEP	2026-10-08T22:05:16.6183994Z hint: call:
Avaliar a mesma candidata / Registrar aprovação — israelhudson / Gate first	UNKNOWN STEP	2026-10-08T22:05:16.6184522Z hint:
Avaliar a mesma candidata / Registrar aprovação — israelhudson / Gate first	UNKNOWN STEP	2026-10-08T22:05:16.6185300Z hint: 	git config --global init.defaultBranch <name>
Avaliar a mesma candidata / Registrar aprovação — israelhudson / Gate first	UNKNOWN STEP	2026-10-08T22:05:16.6186403Z hint:
Avaliar a mesma candidata / Registrar aprovação — israelhudson / Gate first	UNKNOWN STEP	2026-10-08T22:05:16.6187077Z hint: Names commonly chosen instead of 'master' are 'main', 'trunk' and
Avaliar a mesma candidata / Registrar aprovação — israelhudson / Gate first	UNKNOWN STEP	2026-10-08T22:05:16.6188134Z hint: 'development'. The just-created branch can be renamed via this command:
Avaliar a mesma candidata / Registrar aprovação — israelhudson / Gate first	UNKNOWN STEP	2026-10-08T22:05:16.6188985Z hint:
Avaliar a mesma candidata / Registrar aprovação — israelhudson / Gate first	UNKNOWN STEP	2026-10-08T22:05:16.6189469Z hint: 	git branch -m <name>
Avaliar a mesma candidata / Registrar aprovação — israelhudson / Gate first	UNKNOWN STEP	2026-10-08T22:05:16.6189993Z hint:
Avaliar a mesma candidata / Registrar aprovação — israelhudson / Gate first	UNKNOWN STEP	2026-10-08T22:05:16.6190617Z hint: Disable this message with "git config set advice.defaultBranchName false"
Avaliar a mesma candidata / Registrar aprovação — israelhudson / Gate first	UNKNOWN STEP	2026-10-08T22:05:16.6191908Z Initialized empty Git repository in /home/runner/work/flutter_code_push_example/flutter_code_push_example/trusted/.git/
Avaliar a mesma candidata / Registrar aprovação — israelhudson / Gate first	UNKNOWN STEP	2026-10-08T22:05:16.6196727Z [command]/usr/bin/git remote add origin https://github.com/israelhudson/flutter_code_push_example
Avaliar a mesma candidata / Registrar aprovação — israelhudson / Gate first	UNKNOWN STEP	2026-10-08T22:05:16.6253820Z ##[endgroup]
Avaliar a mesma candidata / Registrar aprovação — israelhudson / Gate first	UNKNOWN STEP	2026-10-08T22:05:16.6255119Z ##[group]Disabling automatic garbage collection
Avaliar a mesma candidata / Registrar aprovação — israelhudson / Gate first	UNKNOWN STEP	2026-10-08T22:05:16.6259330Z [command]/usr/bin/git config --local gc.auto 0
Avaliar a mesma candidata / Registrar aprovação — israelhudson / Gate first	UNKNOWN STEP	2026-10-08T22:05:16.6301016Z ##[endgroup]
Avaliar a mesma candidata / Registrar aprovação — israelhudson / Gate first	UNKNOWN STEP	2026-10-08T22:05:16.6302654Z ##[group]Setting up auth
Avaliar a mesma candidata / Registrar aprovação — israelhudson / Gate first	UNKNOWN STEP	2026-10-08T22:05:16.6310592Z [command]/usr/bin/git config --local --name-only --get-regexp core\.sshCommand
Avaliar a mesma candidata / Registrar aprovação — israelhudson / Gate first	UNKNOWN STEP	2026-10-08T22:05:16.6348618Z [command]/usr/bin/git submodule foreach --recursive sh -c "git config --local --name-only --get-regexp 'core\.sshCommand' && git config --local --unset-all 'core.sshCommand' || :"
Avaliar a mesma candidata / Registrar aprovação — israelhudson / Gate first	UNKNOWN STEP	2026-10-08T22:05:16.6748394Z [command]/usr/bin/git config --local --name-only --get-regexp http\.https\:\/\/github\.com\/\.extraheader
Avaliar a mesma candidata / Registrar aprovação — israelhudson / Gate first	UNKNOWN STEP	2026-10-08T22:05:16.6799519Z [command]/usr/bin/git submodule foreach --recursive sh -c "git config --local --name-only --get-regexp 'http\.https\:\/\/github\.com\/\.extraheader' && git config --local --unset-all 'http.https://github.com/.extraheader' || :"
Avaliar a mesma candidata / Registrar aprovação — israelhudson / Gate first	UNKNOWN STEP	2026-10-08T22:05:16.7039183Z [command]/usr/bin/git config --local --name-only --get-regexp ^includeIf\.gitdir:
Avaliar a mesma candidata / Registrar aprovação — israelhudson / Gate first	UNKNOWN STEP	2026-10-08T22:05:16.7076812Z [command]/usr/bin/git submodule foreach --recursive git config --local --show-origin --name-only --get-regexp remote.origin.url
Avaliar a mesma candidata / Registrar aprovação — israelhudson / Gate first	UNKNOWN STEP	2026-10-08T22:05:16.7306322Z [command]/usr/bin/git config --local http.https://github.com/.extraheader AUTHORIZATION: basic ***
Avaliar a mesma candidata / Registrar aprovação — israelhudson / Gate first	UNKNOWN STEP	2026-10-08T22:05:16.7367724Z ##[endgroup]
Avaliar a mesma candidata / Registrar aprovação — israelhudson / Gate first	UNKNOWN STEP	2026-10-08T22:05:16.7369075Z ##[group]Fetching the repository
Avaliar a mesma candidata / Registrar aprovação — israelhudson / Gate first	UNKNOWN STEP	2026-10-08T22:05:16.7378808Z [command]/usr/bin/git -c protocol.version=2 fetch --no-tags --prune --no-recurse-submodules --depth=1 origin 9c4ad37fc415a98ef2a8cfdc5be8d5cf97fe35b0
Avaliar a mesma candidata / Registrar aprovação — israelhudson / Gate first	UNKNOWN STEP	2026-10-08T22:05:18.0431323Z From https://github.com/israelhudson/flutter_code_push_example
Avaliar a mesma candidata / Registrar aprovação — israelhudson / Gate first	UNKNOWN STEP	2026-10-08T22:05:18.0434733Z  * branch            9c4ad37fc415a98ef2a8cfdc5be8d5cf97fe35b0 -> FETCH_HEAD
Avaliar a mesma candidata / Registrar aprovação — israelhudson / Gate first	UNKNOWN STEP	2026-10-08T22:05:18.0441897Z ##[endgroup]
Avaliar a mesma candidata / Registrar aprovação — israelhudson / Gate first	UNKNOWN STEP	2026-10-08T22:05:18.0444767Z ##[group]Determining the checkout info
Avaliar a mesma candidata / Registrar aprovação — israelhudson / Gate first	UNKNOWN STEP	2026-10-08T22:05:18.0447692Z ##[endgroup]
Avaliar a mesma candidata / Registrar aprovação — israelhudson / Gate first	UNKNOWN STEP	2026-10-08T22:05:18.0456442Z [command]/usr/bin/git sparse-checkout disable
Avaliar a mesma candidata / Registrar aprovação — israelhudson / Gate first	UNKNOWN STEP	2026-10-08T22:05:18.0503307Z [command]/usr/bin/git config --local --unset-all extensions.worktreeConfig
Avaliar a mesma candidata / Registrar aprovação — israelhudson / Gate first	UNKNOWN STEP	2026-10-08T22:05:18.0538654Z ##[group]Checking out the ref
Avaliar a mesma candidata / Registrar aprovação — israelhudson / Gate first	UNKNOWN STEP	2026-10-08T22:05:18.0544060Z [command]/usr/bin/git checkout --progress --force 9c4ad37fc415a98ef2a8cfdc5be8d5cf97fe35b0
Avaliar a mesma candidata / Registrar aprovação — israelhudson / Gate first	UNKNOWN STEP	2026-10-08T22:05:18.0816683Z Note: switching to '9c4ad37fc415a98ef2a8cfdc5be8d5cf97fe35b0'.
Avaliar a mesma candidata / Registrar aprovação — israelhudson / Gate first	UNKNOWN STEP	2026-10-08T22:05:18.0818323Z 
Avaliar a mesma candidata / Registrar aprovação — israelhudson / Gate first	UNKNOWN STEP	2026-10-08T22:05:18.0819449Z You are in 'detached HEAD' state. You can look around, make experimental
Avaliar a mesma candidata / Registrar aprovação — israelhudson / Gate first	UNKNOWN STEP	2026-10-08T22:05:18.0821409Z changes and commit them, and you can discard any commits you make in this
Avaliar a mesma candidata / Registrar aprovação — israelhudson / Gate first	UNKNOWN STEP	2026-10-08T22:05:18.0823323Z state without impacting any branches by switching back to a branch.
Avaliar a mesma candidata / Registrar aprovação — israelhudson / Gate first	UNKNOWN STEP	2026-10-08T22:05:18.0824995Z 
Avaliar a mesma candidata / Registrar aprovação — israelhudson / Gate first	UNKNOWN STEP	2026-10-08T22:05:18.0826190Z If you want to create a new branch to retain commits you create, you may
Avaliar a mesma candidata / Registrar aprovação — israelhudson / Gate first	UNKNOWN STEP	2026-10-08T22:05:18.0828764Z do so (now or later) by using -c with the switch command. Example:
Avaliar a mesma candidata / Registrar aprovação — israelhudson / Gate first	UNKNOWN STEP	2026-10-08T22:05:18.0830182Z 
Avaliar a mesma candidata / Registrar aprovação — israelhudson / Gate first	UNKNOWN STEP	2026-10-08T22:05:18.0830810Z   git switch -c <new-branch-name>
Avaliar a mesma candidata / Registrar aprovação — israelhudson / Gate first	UNKNOWN STEP	2026-10-08T22:05:18.0831528Z 
Avaliar a mesma candidata / Registrar aprovação — israelhudson / Gate first	UNKNOWN STEP	2026-10-08T22:05:18.0831994Z Or undo this operation with:
Avaliar a mesma candidata / Registrar aprovação — israelhudson / Gate first	UNKNOWN STEP	2026-10-08T22:05:18.0832836Z 
Avaliar a mesma candidata / Registrar aprovação — israelhudson / Gate first	UNKNOWN STEP	2026-10-08T22:05:18.0833349Z   git switch -
Avaliar a mesma candidata / Registrar aprovação — israelhudson / Gate first	UNKNOWN STEP	2026-10-08T22:05:18.0834029Z 
Avaliar a mesma candidata / Registrar aprovação — israelhudson / Gate first	UNKNOWN STEP	2026-10-08T22:05:18.0834998Z Turn off this advice by setting config variable advice.detachedHead to false
Avaliar a mesma candidata / Registrar aprovação — israelhudson / Gate first	UNKNOWN STEP	2026-10-08T22:05:18.0836505Z 
Avaliar a mesma candidata / Registrar aprovação — israelhudson / Gate first	UNKNOWN STEP	2026-10-08T22:05:18.0837715Z HEAD is now at 9c4ad37 Merge pull request #14 from israelhudson/codex/release-lab-real-promotion
Avaliar a mesma candidata / Registrar aprovação — israelhudson / Gate first	UNKNOWN STEP	2026-10-08T22:05:18.0842551Z ##[endgroup]
Avaliar a mesma candidata / Registrar aprovação — israelhudson / Gate first	UNKNOWN STEP	2026-10-08T22:05:18.0876703Z [command]/usr/bin/git log -1 --format=%H
Avaliar a mesma candidata / Registrar aprovação — israelhudson / Gate first	UNKNOWN STEP	2026-10-08T22:05:18.0906270Z 9c4ad37fc415a98ef2a8cfdc5be8d5cf97fe35b0
Avaliar a mesma candidata / Registrar aprovação — israelhudson / Gate first	UNKNOWN STEP	2026-10-08T22:05:18.0918439Z ##[group]Removing auth
Avaliar a mesma candidata / Registrar aprovação — israelhudson / Gate first	UNKNOWN STEP	2026-10-08T22:05:18.0921442Z [command]/usr/bin/git config --local --name-only --get-regexp core\.sshCommand
Avaliar a mesma candidata / Registrar aprovação — israelhudson / Gate first	UNKNOWN STEP	2026-10-08T22:05:18.0962672Z [command]/usr/bin/git submodule foreach --recursive sh -c "git config --local --name-only --get-regexp 'core\.sshCommand' && git config --local --unset-all 'core.sshCommand' || :"
Avaliar a mesma candidata / Registrar aprovação — israelhudson / Gate first	UNKNOWN STEP	2026-10-08T22:05:18.1221967Z [command]/usr/bin/git config --local --name-only --get-regexp http\.https\:\/\/github\.com\/\.extraheader
Avaliar a mesma candidata / Registrar aprovação — israelhudson / Gate first	UNKNOWN STEP	2026-10-08T22:05:18.1256529Z http.https://github.com/.extraheader
Avaliar a mesma candidata / Registrar aprovação — israelhudson / Gate first	UNKNOWN STEP	2026-10-08T22:05:18.1265159Z [command]/usr/bin/git config --local --unset-all http.https://github.com/.extraheader
Avaliar a mesma candidata / Registrar aprovação — israelhudson / Gate first	UNKNOWN STEP	2026-10-08T22:05:18.1310275Z [command]/usr/bin/git submodule foreach --recursive sh -c "git config --local --name-only --get-regexp 'http\.https\:\/\/github\.com\/\.extraheader' && git config --local --unset-all 'http.https://github.com/.extraheader' || :"
Avaliar a mesma candidata / Registrar aprovação — israelhudson / Gate first	UNKNOWN STEP	2026-10-08T22:05:18.1619596Z [command]/usr/bin/git config --local --name-only --get-regexp ^includeIf\.gitdir:
Avaliar a mesma candidata / Registrar aprovação — israelhudson / Gate first	UNKNOWN STEP	2026-10-08T22:05:18.1657428Z [command]/usr/bin/git submodule foreach --recursive git config --local --show-origin --name-only --get-regexp remote.origin.url
Avaliar a mesma candidata / Registrar aprovação — israelhudson / Gate first	UNKNOWN STEP	2026-10-08T22:05:18.1896733Z ##[endgroup]
Avaliar a mesma candidata / Registrar aprovação — israelhudson / Gate first	UNKNOWN STEP	2026-10-08T22:05:18.2154524Z ##[group]Run python3 trusted/tools/delivery/release_lab.py approval --candidate-tag "$CANDIDATE_TAG" --report-digest "$REPORT_DIGEST" --role first --output "$RUNNER_TEMP/release-lab"
Avaliar a mesma candidata / Registrar aprovação — israelhudson / Gate first	UNKNOWN STEP	2026-10-08T22:05:18.2160597Z ^[[36;1mpython3 trusted/tools/delivery/release_lab.py approval --candidate-tag "$CANDIDATE_TAG" --report-digest "$REPORT_DIGEST" --role first --output "$RUNNER_TEMP/release-lab"^[[0m
Avaliar a mesma candidata / Registrar aprovação — israelhudson / Gate first	UNKNOWN STEP	2026-10-08T22:05:18.2458832Z shell: /usr/bin/bash -e {0}
Avaliar a mesma candidata / Registrar aprovação — israelhudson / Gate first	UNKNOWN STEP	2026-10-08T22:05:18.2460147Z env:
Avaliar a mesma candidata / Registrar aprovação — israelhudson / Gate first	UNKNOWN STEP	2026-10-08T22:05:18.2471573Z   GH_TOKEN: ***
Avaliar a mesma candidata / Registrar aprovação — israelhudson / Gate first	UNKNOWN STEP	2026-10-08T22:05:18.2472607Z   CANDIDATE_TAG: v1.5.0-rc.1
Avaliar a mesma candidata / Registrar aprovação — israelhudson / Gate first	UNKNOWN STEP	2026-10-08T22:05:18.2474345Z   REPORT_DIGEST: 8a074cf72f9d5a4a3966112d1e6843a3a9a3235653e71963800f11224f37d2d9
Avaliar a mesma candidata / Registrar aprovação — israelhudson / Gate first	UNKNOWN STEP	2026-10-08T22:05:18.2476418Z ##[endgroup]
Avaliar a mesma candidata / Registrar aprovação — israelhudson / Gate first	UNKNOWN STEP	2026-10-08T22:05:23.1941204Z {"reviewer": "israelhudson", "report_digest": "8a074cf72f9d5a4a3966112d1e6843a3a9a3235653e71963800f11224f37d2d9"}
Avaliar a mesma candidata / Registrar aprovação — israelhudson / Gate first	UNKNOWN STEP	2026-10-08T22:05:23.2111124Z ##[group]Run actions/upload-artifact@ea165f8d65b6e75b540449e92b4886f43607fa02
Avaliar a mesma candidata / Registrar aprovação — israelhudson / Gate first	UNKNOWN STEP	2026-10-08T22:05:23.2111636Z with:
Avaliar a mesma candidata / Registrar aprovação — israelhudson / Gate first	UNKNOWN STEP	2026-10-08T22:05:23.2111935Z   name: release-lab-approval-first
Avaliar a mesma candidata / Registrar aprovação — israelhudson / Gate first	UNKNOWN STEP	2026-10-08T22:05:23.2112301Z   path: /home/runner/work/_temp/release-lab/
Avaliar a mesma candidata / Registrar aprovação — israelhudson / Gate first	UNKNOWN STEP	2026-10-08T22:05:23.2112664Z   if-no-files-found: ignore
Avaliar a mesma candidata / Registrar aprovação — israelhudson / Gate first	UNKNOWN STEP	2026-10-08T22:05:23.2112969Z   retention-days: 90
Avaliar a mesma candidata / Registrar aprovação — israelhudson / Gate first	UNKNOWN STEP	2026-10-08T22:05:23.2113501Z   overwrite: false
Avaliar a mesma candidata / Registrar aprovação — israelhudson / Gate first	UNKNOWN STEP	2026-10-08T22:05:23.2113775Z   compression-level: 6
Avaliar a mesma candidata / Registrar aprovação — israelhudson / Gate first	UNKNOWN STEP	2026-10-08T22:05:23.2114069Z   include-hidden-files: false
Avaliar a mesma candidata / Registrar aprovação — israelhudson / Gate first	UNKNOWN STEP	2026-10-08T22:05:23.2114376Z ##[endgroup]
Avaliar a mesma candidata / Registrar aprovação — israelhudson / Gate first	UNKNOWN STEP	2026-10-08T22:05:23.3865959Z (node:2491) [DEP0040] DeprecationWarning: The `punycode` module is deprecated. Please use a userland alternative instead.
Avaliar a mesma candidata / Registrar aprovação — israelhudson / Gate first	UNKNOWN STEP	2026-10-08T22:05:23.3867476Z (Use `node --trace-deprecation ...` to show where the warning was created)
Avaliar a mesma candidata / Registrar aprovação — israelhudson / Gate first	UNKNOWN STEP	2026-10-08T22:05:23.3921854Z With the provided path, there will be 1 file uploaded
Avaliar a mesma candidata / Registrar aprovação — israelhudson / Gate first	UNKNOWN STEP	2026-10-08T22:05:23.3928134Z Artifact name is valid!
Avaliar a mesma candidata / Registrar aprovação — israelhudson / Gate first	UNKNOWN STEP	2026-10-08T22:05:23.3929446Z Root directory input is valid!
Avaliar a mesma candidata / Registrar aprovação — israelhudson / Gate first	UNKNOWN STEP	2026-10-08T22:05:23.7740620Z Beginning upload of artifact content to blob storage
Avaliar a mesma candidata / Registrar aprovação — israelhudson / Gate first	UNKNOWN STEP	2026-10-08T22:05:23.7936573Z (node:2491) [DEP0169] DeprecationWarning: `url.parse()` behavior is not standardized and prone to errors that have security implications. Use the WHATWG URL API instead. CVEs are not issued for `url.parse()` vulnerabilities.
Avaliar a mesma candidata / Registrar aprovação — israelhudson / Gate first	UNKNOWN STEP	2026-10-08T22:05:24.0684507Z Uploaded bytes 542
Avaliar a mesma candidata / Registrar aprovação — israelhudson / Gate first	UNKNOWN STEP	2026-10-08T22:05:24.1465095Z Finished uploading artifact content to blob storage!
Avaliar a mesma candidata / Registrar aprovação — israelhudson / Gate first	UNKNOWN STEP	2026-10-08T22:05:24.1467000Z SHA256 digest of uploaded artifact zip is 01118da8b5df70a6cec66262ed695843208295ef0c53a2bac7f86ab084a814ab
Avaliar a mesma candidata / Registrar aprovação — israelhudson / Gate first	UNKNOWN STEP	2026-10-08T22:05:24.1468457Z Finalizing artifact upload
Avaliar a mesma candidata / Registrar aprovação — israelhudson / Gate first	UNKNOWN STEP	2026-10-08T22:05:24.4371826Z Artifact release-lab-approval-first.zip successfully finalized. Artifact ID 11582075638
Avaliar a mesma candidata / Registrar aprovação — israelhudson / Gate first	UNKNOWN STEP	2026-10-08T22:05:24.4373788Z Artifact release-lab-approval-first has been successfully uploaded! Final size is 542 bytes. Artifact ID is 11582075638
Avaliar a mesma candidata / Registrar aprovação — israelhudson / Gate first	UNKNOWN STEP	2026-10-08T22:05:24.4377995Z Artifact download URL: https://github.com/israelhudson/flutter_code_push_example/actions/runs/37850467026/artifacts/11582075638
Avaliar a mesma candidata / Registrar aprovação — israelhudson / Gate first	UNKNOWN STEP	2026-10-08T22:05:24.4611744Z Post job cleanup.
Avaliar a mesma candidata / Registrar aprovação — israelhudson / Gate first	UNKNOWN STEP	2026-10-08T22:05:24.5478535Z [command]/usr/bin/git version
Avaliar a mesma candidata / Registrar aprovação — israelhudson / Gate first	UNKNOWN STEP	2026-10-08T22:05:24.5524100Z git version 2.55.0
Avaliar a mesma candidata / Registrar aprovação — israelhudson / Gate first	UNKNOWN STEP	2026-10-08T22:05:24.5563430Z Temporarily overriding HOME='/home/runner/work/_temp/6365a325-39fa-446b-8f2e-0bd8e5679d72' before making global git config changes
Avaliar a mesma candidata / Registrar aprovação — israelhudson / Gate first	UNKNOWN STEP	2026-10-08T22:05:24.5564884Z Adding repository directory to the temporary git global config as a safe directory
Avaliar a mesma candidata / Registrar aprovação — israelhudson / Gate first	UNKNOWN STEP	2026-10-08T22:05:24.5570986Z [command]/usr/bin/git config --global --add safe.directory /home/runner/work/flutter_code_push_example/flutter_code_push_example/trusted
Avaliar a mesma candidata / Registrar aprovação — israelhudson / Gate first	UNKNOWN STEP	2026-10-08T22:05:24.5611596Z [command]/usr/bin/git config --local --name-only --get-regexp core\.sshCommand
Avaliar a mesma candidata / Registrar aprovação — israelhudson / Gate first	UNKNOWN STEP	2026-10-08T22:05:24.5646680Z [command]/usr/bin/git submodule foreach --recursive sh -c "git config --local --name-only --get-regexp 'core\.sshCommand' && git config --local --unset-all 'core.sshCommand' || :"
Avaliar a mesma candidata / Registrar aprovação — israelhudson / Gate first	UNKNOWN STEP	2026-10-08T22:05:24.5898424Z [command]/usr/bin/git config --local --name-only --get-regexp http\.https\:\/\/github\.com\/\.extraheader
Avaliar a mesma candidata / Registrar aprovação — israelhudson / Gate first	UNKNOWN STEP	2026-10-08T22:05:24.5935376Z [command]/usr/bin/git submodule foreach --recursive sh -c "git config --local --name-only --get-regexp 'http\.https\:\/\/github\.com\/\.extraheader' && git config --local --unset-all 'http.https://github.com/.extraheader' || :"
Avaliar a mesma candidata / Registrar aprovação — israelhudson / Gate first	UNKNOWN STEP	2026-10-08T22:05:24.6186411Z [command]/usr/bin/git config --local --name-only --get-regexp ^includeIf\.gitdir:
Avaliar a mesma candidata / Registrar aprovação — israelhudson / Gate first	UNKNOWN STEP	2026-10-08T22:05:24.6225434Z [command]/usr/bin/git submodule foreach --recursive git config --local --show-origin --name-only --get-regexp remote.origin.url
Avaliar a mesma candidata / Registrar aprovação — israelhudson / Gate first	UNKNOWN STEP	2026-10-08T22:05:24.6634199Z Evaluate and set environment url
Avaliar a mesma candidata / Registrar aprovação — israelhudson / Gate first	UNKNOWN STEP	2026-10-08T22:05:24.6638520Z Evaluated environment url: https://github.com/israelhudson/flutter_code_push_example/actions/runs/37850467026
Avaliar a mesma candidata / Registrar aprovação — israelhudson / Gate first	UNKNOWN STEP	2026-10-08T22:05:24.6639606Z Cleaning up orphan processes
Avaliar a mesma candidata / Registrar aprovação — israelhudson / Gate first	UNKNOWN STEP	2026-10-08T22:05:24.6933011Z ##[warning]Node.js 20 is deprecated. The following actions target Node.js 20 but are being forced to run on Node.js 24: actions/checkout@11d5960a326750d5838078e36cf38b85af677262, actions/upload-artifact@ea165f8d65b6e75b540449e92b4886f43607fa02. For more information see: https://github.blog/changelog/2025-09-19-deprecation-of-node-20-on-github-actions-runners/
