Congelar candidata revisada	Set up job	﻿2026-10-08T22:09:03.7441305Z Current runner version: '2.337.0'
Congelar candidata revisada	Set up job	2026-10-08T22:09:03.7465362Z ##[group]Runner Image Provisioner
Congelar candidata revisada	Set up job	2026-10-08T22:09:03.7466241Z Hosted Compute Agent
Congelar candidata revisada	Set up job	2026-10-08T22:09:03.7466845Z Version: 20261002.596
Congelar candidata revisada	Set up job	2026-10-08T22:09:03.7467426Z Commit: c3d12f3313a95f25162a1503be624f3b0617f8c0
Congelar candidata revisada	Set up job	2026-10-08T22:09:03.7468083Z Build Date: 2026-10-02T22:28:27Z
Congelar candidata revisada	Set up job	2026-10-08T22:09:03.7468759Z Worker ID: {18eb8141-5ee0-4941-8652-2132f06310ed}
Congelar candidata revisada	Set up job	2026-10-08T22:09:03.7469410Z Region: westus3
Congelar candidata revisada	Set up job	2026-10-08T22:09:03.7469910Z Cloud: Azure
Congelar candidata revisada	Set up job	2026-10-08T22:09:03.7470562Z ##[endgroup]
Congelar candidata revisada	Set up job	2026-10-08T22:09:03.7472041Z ##[group]Operating System
Congelar candidata revisada	Set up job	2026-10-08T22:09:03.7472727Z Ubuntu
Congelar candidata revisada	Set up job	2026-10-08T22:09:03.7473206Z 24.04.5
Congelar candidata revisada	Set up job	2026-10-08T22:09:03.7473703Z LTS
Congelar candidata revisada	Set up job	2026-10-08T22:09:03.7474189Z ##[endgroup]
Congelar candidata revisada	Set up job	2026-10-08T22:09:03.7474676Z ##[group]Runner Image
Congelar candidata revisada	Set up job	2026-10-08T22:09:03.7475258Z Image: ubuntu-24.04
Congelar candidata revisada	Set up job	2026-10-08T22:09:03.7475774Z Version: 20261004.327.1
Congelar candidata revisada	Set up job	2026-10-08T22:09:03.7476719Z Included Software: https://github.com/actions/runner-images/blob/ubuntu24/20261004.327/images/ubuntu/Ubuntu2404-Readme.md
Congelar candidata revisada	Set up job	2026-10-08T22:09:03.7478321Z Image Release: https://github.com/actions/runner-images/releases/tag/ubuntu24%2F20261004.327
Congelar candidata revisada	Set up job	2026-10-08T22:09:03.7479223Z ##[endgroup]
Congelar candidata revisada	Set up job	2026-10-08T22:09:03.7480315Z ##[group]GITHUB_TOKEN Permissions
Congelar candidata revisada	Set up job	2026-10-08T22:09:03.7482442Z Actions: read
Congelar candidata revisada	Set up job	2026-10-08T22:09:03.7482994Z Contents: write
Congelar candidata revisada	Set up job	2026-10-08T22:09:03.7483770Z Metadata: read
Congelar candidata revisada	Set up job	2026-10-08T22:09:03.7484355Z ##[endgroup]
Congelar candidata revisada	Set up job	2026-10-08T22:09:03.7486314Z Secret source: Actions
Congelar candidata revisada	Set up job	2026-10-08T22:09:03.7487180Z Cache mode: write
Congelar candidata revisada	Set up job	2026-10-08T22:09:03.7487857Z Prepare workflow directory
Congelar candidata revisada	Set up job	2026-10-08T22:09:03.7847581Z Prepare all required actions
Congelar candidata revisada	Set up job	2026-10-08T22:09:03.7897036Z Getting action download info
Congelar candidata revisada	Set up job	2026-10-08T22:09:04.0711043Z Download action repository 'actions/checkout@11d5960a326750d5838078e36cf38b85af677262' (SHA:11d5960a326750d5838078e36cf38b85af677262)
Congelar candidata revisada	Set up job	2026-10-08T22:09:04.1479659Z Download action repository 'actions/upload-artifact@ea165f8d65b6e75b540449e92b4886f43607fa02' (SHA:ea165f8d65b6e75b540449e92b4886f43607fa02)
Congelar candidata revisada	Set up job	2026-10-08T22:09:04.3229294Z Complete job name: Congelar candidata revisada
Congelar candidata revisada	Checkout das ferramentas confiáveis da main	﻿2026-10-08T22:09:04.3898436Z ##[group]Run actions/checkout@11d5960a326750d5838078e36cf38b85af677262
Congelar candidata revisada	Checkout das ferramentas confiáveis da main	2026-10-08T22:09:04.3899482Z with:
Congelar candidata revisada	Checkout das ferramentas confiáveis da main	2026-10-08T22:09:04.3900035Z   ref: refs/heads/main
Congelar candidata revisada	Checkout das ferramentas confiáveis da main	2026-10-08T22:09:04.3900851Z   path: trusted
Congelar candidata revisada	Checkout das ferramentas confiáveis da main	2026-10-08T22:09:04.3901382Z   fetch-depth: 0
Congelar candidata revisada	Checkout das ferramentas confiáveis da main	2026-10-08T22:09:04.3901913Z   persist-credentials: false
Congelar candidata revisada	Checkout das ferramentas confiáveis da main	2026-10-08T22:09:04.3902759Z   repository: israelhudson/flutter_code_push_example
Congelar candidata revisada	Checkout das ferramentas confiáveis da main	2026-10-08T22:09:04.3906715Z   token: ***
Congelar candidata revisada	Checkout das ferramentas confiáveis da main	2026-10-08T22:09:04.3907195Z   ssh-strict: true
Congelar candidata revisada	Checkout das ferramentas confiáveis da main	2026-10-08T22:09:04.3907670Z   ssh-user: git
Congelar candidata revisada	Checkout das ferramentas confiáveis da main	2026-10-08T22:09:04.3908153Z   clean: true
Congelar candidata revisada	Checkout das ferramentas confiáveis da main	2026-10-08T22:09:04.3908638Z   sparse-checkout-cone-mode: true
Congelar candidata revisada	Checkout das ferramentas confiáveis da main	2026-10-08T22:09:04.3909260Z   fetch-tags: false
Congelar candidata revisada	Checkout das ferramentas confiáveis da main	2026-10-08T22:09:04.3909758Z   show-progress: true
Congelar candidata revisada	Checkout das ferramentas confiáveis da main	2026-10-08T22:09:04.3910249Z   lfs: false
Congelar candidata revisada	Checkout das ferramentas confiáveis da main	2026-10-08T22:09:04.3910861Z   submodules: false
Congelar candidata revisada	Checkout das ferramentas confiáveis da main	2026-10-08T22:09:04.3911355Z   set-safe-directory: true
Congelar candidata revisada	Checkout das ferramentas confiáveis da main	2026-10-08T22:09:04.3911905Z   allow-unsafe-pr-checkout: false
Congelar candidata revisada	Checkout das ferramentas confiáveis da main	2026-10-08T22:09:04.3912876Z ##[endgroup]
Congelar candidata revisada	Checkout das ferramentas confiáveis da main	2026-10-08T22:09:04.4907602Z Syncing repository: israelhudson/flutter_code_push_example
Congelar candidata revisada	Checkout das ferramentas confiáveis da main	2026-10-08T22:09:04.4911405Z ##[group]Getting Git version info
Congelar candidata revisada	Checkout das ferramentas confiáveis da main	2026-10-08T22:09:04.4913256Z Working directory is '/home/runner/work/flutter_code_push_example/flutter_code_push_example/trusted'
Congelar candidata revisada	Checkout das ferramentas confiáveis da main	2026-10-08T22:09:04.4915651Z [command]/usr/bin/git version
Congelar candidata revisada	Checkout das ferramentas confiáveis da main	2026-10-08T22:09:04.4943241Z git version 2.55.0
Congelar candidata revisada	Checkout das ferramentas confiáveis da main	2026-10-08T22:09:04.5091192Z ##[endgroup]
Congelar candidata revisada	Checkout das ferramentas confiáveis da main	2026-10-08T22:09:04.5101525Z Temporarily overriding HOME='/home/runner/work/_temp/8429c1a7-4e6f-4311-ad94-1bd1356d0d91' before making global git config changes
Congelar candidata revisada	Checkout das ferramentas confiáveis da main	2026-10-08T22:09:04.5104180Z Adding repository directory to the temporary git global config as a safe directory
Congelar candidata revisada	Checkout das ferramentas confiáveis da main	2026-10-08T22:09:04.5106606Z [command]/usr/bin/git config --global --add safe.directory /home/runner/work/flutter_code_push_example/flutter_code_push_example/trusted
Congelar candidata revisada	Checkout das ferramentas confiáveis da main	2026-10-08T22:09:04.5110687Z ##[group]Initializing the repository
Congelar candidata revisada	Checkout das ferramentas confiáveis da main	2026-10-08T22:09:04.5112724Z [command]/usr/bin/git init /home/runner/work/flutter_code_push_example/flutter_code_push_example/trusted
Congelar candidata revisada	Checkout das ferramentas confiáveis da main	2026-10-08T22:09:04.5149185Z hint: Using 'master' as the name for the initial branch. This default branch name
Congelar candidata revisada	Checkout das ferramentas confiáveis da main	2026-10-08T22:09:04.5151167Z hint: will change to "main" in Git 3.0. To configure the initial branch name
Congelar candidata revisada	Checkout das ferramentas confiáveis da main	2026-10-08T22:09:04.5153098Z hint: to use in all of your new repositories, which will suppress this warning,
Congelar candidata revisada	Checkout das ferramentas confiáveis da main	2026-10-08T22:09:04.5154467Z hint: call:
Congelar candidata revisada	Checkout das ferramentas confiáveis da main	2026-10-08T22:09:04.5155220Z hint:
Congelar candidata revisada	Checkout das ferramentas confiáveis da main	2026-10-08T22:09:04.5156146Z hint: 	git config --global init.defaultBranch <name>
Congelar candidata revisada	Checkout das ferramentas confiáveis da main	2026-10-08T22:09:04.5157263Z hint:
Congelar candidata revisada	Checkout das ferramentas confiáveis da main	2026-10-08T22:09:04.5158308Z hint: Names commonly chosen instead of 'master' are 'main', 'trunk' and
Congelar candidata revisada	Checkout das ferramentas confiáveis da main	2026-10-08T22:09:04.5159965Z hint: 'development'. The just-created branch can be renamed via this command:
Congelar candidata revisada	Checkout das ferramentas confiáveis da main	2026-10-08T22:09:04.5161464Z hint:
Congelar candidata revisada	Checkout das ferramentas confiáveis da main	2026-10-08T22:09:04.5162248Z hint: 	git branch -m <name>
Congelar candidata revisada	Checkout das ferramentas confiáveis da main	2026-10-08T22:09:04.5163106Z hint:
Congelar candidata revisada	Checkout das ferramentas confiáveis da main	2026-10-08T22:09:04.5164244Z hint: Disable this message with "git config set advice.defaultBranchName false"
Congelar candidata revisada	Checkout das ferramentas confiáveis da main	2026-10-08T22:09:04.5166591Z Initialized empty Git repository in /home/runner/work/flutter_code_push_example/flutter_code_push_example/trusted/.git/
Congelar candidata revisada	Checkout das ferramentas confiáveis da main	2026-10-08T22:09:04.5170050Z [command]/usr/bin/git remote add origin https://github.com/israelhudson/flutter_code_push_example
Congelar candidata revisada	Checkout das ferramentas confiáveis da main	2026-10-08T22:09:04.5215107Z ##[endgroup]
Congelar candidata revisada	Checkout das ferramentas confiáveis da main	2026-10-08T22:09:04.5216496Z ##[group]Disabling automatic garbage collection
Congelar candidata revisada	Checkout das ferramentas confiáveis da main	2026-10-08T22:09:04.5218274Z [command]/usr/bin/git config --local gc.auto 0
Congelar candidata revisada	Checkout das ferramentas confiáveis da main	2026-10-08T22:09:04.5259374Z ##[endgroup]
Congelar candidata revisada	Checkout das ferramentas confiáveis da main	2026-10-08T22:09:04.5261030Z ##[group]Setting up auth
Congelar candidata revisada	Checkout das ferramentas confiáveis da main	2026-10-08T22:09:04.5262096Z [command]/usr/bin/git config --local --name-only --get-regexp core\.sshCommand
Congelar candidata revisada	Checkout das ferramentas confiáveis da main	2026-10-08T22:09:04.5286315Z [command]/usr/bin/git submodule foreach --recursive sh -c "git config --local --name-only --get-regexp 'core\.sshCommand' && git config --local --unset-all 'core.sshCommand' || :"
Congelar candidata revisada	Checkout das ferramentas confiáveis da main	2026-10-08T22:09:04.5597138Z [command]/usr/bin/git config --local --name-only --get-regexp http\.https\:\/\/github\.com\/\.extraheader
Congelar candidata revisada	Checkout das ferramentas confiáveis da main	2026-10-08T22:09:04.5627627Z [command]/usr/bin/git submodule foreach --recursive sh -c "git config --local --name-only --get-regexp 'http\.https\:\/\/github\.com\/\.extraheader' && git config --local --unset-all 'http.https://github.com/.extraheader' || :"
Congelar candidata revisada	Checkout das ferramentas confiáveis da main	2026-10-08T22:09:04.5833711Z [command]/usr/bin/git config --local --name-only --get-regexp ^includeIf\.gitdir:
Congelar candidata revisada	Checkout das ferramentas confiáveis da main	2026-10-08T22:09:04.5858346Z [command]/usr/bin/git submodule foreach --recursive git config --local --show-origin --name-only --get-regexp remote.origin.url
Congelar candidata revisada	Checkout das ferramentas confiáveis da main	2026-10-08T22:09:04.6036392Z [command]/usr/bin/git config --local http.https://github.com/.extraheader AUTHORIZATION: basic ***
Congelar candidata revisada	Checkout das ferramentas confiáveis da main	2026-10-08T22:09:04.6069029Z ##[endgroup]
Congelar candidata revisada	Checkout das ferramentas confiáveis da main	2026-10-08T22:09:04.6069822Z ##[group]Fetching the repository
Congelar candidata revisada	Checkout das ferramentas confiáveis da main	2026-10-08T22:09:04.6078828Z [command]/usr/bin/git -c protocol.version=2 fetch --prune --no-recurse-submodules origin +refs/heads/*:refs/remotes/origin/* +refs/tags/*:refs/tags/*
Congelar candidata revisada	Checkout das ferramentas confiáveis da main	2026-10-08T22:09:06.2585707Z From https://github.com/israelhudson/flutter_code_push_example
Congelar candidata revisada	Checkout das ferramentas confiáveis da main	2026-10-08T22:09:06.2589137Z  * [new branch]      codex/candidate-lab-delivery-2026-10-06-rc.1 -> origin/codex/candidate-lab-delivery-2026-10-06-rc.1
Congelar candidata revisada	Checkout das ferramentas confiáveis da main	2026-10-08T22:09:06.2592072Z  * [new branch]      codex/delivery-state    -> origin/codex/delivery-state
Congelar candidata revisada	Checkout das ferramentas confiáveis da main	2026-10-08T22:09:06.2594338Z  * [new branch]      codex/fix-lab-release-upload -> origin/codex/fix-lab-release-upload
Congelar candidata revisada	Checkout das ferramentas confiáveis da main	2026-10-08T22:09:06.2596953Z  * [new branch]      codex/flutter-sdk-bootstrap -> origin/codex/flutter-sdk-bootstrap
Congelar candidata revisada	Checkout das ferramentas confiáveis da main	2026-10-08T22:09:06.2599335Z  * [new branch]      codex/github-release-approval-poc -> origin/codex/github-release-approval-poc
Congelar candidata revisada	Checkout das ferramentas confiáveis da main	2026-10-08T22:09:06.2601933Z  * [new branch]      codex/lab-promotion-evidence -> origin/codex/lab-promotion-evidence
Congelar candidata revisada	Checkout das ferramentas confiáveis da main	2026-10-08T22:09:06.2604084Z  * [new branch]      codex/lab-release-result -> origin/codex/lab-release-result
Congelar candidata revisada	Checkout das ferramentas confiáveis da main	2026-10-08T22:09:06.2606182Z  * [new branch]      codex/lab-reviewed-promotion -> origin/codex/lab-reviewed-promotion
Congelar candidata revisada	Checkout das ferramentas confiáveis da main	2026-10-08T22:09:06.2608394Z  * [new branch]      codex/lab-versions      -> origin/codex/lab-versions
Congelar candidata revisada	Checkout das ferramentas confiáveis da main	2026-10-08T22:09:06.2610914Z  * [new branch]      codex/laboratory-release-records -> origin/codex/laboratory-release-records
Congelar candidata revisada	Checkout das ferramentas confiáveis da main	2026-10-08T22:09:06.2613837Z  * [new branch]      codex/operational-delivery-preview -> origin/codex/operational-delivery-preview
Congelar candidata revisada	Checkout das ferramentas confiáveis da main	2026-10-08T22:09:06.2616264Z  * [new branch]      codex/pages-previews    -> origin/codex/pages-previews
Congelar candidata revisada	Checkout das ferramentas confiáveis da main	2026-10-08T22:09:06.2619033Z  * [new branch]      codex/pages-publication-verification -> origin/codex/pages-publication-verification
Congelar candidata revisada	Checkout das ferramentas confiáveis da main	2026-10-08T22:09:06.2622407Z  * [new branch]      codex/release-lab-rc2-correction -> origin/codex/release-lab-rc2-correction
Congelar candidata revisada	Checkout das ferramentas confiáveis da main	2026-10-08T22:09:06.2625437Z  * [new branch]      codex/release-lab-real-promotion -> origin/codex/release-lab-real-promotion
Congelar candidata revisada	Checkout das ferramentas confiáveis da main	2026-10-08T22:09:06.2627948Z  * [new branch]      codex/release-lab-state -> origin/codex/release-lab-state
Congelar candidata revisada	Checkout das ferramentas confiáveis da main	2026-10-08T22:09:06.2630472Z  * [new branch]      codex/release-lab-two-approvers -> origin/codex/release-lab-two-approvers
Congelar candidata revisada	Checkout das ferramentas confiáveis da main	2026-10-08T22:09:06.2633174Z  * [new branch]      docs/estudo-shorebird-amulets -> origin/docs/estudo-shorebird-amulets
Congelar candidata revisada	Checkout das ferramentas confiáveis da main	2026-10-08T22:09:06.2635958Z  * [new branch]      feature/shorebird-code-push-setup -> origin/feature/shorebird-code-push-setup
Congelar candidata revisada	Checkout das ferramentas confiáveis da main	2026-10-08T22:09:06.2638189Z  * [new branch]      main                    -> origin/main
Congelar candidata revisada	Checkout das ferramentas confiáveis da main	2026-10-08T22:09:06.2639892Z  * [new branch]      release/1.4.0           -> origin/release/1.4.0
Congelar candidata revisada	Checkout das ferramentas confiáveis da main	2026-10-08T22:09:06.2642206Z  * [new branch]      release/1.5.0           -> origin/release/1.5.0
Congelar candidata revisada	Checkout das ferramentas confiáveis da main	2026-10-08T22:09:06.2644175Z  * [new tag]         entrega-0100-rc.1       -> entrega-0100-rc.1
Congelar candidata revisada	Checkout das ferramentas confiáveis da main	2026-10-08T22:09:06.2646369Z  * [new tag]         lab/delivery/2026-10-06-rc.1 -> lab/delivery/2026-10-06-rc.1
Congelar candidata revisada	Checkout das ferramentas confiáveis da main	2026-10-08T22:09:06.2648412Z  * [new tag]         v1.4.0-rc.1             -> v1.4.0-rc.1
Congelar candidata revisada	Checkout das ferramentas confiáveis da main	2026-10-08T22:09:06.2650582Z  * [new tag]         v1.5.0-rc.1             -> v1.5.0-rc.1
Congelar candidata revisada	Checkout das ferramentas confiáveis da main	2026-10-08T22:09:06.2655353Z ##[endgroup]
Congelar candidata revisada	Checkout das ferramentas confiáveis da main	2026-10-08T22:09:06.2657789Z ##[group]Determining the checkout info
Congelar candidata revisada	Checkout das ferramentas confiáveis da main	2026-10-08T22:09:06.2660030Z ##[endgroup]
Congelar candidata revisada	Checkout das ferramentas confiáveis da main	2026-10-08T22:09:06.2661858Z [command]/usr/bin/git sparse-checkout disable
Congelar candidata revisada	Checkout das ferramentas confiáveis da main	2026-10-08T22:09:06.2665571Z [command]/usr/bin/git config --local --unset-all extensions.worktreeConfig
Congelar candidata revisada	Checkout das ferramentas confiáveis da main	2026-10-08T22:09:06.2685692Z ##[group]Checking out the ref
Congelar candidata revisada	Checkout das ferramentas confiáveis da main	2026-10-08T22:09:06.2688109Z [command]/usr/bin/git checkout --progress --force -B main refs/remotes/origin/main
Congelar candidata revisada	Checkout das ferramentas confiáveis da main	2026-10-08T22:09:06.2883282Z Switched to a new branch 'main'
Congelar candidata revisada	Checkout das ferramentas confiáveis da main	2026-10-08T22:09:06.2886348Z branch 'main' set up to track 'origin/main'.
Congelar candidata revisada	Checkout das ferramentas confiáveis da main	2026-10-08T22:09:06.2894137Z ##[endgroup]
Congelar candidata revisada	Checkout das ferramentas confiáveis da main	2026-10-08T22:09:06.2929439Z [command]/usr/bin/git log -1 --format=%H
Congelar candidata revisada	Checkout das ferramentas confiáveis da main	2026-10-08T22:09:06.2950568Z 9c4ad37fc415a98ef2a8cfdc5be8d5cf97fe35b0
Congelar candidata revisada	Checkout das ferramentas confiáveis da main	2026-10-08T22:09:06.2963366Z ##[group]Removing auth
Congelar candidata revisada	Checkout das ferramentas confiáveis da main	2026-10-08T22:09:06.2966003Z [command]/usr/bin/git config --local --name-only --get-regexp core\.sshCommand
Congelar candidata revisada	Checkout das ferramentas confiáveis da main	2026-10-08T22:09:06.2994402Z [command]/usr/bin/git submodule foreach --recursive sh -c "git config --local --name-only --get-regexp 'core\.sshCommand' && git config --local --unset-all 'core.sshCommand' || :"
Congelar candidata revisada	Checkout das ferramentas confiáveis da main	2026-10-08T22:09:06.3174176Z [command]/usr/bin/git config --local --name-only --get-regexp http\.https\:\/\/github\.com\/\.extraheader
Congelar candidata revisada	Checkout das ferramentas confiáveis da main	2026-10-08T22:09:06.3199443Z http.https://github.com/.extraheader
Congelar candidata revisada	Checkout das ferramentas confiáveis da main	2026-10-08T22:09:06.3206720Z [command]/usr/bin/git config --local --unset-all http.https://github.com/.extraheader
Congelar candidata revisada	Checkout das ferramentas confiáveis da main	2026-10-08T22:09:06.3238941Z [command]/usr/bin/git submodule foreach --recursive sh -c "git config --local --name-only --get-regexp 'http\.https\:\/\/github\.com\/\.extraheader' && git config --local --unset-all 'http.https://github.com/.extraheader' || :"
Congelar candidata revisada	Checkout das ferramentas confiáveis da main	2026-10-08T22:09:06.3410200Z [command]/usr/bin/git config --local --name-only --get-regexp ^includeIf\.gitdir:
Congelar candidata revisada	Checkout das ferramentas confiáveis da main	2026-10-08T22:09:06.3440653Z [command]/usr/bin/git submodule foreach --recursive git config --local --show-origin --name-only --get-regexp remote.origin.url
Congelar candidata revisada	Checkout das ferramentas confiáveis da main	2026-10-08T22:09:06.3607303Z ##[endgroup]
Congelar candidata revisada	Criar branch release e tag RC imutável com identidade interna	﻿2026-10-08T22:09:06.3846311Z ##[group]Run python3 trusted/tools/delivery/release_lab.py prepare --version "$RELEASE_VERSION" --title "$RELEASE_TITLE" --output "$RUNNER_TEMP/release-lab"
Congelar candidata revisada	Criar branch release e tag RC imutável com identidade interna	2026-10-08T22:09:06.3850887Z ^[[36;1mpython3 trusted/tools/delivery/release_lab.py prepare --version "$RELEASE_VERSION" --title "$RELEASE_TITLE" --output "$RUNNER_TEMP/release-lab"^[[0m
Congelar candidata revisada	Criar branch release e tag RC imutável com identidade interna	2026-10-08T22:09:06.4017458Z shell: /usr/bin/bash -e {0}
Congelar candidata revisada	Criar branch release e tag RC imutável com identidade interna	2026-10-08T22:09:06.4018597Z env:
Congelar candidata revisada	Criar branch release e tag RC imutável com identidade interna	2026-10-08T22:09:06.4029117Z   GH_TOKEN: ***
Congelar candidata revisada	Criar branch release e tag RC imutável com identidade interna	2026-10-08T22:09:06.4030104Z   RELEASE_VERSION: 1.5.0
Congelar candidata revisada	Criar branch release e tag RC imutável com identidade interna	2026-10-08T22:09:06.4031788Z   RELEASE_TITLE: Laboratório corrigido — rejeição da RC1 e promoção da RC2
Congelar candidata revisada	Criar branch release e tag RC imutável com identidade interna	2026-10-08T22:09:06.4033372Z ##[endgroup]
Congelar candidata revisada	Criar branch release e tag RC imutável com identidade interna	2026-10-08T22:09:21.4229960Z {"candidate_tag": "v1.5.0-rc.2", "source_sha": "b8763ec5adc5e24ce34f474a66a079b48a9ffa0f", "tooling_sha": "9c4ad37fc415a98ef2a8cfdc5be8d5cf97fe35b0"}
Congelar candidata revisada	Preservar registro do corte	﻿2026-10-08T22:09:21.4403680Z ##[group]Run actions/upload-artifact@ea165f8d65b6e75b540449e92b4886f43607fa02
Congelar candidata revisada	Preservar registro do corte	2026-10-08T22:09:21.4404155Z with:
Congelar candidata revisada	Preservar registro do corte	2026-10-08T22:09:21.4404416Z   name: release-lab-preparation
Congelar candidata revisada	Preservar registro do corte	2026-10-08T22:09:21.4404767Z   path: /home/runner/work/_temp/release-lab/
Congelar candidata revisada	Preservar registro do corte	2026-10-08T22:09:21.4405102Z   if-no-files-found: ignore
Congelar candidata revisada	Preservar registro do corte	2026-10-08T22:09:21.4405378Z   retention-days: 90
Congelar candidata revisada	Preservar registro do corte	2026-10-08T22:09:21.4405632Z   overwrite: false
Congelar candidata revisada	Preservar registro do corte	2026-10-08T22:09:21.4405888Z   compression-level: 6
Congelar candidata revisada	Preservar registro do corte	2026-10-08T22:09:21.4406160Z   include-hidden-files: false
Congelar candidata revisada	Preservar registro do corte	2026-10-08T22:09:21.4406443Z ##[endgroup]
Congelar candidata revisada	Preservar registro do corte	2026-10-08T22:09:21.6035378Z (node:2582) [DEP0040] DeprecationWarning: The `punycode` module is deprecated. Please use a userland alternative instead.
Congelar candidata revisada	Preservar registro do corte	2026-10-08T22:09:21.6036941Z (Use `node --trace-deprecation ...` to show where the warning was created)
Congelar candidata revisada	Preservar registro do corte	2026-10-08T22:09:21.6102707Z With the provided path, there will be 1 file uploaded
Congelar candidata revisada	Preservar registro do corte	2026-10-08T22:09:21.6107263Z Artifact name is valid!
Congelar candidata revisada	Preservar registro do corte	2026-10-08T22:09:21.6108250Z Root directory input is valid!
Congelar candidata revisada	Preservar registro do corte	2026-10-08T22:09:21.9512830Z Beginning upload of artifact content to blob storage
Congelar candidata revisada	Preservar registro do corte	2026-10-08T22:09:21.9691356Z (node:2582) [DEP0169] DeprecationWarning: `url.parse()` behavior is not standardized and prone to errors that have security implications. Use the WHATWG URL API instead. CVEs are not issued for `url.parse()` vulnerabilities.
Congelar candidata revisada	Preservar registro do corte	2026-10-08T22:09:22.2064736Z Uploaded bytes 580
Congelar candidata revisada	Preservar registro do corte	2026-10-08T22:09:22.2716550Z Finished uploading artifact content to blob storage!
Congelar candidata revisada	Preservar registro do corte	2026-10-08T22:09:22.2717797Z SHA256 digest of uploaded artifact zip is 09a38bdbf80397c74358dea4491b537abb57156ca6c66f05ee83b04ed2dce392
Congelar candidata revisada	Preservar registro do corte	2026-10-08T22:09:22.2718871Z Finalizing artifact upload
Congelar candidata revisada	Preservar registro do corte	2026-10-08T22:09:22.5140274Z Artifact release-lab-preparation.zip successfully finalized. Artifact ID 11582625266
Congelar candidata revisada	Preservar registro do corte	2026-10-08T22:09:22.5142095Z Artifact release-lab-preparation has been successfully uploaded! Final size is 580 bytes. Artifact ID is 11582625266
Congelar candidata revisada	Preservar registro do corte	2026-10-08T22:09:22.5148111Z Artifact download URL: https://github.com/israelhudson/flutter_code_push_example/actions/runs/37851607911/artifacts/11582625266
Congelar candidata revisada	Post Checkout das ferramentas confiáveis da main	﻿2026-10-08T22:09:22.5341235Z Post job cleanup.
Congelar candidata revisada	Post Checkout das ferramentas confiáveis da main	2026-10-08T22:09:22.6135352Z [command]/usr/bin/git version
Congelar candidata revisada	Post Checkout das ferramentas confiáveis da main	2026-10-08T22:09:22.6174492Z git version 2.55.0
Congelar candidata revisada	Post Checkout das ferramentas confiáveis da main	2026-10-08T22:09:22.6208534Z Temporarily overriding HOME='/home/runner/work/_temp/ec41f3d9-8442-4792-b863-d79d134c5310' before making global git config changes
Congelar candidata revisada	Post Checkout das ferramentas confiáveis da main	2026-10-08T22:09:22.6209968Z Adding repository directory to the temporary git global config as a safe directory
Congelar candidata revisada	Post Checkout das ferramentas confiáveis da main	2026-10-08T22:09:22.6215759Z [command]/usr/bin/git config --global --add safe.directory /home/runner/work/flutter_code_push_example/flutter_code_push_example/trusted
Congelar candidata revisada	Post Checkout das ferramentas confiáveis da main	2026-10-08T22:09:22.6249535Z [command]/usr/bin/git config --local --name-only --get-regexp core\.sshCommand
Congelar candidata revisada	Post Checkout das ferramentas confiáveis da main	2026-10-08T22:09:22.6279776Z [command]/usr/bin/git submodule foreach --recursive sh -c "git config --local --name-only --get-regexp 'core\.sshCommand' && git config --local --unset-all 'core.sshCommand' || :"
Congelar candidata revisada	Post Checkout das ferramentas confiáveis da main	2026-10-08T22:09:22.6489805Z [command]/usr/bin/git config --local --name-only --get-regexp http\.https\:\/\/github\.com\/\.extraheader
Congelar candidata revisada	Post Checkout das ferramentas confiáveis da main	2026-10-08T22:09:22.6522566Z [command]/usr/bin/git submodule foreach --recursive sh -c "git config --local --name-only --get-regexp 'http\.https\:\/\/github\.com\/\.extraheader' && git config --local --unset-all 'http.https://github.com/.extraheader' || :"
Congelar candidata revisada	Post Checkout das ferramentas confiáveis da main	2026-10-08T22:09:22.6710619Z [command]/usr/bin/git config --local --name-only --get-regexp ^includeIf\.gitdir:
Congelar candidata revisada	Post Checkout das ferramentas confiáveis da main	2026-10-08T22:09:22.6744165Z [command]/usr/bin/git submodule foreach --recursive git config --local --show-origin --name-only --get-regexp remote.origin.url
Congelar candidata revisada	Complete job	﻿2026-10-08T22:09:22.7098111Z Evaluate and set job outputs
Congelar candidata revisada	Complete job	2026-10-08T22:09:22.7108946Z Set output 'candidate_tag'
Congelar candidata revisada	Complete job	2026-10-08T22:09:22.7112558Z Set output 'source_sha'
Congelar candidata revisada	Complete job	2026-10-08T22:09:22.7113773Z Set output 'tooling_sha'
Congelar candidata revisada	Complete job	2026-10-08T22:09:22.7115030Z Cleaning up orphan processes
Congelar candidata revisada	Complete job	2026-10-08T22:09:22.7352757Z ##[warning]Node.js 20 is deprecated. The following actions target Node.js 20 but are being forced to run on Node.js 24: actions/checkout@11d5960a326750d5838078e36cf38b85af677262, actions/upload-artifact@ea165f8d65b6e75b540449e92b4886f43607fa02. For more information see: https://github.blog/changelog/2025-09-19-deprecation-of-node-20-on-github-actions-runners/
Avaliar a mesma candidata / Conferir RC ativa, papéis e proteções	UNKNOWN STEP	﻿2026-10-08T22:09:33.8656501Z Current runner version: '2.337.0'
Avaliar a mesma candidata / Conferir RC ativa, papéis e proteções	UNKNOWN STEP	2026-10-08T22:09:33.8678752Z ##[group]Runner Image Provisioner
Avaliar a mesma candidata / Conferir RC ativa, papéis e proteções	UNKNOWN STEP	2026-10-08T22:09:33.8679477Z Hosted Compute Agent
Avaliar a mesma candidata / Conferir RC ativa, papéis e proteções	UNKNOWN STEP	2026-10-08T22:09:33.8680018Z Version: 20261002.596
Avaliar a mesma candidata / Conferir RC ativa, papéis e proteções	UNKNOWN STEP	2026-10-08T22:09:33.8680546Z Commit: c3d12f3313a95f25162a1503be624f3b0617f8c0
Avaliar a mesma candidata / Conferir RC ativa, papéis e proteções	UNKNOWN STEP	2026-10-08T22:09:33.8681143Z Build Date: 2026-10-02T22:28:27Z
Avaliar a mesma candidata / Conferir RC ativa, papéis e proteções	UNKNOWN STEP	2026-10-08T22:09:33.8681896Z Worker ID: {65522330-2b11-4e92-b35d-50e408abe2cd}
Avaliar a mesma candidata / Conferir RC ativa, papéis e proteções	UNKNOWN STEP	2026-10-08T22:09:33.8682468Z Region: westus3
Avaliar a mesma candidata / Conferir RC ativa, papéis e proteções	UNKNOWN STEP	2026-10-08T22:09:33.8682927Z Cloud: Azure
Avaliar a mesma candidata / Conferir RC ativa, papéis e proteções	UNKNOWN STEP	2026-10-08T22:09:33.8683467Z ##[endgroup]
Avaliar a mesma candidata / Conferir RC ativa, papéis e proteções	UNKNOWN STEP	2026-10-08T22:09:33.8684722Z ##[group]Operating System
Avaliar a mesma candidata / Conferir RC ativa, papéis e proteções	UNKNOWN STEP	2026-10-08T22:09:33.8685285Z Ubuntu
Avaliar a mesma candidata / Conferir RC ativa, papéis e proteções	UNKNOWN STEP	2026-10-08T22:09:33.8685723Z 24.04.5
Avaliar a mesma candidata / Conferir RC ativa, papéis e proteções	UNKNOWN STEP	2026-10-08T22:09:33.8686132Z LTS
Avaliar a mesma candidata / Conferir RC ativa, papéis e proteções	UNKNOWN STEP	2026-10-08T22:09:33.8686621Z ##[endgroup]
Avaliar a mesma candidata / Conferir RC ativa, papéis e proteções	UNKNOWN STEP	2026-10-08T22:09:33.8687082Z ##[group]Runner Image
Avaliar a mesma candidata / Conferir RC ativa, papéis e proteções	UNKNOWN STEP	2026-10-08T22:09:33.8687643Z Image: ubuntu-24.04
Avaliar a mesma candidata / Conferir RC ativa, papéis e proteções	UNKNOWN STEP	2026-10-08T22:09:33.8688126Z Version: 20261004.327.1
Avaliar a mesma candidata / Conferir RC ativa, papéis e proteções	UNKNOWN STEP	2026-10-08T22:09:33.8689204Z Included Software: https://github.com/actions/runner-images/blob/ubuntu24/20261004.327/images/ubuntu/Ubuntu2404-Readme.md
Avaliar a mesma candidata / Conferir RC ativa, papéis e proteções	UNKNOWN STEP	2026-10-08T22:09:33.8690447Z Image Release: https://github.com/actions/runner-images/releases/tag/ubuntu24%2F20261004.327
Avaliar a mesma candidata / Conferir RC ativa, papéis e proteções	UNKNOWN STEP	2026-10-08T22:09:33.8691406Z ##[endgroup]
Avaliar a mesma candidata / Conferir RC ativa, papéis e proteções	UNKNOWN STEP	2026-10-08T22:09:33.8692403Z ##[group]GITHUB_TOKEN Permissions
Avaliar a mesma candidata / Conferir RC ativa, papéis e proteções	UNKNOWN STEP	2026-10-08T22:09:33.8694540Z Actions: read
Avaliar a mesma candidata / Conferir RC ativa, papéis e proteções	UNKNOWN STEP	2026-10-08T22:09:33.8695127Z Contents: write
Avaliar a mesma candidata / Conferir RC ativa, papéis e proteções	UNKNOWN STEP	2026-10-08T22:09:33.8695567Z Metadata: read
Avaliar a mesma candidata / Conferir RC ativa, papéis e proteções	UNKNOWN STEP	2026-10-08T22:09:33.8696075Z ##[endgroup]
Avaliar a mesma candidata / Conferir RC ativa, papéis e proteções	UNKNOWN STEP	2026-10-08T22:09:33.8697848Z Secret source: Actions
Avaliar a mesma candidata / Conferir RC ativa, papéis e proteções	UNKNOWN STEP	2026-10-08T22:09:33.8698662Z Cache mode: write
Avaliar a mesma candidata / Conferir RC ativa, papéis e proteções	UNKNOWN STEP	2026-10-08T22:09:33.8699342Z Prepare workflow directory
Avaliar a mesma candidata / Conferir RC ativa, papéis e proteções	UNKNOWN STEP	2026-10-08T22:09:33.8989460Z Prepare all required actions
Avaliar a mesma candidata / Conferir RC ativa, papéis e proteções	UNKNOWN STEP	2026-10-08T22:09:33.9043753Z Getting action download info
Avaliar a mesma candidata / Conferir RC ativa, papéis e proteções	UNKNOWN STEP	2026-10-08T22:09:34.1724921Z Download action repository 'actions/checkout@11d5960a326750d5838078e36cf38b85af677262' (SHA:11d5960a326750d5838078e36cf38b85af677262)
Avaliar a mesma candidata / Conferir RC ativa, papéis e proteções	UNKNOWN STEP	2026-10-08T22:09:34.2625123Z Download action repository 'actions/upload-artifact@ea165f8d65b6e75b540449e92b4886f43607fa02' (SHA:ea165f8d65b6e75b540449e92b4886f43607fa02)
Avaliar a mesma candidata / Conferir RC ativa, papéis e proteções	UNKNOWN STEP	2026-10-08T22:09:34.7158183Z Uses: israelhudson/flutter_code_push_example/.github/workflows/release-lab-evaluate.yml@refs/heads/main (9c4ad37fc415a98ef2a8cfdc5be8d5cf97fe35b0)
Avaliar a mesma candidata / Conferir RC ativa, papéis e proteções	UNKNOWN STEP	2026-10-08T22:09:34.7162285Z ##[group] Inputs
Avaliar a mesma candidata / Conferir RC ativa, papéis e proteções	UNKNOWN STEP	2026-10-08T22:09:34.7162738Z   candidate_tag: v1.5.0-rc.2
Avaliar a mesma candidata / Conferir RC ativa, papéis e proteções	UNKNOWN STEP	2026-10-08T22:09:34.7163170Z   version: 1.5.0
Avaliar a mesma candidata / Conferir RC ativa, papéis e proteções	UNKNOWN STEP	2026-10-08T22:09:34.7163694Z   title: Laboratório corrigido — rejeição da RC1 e promoção da RC2
Avaliar a mesma candidata / Conferir RC ativa, papéis e proteções	UNKNOWN STEP	2026-10-08T22:09:34.7164270Z ##[endgroup]
Avaliar a mesma candidata / Conferir RC ativa, papéis e proteções	UNKNOWN STEP	2026-10-08T22:09:34.7164820Z Complete job name: Avaliar a mesma candidata / Conferir RC ativa, papéis e proteções
Avaliar a mesma candidata / Conferir RC ativa, papéis e proteções	UNKNOWN STEP	2026-10-08T22:09:34.7769751Z ##[group]Run actions/checkout@11d5960a326750d5838078e36cf38b85af677262
Avaliar a mesma candidata / Conferir RC ativa, papéis e proteções	UNKNOWN STEP	2026-10-08T22:09:34.7770553Z with:
Avaliar a mesma candidata / Conferir RC ativa, papéis e proteções	UNKNOWN STEP	2026-10-08T22:09:34.7770896Z   ref: refs/heads/main
Avaliar a mesma candidata / Conferir RC ativa, papéis e proteções	UNKNOWN STEP	2026-10-08T22:09:34.7771402Z   path: trusted
Avaliar a mesma candidata / Conferir RC ativa, papéis e proteções	UNKNOWN STEP	2026-10-08T22:09:34.7771759Z   fetch-depth: 0
Avaliar a mesma candidata / Conferir RC ativa, papéis e proteções	UNKNOWN STEP	2026-10-08T22:09:34.7772125Z   persist-credentials: false
Avaliar a mesma candidata / Conferir RC ativa, papéis e proteções	UNKNOWN STEP	2026-10-08T22:09:34.7772585Z   repository: israelhudson/flutter_code_push_example
Avaliar a mesma candidata / Conferir RC ativa, papéis e proteções	UNKNOWN STEP	2026-10-08T22:09:34.7775593Z   token: ***
Avaliar a mesma candidata / Conferir RC ativa, papéis e proteções	UNKNOWN STEP	2026-10-08T22:09:34.7775945Z   ssh-strict: true
Avaliar a mesma candidata / Conferir RC ativa, papéis e proteções	UNKNOWN STEP	2026-10-08T22:09:34.7776289Z   ssh-user: git
Avaliar a mesma candidata / Conferir RC ativa, papéis e proteções	UNKNOWN STEP	2026-10-08T22:09:34.7776621Z   clean: true
Avaliar a mesma candidata / Conferir RC ativa, papéis e proteções	UNKNOWN STEP	2026-10-08T22:09:34.7776971Z   sparse-checkout-cone-mode: true
Avaliar a mesma candidata / Conferir RC ativa, papéis e proteções	UNKNOWN STEP	2026-10-08T22:09:34.7777384Z   fetch-tags: false
Avaliar a mesma candidata / Conferir RC ativa, papéis e proteções	UNKNOWN STEP	2026-10-08T22:09:34.7777738Z   show-progress: true
Avaliar a mesma candidata / Conferir RC ativa, papéis e proteções	UNKNOWN STEP	2026-10-08T22:09:34.7778102Z   lfs: false
Avaliar a mesma candidata / Conferir RC ativa, papéis e proteções	UNKNOWN STEP	2026-10-08T22:09:34.7778431Z   submodules: false
Avaliar a mesma candidata / Conferir RC ativa, papéis e proteções	UNKNOWN STEP	2026-10-08T22:09:34.7778785Z   set-safe-directory: true
Avaliar a mesma candidata / Conferir RC ativa, papéis e proteções	UNKNOWN STEP	2026-10-08T22:09:34.7779183Z   allow-unsafe-pr-checkout: false
Avaliar a mesma candidata / Conferir RC ativa, papéis e proteções	UNKNOWN STEP	2026-10-08T22:09:34.7779743Z ##[endgroup]
Avaliar a mesma candidata / Conferir RC ativa, papéis e proteções	UNKNOWN STEP	2026-10-08T22:09:34.8649568Z Syncing repository: israelhudson/flutter_code_push_example
Avaliar a mesma candidata / Conferir RC ativa, papéis e proteções	UNKNOWN STEP	2026-10-08T22:09:34.8651837Z ##[group]Getting Git version info
Avaliar a mesma candidata / Conferir RC ativa, papéis e proteções	UNKNOWN STEP	2026-10-08T22:09:34.8652814Z Working directory is '/home/runner/work/flutter_code_push_example/flutter_code_push_example/trusted'
Avaliar a mesma candidata / Conferir RC ativa, papéis e proteções	UNKNOWN STEP	2026-10-08T22:09:34.8653826Z [command]/usr/bin/git version
Avaliar a mesma candidata / Conferir RC ativa, papéis e proteções	UNKNOWN STEP	2026-10-08T22:09:34.8917441Z git version 2.55.0
Avaliar a mesma candidata / Conferir RC ativa, papéis e proteções	UNKNOWN STEP	2026-10-08T22:09:34.8935882Z ##[endgroup]
Avaliar a mesma candidata / Conferir RC ativa, papéis e proteções	UNKNOWN STEP	2026-10-08T22:09:34.8949220Z Temporarily overriding HOME='/home/runner/work/_temp/a67e0d6d-dfc3-4ca1-b39b-4049d0a92043' before making global git config changes
Avaliar a mesma candidata / Conferir RC ativa, papéis e proteções	UNKNOWN STEP	2026-10-08T22:09:34.8950704Z Adding repository directory to the temporary git global config as a safe directory
Avaliar a mesma candidata / Conferir RC ativa, papéis e proteções	UNKNOWN STEP	2026-10-08T22:09:34.8954094Z [command]/usr/bin/git config --global --add safe.directory /home/runner/work/flutter_code_push_example/flutter_code_push_example/trusted
Avaliar a mesma candidata / Conferir RC ativa, papéis e proteções	UNKNOWN STEP	2026-10-08T22:09:34.8995785Z ##[group]Initializing the repository
Avaliar a mesma candidata / Conferir RC ativa, papéis e proteções	UNKNOWN STEP	2026-10-08T22:09:34.9000664Z [command]/usr/bin/git init /home/runner/work/flutter_code_push_example/flutter_code_push_example/trusted
Avaliar a mesma candidata / Conferir RC ativa, papéis e proteções	UNKNOWN STEP	2026-10-08T22:09:34.9073427Z hint: Using 'master' as the name for the initial branch. This default branch name
Avaliar a mesma candidata / Conferir RC ativa, papéis e proteções	UNKNOWN STEP	2026-10-08T22:09:34.9074892Z hint: will change to "main" in Git 3.0. To configure the initial branch name
Avaliar a mesma candidata / Conferir RC ativa, papéis e proteções	UNKNOWN STEP	2026-10-08T22:09:34.9077289Z hint: to use in all of your new repositories, which will suppress this warning,
Avaliar a mesma candidata / Conferir RC ativa, papéis e proteções	UNKNOWN STEP	2026-10-08T22:09:34.9078461Z hint: call:
Avaliar a mesma candidata / Conferir RC ativa, papéis e proteções	UNKNOWN STEP	2026-10-08T22:09:34.9078954Z hint:
Avaliar a mesma candidata / Conferir RC ativa, papéis e proteções	UNKNOWN STEP	2026-10-08T22:09:34.9079655Z hint: 	git config --global init.defaultBranch <name>
Avaliar a mesma candidata / Conferir RC ativa, papéis e proteções	UNKNOWN STEP	2026-10-08T22:09:34.9080171Z hint:
Avaliar a mesma candidata / Conferir RC ativa, papéis e proteções	UNKNOWN STEP	2026-10-08T22:09:34.9080640Z hint: Names commonly chosen instead of 'master' are 'main', 'trunk' and
Avaliar a mesma candidata / Conferir RC ativa, papéis e proteções	UNKNOWN STEP	2026-10-08T22:09:34.9081789Z hint: 'development'. The just-created branch can be renamed via this command:
Avaliar a mesma candidata / Conferir RC ativa, papéis e proteções	UNKNOWN STEP	2026-10-08T22:09:34.9082416Z hint:
Avaliar a mesma candidata / Conferir RC ativa, papéis e proteções	UNKNOWN STEP	2026-10-08T22:09:34.9082931Z hint: 	git branch -m <name>
Avaliar a mesma candidata / Conferir RC ativa, papéis e proteções	UNKNOWN STEP	2026-10-08T22:09:34.9083515Z hint:
Avaliar a mesma candidata / Conferir RC ativa, papéis e proteções	UNKNOWN STEP	2026-10-08T22:09:34.9084682Z hint: Disable this message with "git config set advice.defaultBranchName false"
Avaliar a mesma candidata / Conferir RC ativa, papéis e proteções	UNKNOWN STEP	2026-10-08T22:09:34.9086570Z Initialized empty Git repository in /home/runner/work/flutter_code_push_example/flutter_code_push_example/trusted/.git/
Avaliar a mesma candidata / Conferir RC ativa, papéis e proteções	UNKNOWN STEP	2026-10-08T22:09:34.9088906Z [command]/usr/bin/git remote add origin https://github.com/israelhudson/flutter_code_push_example
Avaliar a mesma candidata / Conferir RC ativa, papéis e proteções	UNKNOWN STEP	2026-10-08T22:09:34.9133214Z ##[endgroup]
Avaliar a mesma candidata / Conferir RC ativa, papéis e proteções	UNKNOWN STEP	2026-10-08T22:09:34.9134265Z ##[group]Disabling automatic garbage collection
Avaliar a mesma candidata / Conferir RC ativa, papéis e proteções	UNKNOWN STEP	2026-10-08T22:09:34.9137354Z [command]/usr/bin/git config --local gc.auto 0
Avaliar a mesma candidata / Conferir RC ativa, papéis e proteções	UNKNOWN STEP	2026-10-08T22:09:34.9185990Z ##[endgroup]
Avaliar a mesma candidata / Conferir RC ativa, papéis e proteções	UNKNOWN STEP	2026-10-08T22:09:34.9187027Z ##[group]Setting up auth
Avaliar a mesma candidata / Conferir RC ativa, papéis e proteções	UNKNOWN STEP	2026-10-08T22:09:34.9188504Z [command]/usr/bin/git config --local --name-only --get-regexp core\.sshCommand
Avaliar a mesma candidata / Conferir RC ativa, papéis e proteções	UNKNOWN STEP	2026-10-08T22:09:34.9250789Z [command]/usr/bin/git submodule foreach --recursive sh -c "git config --local --name-only --get-regexp 'core\.sshCommand' && git config --local --unset-all 'core.sshCommand' || :"
Avaliar a mesma candidata / Conferir RC ativa, papéis e proteções	UNKNOWN STEP	2026-10-08T22:09:35.0297007Z [command]/usr/bin/git config --local --name-only --get-regexp http\.https\:\/\/github\.com\/\.extraheader
Avaliar a mesma candidata / Conferir RC ativa, papéis e proteções	UNKNOWN STEP	2026-10-08T22:09:35.0329032Z [command]/usr/bin/git submodule foreach --recursive sh -c "git config --local --name-only --get-regexp 'http\.https\:\/\/github\.com\/\.extraheader' && git config --local --unset-all 'http.https://github.com/.extraheader' || :"
Avaliar a mesma candidata / Conferir RC ativa, papéis e proteções	UNKNOWN STEP	2026-10-08T22:09:35.0526944Z [command]/usr/bin/git config --local --name-only --get-regexp ^includeIf\.gitdir:
Avaliar a mesma candidata / Conferir RC ativa, papéis e proteções	UNKNOWN STEP	2026-10-08T22:09:35.0558013Z [command]/usr/bin/git submodule foreach --recursive git config --local --show-origin --name-only --get-regexp remote.origin.url
Avaliar a mesma candidata / Conferir RC ativa, papéis e proteções	UNKNOWN STEP	2026-10-08T22:09:35.0752773Z [command]/usr/bin/git config --local http.https://github.com/.extraheader AUTHORIZATION: basic ***
Avaliar a mesma candidata / Conferir RC ativa, papéis e proteções	UNKNOWN STEP	2026-10-08T22:09:35.0804651Z ##[endgroup]
Avaliar a mesma candidata / Conferir RC ativa, papéis e proteções	UNKNOWN STEP	2026-10-08T22:09:35.0805563Z ##[group]Fetching the repository
Avaliar a mesma candidata / Conferir RC ativa, papéis e proteções	UNKNOWN STEP	2026-10-08T22:09:35.0812717Z [command]/usr/bin/git -c protocol.version=2 fetch --prune --no-recurse-submodules origin +refs/heads/*:refs/remotes/origin/* +refs/tags/*:refs/tags/*
Avaliar a mesma candidata / Conferir RC ativa, papéis e proteções	UNKNOWN STEP	2026-10-08T22:09:36.9746407Z From https://github.com/israelhudson/flutter_code_push_example
Avaliar a mesma candidata / Conferir RC ativa, papéis e proteções	UNKNOWN STEP	2026-10-08T22:09:36.9747827Z  * [new branch]      codex/candidate-lab-delivery-2026-10-06-rc.1 -> origin/codex/candidate-lab-delivery-2026-10-06-rc.1
Avaliar a mesma candidata / Conferir RC ativa, papéis e proteções	UNKNOWN STEP	2026-10-08T22:09:36.9748897Z  * [new branch]      codex/delivery-state    -> origin/codex/delivery-state
Avaliar a mesma candidata / Conferir RC ativa, papéis e proteções	UNKNOWN STEP	2026-10-08T22:09:36.9749749Z  * [new branch]      codex/fix-lab-release-upload -> origin/codex/fix-lab-release-upload
Avaliar a mesma candidata / Conferir RC ativa, papéis e proteções	UNKNOWN STEP	2026-10-08T22:09:36.9750712Z  * [new branch]      codex/flutter-sdk-bootstrap -> origin/codex/flutter-sdk-bootstrap
Avaliar a mesma candidata / Conferir RC ativa, papéis e proteções	UNKNOWN STEP	2026-10-08T22:09:36.9752620Z  * [new branch]      codex/github-release-approval-poc -> origin/codex/github-release-approval-poc
Avaliar a mesma candidata / Conferir RC ativa, papéis e proteções	UNKNOWN STEP	2026-10-08T22:09:36.9753885Z  * [new branch]      codex/lab-promotion-evidence -> origin/codex/lab-promotion-evidence
Avaliar a mesma candidata / Conferir RC ativa, papéis e proteções	UNKNOWN STEP	2026-10-08T22:09:36.9754819Z  * [new branch]      codex/lab-release-result -> origin/codex/lab-release-result
Avaliar a mesma candidata / Conferir RC ativa, papéis e proteções	UNKNOWN STEP	2026-10-08T22:09:36.9755726Z  * [new branch]      codex/lab-reviewed-promotion -> origin/codex/lab-reviewed-promotion
Avaliar a mesma candidata / Conferir RC ativa, papéis e proteções	UNKNOWN STEP	2026-10-08T22:09:36.9756617Z  * [new branch]      codex/lab-versions      -> origin/codex/lab-versions
Avaliar a mesma candidata / Conferir RC ativa, papéis e proteções	UNKNOWN STEP	2026-10-08T22:09:36.9757507Z  * [new branch]      codex/laboratory-release-records -> origin/codex/laboratory-release-records
Avaliar a mesma candidata / Conferir RC ativa, papéis e proteções	UNKNOWN STEP	2026-10-08T22:09:36.9759386Z  * [new branch]      codex/operational-delivery-preview -> origin/codex/operational-delivery-preview
Avaliar a mesma candidata / Conferir RC ativa, papéis e proteções	UNKNOWN STEP	2026-10-08T22:09:36.9760914Z  * [new branch]      codex/pages-previews    -> origin/codex/pages-previews
Avaliar a mesma candidata / Conferir RC ativa, papéis e proteções	UNKNOWN STEP	2026-10-08T22:09:36.9762115Z  * [new branch]      codex/pages-publication-verification -> origin/codex/pages-publication-verification
Avaliar a mesma candidata / Conferir RC ativa, papéis e proteções	UNKNOWN STEP	2026-10-08T22:09:36.9763233Z  * [new branch]      codex/release-lab-rc2-correction -> origin/codex/release-lab-rc2-correction
Avaliar a mesma candidata / Conferir RC ativa, papéis e proteções	UNKNOWN STEP	2026-10-08T22:09:36.9764315Z  * [new branch]      codex/release-lab-real-promotion -> origin/codex/release-lab-real-promotion
Avaliar a mesma candidata / Conferir RC ativa, papéis e proteções	UNKNOWN STEP	2026-10-08T22:09:36.9765310Z  * [new branch]      codex/release-lab-state -> origin/codex/release-lab-state
Avaliar a mesma candidata / Conferir RC ativa, papéis e proteções	UNKNOWN STEP	2026-10-08T22:09:36.9766246Z  * [new branch]      codex/release-lab-two-approvers -> origin/codex/release-lab-two-approvers
Avaliar a mesma candidata / Conferir RC ativa, papéis e proteções	UNKNOWN STEP	2026-10-08T22:09:36.9767180Z  * [new branch]      docs/estudo-shorebird-amulets -> origin/docs/estudo-shorebird-amulets
Avaliar a mesma candidata / Conferir RC ativa, papéis e proteções	UNKNOWN STEP	2026-10-08T22:09:36.9768139Z  * [new branch]      feature/shorebird-code-push-setup -> origin/feature/shorebird-code-push-setup
Avaliar a mesma candidata / Conferir RC ativa, papéis e proteções	UNKNOWN STEP	2026-10-08T22:09:36.9768943Z  * [new branch]      main                    -> origin/main
Avaliar a mesma candidata / Conferir RC ativa, papéis e proteções	UNKNOWN STEP	2026-10-08T22:09:36.9769579Z  * [new branch]      release/1.4.0           -> origin/release/1.4.0
Avaliar a mesma candidata / Conferir RC ativa, papéis e proteções	UNKNOWN STEP	2026-10-08T22:09:36.9770258Z  * [new branch]      release/1.5.0           -> origin/release/1.5.0
Avaliar a mesma candidata / Conferir RC ativa, papéis e proteções	UNKNOWN STEP	2026-10-08T22:09:36.9770937Z  * [new tag]         entrega-0100-rc.1       -> entrega-0100-rc.1
Avaliar a mesma candidata / Conferir RC ativa, papéis e proteções	UNKNOWN STEP	2026-10-08T22:09:36.9771799Z  * [new tag]         lab/delivery/2026-10-06-rc.1 -> lab/delivery/2026-10-06-rc.1
Avaliar a mesma candidata / Conferir RC ativa, papéis e proteções	UNKNOWN STEP	2026-10-08T22:09:36.9772482Z  * [new tag]         v1.4.0-rc.1             -> v1.4.0-rc.1
Avaliar a mesma candidata / Conferir RC ativa, papéis e proteções	UNKNOWN STEP	2026-10-08T22:09:36.9773080Z  * [new tag]         v1.5.0-rc.1             -> v1.5.0-rc.1
Avaliar a mesma candidata / Conferir RC ativa, papéis e proteções	UNKNOWN STEP	2026-10-08T22:09:36.9773656Z  * [new tag]         v1.5.0-rc.2             -> v1.5.0-rc.2
Avaliar a mesma candidata / Conferir RC ativa, papéis e proteções	UNKNOWN STEP	2026-10-08T22:09:36.9775424Z ##[endgroup]
Avaliar a mesma candidata / Conferir RC ativa, papéis e proteções	UNKNOWN STEP	2026-10-08T22:09:36.9776289Z ##[group]Determining the checkout info
Avaliar a mesma candidata / Conferir RC ativa, papéis e proteções	UNKNOWN STEP	2026-10-08T22:09:36.9777093Z ##[endgroup]
Avaliar a mesma candidata / Conferir RC ativa, papéis e proteções	UNKNOWN STEP	2026-10-08T22:09:36.9777520Z [command]/usr/bin/git sparse-checkout disable
Avaliar a mesma candidata / Conferir RC ativa, papéis e proteções	UNKNOWN STEP	2026-10-08T22:09:36.9992637Z [command]/usr/bin/git config --local --unset-all extensions.worktreeConfig
Avaliar a mesma candidata / Conferir RC ativa, papéis e proteções	UNKNOWN STEP	2026-10-08T22:09:37.0023435Z ##[group]Checking out the ref
Avaliar a mesma candidata / Conferir RC ativa, papéis e proteções	UNKNOWN STEP	2026-10-08T22:09:37.0026716Z [command]/usr/bin/git checkout --progress --force -B main refs/remotes/origin/main
Avaliar a mesma candidata / Conferir RC ativa, papéis e proteções	UNKNOWN STEP	2026-10-08T22:09:37.0231545Z Switched to a new branch 'main'
Avaliar a mesma candidata / Conferir RC ativa, papéis e proteções	UNKNOWN STEP	2026-10-08T22:09:37.0234554Z branch 'main' set up to track 'origin/main'.
Avaliar a mesma candidata / Conferir RC ativa, papéis e proteções	UNKNOWN STEP	2026-10-08T22:09:37.0240339Z ##[endgroup]
Avaliar a mesma candidata / Conferir RC ativa, papéis e proteções	UNKNOWN STEP	2026-10-08T22:09:37.0280342Z [command]/usr/bin/git log -1 --format=%H
Avaliar a mesma candidata / Conferir RC ativa, papéis e proteções	UNKNOWN STEP	2026-10-08T22:09:37.0318571Z 9c4ad37fc415a98ef2a8cfdc5be8d5cf97fe35b0
Avaliar a mesma candidata / Conferir RC ativa, papéis e proteções	UNKNOWN STEP	2026-10-08T22:09:37.0328081Z ##[group]Removing auth
Avaliar a mesma candidata / Conferir RC ativa, papéis e proteções	UNKNOWN STEP	2026-10-08T22:09:37.0332030Z [command]/usr/bin/git config --local --name-only --get-regexp core\.sshCommand
Avaliar a mesma candidata / Conferir RC ativa, papéis e proteções	UNKNOWN STEP	2026-10-08T22:09:37.0362234Z [command]/usr/bin/git submodule foreach --recursive sh -c "git config --local --name-only --get-regexp 'core\.sshCommand' && git config --local --unset-all 'core.sshCommand' || :"
Avaliar a mesma candidata / Conferir RC ativa, papéis e proteções	UNKNOWN STEP	2026-10-08T22:09:37.0556653Z [command]/usr/bin/git config --local --name-only --get-regexp http\.https\:\/\/github\.com\/\.extraheader
Avaliar a mesma candidata / Conferir RC ativa, papéis e proteções	UNKNOWN STEP	2026-10-08T22:09:37.0580988Z http.https://github.com/.extraheader
Avaliar a mesma candidata / Conferir RC ativa, papéis e proteções	UNKNOWN STEP	2026-10-08T22:09:37.0586760Z [command]/usr/bin/git config --local --unset-all http.https://github.com/.extraheader
Avaliar a mesma candidata / Conferir RC ativa, papéis e proteções	UNKNOWN STEP	2026-10-08T22:09:37.0617423Z [command]/usr/bin/git submodule foreach --recursive sh -c "git config --local --name-only --get-regexp 'http\.https\:\/\/github\.com\/\.extraheader' && git config --local --unset-all 'http.https://github.com/.extraheader' || :"
Avaliar a mesma candidata / Conferir RC ativa, papéis e proteções	UNKNOWN STEP	2026-10-08T22:09:37.0807971Z [command]/usr/bin/git config --local --name-only --get-regexp ^includeIf\.gitdir:
Avaliar a mesma candidata / Conferir RC ativa, papéis e proteções	UNKNOWN STEP	2026-10-08T22:09:37.0835873Z [command]/usr/bin/git submodule foreach --recursive git config --local --show-origin --name-only --get-regexp remote.origin.url
Avaliar a mesma candidata / Conferir RC ativa, papéis e proteções	UNKNOWN STEP	2026-10-08T22:09:37.1024879Z ##[endgroup]
Avaliar a mesma candidata / Conferir RC ativa, papéis e proteções	UNKNOWN STEP	2026-10-08T22:09:37.1222755Z ##[group]Run python3 trusted/tools/delivery/release_lab.py preflight --candidate-tag "$CANDIDATE_TAG" --output "$RUNNER_TEMP/release-lab"
Avaliar a mesma candidata / Conferir RC ativa, papéis e proteções	UNKNOWN STEP	2026-10-08T22:09:37.1224323Z ^[[36;1mpython3 trusted/tools/delivery/release_lab.py preflight --candidate-tag "$CANDIDATE_TAG" --output "$RUNNER_TEMP/release-lab"^[[0m
Avaliar a mesma candidata / Conferir RC ativa, papéis e proteções	UNKNOWN STEP	2026-10-08T22:09:37.1434657Z shell: /usr/bin/bash -e {0}
Avaliar a mesma candidata / Conferir RC ativa, papéis e proteções	UNKNOWN STEP	2026-10-08T22:09:37.1435169Z env:
Avaliar a mesma candidata / Conferir RC ativa, papéis e proteções	UNKNOWN STEP	2026-10-08T22:09:37.1438337Z   GH_TOKEN: ***
Avaliar a mesma candidata / Conferir RC ativa, papéis e proteções	UNKNOWN STEP	2026-10-08T22:09:37.1438775Z   CANDIDATE_TAG: v1.5.0-rc.2
Avaliar a mesma candidata / Conferir RC ativa, papéis e proteções	UNKNOWN STEP	2026-10-08T22:09:37.1439198Z ##[endgroup]
Avaliar a mesma candidata / Conferir RC ativa, papéis e proteções	UNKNOWN STEP	2026-10-08T22:09:44.5538191Z {"candidate_tag": "v1.5.0-rc.2", "source_sha": "b8763ec5adc5e24ce34f474a66a079b48a9ffa0f", "tooling_sha": "9c4ad37fc415a98ef2a8cfdc5be8d5cf97fe35b0", "first_environment": "aprovacao-israel", "first_login": "israelhudson", "second_environment": "aprovacao-fahnassau30", "second_login": "fahnassau30", "final_environment": "autorizar-publicacao"}
Avaliar a mesma candidata / Conferir RC ativa, papéis e proteções	UNKNOWN STEP	2026-10-08T22:09:44.5693633Z ##[group]Run actions/upload-artifact@ea165f8d65b6e75b540449e92b4886f43607fa02
Avaliar a mesma candidata / Conferir RC ativa, papéis e proteções	UNKNOWN STEP	2026-10-08T22:09:44.5694018Z with:
Avaliar a mesma candidata / Conferir RC ativa, papéis e proteções	UNKNOWN STEP	2026-10-08T22:09:44.5694233Z   name: release-lab-preflight
Avaliar a mesma candidata / Conferir RC ativa, papéis e proteções	UNKNOWN STEP	2026-10-08T22:09:44.5694504Z   path: /home/runner/work/_temp/release-lab/
Avaliar a mesma candidata / Conferir RC ativa, papéis e proteções	UNKNOWN STEP	2026-10-08T22:09:44.5694784Z   if-no-files-found: ignore
Avaliar a mesma candidata / Conferir RC ativa, papéis e proteções	UNKNOWN STEP	2026-10-08T22:09:44.5695014Z   retention-days: 90
Avaliar a mesma candidata / Conferir RC ativa, papéis e proteções	UNKNOWN STEP	2026-10-08T22:09:44.5695229Z   overwrite: false
Avaliar a mesma candidata / Conferir RC ativa, papéis e proteções	UNKNOWN STEP	2026-10-08T22:09:44.5695445Z   compression-level: 6
Avaliar a mesma candidata / Conferir RC ativa, papéis e proteções	UNKNOWN STEP	2026-10-08T22:09:44.5695675Z   include-hidden-files: false
Avaliar a mesma candidata / Conferir RC ativa, papéis e proteções	UNKNOWN STEP	2026-10-08T22:09:44.5695929Z ##[endgroup]
Avaliar a mesma candidata / Conferir RC ativa, papéis e proteções	UNKNOWN STEP	2026-10-08T22:09:44.7098263Z (node:2318) [DEP0040] DeprecationWarning: The `punycode` module is deprecated. Please use a userland alternative instead.
Avaliar a mesma candidata / Conferir RC ativa, papéis e proteções	UNKNOWN STEP	2026-10-08T22:09:44.7099353Z (Use `node --trace-deprecation ...` to show where the warning was created)
Avaliar a mesma candidata / Conferir RC ativa, papéis e proteções	UNKNOWN STEP	2026-10-08T22:09:44.7151937Z With the provided path, there will be 1 file uploaded
Avaliar a mesma candidata / Conferir RC ativa, papéis e proteções	UNKNOWN STEP	2026-10-08T22:09:44.7153450Z Artifact name is valid!
Avaliar a mesma candidata / Conferir RC ativa, papéis e proteções	UNKNOWN STEP	2026-10-08T22:09:44.7154448Z Root directory input is valid!
Avaliar a mesma candidata / Conferir RC ativa, papéis e proteções	UNKNOWN STEP	2026-10-08T22:09:45.0547320Z Beginning upload of artifact content to blob storage
Avaliar a mesma candidata / Conferir RC ativa, papéis e proteções	UNKNOWN STEP	2026-10-08T22:09:45.0688647Z (node:2318) [DEP0169] DeprecationWarning: `url.parse()` behavior is not standardized and prone to errors that have security implications. Use the WHATWG URL API instead. CVEs are not issued for `url.parse()` vulnerabilities.
Avaliar a mesma candidata / Conferir RC ativa, papéis e proteções	UNKNOWN STEP	2026-10-08T22:09:45.2845323Z Uploaded bytes 586
Avaliar a mesma candidata / Conferir RC ativa, papéis e proteções	UNKNOWN STEP	2026-10-08T22:09:45.3462284Z Finished uploading artifact content to blob storage!
Avaliar a mesma candidata / Conferir RC ativa, papéis e proteções	UNKNOWN STEP	2026-10-08T22:09:45.3462904Z SHA256 digest of uploaded artifact zip is 431a1b21df1a56529763270f4b93ddf8d13a583b294077ba101e4cb4afed9bcf
Avaliar a mesma candidata / Conferir RC ativa, papéis e proteções	UNKNOWN STEP	2026-10-08T22:09:45.3464575Z Finalizing artifact upload
Avaliar a mesma candidata / Conferir RC ativa, papéis e proteções	UNKNOWN STEP	2026-10-08T22:09:45.5998350Z Artifact release-lab-preflight.zip successfully finalized. Artifact ID 11582366316
Avaliar a mesma candidata / Conferir RC ativa, papéis e proteções	UNKNOWN STEP	2026-10-08T22:09:45.5999356Z Artifact release-lab-preflight has been successfully uploaded! Final size is 586 bytes. Artifact ID is 11582366316
Avaliar a mesma candidata / Conferir RC ativa, papéis e proteções	UNKNOWN STEP	2026-10-08T22:09:45.6003748Z Artifact download URL: https://github.com/israelhudson/flutter_code_push_example/actions/runs/37851607911/artifacts/11582366316
Avaliar a mesma candidata / Conferir RC ativa, papéis e proteções	UNKNOWN STEP	2026-10-08T22:09:45.6189229Z Post job cleanup.
Avaliar a mesma candidata / Conferir RC ativa, papéis e proteções	UNKNOWN STEP	2026-10-08T22:09:45.6875584Z [command]/usr/bin/git version
Avaliar a mesma candidata / Conferir RC ativa, papéis e proteções	UNKNOWN STEP	2026-10-08T22:09:45.6912997Z git version 2.55.0
Avaliar a mesma candidata / Conferir RC ativa, papéis e proteções	UNKNOWN STEP	2026-10-08T22:09:45.6946887Z Temporarily overriding HOME='/home/runner/work/_temp/562356c7-9f9c-4054-a075-42e63064d198' before making global git config changes
Avaliar a mesma candidata / Conferir RC ativa, papéis e proteções	UNKNOWN STEP	2026-10-08T22:09:45.6947875Z Adding repository directory to the temporary git global config as a safe directory
Avaliar a mesma candidata / Conferir RC ativa, papéis e proteções	UNKNOWN STEP	2026-10-08T22:09:45.6952289Z [command]/usr/bin/git config --global --add safe.directory /home/runner/work/flutter_code_push_example/flutter_code_push_example/trusted
Avaliar a mesma candidata / Conferir RC ativa, papéis e proteções	UNKNOWN STEP	2026-10-08T22:09:45.6988332Z [command]/usr/bin/git config --local --name-only --get-regexp core\.sshCommand
Avaliar a mesma candidata / Conferir RC ativa, papéis e proteções	UNKNOWN STEP	2026-10-08T22:09:45.7018625Z [command]/usr/bin/git submodule foreach --recursive sh -c "git config --local --name-only --get-regexp 'core\.sshCommand' && git config --local --unset-all 'core.sshCommand' || :"
Avaliar a mesma candidata / Conferir RC ativa, papéis e proteções	UNKNOWN STEP	2026-10-08T22:09:45.7226792Z [command]/usr/bin/git config --local --name-only --get-regexp http\.https\:\/\/github\.com\/\.extraheader
Avaliar a mesma candidata / Conferir RC ativa, papéis e proteções	UNKNOWN STEP	2026-10-08T22:09:45.7255817Z [command]/usr/bin/git submodule foreach --recursive sh -c "git config --local --name-only --get-regexp 'http\.https\:\/\/github\.com\/\.extraheader' && git config --local --unset-all 'http.https://github.com/.extraheader' || :"
Avaliar a mesma candidata / Conferir RC ativa, papéis e proteções	UNKNOWN STEP	2026-10-08T22:09:45.7469101Z [command]/usr/bin/git config --local --name-only --get-regexp ^includeIf\.gitdir:
Avaliar a mesma candidata / Conferir RC ativa, papéis e proteções	UNKNOWN STEP	2026-10-08T22:09:45.7500843Z [command]/usr/bin/git submodule foreach --recursive git config --local --show-origin --name-only --get-regexp remote.origin.url
Avaliar a mesma candidata / Conferir RC ativa, papéis e proteções	UNKNOWN STEP	2026-10-08T22:09:45.7844737Z Evaluate and set job outputs
Avaliar a mesma candidata / Conferir RC ativa, papéis e proteções	UNKNOWN STEP	2026-10-08T22:09:45.7851706Z Set output 'candidate_tag'
Avaliar a mesma candidata / Conferir RC ativa, papéis e proteções	UNKNOWN STEP	2026-10-08T22:09:45.7853059Z Set output 'source_sha'
Avaliar a mesma candidata / Conferir RC ativa, papéis e proteções	UNKNOWN STEP	2026-10-08T22:09:45.7853682Z Set output 'tooling_sha'
Avaliar a mesma candidata / Conferir RC ativa, papéis e proteções	UNKNOWN STEP	2026-10-08T22:09:45.7853987Z Set output 'first_environment'
Avaliar a mesma candidata / Conferir RC ativa, papéis e proteções	UNKNOWN STEP	2026-10-08T22:09:45.7854289Z Set output 'second_environment'
Avaliar a mesma candidata / Conferir RC ativa, papéis e proteções	UNKNOWN STEP	2026-10-08T22:09:45.7854592Z Set output 'final_environment'
Avaliar a mesma candidata / Conferir RC ativa, papéis e proteções	UNKNOWN STEP	2026-10-08T22:09:45.7854876Z Set output 'first_login'
Avaliar a mesma candidata / Conferir RC ativa, papéis e proteções	UNKNOWN STEP	2026-10-08T22:09:45.7855151Z Set output 'second_login'
Avaliar a mesma candidata / Conferir RC ativa, papéis e proteções	UNKNOWN STEP	2026-10-08T22:09:45.7855861Z Cleaning up orphan processes
Avaliar a mesma candidata / Conferir RC ativa, papéis e proteções	UNKNOWN STEP	2026-10-08T22:09:45.8096354Z ##[warning]Node.js 20 is deprecated. The following actions target Node.js 20 but are being forced to run on Node.js 24: actions/checkout@11d5960a326750d5838078e36cf38b85af677262, actions/upload-artifact@ea165f8d65b6e75b540449e92b4886f43607fa02. For more information see: https://github.blog/changelog/2025-09-19-deprecation-of-node-20-on-github-actions-runners/
Avaliar a mesma candidata / Verificar e compilar web sem permissões de publicação	UNKNOWN STEP	﻿2026-10-08T22:09:51.2703663Z Current runner version: '2.337.0'
Avaliar a mesma candidata / Verificar e compilar web sem permissões de publicação	UNKNOWN STEP	2026-10-08T22:09:51.2722799Z ##[group]Runner Image Provisioner
Avaliar a mesma candidata / Verificar e compilar web sem permissões de publicação	UNKNOWN STEP	2026-10-08T22:09:51.2723349Z Hosted Compute Agent
Avaliar a mesma candidata / Verificar e compilar web sem permissões de publicação	UNKNOWN STEP	2026-10-08T22:09:51.2723674Z Version: 20261002.596
Avaliar a mesma candidata / Verificar e compilar web sem permissões de publicação	UNKNOWN STEP	2026-10-08T22:09:51.2724087Z Commit: c3d12f3313a95f25162a1503be624f3b0617f8c0
Avaliar a mesma candidata / Verificar e compilar web sem permissões de publicação	UNKNOWN STEP	2026-10-08T22:09:51.2724545Z Build Date: 2026-10-02T22:28:27Z
Avaliar a mesma candidata / Verificar e compilar web sem permissões de publicação	UNKNOWN STEP	2026-10-08T22:09:51.2724963Z Worker ID: {e959af66-7581-4b54-ab4c-783bcb5ac29a}
Avaliar a mesma candidata / Verificar e compilar web sem permissões de publicação	UNKNOWN STEP	2026-10-08T22:09:51.2725362Z Region: centralus
Avaliar a mesma candidata / Verificar e compilar web sem permissões de publicação	UNKNOWN STEP	2026-10-08T22:09:51.2725674Z Cloud: Azure
Avaliar a mesma candidata / Verificar e compilar web sem permissões de publicação	UNKNOWN STEP	2026-10-08T22:09:51.2726029Z ##[endgroup]
Avaliar a mesma candidata / Verificar e compilar web sem permissões de publicação	UNKNOWN STEP	2026-10-08T22:09:51.2726851Z ##[group]Operating System
Avaliar a mesma candidata / Verificar e compilar web sem permissões de publicação	UNKNOWN STEP	2026-10-08T22:09:51.2727223Z Ubuntu
Avaliar a mesma candidata / Verificar e compilar web sem permissões de publicação	UNKNOWN STEP	2026-10-08T22:09:51.2727533Z 24.04.5
Avaliar a mesma candidata / Verificar e compilar web sem permissões de publicação	UNKNOWN STEP	2026-10-08T22:09:51.2727827Z LTS
Avaliar a mesma candidata / Verificar e compilar web sem permissões de publicação	UNKNOWN STEP	2026-10-08T22:09:51.2728170Z ##[endgroup]
Avaliar a mesma candidata / Verificar e compilar web sem permissões de publicação	UNKNOWN STEP	2026-10-08T22:09:51.2728516Z ##[group]Runner Image
Avaliar a mesma candidata / Verificar e compilar web sem permissões de publicação	UNKNOWN STEP	2026-10-08T22:09:51.2728907Z Image: ubuntu-24.04
Avaliar a mesma candidata / Verificar e compilar web sem permissões de publicação	UNKNOWN STEP	2026-10-08T22:09:51.2729246Z Version: 20261004.327.1
Avaliar a mesma candidata / Verificar e compilar web sem permissões de publicação	UNKNOWN STEP	2026-10-08T22:09:51.2730200Z Included Software: https://github.com/actions/runner-images/blob/ubuntu24/20261004.327/images/ubuntu/Ubuntu2404-Readme.md
Avaliar a mesma candidata / Verificar e compilar web sem permissões de publicação	UNKNOWN STEP	2026-10-08T22:09:51.2731084Z Image Release: https://github.com/actions/runner-images/releases/tag/ubuntu24%2F20261004.327
Avaliar a mesma candidata / Verificar e compilar web sem permissões de publicação	UNKNOWN STEP	2026-10-08T22:09:51.2731916Z ##[endgroup]
Avaliar a mesma candidata / Verificar e compilar web sem permissões de publicação	UNKNOWN STEP	2026-10-08T22:09:51.2732593Z ##[group]GITHUB_TOKEN Permissions
Avaliar a mesma candidata / Verificar e compilar web sem permissões de publicação	UNKNOWN STEP	2026-10-08T22:09:51.2733944Z Contents: read
Avaliar a mesma candidata / Verificar e compilar web sem permissões de publicação	UNKNOWN STEP	2026-10-08T22:09:51.2734311Z Metadata: read
Avaliar a mesma candidata / Verificar e compilar web sem permissões de publicação	UNKNOWN STEP	2026-10-08T22:09:51.2734633Z ##[endgroup]
Avaliar a mesma candidata / Verificar e compilar web sem permissões de publicação	UNKNOWN STEP	2026-10-08T22:09:51.2736016Z Secret source: Actions
Avaliar a mesma candidata / Verificar e compilar web sem permissões de publicação	UNKNOWN STEP	2026-10-08T22:09:51.2736537Z Cache mode: write
Avaliar a mesma candidata / Verificar e compilar web sem permissões de publicação	UNKNOWN STEP	2026-10-08T22:09:51.2737058Z Prepare workflow directory
Avaliar a mesma candidata / Verificar e compilar web sem permissões de publicação	UNKNOWN STEP	2026-10-08T22:09:51.2966720Z Prepare all required actions
Avaliar a mesma candidata / Verificar e compilar web sem permissões de publicação	UNKNOWN STEP	2026-10-08T22:09:51.2997144Z Getting action download info
Avaliar a mesma candidata / Verificar e compilar web sem permissões de publicação	UNKNOWN STEP	2026-10-08T22:09:51.5241422Z Download action repository 'actions/checkout@11d5960a326750d5838078e36cf38b85af677262' (SHA:11d5960a326750d5838078e36cf38b85af677262)
Avaliar a mesma candidata / Verificar e compilar web sem permissões de publicação	UNKNOWN STEP	2026-10-08T22:09:51.6130974Z Download action repository 'actions/upload-artifact@ea165f8d65b6e75b540449e92b4886f43607fa02' (SHA:ea165f8d65b6e75b540449e92b4886f43607fa02)
Avaliar a mesma candidata / Verificar e compilar web sem permissões de publicação	UNKNOWN STEP	2026-10-08T22:09:51.8032751Z Uses: israelhudson/flutter_code_push_example/.github/workflows/release-lab-evaluate.yml@refs/heads/main (9c4ad37fc415a98ef2a8cfdc5be8d5cf97fe35b0)
Avaliar a mesma candidata / Verificar e compilar web sem permissões de publicação	UNKNOWN STEP	2026-10-08T22:09:51.8035889Z ##[group] Inputs
Avaliar a mesma candidata / Verificar e compilar web sem permissões de publicação	UNKNOWN STEP	2026-10-08T22:09:51.8036171Z   candidate_tag: v1.5.0-rc.2
Avaliar a mesma candidata / Verificar e compilar web sem permissões de publicação	UNKNOWN STEP	2026-10-08T22:09:51.8036439Z   version: 1.5.0
Avaliar a mesma candidata / Verificar e compilar web sem permissões de publicação	UNKNOWN STEP	2026-10-08T22:09:51.8036784Z   title: Laboratório corrigido — rejeição da RC1 e promoção da RC2
Avaliar a mesma candidata / Verificar e compilar web sem permissões de publicação	UNKNOWN STEP	2026-10-08T22:09:51.8037161Z ##[endgroup]
Avaliar a mesma candidata / Verificar e compilar web sem permissões de publicação	UNKNOWN STEP	2026-10-08T22:09:51.8037562Z Complete job name: Avaliar a mesma candidata / Verificar e compilar web sem permissões de publicação
Avaliar a mesma candidata / Verificar e compilar web sem permissões de publicação	UNKNOWN STEP	2026-10-08T22:09:51.8499476Z ##[group]Run actions/checkout@11d5960a326750d5838078e36cf38b85af677262
Avaliar a mesma candidata / Verificar e compilar web sem permissões de publicação	UNKNOWN STEP	2026-10-08T22:09:51.8499984Z with:
Avaliar a mesma candidata / Verificar e compilar web sem permissões de publicação	UNKNOWN STEP	2026-10-08T22:09:51.8500243Z   ref: 9c4ad37fc415a98ef2a8cfdc5be8d5cf97fe35b0
Avaliar a mesma candidata / Verificar e compilar web sem permissões de publicação	UNKNOWN STEP	2026-10-08T22:09:51.8500553Z   path: trusted
Avaliar a mesma candidata / Verificar e compilar web sem permissões de publicação	UNKNOWN STEP	2026-10-08T22:09:51.8500781Z   fetch-depth: 0
Avaliar a mesma candidata / Verificar e compilar web sem permissões de publicação	UNKNOWN STEP	2026-10-08T22:09:51.8501017Z   persist-credentials: false
Avaliar a mesma candidata / Verificar e compilar web sem permissões de publicação	UNKNOWN STEP	2026-10-08T22:09:51.8501321Z   repository: israelhudson/flutter_code_push_example
Avaliar a mesma candidata / Verificar e compilar web sem permissões de publicação	UNKNOWN STEP	2026-10-08T22:09:51.8503498Z   token: ***
Avaliar a mesma candidata / Verificar e compilar web sem permissões de publicação	UNKNOWN STEP	2026-10-08T22:09:51.8503721Z   ssh-strict: true
Avaliar a mesma candidata / Verificar e compilar web sem permissões de publicação	UNKNOWN STEP	2026-10-08T22:09:51.8503948Z   ssh-user: git
Avaliar a mesma candidata / Verificar e compilar web sem permissões de publicação	UNKNOWN STEP	2026-10-08T22:09:51.8504167Z   clean: true
Avaliar a mesma candidata / Verificar e compilar web sem permissões de publicação	UNKNOWN STEP	2026-10-08T22:09:51.8504399Z   sparse-checkout-cone-mode: true
Avaliar a mesma candidata / Verificar e compilar web sem permissões de publicação	UNKNOWN STEP	2026-10-08T22:09:51.8504672Z   fetch-tags: false
Avaliar a mesma candidata / Verificar e compilar web sem permissões de publicação	UNKNOWN STEP	2026-10-08T22:09:51.8504904Z   show-progress: true
Avaliar a mesma candidata / Verificar e compilar web sem permissões de publicação	UNKNOWN STEP	2026-10-08T22:09:51.8505137Z   lfs: false
Avaliar a mesma candidata / Verificar e compilar web sem permissões de publicação	UNKNOWN STEP	2026-10-08T22:09:51.8505353Z   submodules: false
Avaliar a mesma candidata / Verificar e compilar web sem permissões de publicação	UNKNOWN STEP	2026-10-08T22:09:51.8505590Z   set-safe-directory: true
Avaliar a mesma candidata / Verificar e compilar web sem permissões de publicação	UNKNOWN STEP	2026-10-08T22:09:51.8505852Z   allow-unsafe-pr-checkout: false
Avaliar a mesma candidata / Verificar e compilar web sem permissões de publicação	UNKNOWN STEP	2026-10-08T22:09:51.8506217Z ##[endgroup]
Avaliar a mesma candidata / Verificar e compilar web sem permissões de publicação	UNKNOWN STEP	2026-10-08T22:09:51.9135757Z Syncing repository: israelhudson/flutter_code_push_example
Avaliar a mesma candidata / Verificar e compilar web sem permissões de publicação	UNKNOWN STEP	2026-10-08T22:09:51.9137440Z ##[group]Getting Git version info
Avaliar a mesma candidata / Verificar e compilar web sem permissões de publicação	UNKNOWN STEP	2026-10-08T22:09:51.9138215Z Working directory is '/home/runner/work/flutter_code_push_example/flutter_code_push_example/trusted'
Avaliar a mesma candidata / Verificar e compilar web sem permissões de publicação	UNKNOWN STEP	2026-10-08T22:09:51.9139231Z [command]/usr/bin/git version
Avaliar a mesma candidata / Verificar e compilar web sem permissões de publicação	UNKNOWN STEP	2026-10-08T22:09:51.9210704Z git version 2.55.0
Avaliar a mesma candidata / Verificar e compilar web sem permissões de publicação	UNKNOWN STEP	2026-10-08T22:09:51.9225742Z ##[endgroup]
Avaliar a mesma candidata / Verificar e compilar web sem permissões de publicação	UNKNOWN STEP	2026-10-08T22:09:51.9236608Z Temporarily overriding HOME='/home/runner/work/_temp/4ac8e40d-ecad-42d9-878e-c93c61f55a4b' before making global git config changes
Avaliar a mesma candidata / Verificar e compilar web sem permissões de publicação	UNKNOWN STEP	2026-10-08T22:09:51.9237505Z Adding repository directory to the temporary git global config as a safe directory
Avaliar a mesma candidata / Verificar e compilar web sem permissões de publicação	UNKNOWN STEP	2026-10-08T22:09:51.9240804Z [command]/usr/bin/git config --global --add safe.directory /home/runner/work/flutter_code_push_example/flutter_code_push_example/trusted
Avaliar a mesma candidata / Verificar e compilar web sem permissões de publicação	UNKNOWN STEP	2026-10-08T22:09:51.9291858Z ##[group]Initializing the repository
Avaliar a mesma candidata / Verificar e compilar web sem permissões de publicação	UNKNOWN STEP	2026-10-08T22:09:51.9292683Z [command]/usr/bin/git init /home/runner/work/flutter_code_push_example/flutter_code_push_example/trusted
Avaliar a mesma candidata / Verificar e compilar web sem permissões de publicação	UNKNOWN STEP	2026-10-08T22:09:51.9395464Z hint: Using 'master' as the name for the initial branch. This default branch name
Avaliar a mesma candidata / Verificar e compilar web sem permissões de publicação	UNKNOWN STEP	2026-10-08T22:09:51.9396142Z hint: will change to "main" in Git 3.0. To configure the initial branch name
Avaliar a mesma candidata / Verificar e compilar web sem permissões de publicação	UNKNOWN STEP	2026-10-08T22:09:51.9396894Z hint: to use in all of your new repositories, which will suppress this warning,
Avaliar a mesma candidata / Verificar e compilar web sem permissões de publicação	UNKNOWN STEP	2026-10-08T22:09:51.9397478Z hint: call:
Avaliar a mesma candidata / Verificar e compilar web sem permissões de publicação	UNKNOWN STEP	2026-10-08T22:09:51.9397793Z hint:
Avaliar a mesma candidata / Verificar e compilar web sem permissões de publicação	UNKNOWN STEP	2026-10-08T22:09:51.9398247Z hint: 	git config --global init.defaultBranch <name>
Avaliar a mesma candidata / Verificar e compilar web sem permissões de publicação	UNKNOWN STEP	2026-10-08T22:09:51.9398734Z hint:
Avaliar a mesma candidata / Verificar e compilar web sem permissões de publicação	UNKNOWN STEP	2026-10-08T22:09:51.9399186Z hint: Names commonly chosen instead of 'master' are 'main', 'trunk' and
Avaliar a mesma candidata / Verificar e compilar web sem permissões de publicação	UNKNOWN STEP	2026-10-08T22:09:51.9399923Z hint: 'development'. The just-created branch can be renamed via this command:
Avaliar a mesma candidata / Verificar e compilar web sem permissões de publicação	UNKNOWN STEP	2026-10-08T22:09:51.9400329Z hint:
Avaliar a mesma candidata / Verificar e compilar web sem permissões de publicação	UNKNOWN STEP	2026-10-08T22:09:51.9400550Z hint: 	git branch -m <name>
Avaliar a mesma candidata / Verificar e compilar web sem permissões de publicação	UNKNOWN STEP	2026-10-08T22:09:51.9400797Z hint:
Avaliar a mesma candidata / Verificar e compilar web sem permissões de publicação	UNKNOWN STEP	2026-10-08T22:09:51.9401121Z hint: Disable this message with "git config set advice.defaultBranchName false"
Avaliar a mesma candidata / Verificar e compilar web sem permissões de publicação	UNKNOWN STEP	2026-10-08T22:09:51.9401784Z Initialized empty Git repository in /home/runner/work/flutter_code_push_example/flutter_code_push_example/trusted/.git/
Avaliar a mesma candidata / Verificar e compilar web sem permissões de publicação	UNKNOWN STEP	2026-10-08T22:09:51.9415662Z [command]/usr/bin/git remote add origin https://github.com/israelhudson/flutter_code_push_example
Avaliar a mesma candidata / Verificar e compilar web sem permissões de publicação	UNKNOWN STEP	2026-10-08T22:09:51.9450343Z ##[endgroup]
Avaliar a mesma candidata / Verificar e compilar web sem permissões de publicação	UNKNOWN STEP	2026-10-08T22:09:51.9450758Z ##[group]Disabling automatic garbage collection
Avaliar a mesma candidata / Verificar e compilar web sem permissões de publicação	UNKNOWN STEP	2026-10-08T22:09:51.9453509Z [command]/usr/bin/git config --local gc.auto 0
Avaliar a mesma candidata / Verificar e compilar web sem permissões de publicação	UNKNOWN STEP	2026-10-08T22:09:51.9478608Z ##[endgroup]
Avaliar a mesma candidata / Verificar e compilar web sem permissões de publicação	UNKNOWN STEP	2026-10-08T22:09:51.9478991Z ##[group]Setting up auth
Avaliar a mesma candidata / Verificar e compilar web sem permissões de publicação	UNKNOWN STEP	2026-10-08T22:09:51.9484183Z [command]/usr/bin/git config --local --name-only --get-regexp core\.sshCommand
Avaliar a mesma candidata / Verificar e compilar web sem permissões de publicação	UNKNOWN STEP	2026-10-08T22:09:51.9510580Z [command]/usr/bin/git submodule foreach --recursive sh -c "git config --local --name-only --get-regexp 'core\.sshCommand' && git config --local --unset-all 'core.sshCommand' || :"
Avaliar a mesma candidata / Verificar e compilar web sem permissões de publicação	UNKNOWN STEP	2026-10-08T22:09:51.9810961Z [command]/usr/bin/git config --local --name-only --get-regexp http\.https\:\/\/github\.com\/\.extraheader
Avaliar a mesma candidata / Verificar e compilar web sem permissões de publicação	UNKNOWN STEP	2026-10-08T22:09:51.9840647Z [command]/usr/bin/git submodule foreach --recursive sh -c "git config --local --name-only --get-regexp 'http\.https\:\/\/github\.com\/\.extraheader' && git config --local --unset-all 'http.https://github.com/.extraheader' || :"
Avaliar a mesma candidata / Verificar e compilar web sem permissões de publicação	UNKNOWN STEP	2026-10-08T22:09:52.0016440Z [command]/usr/bin/git config --local --name-only --get-regexp ^includeIf\.gitdir:
Avaliar a mesma candidata / Verificar e compilar web sem permissões de publicação	UNKNOWN STEP	2026-10-08T22:09:52.0044994Z [command]/usr/bin/git submodule foreach --recursive git config --local --show-origin --name-only --get-regexp remote.origin.url
Avaliar a mesma candidata / Verificar e compilar web sem permissões de publicação	UNKNOWN STEP	2026-10-08T22:09:52.0215631Z [command]/usr/bin/git config --local http.https://github.com/.extraheader AUTHORIZATION: basic ***
Avaliar a mesma candidata / Verificar e compilar web sem permissões de publicação	UNKNOWN STEP	2026-10-08T22:09:52.0605674Z ##[endgroup]
Avaliar a mesma candidata / Verificar e compilar web sem permissões de publicação	UNKNOWN STEP	2026-10-08T22:09:52.0606756Z ##[group]Fetching the repository
Avaliar a mesma candidata / Verificar e compilar web sem permissões de publicação	UNKNOWN STEP	2026-10-08T22:09:52.0608248Z [command]/usr/bin/git -c protocol.version=2 fetch --prune --no-recurse-submodules origin +refs/heads/*:refs/remotes/origin/* +refs/tags/*:refs/tags/*
Avaliar a mesma candidata / Verificar e compilar web sem permissões de publicação	UNKNOWN STEP	2026-10-08T22:09:53.4459251Z From https://github.com/israelhudson/flutter_code_push_example
Avaliar a mesma candidata / Verificar e compilar web sem permissões de publicação	UNKNOWN STEP	2026-10-08T22:09:53.4461705Z  * [new branch]      codex/candidate-lab-delivery-2026-10-06-rc.1 -> origin/codex/candidate-lab-delivery-2026-10-06-rc.1
Avaliar a mesma candidata / Verificar e compilar web sem permissões de publicação	UNKNOWN STEP	2026-10-08T22:09:53.4463331Z  * [new branch]      codex/delivery-state    -> origin/codex/delivery-state
Avaliar a mesma candidata / Verificar e compilar web sem permissões de publicação	UNKNOWN STEP	2026-10-08T22:09:53.4464658Z  * [new branch]      codex/fix-lab-release-upload -> origin/codex/fix-lab-release-upload
Avaliar a mesma candidata / Verificar e compilar web sem permissões de publicação	UNKNOWN STEP	2026-10-08T22:09:53.4466169Z  * [new branch]      codex/flutter-sdk-bootstrap -> origin/codex/flutter-sdk-bootstrap
Avaliar a mesma candidata / Verificar e compilar web sem permissões de publicação	UNKNOWN STEP	2026-10-08T22:09:53.4468355Z  * [new branch]      codex/github-release-approval-poc -> origin/codex/github-release-approval-poc
Avaliar a mesma candidata / Verificar e compilar web sem permissões de publicação	UNKNOWN STEP	2026-10-08T22:09:53.4470021Z  * [new branch]      codex/lab-promotion-evidence -> origin/codex/lab-promotion-evidence
Avaliar a mesma candidata / Verificar e compilar web sem permissões de publicação	UNKNOWN STEP	2026-10-08T22:09:53.4471351Z  * [new branch]      codex/lab-release-result -> origin/codex/lab-release-result
Avaliar a mesma candidata / Verificar e compilar web sem permissões de publicação	UNKNOWN STEP	2026-10-08T22:09:53.4472651Z  * [new branch]      codex/lab-reviewed-promotion -> origin/codex/lab-reviewed-promotion
Avaliar a mesma candidata / Verificar e compilar web sem permissões de publicação	UNKNOWN STEP	2026-10-08T22:09:53.4474032Z  * [new branch]      codex/lab-versions      -> origin/codex/lab-versions
Avaliar a mesma candidata / Verificar e compilar web sem permissões de publicação	UNKNOWN STEP	2026-10-08T22:09:53.4475428Z  * [new branch]      codex/laboratory-release-records -> origin/codex/laboratory-release-records
Avaliar a mesma candidata / Verificar e compilar web sem permissões de publicação	UNKNOWN STEP	2026-10-08T22:09:53.4477095Z  * [new branch]      codex/operational-delivery-preview -> origin/codex/operational-delivery-preview
Avaliar a mesma candidata / Verificar e compilar web sem permissões de publicação	UNKNOWN STEP	2026-10-08T22:09:53.4478578Z  * [new branch]      codex/pages-previews    -> origin/codex/pages-previews
Avaliar a mesma candidata / Verificar e compilar web sem permissões de publicação	UNKNOWN STEP	2026-10-08T22:09:53.4480266Z  * [new branch]      codex/pages-publication-verification -> origin/codex/pages-publication-verification
Avaliar a mesma candidata / Verificar e compilar web sem permissões de publicação	UNKNOWN STEP	2026-10-08T22:09:53.4482238Z  * [new branch]      codex/release-lab-rc2-correction -> origin/codex/release-lab-rc2-correction
Avaliar a mesma candidata / Verificar e compilar web sem permissões de publicação	UNKNOWN STEP	2026-10-08T22:09:53.4484066Z  * [new branch]      codex/release-lab-real-promotion -> origin/codex/release-lab-real-promotion
Avaliar a mesma candidata / Verificar e compilar web sem permissões de publicação	UNKNOWN STEP	2026-10-08T22:09:53.4485622Z  * [new branch]      codex/release-lab-state -> origin/codex/release-lab-state
Avaliar a mesma candidata / Verificar e compilar web sem permissões de publicação	UNKNOWN STEP	2026-10-08T22:09:53.4487105Z  * [new branch]      codex/release-lab-two-approvers -> origin/codex/release-lab-two-approvers
Avaliar a mesma candidata / Verificar e compilar web sem permissões de publicação	UNKNOWN STEP	2026-10-08T22:09:53.4488745Z  * [new branch]      docs/estudo-shorebird-amulets -> origin/docs/estudo-shorebird-amulets
Avaliar a mesma candidata / Verificar e compilar web sem permissões de publicação	UNKNOWN STEP	2026-10-08T22:09:53.4490573Z  * [new branch]      feature/shorebird-code-push-setup -> origin/feature/shorebird-code-push-setup
Avaliar a mesma candidata / Verificar e compilar web sem permissões de publicação	UNKNOWN STEP	2026-10-08T22:09:53.4492446Z  * [new branch]      main                    -> origin/main
Avaliar a mesma candidata / Verificar e compilar web sem permissões de publicação	UNKNOWN STEP	2026-10-08T22:09:53.4493911Z  * [new branch]      release/1.4.0           -> origin/release/1.4.0
Avaliar a mesma candidata / Verificar e compilar web sem permissões de publicação	UNKNOWN STEP	2026-10-08T22:09:53.4495671Z  * [new branch]      release/1.5.0           -> origin/release/1.5.0
Avaliar a mesma candidata / Verificar e compilar web sem permissões de publicação	UNKNOWN STEP	2026-10-08T22:09:53.4497488Z  * [new tag]         entrega-0100-rc.1       -> entrega-0100-rc.1
Avaliar a mesma candidata / Verificar e compilar web sem permissões de publicação	UNKNOWN STEP	2026-10-08T22:09:53.4499161Z  * [new tag]         lab/delivery/2026-10-06-rc.1 -> lab/delivery/2026-10-06-rc.1
Avaliar a mesma candidata / Verificar e compilar web sem permissões de publicação	UNKNOWN STEP	2026-10-08T22:09:53.4500608Z  * [new tag]         v1.4.0-rc.1             -> v1.4.0-rc.1
Avaliar a mesma candidata / Verificar e compilar web sem permissões de publicação	UNKNOWN STEP	2026-10-08T22:09:53.4501670Z  * [new tag]         v1.5.0-rc.1             -> v1.5.0-rc.1
Avaliar a mesma candidata / Verificar e compilar web sem permissões de publicação	UNKNOWN STEP	2026-10-08T22:09:53.4502727Z  * [new tag]         v1.5.0-rc.2             -> v1.5.0-rc.2
Avaliar a mesma candidata / Verificar e compilar web sem permissões de publicação	UNKNOWN STEP	2026-10-08T22:09:53.4505983Z [command]/usr/bin/git rev-parse --verify --quiet 9c4ad37fc415a98ef2a8cfdc5be8d5cf97fe35b0^{object}
Avaliar a mesma candidata / Verificar e compilar web sem permissões de publicação	UNKNOWN STEP	2026-10-08T22:09:53.4507488Z 9c4ad37fc415a98ef2a8cfdc5be8d5cf97fe35b0
Avaliar a mesma candidata / Verificar e compilar web sem permissões de publicação	UNKNOWN STEP	2026-10-08T22:09:53.4509933Z ##[endgroup]
Avaliar a mesma candidata / Verificar e compilar web sem permissões de publicação	UNKNOWN STEP	2026-10-08T22:09:53.4511121Z ##[group]Determining the checkout info
Avaliar a mesma candidata / Verificar e compilar web sem permissões de publicação	UNKNOWN STEP	2026-10-08T22:09:53.4512584Z ##[endgroup]
Avaliar a mesma candidata / Verificar e compilar web sem permissões de publicação	UNKNOWN STEP	2026-10-08T22:09:53.4513552Z [command]/usr/bin/git sparse-checkout disable
Avaliar a mesma candidata / Verificar e compilar web sem permissões de publicação	UNKNOWN STEP	2026-10-08T22:09:53.4649912Z [command]/usr/bin/git config --local --unset-all extensions.worktreeConfig
Avaliar a mesma candidata / Verificar e compilar web sem permissões de publicação	UNKNOWN STEP	2026-10-08T22:09:53.4679143Z ##[group]Checking out the ref
Avaliar a mesma candidata / Verificar e compilar web sem permissões de publicação	UNKNOWN STEP	2026-10-08T22:09:53.4681105Z [command]/usr/bin/git checkout --progress --force 9c4ad37fc415a98ef2a8cfdc5be8d5cf97fe35b0
Avaliar a mesma candidata / Verificar e compilar web sem permissões de publicação	UNKNOWN STEP	2026-10-08T22:09:53.5043554Z Note: switching to '9c4ad37fc415a98ef2a8cfdc5be8d5cf97fe35b0'.
Avaliar a mesma candidata / Verificar e compilar web sem permissões de publicação	UNKNOWN STEP	2026-10-08T22:09:53.5044684Z 
Avaliar a mesma candidata / Verificar e compilar web sem permissões de publicação	UNKNOWN STEP	2026-10-08T22:09:53.5045451Z You are in 'detached HEAD' state. You can look around, make experimental
Avaliar a mesma candidata / Verificar e compilar web sem permissões de publicação	UNKNOWN STEP	2026-10-08T22:09:53.5047262Z changes and commit them, and you can discard any commits you make in this
Avaliar a mesma candidata / Verificar e compilar web sem permissões de publicação	UNKNOWN STEP	2026-10-08T22:09:53.5055877Z state without impacting any branches by switching back to a branch.
Avaliar a mesma candidata / Verificar e compilar web sem permissões de publicação	UNKNOWN STEP	2026-10-08T22:09:53.5056726Z 
Avaliar a mesma candidata / Verificar e compilar web sem permissões de publicação	UNKNOWN STEP	2026-10-08T22:09:53.5057253Z If you want to create a new branch to retain commits you create, you may
Avaliar a mesma candidata / Verificar e compilar web sem permissões de publicação	UNKNOWN STEP	2026-10-08T22:09:53.5058465Z do so (now or later) by using -c with the switch command. Example:
Avaliar a mesma candidata / Verificar e compilar web sem permissões de publicação	UNKNOWN STEP	2026-10-08T22:09:53.5059142Z 
Avaliar a mesma candidata / Verificar e compilar web sem permissões de publicação	UNKNOWN STEP	2026-10-08T22:09:53.5059639Z   git switch -c <new-branch-name>
Avaliar a mesma candidata / Verificar e compilar web sem permissões de publicação	UNKNOWN STEP	2026-10-08T22:09:53.5060108Z 
Avaliar a mesma candidata / Verificar e compilar web sem permissões de publicação	UNKNOWN STEP	2026-10-08T22:09:53.5060401Z Or undo this operation with:
Avaliar a mesma candidata / Verificar e compilar web sem permissões de publicação	UNKNOWN STEP	2026-10-08T22:09:53.5061028Z 
Avaliar a mesma candidata / Verificar e compilar web sem permissões de publicação	UNKNOWN STEP	2026-10-08T22:09:53.5061292Z   git switch -
Avaliar a mesma candidata / Verificar e compilar web sem permissões de publicação	UNKNOWN STEP	2026-10-08T22:09:53.5061623Z 
Avaliar a mesma candidata / Verificar e compilar web sem permissões de publicação	UNKNOWN STEP	2026-10-08T22:09:53.5062181Z Turn off this advice by setting config variable advice.detachedHead to false
Avaliar a mesma candidata / Verificar e compilar web sem permissões de publicação	UNKNOWN STEP	2026-10-08T22:09:53.5062991Z 
Avaliar a mesma candidata / Verificar e compilar web sem permissões de publicação	UNKNOWN STEP	2026-10-08T22:09:53.5063703Z HEAD is now at 9c4ad37 Merge pull request #14 from israelhudson/codex/release-lab-real-promotion
Avaliar a mesma candidata / Verificar e compilar web sem permissões de publicação	UNKNOWN STEP	2026-10-08T22:09:53.5066457Z ##[endgroup]
Avaliar a mesma candidata / Verificar e compilar web sem permissões de publicação	UNKNOWN STEP	2026-10-08T22:09:53.5101897Z [command]/usr/bin/git log -1 --format=%H
Avaliar a mesma candidata / Verificar e compilar web sem permissões de publicação	UNKNOWN STEP	2026-10-08T22:09:53.5125467Z 9c4ad37fc415a98ef2a8cfdc5be8d5cf97fe35b0
Avaliar a mesma candidata / Verificar e compilar web sem permissões de publicação	UNKNOWN STEP	2026-10-08T22:09:53.5132163Z ##[group]Removing auth
Avaliar a mesma candidata / Verificar e compilar web sem permissões de publicação	UNKNOWN STEP	2026-10-08T22:09:53.5134373Z [command]/usr/bin/git config --local --name-only --get-regexp core\.sshCommand
Avaliar a mesma candidata / Verificar e compilar web sem permissões de publicação	UNKNOWN STEP	2026-10-08T22:09:53.5160639Z [command]/usr/bin/git submodule foreach --recursive sh -c "git config --local --name-only --get-regexp 'core\.sshCommand' && git config --local --unset-all 'core.sshCommand' || :"
Avaliar a mesma candidata / Verificar e compilar web sem permissões de publicação	UNKNOWN STEP	2026-10-08T22:09:53.5329438Z [command]/usr/bin/git config --local --name-only --get-regexp http\.https\:\/\/github\.com\/\.extraheader
Avaliar a mesma candidata / Verificar e compilar web sem permissões de publicação	UNKNOWN STEP	2026-10-08T22:09:53.5354649Z http.https://github.com/.extraheader
Avaliar a mesma candidata / Verificar e compilar web sem permissões de publicação	UNKNOWN STEP	2026-10-08T22:09:53.5359787Z [command]/usr/bin/git config --local --unset-all http.https://github.com/.extraheader
Avaliar a mesma candidata / Verificar e compilar web sem permissões de publicação	UNKNOWN STEP	2026-10-08T22:09:53.5554085Z [command]/usr/bin/git submodule foreach --recursive sh -c "git config --local --name-only --get-regexp 'http\.https\:\/\/github\.com\/\.extraheader' && git config --local --unset-all 'http.https://github.com/.extraheader' || :"
Avaliar a mesma candidata / Verificar e compilar web sem permissões de publicação	UNKNOWN STEP	2026-10-08T22:09:53.5723776Z [command]/usr/bin/git config --local --name-only --get-regexp ^includeIf\.gitdir:
Avaliar a mesma candidata / Verificar e compilar web sem permissões de publicação	UNKNOWN STEP	2026-10-08T22:09:53.5752025Z [command]/usr/bin/git submodule foreach --recursive git config --local --show-origin --name-only --get-regexp remote.origin.url
Avaliar a mesma candidata / Verificar e compilar web sem permissões de publicação	UNKNOWN STEP	2026-10-08T22:09:53.5921267Z ##[endgroup]
Avaliar a mesma candidata / Verificar e compilar web sem permissões de publicação	UNKNOWN STEP	2026-10-08T22:09:53.6374226Z ##[group]Run actions/checkout@11d5960a326750d5838078e36cf38b85af677262
Avaliar a mesma candidata / Verificar e compilar web sem permissões de publicação	UNKNOWN STEP	2026-10-08T22:09:53.6375120Z with:
Avaliar a mesma candidata / Verificar e compilar web sem permissões de publicação	UNKNOWN STEP	2026-10-08T22:09:53.6375673Z   ref: b8763ec5adc5e24ce34f474a66a079b48a9ffa0f
Avaliar a mesma candidata / Verificar e compilar web sem permissões de publicação	UNKNOWN STEP	2026-10-08T22:09:53.6376399Z   path: app
Avaliar a mesma candidata / Verificar e compilar web sem permissões de publicação	UNKNOWN STEP	2026-10-08T22:09:53.6376898Z   fetch-depth: 0
Avaliar a mesma candidata / Verificar e compilar web sem permissões de publicação	UNKNOWN STEP	2026-10-08T22:09:53.6377444Z   persist-credentials: false
Avaliar a mesma candidata / Verificar e compilar web sem permissões de publicação	UNKNOWN STEP	2026-10-08T22:09:53.6378150Z   repository: israelhudson/flutter_code_push_example
Avaliar a mesma candidata / Verificar e compilar web sem permissões de publicação	UNKNOWN STEP	2026-10-08T22:09:53.6384119Z   token: ***
Avaliar a mesma candidata / Verificar e compilar web sem permissões de publicação	UNKNOWN STEP	2026-10-08T22:09:53.6384625Z   ssh-strict: true
Avaliar a mesma candidata / Verificar e compilar web sem permissões de publicação	UNKNOWN STEP	2026-10-08T22:09:53.6385144Z   ssh-user: git
Avaliar a mesma candidata / Verificar e compilar web sem permissões de publicação	UNKNOWN STEP	2026-10-08T22:09:53.6385658Z   clean: true
Avaliar a mesma candidata / Verificar e compilar web sem permissões de publicação	UNKNOWN STEP	2026-10-08T22:09:53.6386215Z   sparse-checkout-cone-mode: true
Avaliar a mesma candidata / Verificar e compilar web sem permissões de publicação	UNKNOWN STEP	2026-10-08T22:09:53.6386874Z   fetch-tags: false
Avaliar a mesma candidata / Verificar e compilar web sem permissões de publicação	UNKNOWN STEP	2026-10-08T22:09:53.6387431Z   show-progress: true
Avaliar a mesma candidata / Verificar e compilar web sem permissões de publicação	UNKNOWN STEP	2026-10-08T22:09:53.6387982Z   lfs: false
Avaliar a mesma candidata / Verificar e compilar web sem permissões de publicação	UNKNOWN STEP	2026-10-08T22:09:53.6388495Z   submodules: false
Avaliar a mesma candidata / Verificar e compilar web sem permissões de publicação	UNKNOWN STEP	2026-10-08T22:09:53.6389037Z   set-safe-directory: true
Avaliar a mesma candidata / Verificar e compilar web sem permissões de publicação	UNKNOWN STEP	2026-10-08T22:09:53.6389850Z   allow-unsafe-pr-checkout: false
Avaliar a mesma candidata / Verificar e compilar web sem permissões de publicação	UNKNOWN STEP	2026-10-08T22:09:53.6390520Z ##[endgroup]
Avaliar a mesma candidata / Verificar e compilar web sem permissões de publicação	UNKNOWN STEP	2026-10-08T22:09:53.6947881Z Syncing repository: israelhudson/flutter_code_push_example
Avaliar a mesma candidata / Verificar e compilar web sem permissões de publicação	UNKNOWN STEP	2026-10-08T22:09:53.6950013Z ##[group]Getting Git version info
Avaliar a mesma candidata / Verificar e compilar web sem permissões de publicação	UNKNOWN STEP	2026-10-08T22:09:53.6958593Z Working directory is '/home/runner/work/flutter_code_push_example/flutter_code_push_example/app'
Avaliar a mesma candidata / Verificar e compilar web sem permissões de publicação	UNKNOWN STEP	2026-10-08T22:09:53.6974663Z [command]/usr/bin/git version
Avaliar a mesma candidata / Verificar e compilar web sem permissões de publicação	UNKNOWN STEP	2026-10-08T22:09:53.7003707Z git version 2.55.0
Avaliar a mesma candidata / Verificar e compilar web sem permissões de publicação	UNKNOWN STEP	2026-10-08T22:09:53.7015182Z ##[endgroup]
Avaliar a mesma candidata / Verificar e compilar web sem permissões de publicação	UNKNOWN STEP	2026-10-08T22:09:53.7024208Z Temporarily overriding HOME='/home/runner/work/_temp/6c366625-5aec-43da-b4d3-be3a6bdf31a4' before making global git config changes
Avaliar a mesma candidata / Verificar e compilar web sem permissões de publicação	UNKNOWN STEP	2026-10-08T22:09:53.7026830Z Adding repository directory to the temporary git global config as a safe directory
Avaliar a mesma candidata / Verificar e compilar web sem permissões de publicação	UNKNOWN STEP	2026-10-08T22:09:53.7029489Z [command]/usr/bin/git config --global --add safe.directory /home/runner/work/flutter_code_push_example/flutter_code_push_example/app
Avaliar a mesma candidata / Verificar e compilar web sem permissões de publicação	UNKNOWN STEP	2026-10-08T22:09:53.8001068Z ##[group]Initializing the repository
Avaliar a mesma candidata / Verificar e compilar web sem permissões de publicação	UNKNOWN STEP	2026-10-08T22:09:53.8005382Z [command]/usr/bin/git init /home/runner/work/flutter_code_push_example/flutter_code_push_example/app
Avaliar a mesma candidata / Verificar e compilar web sem permissões de publicação	UNKNOWN STEP	2026-10-08T22:09:53.9664645Z hint: Using 'master' as the name for the initial branch. This default branch name
Avaliar a mesma candidata / Verificar e compilar web sem permissões de publicação	UNKNOWN STEP	2026-10-08T22:09:53.9665206Z hint: will change to "main" in Git 3.0. To configure the initial branch name
Avaliar a mesma candidata / Verificar e compilar web sem permissões de publicação	UNKNOWN STEP	2026-10-08T22:09:53.9665841Z hint: to use in all of your new repositories, which will suppress this warning,
Avaliar a mesma candidata / Verificar e compilar web sem permissões de publicação	UNKNOWN STEP	2026-10-08T22:09:53.9666077Z hint: call:
Avaliar a mesma candidata / Verificar e compilar web sem permissões de publicação	UNKNOWN STEP	2026-10-08T22:09:53.9666211Z hint:
Avaliar a mesma candidata / Verificar e compilar web sem permissões de publicação	UNKNOWN STEP	2026-10-08T22:09:53.9666395Z hint: 	git config --global init.defaultBranch <name>
Avaliar a mesma candidata / Verificar e compilar web sem permissões de publicação	UNKNOWN STEP	2026-10-08T22:09:53.9666713Z hint:
Avaliar a mesma candidata / Verificar e compilar web sem permissões de publicação	UNKNOWN STEP	2026-10-08T22:09:53.9666939Z hint: Names commonly chosen instead of 'master' are 'main', 'trunk' and
Avaliar a mesma candidata / Verificar e compilar web sem permissões de publicação	UNKNOWN STEP	2026-10-08T22:09:53.9667247Z hint: 'development'. The just-created branch can be renamed via this command:
Avaliar a mesma candidata / Verificar e compilar web sem permissões de publicação	UNKNOWN STEP	2026-10-08T22:09:53.9667499Z hint:
Avaliar a mesma candidata / Verificar e compilar web sem permissões de publicação	UNKNOWN STEP	2026-10-08T22:09:53.9667644Z hint: 	git branch -m <name>
Avaliar a mesma candidata / Verificar e compilar web sem permissões de publicação	UNKNOWN STEP	2026-10-08T22:09:53.9667796Z hint:
Avaliar a mesma candidata / Verificar e compilar web sem permissões de publicação	UNKNOWN STEP	2026-10-08T22:09:53.9668055Z hint: Disable this message with "git config set advice.defaultBranchName false"
Avaliar a mesma candidata / Verificar e compilar web sem permissões de publicação	UNKNOWN STEP	2026-10-08T22:09:53.9668562Z Initialized empty Git repository in /home/runner/work/flutter_code_push_example/flutter_code_push_example/app/.git/
Avaliar a mesma candidata / Verificar e compilar web sem permissões de publicação	UNKNOWN STEP	2026-10-08T22:09:53.9674961Z [command]/usr/bin/git remote add origin https://github.com/israelhudson/flutter_code_push_example
Avaliar a mesma candidata / Verificar e compilar web sem permissões de publicação	UNKNOWN STEP	2026-10-08T22:09:53.9766592Z ##[endgroup]
Avaliar a mesma candidata / Verificar e compilar web sem permissões de publicação	UNKNOWN STEP	2026-10-08T22:09:53.9767263Z ##[group]Disabling automatic garbage collection
Avaliar a mesma candidata / Verificar e compilar web sem permissões de publicação	UNKNOWN STEP	2026-10-08T22:09:53.9767837Z [command]/usr/bin/git config --local gc.auto 0
Avaliar a mesma candidata / Verificar e compilar web sem permissões de publicação	UNKNOWN STEP	2026-10-08T22:09:53.9794729Z ##[endgroup]
Avaliar a mesma candidata / Verificar e compilar web sem permissões de publicação	UNKNOWN STEP	2026-10-08T22:09:53.9799012Z ##[group]Setting up auth
Avaliar a mesma candidata / Verificar e compilar web sem permissões de publicação	UNKNOWN STEP	2026-10-08T22:09:53.9799498Z [command]/usr/bin/git config --local --name-only --get-regexp core\.sshCommand
Avaliar a mesma candidata / Verificar e compilar web sem permissões de publicação	UNKNOWN STEP	2026-10-08T22:09:53.9830860Z [command]/usr/bin/git submodule foreach --recursive sh -c "git config --local --name-only --get-regexp 'core\.sshCommand' && git config --local --unset-all 'core.sshCommand' || :"
Avaliar a mesma candidata / Verificar e compilar web sem permissões de publicação	UNKNOWN STEP	2026-10-08T22:09:54.0002335Z [command]/usr/bin/git config --local --name-only --get-regexp http\.https\:\/\/github\.com\/\.extraheader
Avaliar a mesma candidata / Verificar e compilar web sem permissões de publicação	UNKNOWN STEP	2026-10-08T22:09:54.0028660Z [command]/usr/bin/git submodule foreach --recursive sh -c "git config --local --name-only --get-regexp 'http\.https\:\/\/github\.com\/\.extraheader' && git config --local --unset-all 'http.https://github.com/.extraheader' || :"
Avaliar a mesma candidata / Verificar e compilar web sem permissões de publicação	UNKNOWN STEP	2026-10-08T22:09:54.0202424Z [command]/usr/bin/git config --local --name-only --get-regexp ^includeIf\.gitdir:
Avaliar a mesma candidata / Verificar e compilar web sem permissões de publicação	UNKNOWN STEP	2026-10-08T22:09:54.0228665Z [command]/usr/bin/git submodule foreach --recursive git config --local --show-origin --name-only --get-regexp remote.origin.url
Avaliar a mesma candidata / Verificar e compilar web sem permissões de publicação	UNKNOWN STEP	2026-10-08T22:09:54.0395570Z [command]/usr/bin/git config --local http.https://github.com/.extraheader AUTHORIZATION: basic ***
Avaliar a mesma candidata / Verificar e compilar web sem permissões de publicação	UNKNOWN STEP	2026-10-08T22:09:54.0472095Z ##[endgroup]
Avaliar a mesma candidata / Verificar e compilar web sem permissões de publicação	UNKNOWN STEP	2026-10-08T22:09:54.0472640Z ##[group]Fetching the repository
Avaliar a mesma candidata / Verificar e compilar web sem permissões de publicação	UNKNOWN STEP	2026-10-08T22:09:54.0478116Z [command]/usr/bin/git -c protocol.version=2 fetch --prune --no-recurse-submodules origin +refs/heads/*:refs/remotes/origin/* +refs/tags/*:refs/tags/*
Avaliar a mesma candidata / Verificar e compilar web sem permissões de publicação	UNKNOWN STEP	2026-10-08T22:09:55.3612692Z From https://github.com/israelhudson/flutter_code_push_example
Avaliar a mesma candidata / Verificar e compilar web sem permissões de publicação	UNKNOWN STEP	2026-10-08T22:09:55.3613527Z  * [new branch]      codex/candidate-lab-delivery-2026-10-06-rc.1 -> origin/codex/candidate-lab-delivery-2026-10-06-rc.1
Avaliar a mesma candidata / Verificar e compilar web sem permissões de publicação	UNKNOWN STEP	2026-10-08T22:09:55.3614065Z  * [new branch]      codex/delivery-state    -> origin/codex/delivery-state
Avaliar a mesma candidata / Verificar e compilar web sem permissões de publicação	UNKNOWN STEP	2026-10-08T22:09:55.3614508Z  * [new branch]      codex/fix-lab-release-upload -> origin/codex/fix-lab-release-upload
Avaliar a mesma candidata / Verificar e compilar web sem permissões de publicação	UNKNOWN STEP	2026-10-08T22:09:55.3614975Z  * [new branch]      codex/flutter-sdk-bootstrap -> origin/codex/flutter-sdk-bootstrap
Avaliar a mesma candidata / Verificar e compilar web sem permissões de publicação	UNKNOWN STEP	2026-10-08T22:09:55.3615489Z  * [new branch]      codex/github-release-approval-poc -> origin/codex/github-release-approval-poc
Avaliar a mesma candidata / Verificar e compilar web sem permissões de publicação	UNKNOWN STEP	2026-10-08T22:09:55.3615998Z  * [new branch]      codex/lab-promotion-evidence -> origin/codex/lab-promotion-evidence
Avaliar a mesma candidata / Verificar e compilar web sem permissões de publicação	UNKNOWN STEP	2026-10-08T22:09:55.3616465Z  * [new branch]      codex/lab-release-result -> origin/codex/lab-release-result
Avaliar a mesma candidata / Verificar e compilar web sem permissões de publicação	UNKNOWN STEP	2026-10-08T22:09:55.3616909Z  * [new branch]      codex/lab-reviewed-promotion -> origin/codex/lab-reviewed-promotion
Avaliar a mesma candidata / Verificar e compilar web sem permissões de publicação	UNKNOWN STEP	2026-10-08T22:09:55.3617390Z  * [new branch]      codex/lab-versions      -> origin/codex/lab-versions
Avaliar a mesma candidata / Verificar e compilar web sem permissões de publicação	UNKNOWN STEP	2026-10-08T22:09:55.3617860Z  * [new branch]      codex/laboratory-release-records -> origin/codex/laboratory-release-records
Avaliar a mesma candidata / Verificar e compilar web sem permissões de publicação	UNKNOWN STEP	2026-10-08T22:09:55.3618421Z  * [new branch]      codex/operational-delivery-preview -> origin/codex/operational-delivery-preview
Avaliar a mesma candidata / Verificar e compilar web sem permissões de publicação	UNKNOWN STEP	2026-10-08T22:09:55.3619432Z  * [new branch]      codex/pages-previews    -> origin/codex/pages-previews
Avaliar a mesma candidata / Verificar e compilar web sem permissões de publicação	UNKNOWN STEP	2026-10-08T22:09:55.3619992Z  * [new branch]      codex/pages-publication-verification -> origin/codex/pages-publication-verification
Avaliar a mesma candidata / Verificar e compilar web sem permissões de publicação	UNKNOWN STEP	2026-10-08T22:09:55.3620631Z  * [new branch]      codex/release-lab-rc2-correction -> origin/codex/release-lab-rc2-correction
Avaliar a mesma candidata / Verificar e compilar web sem permissões de publicação	UNKNOWN STEP	2026-10-08T22:09:55.3621192Z  * [new branch]      codex/release-lab-real-promotion -> origin/codex/release-lab-real-promotion
Avaliar a mesma candidata / Verificar e compilar web sem permissões de publicação	UNKNOWN STEP	2026-10-08T22:09:55.3621693Z  * [new branch]      codex/release-lab-state -> origin/codex/release-lab-state
Avaliar a mesma candidata / Verificar e compilar web sem permissões de publicação	UNKNOWN STEP	2026-10-08T22:09:55.3622195Z  * [new branch]      codex/release-lab-two-approvers -> origin/codex/release-lab-two-approvers
Avaliar a mesma candidata / Verificar e compilar web sem permissões de publicação	UNKNOWN STEP	2026-10-08T22:09:55.3622732Z  * [new branch]      docs/estudo-shorebird-amulets -> origin/docs/estudo-shorebird-amulets
Avaliar a mesma candidata / Verificar e compilar web sem permissões de publicação	UNKNOWN STEP	2026-10-08T22:09:55.3623423Z  * [new branch]      feature/shorebird-code-push-setup -> origin/feature/shorebird-code-push-setup
Avaliar a mesma candidata / Verificar e compilar web sem permissões de publicação	UNKNOWN STEP	2026-10-08T22:09:55.3623872Z  * [new branch]      main                    -> origin/main
Avaliar a mesma candidata / Verificar e compilar web sem permissões de publicação	UNKNOWN STEP	2026-10-08T22:09:55.3624234Z  * [new branch]      release/1.4.0           -> origin/release/1.4.0
Avaliar a mesma candidata / Verificar e compilar web sem permissões de publicação	UNKNOWN STEP	2026-10-08T22:09:55.3624583Z  * [new branch]      release/1.5.0           -> origin/release/1.5.0
Avaliar a mesma candidata / Verificar e compilar web sem permissões de publicação	UNKNOWN STEP	2026-10-08T22:09:55.3624928Z  * [new tag]         entrega-0100-rc.1       -> entrega-0100-rc.1
Avaliar a mesma candidata / Verificar e compilar web sem permissões de publicação	UNKNOWN STEP	2026-10-08T22:09:55.3625294Z  * [new tag]         lab/delivery/2026-10-06-rc.1 -> lab/delivery/2026-10-06-rc.1
Avaliar a mesma candidata / Verificar e compilar web sem permissões de publicação	UNKNOWN STEP	2026-10-08T22:09:55.3625640Z  * [new tag]         v1.4.0-rc.1             -> v1.4.0-rc.1
Avaliar a mesma candidata / Verificar e compilar web sem permissões de publicação	UNKNOWN STEP	2026-10-08T22:09:55.3625927Z  * [new tag]         v1.5.0-rc.1             -> v1.5.0-rc.1
Avaliar a mesma candidata / Verificar e compilar web sem permissões de publicação	UNKNOWN STEP	2026-10-08T22:09:55.3626213Z  * [new tag]         v1.5.0-rc.2             -> v1.5.0-rc.2
Avaliar a mesma candidata / Verificar e compilar web sem permissões de publicação	UNKNOWN STEP	2026-10-08T22:09:55.3627807Z [command]/usr/bin/git rev-parse --verify --quiet b8763ec5adc5e24ce34f474a66a079b48a9ffa0f^{object}
Avaliar a mesma candidata / Verificar e compilar web sem permissões de publicação	UNKNOWN STEP	2026-10-08T22:09:55.3647671Z b8763ec5adc5e24ce34f474a66a079b48a9ffa0f
Avaliar a mesma candidata / Verificar e compilar web sem permissões de publicação	UNKNOWN STEP	2026-10-08T22:09:55.3651713Z ##[endgroup]
Avaliar a mesma candidata / Verificar e compilar web sem permissões de publicação	UNKNOWN STEP	2026-10-08T22:09:55.3652110Z ##[group]Determining the checkout info
Avaliar a mesma candidata / Verificar e compilar web sem permissões de publicação	UNKNOWN STEP	2026-10-08T22:09:55.3652520Z ##[endgroup]
Avaliar a mesma candidata / Verificar e compilar web sem permissões de publicação	UNKNOWN STEP	2026-10-08T22:09:55.3656213Z [command]/usr/bin/git sparse-checkout disable
Avaliar a mesma candidata / Verificar e compilar web sem permissões de publicação	UNKNOWN STEP	2026-10-08T22:09:55.3862755Z [command]/usr/bin/git config --local --unset-all extensions.worktreeConfig
Avaliar a mesma candidata / Verificar e compilar web sem permissões de publicação	UNKNOWN STEP	2026-10-08T22:09:55.3947848Z ##[group]Checking out the ref
Avaliar a mesma candidata / Verificar e compilar web sem permissões de publicação	UNKNOWN STEP	2026-10-08T22:09:55.3950914Z [command]/usr/bin/git checkout --progress --force b8763ec5adc5e24ce34f474a66a079b48a9ffa0f
Avaliar a mesma candidata / Verificar e compilar web sem permissões de publicação	UNKNOWN STEP	2026-10-08T22:09:55.4136779Z Note: switching to 'b8763ec5adc5e24ce34f474a66a079b48a9ffa0f'.
Avaliar a mesma candidata / Verificar e compilar web sem permissões de publicação	UNKNOWN STEP	2026-10-08T22:09:55.4137068Z 
Avaliar a mesma candidata / Verificar e compilar web sem permissões de publicação	UNKNOWN STEP	2026-10-08T22:09:55.4137243Z You are in 'detached HEAD' state. You can look around, make experimental
Avaliar a mesma candidata / Verificar e compilar web sem permissões de publicação	UNKNOWN STEP	2026-10-08T22:09:55.4137555Z changes and commit them, and you can discard any commits you make in this
Avaliar a mesma candidata / Verificar e compilar web sem permissões de publicação	UNKNOWN STEP	2026-10-08T22:09:55.4137882Z state without impacting any branches by switching back to a branch.
Avaliar a mesma candidata / Verificar e compilar web sem permissões de publicação	UNKNOWN STEP	2026-10-08T22:09:55.4138053Z 
Avaliar a mesma candidata / Verificar e compilar web sem permissões de publicação	UNKNOWN STEP	2026-10-08T22:09:55.4138172Z If you want to create a new branch to retain commits you create, you may
Avaliar a mesma candidata / Verificar e compilar web sem permissões de publicação	UNKNOWN STEP	2026-10-08T22:09:55.4138467Z do so (now or later) by using -c with the switch command. Example:
Avaliar a mesma candidata / Verificar e compilar web sem permissões de publicação	UNKNOWN STEP	2026-10-08T22:09:55.4138629Z 
Avaliar a mesma candidata / Verificar e compilar web sem permissões de publicação	UNKNOWN STEP	2026-10-08T22:09:55.4138695Z   git switch -c <new-branch-name>
Avaliar a mesma candidata / Verificar e compilar web sem permissões de publicação	UNKNOWN STEP	2026-10-08T22:09:55.4138793Z 
Avaliar a mesma candidata / Verificar e compilar web sem permissões de publicação	UNKNOWN STEP	2026-10-08T22:09:55.4138849Z Or undo this operation with:
Avaliar a mesma candidata / Verificar e compilar web sem permissões de publicação	UNKNOWN STEP	2026-10-08T22:09:55.4138938Z 
Avaliar a mesma candidata / Verificar e compilar web sem permissões de publicação	UNKNOWN STEP	2026-10-08T22:09:55.4139007Z   git switch -
Avaliar a mesma candidata / Verificar e compilar web sem permissões de publicação	UNKNOWN STEP	2026-10-08T22:09:55.4139080Z 
Avaliar a mesma candidata / Verificar e compilar web sem permissões de publicação	UNKNOWN STEP	2026-10-08T22:09:55.4139197Z Turn off this advice by setting config variable advice.detachedHead to false
Avaliar a mesma candidata / Verificar e compilar web sem permissões de publicação	UNKNOWN STEP	2026-10-08T22:09:55.4139465Z 
Avaliar a mesma candidata / Verificar e compilar web sem permissões de publicação	UNKNOWN STEP	2026-10-08T22:09:55.4139633Z HEAD is now at b8763ec Merge pull request #15 from israelhudson/codex/release-lab-rc2-correction
Avaliar a mesma candidata / Verificar e compilar web sem permissões de publicação	UNKNOWN STEP	2026-10-08T22:09:55.4142755Z ##[endgroup]
Avaliar a mesma candidata / Verificar e compilar web sem permissões de publicação	UNKNOWN STEP	2026-10-08T22:09:55.4175181Z [command]/usr/bin/git log -1 --format=%H
Avaliar a mesma candidata / Verificar e compilar web sem permissões de publicação	UNKNOWN STEP	2026-10-08T22:09:55.4197078Z b8763ec5adc5e24ce34f474a66a079b48a9ffa0f
Avaliar a mesma candidata / Verificar e compilar web sem permissões de publicação	UNKNOWN STEP	2026-10-08T22:09:55.4204933Z ##[group]Removing auth
Avaliar a mesma candidata / Verificar e compilar web sem permissões de publicação	UNKNOWN STEP	2026-10-08T22:09:55.4206379Z [command]/usr/bin/git config --local --name-only --get-regexp core\.sshCommand
Avaliar a mesma candidata / Verificar e compilar web sem permissões de publicação	UNKNOWN STEP	2026-10-08T22:09:55.4232556Z [command]/usr/bin/git submodule foreach --recursive sh -c "git config --local --name-only --get-regexp 'core\.sshCommand' && git config --local --unset-all 'core.sshCommand' || :"
Avaliar a mesma candidata / Verificar e compilar web sem permissões de publicação	UNKNOWN STEP	2026-10-08T22:09:55.4406795Z [command]/usr/bin/git config --local --name-only --get-regexp http\.https\:\/\/github\.com\/\.extraheader
Avaliar a mesma candidata / Verificar e compilar web sem permissões de publicação	UNKNOWN STEP	2026-10-08T22:09:55.4428119Z http.https://github.com/.extraheader
Avaliar a mesma candidata / Verificar e compilar web sem permissões de publicação	UNKNOWN STEP	2026-10-08T22:09:55.4453647Z [command]/usr/bin/git config --local --unset-all http.https://github.com/.extraheader
Avaliar a mesma candidata / Verificar e compilar web sem permissões de publicação	UNKNOWN STEP	2026-10-08T22:09:55.4469939Z [command]/usr/bin/git submodule foreach --recursive sh -c "git config --local --name-only --get-regexp 'http\.https\:\/\/github\.com\/\.extraheader' && git config --local --unset-all 'http.https://github.com/.extraheader' || :"
Avaliar a mesma candidata / Verificar e compilar web sem permissões de publicação	UNKNOWN STEP	2026-10-08T22:09:55.4654039Z [command]/usr/bin/git config --local --name-only --get-regexp ^includeIf\.gitdir:
Avaliar a mesma candidata / Verificar e compilar web sem permissões de publicação	UNKNOWN STEP	2026-10-08T22:09:55.4683935Z [command]/usr/bin/git submodule foreach --recursive git config --local --show-origin --name-only --get-regexp remote.origin.url
Avaliar a mesma candidata / Verificar e compilar web sem permissões de publicação	UNKNOWN STEP	2026-10-08T22:09:55.4864339Z ##[endgroup]
Avaliar a mesma candidata / Verificar e compilar web sem permissões de publicação	UNKNOWN STEP	2026-10-08T22:09:55.5047675Z Prepare all required actions
Avaliar a mesma candidata / Verificar e compilar web sem permissões de publicação	UNKNOWN STEP	2026-10-08T22:09:55.5965160Z ##[group]Run ./trusted/.github/actions/setup-flutter
Avaliar a mesma candidata / Verificar e compilar web sem permissões de publicação	UNKNOWN STEP	2026-10-08T22:09:55.5965348Z with:
Avaliar a mesma candidata / Verificar e compilar web sem permissões de publicação	UNKNOWN STEP	2026-10-08T22:09:55.5965489Z   build-inputs: app/delivery/build-inputs.json
Avaliar a mesma candidata / Verificar e compilar web sem permissões de publicação	UNKNOWN STEP	2026-10-08T22:09:55.5965659Z ##[endgroup]
Avaliar a mesma candidata / Verificar e compilar web sem permissões de publicação	UNKNOWN STEP	2026-10-08T22:09:55.6008108Z ##[start-action display=Run python3 - <<'PY';id=__self.inputs]
Avaliar a mesma candidata / Verificar e compilar web sem permissões de publicação	UNKNOWN STEP	2026-10-08T22:09:55.7235367Z ##[group]Run python3 - <<'PY'
Avaliar a mesma candidata / Verificar e compilar web sem permissões de publicação	UNKNOWN STEP	2026-10-08T22:09:55.7235603Z ^[[36;1mpython3 - <<'PY'^[[0m
Avaliar a mesma candidata / Verificar e compilar web sem permissões de publicação	UNKNOWN STEP	2026-10-08T22:09:55.7235759Z ^[[36;1mimport json, os, re^[[0m
Avaliar a mesma candidata / Verificar e compilar web sem permissões de publicação	UNKNOWN STEP	2026-10-08T22:09:55.7235910Z ^[[36;1mfrom pathlib import Path^[[0m
Avaliar a mesma candidata / Verificar e compilar web sem permissões de publicação	UNKNOWN STEP	2026-10-08T22:09:55.7236122Z ^[[36;1mworkspace = Path(os.environ['GITHUB_WORKSPACE']).resolve()^[[0m
Avaliar a mesma candidata / Verificar e compilar web sem permissões de publicação	UNKNOWN STEP	2026-10-08T22:09:55.7236362Z ^[[36;1mpath = Path(os.environ['BUILD_INPUTS']).resolve()^[[0m
Avaliar a mesma candidata / Verificar e compilar web sem permissões de publicação	UNKNOWN STEP	2026-10-08T22:09:55.7236560Z ^[[36;1mif not path.is_relative_to(workspace):^[[0m
Avaliar a mesma candidata / Verificar e compilar web sem permissões de publicação	UNKNOWN STEP	2026-10-08T22:09:55.7236807Z ^[[36;1m    raise ValueError('Build inputs precisa pertencer ao checkout deste job.')^[[0m
Avaliar a mesma candidata / Verificar e compilar web sem permissões de publicação	UNKNOWN STEP	2026-10-08T22:09:55.7237102Z ^[[36;1minputs = json.loads(path.read_text())^[[0m
Avaliar a mesma candidata / Verificar e compilar web sem permissões de publicação	UNKNOWN STEP	2026-10-08T22:09:55.7237341Z ^[[36;1mversion, revision = inputs['flutter_version'], inputs['flutter_revision']^[[0m
Avaliar a mesma candidata / Verificar e compilar web sem permissões de publicação	UNKNOWN STEP	2026-10-08T22:09:55.7237666Z ^[[36;1mif not re.fullmatch(r'[0-9]+\.[0-9]+\.[0-9]+', version) or not re.fullmatch(r'[0-9a-f]{40}', revision):^[[0m
Avaliar a mesma candidata / Verificar e compilar web sem permissões de publicação	UNKNOWN STEP	2026-10-08T22:09:55.7238022Z ^[[36;1m    raise ValueError('Versão e revisão Flutter precisam estar fixadas.')^[[0m
Avaliar a mesma candidata / Verificar e compilar web sem permissões de publicação	UNKNOWN STEP	2026-10-08T22:09:55.7238279Z ^[[36;1mwith open(os.environ['GITHUB_OUTPUT'], 'a') as f:^[[0m
Avaliar a mesma candidata / Verificar e compilar web sem permissões de publicação	UNKNOWN STEP	2026-10-08T22:09:55.7238511Z ^[[36;1m    f.write('version=' + version + '\nrevision=' + revision + '\n')^[[0m
Avaliar a mesma candidata / Verificar e compilar web sem permissões de publicação	UNKNOWN STEP	2026-10-08T22:09:55.7238704Z ^[[36;1mPY^[[0m
Avaliar a mesma candidata / Verificar e compilar web sem permissões de publicação	UNKNOWN STEP	2026-10-08T22:09:55.7787560Z shell: /usr/bin/bash --noprofile --norc -e -o pipefail {0}
Avaliar a mesma candidata / Verificar e compilar web sem permissões de publicação	UNKNOWN STEP	2026-10-08T22:09:55.7787854Z env:
Avaliar a mesma candidata / Verificar e compilar web sem permissões de publicação	UNKNOWN STEP	2026-10-08T22:09:55.7788134Z   BUILD_INPUTS: app/delivery/build-inputs.json
Avaliar a mesma candidata / Verificar e compilar web sem permissões de publicação	UNKNOWN STEP	2026-10-08T22:09:55.7788388Z ##[endgroup]
Avaliar a mesma candidata / Verificar e compilar web sem permissões de publicação	UNKNOWN STEP	2026-10-08T22:09:55.8085776Z ##[end-action id=__self.inputs;outcome=success;conclusion=success;duration_ms=207]
Avaliar a mesma candidata / Verificar e compilar web sem permissões de publicação	UNKNOWN STEP	2026-10-08T22:09:55.8090772Z ##[start-action display=Instalar e conferir o SDK;id=__self.__run]
Avaliar a mesma candidata / Verificar e compilar web sem permissões de publicação	UNKNOWN STEP	2026-10-08T22:09:55.8104341Z ##[group]Run set -euo pipefail
Avaliar a mesma candidata / Verificar e compilar web sem permissões de publicação	UNKNOWN STEP	2026-10-08T22:09:55.8104511Z ^[[36;1mset -euo pipefail^[[0m
Avaliar a mesma candidata / Verificar e compilar web sem permissões de publicação	UNKNOWN STEP	2026-10-08T22:09:55.8104666Z ^[[36;1mSDK_PATH="$RUNNER_TEMP/flutter-delivery"^[[0m
Avaliar a mesma candidata / Verificar e compilar web sem permissões de publicação	UNKNOWN STEP	2026-10-08T22:09:55.8104994Z ^[[36;1mgit clone --no-checkout --depth 1 --branch "$FLUTTER_VERSION" https://github.com/flutter/flutter.git "$SDK_PATH"^[[0m
Avaliar a mesma candidata / Verificar e compilar web sem permissões de publicação	UNKNOWN STEP	2026-10-08T22:09:55.8105339Z ^[[36;1mtest "$(git -C "$SDK_PATH" rev-parse HEAD)" = "$FLUTTER_REVISION"^[[0m
Avaliar a mesma candidata / Verificar e compilar web sem permissões de publicação	UNKNOWN STEP	2026-10-08T22:09:55.8105579Z ^[[36;1mgit -C "$SDK_PATH" checkout --detach "$FLUTTER_REVISION"^[[0m
Avaliar a mesma candidata / Verificar e compilar web sem permissões de publicação	UNKNOWN STEP	2026-10-08T22:09:55.8105842Z ^[[36;1m# The first invocation bootstraps the tool and prints a welcome banner.^[[0m
Avaliar a mesma candidata / Verificar e compilar web sem permissões de publicação	UNKNOWN STEP	2026-10-08T22:09:55.8106108Z ^[[36;1m# Run it before helpers parse --version --machine as strict JSON.^[[0m
Avaliar a mesma candidata / Verificar e compilar web sem permissões de publicação	UNKNOWN STEP	2026-10-08T22:09:55.8106321Z ^[[36;1m"$SDK_PATH/bin/flutter" --version^[[0m
Avaliar a mesma candidata / Verificar e compilar web sem permissões de publicação	UNKNOWN STEP	2026-10-08T22:09:55.8106496Z ^[[36;1mecho "$SDK_PATH/bin" >> "$GITHUB_PATH"^[[0m
Avaliar a mesma candidata / Verificar e compilar web sem permissões de publicação	UNKNOWN STEP	2026-10-08T22:09:55.8157778Z shell: /usr/bin/bash --noprofile --norc -e -o pipefail {0}
Avaliar a mesma candidata / Verificar e compilar web sem permissões de publicação	UNKNOWN STEP	2026-10-08T22:09:55.8157963Z env:
Avaliar a mesma candidata / Verificar e compilar web sem permissões de publicação	UNKNOWN STEP	2026-10-08T22:09:55.8158123Z   FLUTTER_VERSION: 3.44.1
Avaliar a mesma candidata / Verificar e compilar web sem permissões de publicação	UNKNOWN STEP	2026-10-08T22:09:55.8158379Z   FLUTTER_REVISION: 924134a44c189315be2148659913dda1671cbe99
Avaliar a mesma candidata / Verificar e compilar web sem permissões de publicação	UNKNOWN STEP	2026-10-08T22:09:55.8158562Z ##[endgroup]
Avaliar a mesma candidata / Verificar e compilar web sem permissões de publicação	UNKNOWN STEP	2026-10-08T22:09:55.8234754Z Cloning into '/home/runner/work/_temp/flutter-delivery'...
Avaliar a mesma candidata / Verificar e compilar web sem permissões de publicação	UNKNOWN STEP	2026-10-08T22:10:02.5726795Z HEAD is now at 924134a4 Update CHANGELOG with Flutter 3.44 changes (#187258)
Avaliar a mesma candidata / Verificar e compilar web sem permissões de publicação	UNKNOWN STEP	2026-10-08T22:10:02.6053623Z Downloading Linux x64 Dart SDK from Flutter engine c416acfeb8126e097f758c664aaa3da929e27da0...
Avaliar a mesma candidata / Verificar e compilar web sem permissões de publicação	UNKNOWN STEP	2026-10-08T22:10:02.6133900Z   % Total    % Received % Xferd  Average Speed   Time    Time     Time  Current
Avaliar a mesma candidata / Verificar e compilar web sem permissões de publicação	UNKNOWN STEP	2026-10-08T22:10:02.6134299Z                                  Dload  Upload   Total   Spent    Left  Speed
Avaliar a mesma candidata / Verificar e compilar web sem permissões de publicação	UNKNOWN STEP	2026-10-08T22:10:02.6134499Z 
Avaliar a mesma candidata / Verificar e compilar web sem permissões de publicação	UNKNOWN STEP	2026-10-08T22:10:02.8938253Z   0     0    0     0    0     0      0      0 --:--:-- --:--:-- --:--:--     0
Avaliar a mesma candidata / Verificar e compilar web sem permissões de publicação	UNKNOWN STEP	2026-10-08T22:10:03.8928733Z   0  222M    0  640k    0     0  2281k      0  0:01:39 --:--:--  0:01:39 2277k
Avaliar a mesma candidata / Verificar e compilar web sem permissões de publicação	UNKNOWN STEP	2026-10-08T22:10:04.8928982Z  22  222M   22 50.0M    0     0  39.1M      0  0:00:05  0:00:01  0:00:04 39.1M
Avaliar a mesma candidata / Verificar e compilar web sem permissões de publicação	UNKNOWN STEP	2026-10-08T22:10:05.2348570Z  66  222M   66  148M    0     0  65.1M      0  0:00:03  0:00:02  0:00:01 65.0M
Avaliar a mesma candidata / Verificar e compilar web sem permissões de publicação	UNKNOWN STEP	2026-10-08T22:10:05.2348866Z 100  222M  100  222M    0     0  84.8M      0  0:00:02  0:00:02 --:--:-- 84.7M
Avaliar a mesma candidata / Verificar e compilar web sem permissões de publicação	UNKNOWN STEP	2026-10-08T22:10:08.8779611Z Building flutter tool...
Avaliar a mesma candidata / Verificar e compilar web sem permissões de publicação	UNKNOWN STEP	2026-10-08T22:10:08.8902684Z Resolving dependencies...
Avaliar a mesma candidata / Verificar e compilar web sem permissões de publicação	UNKNOWN STEP	2026-10-08T22:10:09.3147264Z Downloading packages...
Avaliar a mesma candidata / Verificar e compilar web sem permissões de publicação	UNKNOWN STEP	2026-10-08T22:10:12.4021255Z + _fe_analyzer_shared 95.0.0 (109.0.0 available)
Avaliar a mesma candidata / Verificar e compilar web sem permissões de publicação	UNKNOWN STEP	2026-10-08T22:10:12.4021616Z + analyzer 10.1.0 (14.5.0 available)
Avaliar a mesma candidata / Verificar e compilar web sem permissões de publicação	UNKNOWN STEP	2026-10-08T22:10:12.4021860Z + archive 3.6.1 (4.3.0 available)
Avaliar a mesma candidata / Verificar e compilar web sem permissões de publicação	UNKNOWN STEP	2026-10-08T22:10:12.4022078Z + args 2.7.0
Avaliar a mesma candidata / Verificar e compilar web sem permissões de publicação	UNKNOWN STEP	2026-10-08T22:10:12.4022250Z + async 2.13.1
Avaliar a mesma candidata / Verificar e compilar web sem permissões de publicação	UNKNOWN STEP	2026-10-08T22:10:12.4022434Z + boolean_selector 2.1.2
Avaliar a mesma candidata / Verificar e compilar web sem permissões de publicação	UNKNOWN STEP	2026-10-08T22:10:12.4022674Z + browser_launcher 1.1.3 (1.2.0 available)
Avaliar a mesma candidata / Verificar e compilar web sem permissões de publicação	UNKNOWN STEP	2026-10-08T22:10:12.4022958Z + built_collection 5.1.1 (5.1.2 available)
Avaliar a mesma candidata / Verificar e compilar web sem permissões de publicação	UNKNOWN STEP	2026-10-08T22:10:12.4023211Z + built_value 8.12.5 (8.13.0 available)
Avaliar a mesma candidata / Verificar e compilar web sem permissões de publicação	UNKNOWN STEP	2026-10-08T22:10:12.4023438Z + checked_yaml 2.0.4
Avaliar a mesma candidata / Verificar e compilar web sem permissões de publicação	UNKNOWN STEP	2026-10-08T22:10:12.4023624Z + cli_config 0.2.0
Avaliar a mesma candidata / Verificar e compilar web sem permissões de publicação	UNKNOWN STEP	2026-10-08T22:10:12.4023810Z + clock 1.1.2 (1.1.3 available)
Avaliar a mesma candidata / Verificar e compilar web sem permissões de publicação	UNKNOWN STEP	2026-10-08T22:10:12.4024019Z + code_assets 1.0.0 (2.1.0 available)
Avaliar a mesma candidata / Verificar e compilar web sem permissões de publicação	UNKNOWN STEP	2026-10-08T22:10:12.4024243Z + code_builder 4.11.1 (4.12.0 available)
Avaliar a mesma candidata / Verificar e compilar web sem permissões de publicação	UNKNOWN STEP	2026-10-08T22:10:12.4024469Z + collection 1.19.1
Avaliar a mesma candidata / Verificar e compilar web sem permissões de publicação	UNKNOWN STEP	2026-10-08T22:10:12.4024652Z + completion 1.0.2
Avaliar a mesma candidata / Verificar e compilar web sem permissões de publicação	UNKNOWN STEP	2026-10-08T22:10:12.4024833Z + convert 3.1.2
Avaliar a mesma candidata / Verificar e compilar web sem permissões de publicação	UNKNOWN STEP	2026-10-08T22:10:12.4025014Z + coverage 1.15.0 (1.15.1 available)
Avaliar a mesma candidata / Verificar e compilar web sem permissões de publicação	UNKNOWN STEP	2026-10-08T22:10:12.4025231Z + crypto 3.0.7
Avaliar a mesma candidata / Verificar e compilar web sem permissões de publicação	UNKNOWN STEP	2026-10-08T22:10:12.4025402Z + csslib 1.0.2
Avaliar a mesma candidata / Verificar e compilar web sem permissões de publicação	UNKNOWN STEP	2026-10-08T22:10:12.4025568Z + dap 1.4.0
Avaliar a mesma candidata / Verificar e compilar web sem permissões de publicação	UNKNOWN STEP	2026-10-08T22:10:12.4025738Z + dart_service_protocol_shared 0.0.3
Avaliar a mesma candidata / Verificar e compilar web sem permissões de publicação	UNKNOWN STEP	2026-10-08T22:10:12.4025956Z + dart_style 3.1.7 (3.1.13 available)
Avaliar a mesma candidata / Verificar e compilar web sem permissões de publicação	UNKNOWN STEP	2026-10-08T22:10:12.4026181Z + data_assets 0.19.6 (0.20.0 available)
Avaliar a mesma candidata / Verificar e compilar web sem permissões de publicação	UNKNOWN STEP	2026-10-08T22:10:12.4026408Z + dds 5.3.0 (5.4.0 available)
Avaliar a mesma candidata / Verificar e compilar web sem permissões de publicação	UNKNOWN STEP	2026-10-08T22:10:12.4026626Z + dds_service_extensions 2.1.0
Avaliar a mesma candidata / Verificar e compilar web sem permissões de publicação	UNKNOWN STEP	2026-10-08T22:10:12.4026844Z + devtools_shared 12.1.0 (14.0.0 available)
Avaliar a mesma candidata / Verificar e compilar web sem permissões de publicação	UNKNOWN STEP	2026-10-08T22:10:12.4027059Z + dtd 4.0.0
Avaliar a mesma candidata / Verificar e compilar web sem permissões de publicação	UNKNOWN STEP	2026-10-08T22:10:12.4027219Z + dwds 26.2.5 (27.1.4 available)
Avaliar a mesma candidata / Verificar e compilar web sem permissões de publicação	UNKNOWN STEP	2026-10-08T22:10:12.4027432Z + extension_discovery 2.1.0
Avaliar a mesma candidata / Verificar e compilar web sem permissões de publicação	UNKNOWN STEP	2026-10-08T22:10:12.4027632Z + fake_async 1.3.3
Avaliar a mesma candidata / Verificar e compilar web sem permissões de publicação	UNKNOWN STEP	2026-10-08T22:10:12.4027808Z + ffi 2.2.0
Avaliar a mesma candidata / Verificar e compilar web sem permissões de publicação	UNKNOWN STEP	2026-10-08T22:10:12.4027968Z + file 7.0.1
Avaliar a mesma candidata / Verificar e compilar web sem permissões de publicação	UNKNOWN STEP	2026-10-08T22:10:12.4028152Z + file_testing 3.0.2 (3.1.0 available)
Avaliar a mesma candidata / Verificar e compilar web sem permissões de publicação	UNKNOWN STEP	2026-10-08T22:10:12.4028377Z + fixnum 1.1.1
Avaliar a mesma candidata / Verificar e compilar web sem permissões de publicação	UNKNOWN STEP	2026-10-08T22:10:12.4028583Z + flutter_template_images 5.0.0 (5.0.1 available)
Avaliar a mesma candidata / Verificar e compilar web sem permissões de publicação	UNKNOWN STEP	2026-10-08T22:10:12.4028875Z + frontend_server_client 4.0.0 (4.1.0 available)
Avaliar a mesma candidata / Verificar e compilar web sem permissões de publicação	UNKNOWN STEP	2026-10-08T22:10:12.4029138Z + glob 2.1.3 (2.2.0 available)
Avaliar a mesma candidata / Verificar e compilar web sem permissões de publicação	UNKNOWN STEP	2026-10-08T22:10:12.4029486Z + graphs 2.3.2
Avaliar a mesma candidata / Verificar e compilar web sem permissões de publicação	UNKNOWN STEP	2026-10-08T22:10:12.4029666Z + hooks 1.0.2 (2.2.0 available)
Avaliar a mesma candidata / Verificar e compilar web sem permissões de publicação	UNKNOWN STEP	2026-10-08T22:10:12.4029886Z + hooks_runner 1.1.1 (1.6.4 available)
Avaliar a mesma candidata / Verificar e compilar web sem permissões de publicação	UNKNOWN STEP	2026-10-08T22:10:12.4030118Z + html 0.15.6 (0.15.7 available)
Avaliar a mesma candidata / Verificar e compilar web sem permissões de publicação	UNKNOWN STEP	2026-10-08T22:10:12.4030324Z + http 1.6.0
Avaliar a mesma candidata / Verificar e compilar web sem permissões de publicação	UNKNOWN STEP	2026-10-08T22:10:12.4030504Z + http_multi_server 3.2.2
Avaliar a mesma candidata / Verificar e compilar web sem permissões de publicação	UNKNOWN STEP	2026-10-08T22:10:12.4030943Z + http_parser 4.1.2
Avaliar a mesma candidata / Verificar e compilar web sem permissões de publicação	UNKNOWN STEP	2026-10-08T22:10:12.4031132Z + intl 0.20.2 (0.20.3 available)
Avaliar a mesma candidata / Verificar e compilar web sem permissões de publicação	UNKNOWN STEP	2026-10-08T22:10:12.4031348Z + io 1.0.5 (1.1.0 available)
Avaliar a mesma candidata / Verificar e compilar web sem permissões de publicação	UNKNOWN STEP	2026-10-08T22:10:12.4031559Z + js 0.7.2 (discontinued)
Avaliar a mesma candidata / Verificar e compilar web sem permissões de publicação	UNKNOWN STEP	2026-10-08T22:10:12.4031773Z + json_annotation 4.11.0 (4.12.0 available)
Avaliar a mesma candidata / Verificar e compilar web sem permissões de publicação	UNKNOWN STEP	2026-10-08T22:10:12.4032012Z + json_rpc_2 4.1.0
Avaliar a mesma candidata / Verificar e compilar web sem permissões de publicação	UNKNOWN STEP	2026-10-08T22:10:12.4032194Z + logging 1.3.0
Avaliar a mesma candidata / Verificar e compilar web sem permissões de publicação	UNKNOWN STEP	2026-10-08T22:10:12.4032378Z + matcher 0.12.19 (0.12.20 available)
Avaliar a mesma candidata / Verificar e compilar web sem permissões de publicação	UNKNOWN STEP	2026-10-08T22:10:12.4032607Z + meta 1.18.0 (1.19.0 available)
Avaliar a mesma candidata / Verificar e compilar web sem permissões de publicação	UNKNOWN STEP	2026-10-08T22:10:12.4032820Z + mime 2.0.0 (2.1.0 available)
Avaliar a mesma candidata / Verificar e compilar web sem permissões de publicação	UNKNOWN STEP	2026-10-08T22:10:12.4033039Z + multicast_dns 0.3.3 (0.3.3+1 available)
Avaliar a mesma candidata / Verificar e compilar web sem permissões de publicação	UNKNOWN STEP	2026-10-08T22:10:12.4033291Z + mustache_template 2.0.4 (2.0.6 available)
Avaliar a mesma candidata / Verificar e compilar web sem permissões de publicação	UNKNOWN STEP	2026-10-08T22:10:12.4033545Z + native_stack_traces 0.6.1 (0.7.0 available)
Avaliar a mesma candidata / Verificar e compilar web sem permissões de publicação	UNKNOWN STEP	2026-10-08T22:10:12.4033773Z + node_preamble 2.0.2
Avaliar a mesma candidata / Verificar e compilar web sem permissões de publicação	UNKNOWN STEP	2026-10-08T22:10:12.4033966Z + package_config 2.2.0 (3.0.0 available)
Avaliar a mesma candidata / Verificar e compilar web sem permissões de publicação	UNKNOWN STEP	2026-10-08T22:10:12.4034192Z + path 1.9.1
Avaliar a mesma candidata / Verificar e compilar web sem permissões de publicação	UNKNOWN STEP	2026-10-08T22:10:12.4034538Z + petitparser 7.0.2 (7.1.0 available)
Avaliar a mesma candidata / Verificar e compilar web sem permissões de publicação	UNKNOWN STEP	2026-10-08T22:10:12.4034782Z + platform 3.1.6 (3.2.0 available)
Avaliar a mesma candidata / Verificar e compilar web sem permissões de publicação	UNKNOWN STEP	2026-10-08T22:10:12.4035001Z + pool 1.5.2 (1.5.3 available)
Avaliar a mesma candidata / Verificar e compilar web sem permissões de publicação	UNKNOWN STEP	2026-10-08T22:10:12.4035213Z + process 5.0.5 (5.0.6 available)
Avaliar a mesma candidata / Verificar e compilar web sem permissões de publicação	UNKNOWN STEP	2026-10-08T22:10:12.4035424Z + pub_semver 2.2.0 (2.2.1 available)
Avaliar a mesma candidata / Verificar e compilar web sem permissões de publicação	UNKNOWN STEP	2026-10-08T22:10:12.4035661Z + pubspec_parse 1.5.0 (1.6.0 available)
Avaliar a mesma candidata / Verificar e compilar web sem permissões de publicação	UNKNOWN STEP	2026-10-08T22:10:12.4035964Z + record_use 0.6.0 (1.1.1 available)
Avaliar a mesma candidata / Verificar e compilar web sem permissões de publicação	UNKNOWN STEP	2026-10-08T22:10:12.4036176Z + shelf 1.4.2
Avaliar a mesma candidata / Verificar e compilar web sem permissões de publicação	UNKNOWN STEP	2026-10-08T22:10:12.4036366Z + shelf_packages_handler 3.0.2
Avaliar a mesma candidata / Verificar e compilar web sem permissões de publicação	UNKNOWN STEP	2026-10-08T22:10:12.4036593Z + shelf_proxy 1.0.4 (1.0.5 available)
Avaliar a mesma candidata / Verificar e compilar web sem permissões de publicação	UNKNOWN STEP	2026-10-08T22:10:12.4036823Z + shelf_static 1.1.3
Avaliar a mesma candidata / Verificar e compilar web sem permissões de publicação	UNKNOWN STEP	2026-10-08T22:10:12.4037019Z + shelf_web_socket 3.0.0
Avaliar a mesma candidata / Verificar e compilar web sem permissões de publicação	UNKNOWN STEP	2026-10-08T22:10:12.4037228Z + source_map_stack_trace 2.1.2
Avaliar a mesma candidata / Verificar e compilar web sem permissões de publicação	UNKNOWN STEP	2026-10-08T22:10:12.4037454Z + source_maps 0.10.13 (0.10.14 available)
Avaliar a mesma candidata / Verificar e compilar web sem permissões de publicação	UNKNOWN STEP	2026-10-08T22:10:12.4037692Z + source_span 1.10.2
Avaliar a mesma candidata / Verificar e compilar web sem permissões de publicação	UNKNOWN STEP	2026-10-08T22:10:12.4037877Z + sprintf 7.0.0
Avaliar a mesma candidata / Verificar e compilar web sem permissões de publicação	UNKNOWN STEP	2026-10-08T22:10:12.4038056Z + sse 4.1.8 (4.2.0 available)
Avaliar a mesma candidata / Verificar e compilar web sem permissões de publicação	UNKNOWN STEP	2026-10-08T22:10:12.4038264Z + stack_trace 1.12.1 (1.12.2 available)
Avaliar a mesma candidata / Verificar e compilar web sem permissões de publicação	UNKNOWN STEP	2026-10-08T22:10:12.4038513Z + standard_message_codec 0.0.1+4 (0.0.1+5 available)
Avaliar a mesma candidata / Verificar e compilar web sem permissões de publicação	UNKNOWN STEP	2026-10-08T22:10:12.4038765Z + stream_channel 2.1.4
Avaliar a mesma candidata / Verificar e compilar web sem permissões de publicação	UNKNOWN STEP	2026-10-08T22:10:12.4039037Z + string_scanner 1.4.1
Avaliar a mesma candidata / Verificar e compilar web sem permissões de publicação	UNKNOWN STEP	2026-10-08T22:10:12.4039214Z + sync_http 0.3.1
Avaliar a mesma candidata / Verificar e compilar web sem permissões de publicação	UNKNOWN STEP	2026-10-08T22:10:12.4039509Z + term_glyph 1.2.2
Avaliar a mesma candidata / Verificar e compilar web sem permissões de publicação	UNKNOWN STEP	2026-10-08T22:10:12.4039691Z + test 1.31.0 (1.33.0 available)
Avaliar a mesma candidata / Verificar e compilar web sem permissões de publicação	UNKNOWN STEP	2026-10-08T22:10:12.4039903Z + test_api 0.7.11 (0.7.15 available)
Avaliar a mesma candidata / Verificar e compilar web sem permissões de publicação	UNKNOWN STEP	2026-10-08T22:10:12.4040128Z + test_core 0.6.17 (0.6.21 available)
Avaliar a mesma candidata / Verificar e compilar web sem permissões de publicação	UNKNOWN STEP	2026-10-08T22:10:12.4040344Z + typed_data 1.4.0
Avaliar a mesma candidata / Verificar e compilar web sem permissões de publicação	UNKNOWN STEP	2026-10-08T22:10:12.4040541Z + unified_analytics 8.0.14 (8.0.18 available)
Avaliar a mesma candidata / Verificar e compilar web sem permissões de publicação	UNKNOWN STEP	2026-10-08T22:10:12.4040787Z + usage 4.1.1 (discontinued)
Avaliar a mesma candidata / Verificar e compilar web sem permissões de publicação	UNKNOWN STEP	2026-10-08T22:10:12.4040995Z + uuid 4.5.3 (4.6.0 available)
Avaliar a mesma candidata / Verificar e compilar web sem permissões de publicação	UNKNOWN STEP	2026-10-08T22:10:12.4041209Z + vm_service 15.0.2 (15.3.0 available)
Avaliar a mesma candidata / Verificar e compilar web sem permissões de publicação	UNKNOWN STEP	2026-10-08T22:10:12.4041440Z + vm_service_interface 2.0.1
Avaliar a mesma candidata / Verificar e compilar web sem permissões de publicação	UNKNOWN STEP	2026-10-08T22:10:12.4041652Z + vm_snapshot_analysis 0.7.6
Avaliar a mesma candidata / Verificar e compilar web sem permissões de publicação	UNKNOWN STEP	2026-10-08T22:10:12.4041849Z + watcher 1.2.1
Avaliar a mesma candidata / Verificar e compilar web sem permissões de publicação	UNKNOWN STEP	2026-10-08T22:10:12.4042019Z + web 1.1.1
Avaliar a mesma candidata / Verificar e compilar web sem permissões de publicação	UNKNOWN STEP	2026-10-08T22:10:12.4042188Z + web_socket 1.0.1
Avaliar a mesma candidata / Verificar e compilar web sem permissões de publicação	UNKNOWN STEP	2026-10-08T22:10:12.4042367Z + web_socket_channel 3.0.3
Avaliar a mesma candidata / Verificar e compilar web sem permissões de publicação	UNKNOWN STEP	2026-10-08T22:10:12.4042573Z + webdriver 3.1.0 (3.2.0 available)
Avaliar a mesma candidata / Verificar e compilar web sem permissões de publicação	UNKNOWN STEP	2026-10-08T22:10:12.4042807Z + webkit_inspection_protocol 1.2.1
Avaliar a mesma candidata / Verificar e compilar web sem permissões de publicação	UNKNOWN STEP	2026-10-08T22:10:12.4043028Z + xml 6.6.1 (7.1.0 available)
Avaliar a mesma candidata / Verificar e compilar web sem permissões de publicação	UNKNOWN STEP	2026-10-08T22:10:12.4043231Z + yaml 3.1.3 (3.1.4 available)
Avaliar a mesma candidata / Verificar e compilar web sem permissões de publicação	UNKNOWN STEP	2026-10-08T22:10:12.4043429Z + yaml_edit 2.2.4
Avaliar a mesma candidata / Verificar e compilar web sem permissões de publicação	UNKNOWN STEP	2026-10-08T22:10:12.4043637Z Changed 102 dependencies!
Avaliar a mesma candidata / Verificar e compilar web sem permissões de publicação	UNKNOWN STEP	2026-10-08T22:10:12.4043854Z 2 packages are discontinued.
Avaliar a mesma candidata / Verificar e compilar web sem permissões de publicação	UNKNOWN STEP	2026-10-08T22:10:12.4044166Z 53 packages have newer versions incompatible with dependency constraints.
Avaliar a mesma candidata / Verificar e compilar web sem permissões de publicação	UNKNOWN STEP	2026-10-08T22:10:12.4044543Z Try `dart pub outdated` for more information.
Avaliar a mesma candidata / Verificar e compilar web sem permissões de publicação	UNKNOWN STEP	2026-10-08T22:10:22.8620573Z Flutter 3.44.1 • channel [user-branch] • unknown source
Avaliar a mesma candidata / Verificar e compilar web sem permissões de publicação	UNKNOWN STEP	2026-10-08T22:10:22.8621099Z Framework • revision 924134a44c (4 months ago) • 2026-05-29 12:13:22 -0400
Avaliar a mesma candidata / Verificar e compilar web sem permissões de publicação	UNKNOWN STEP	2026-10-08T22:10:22.8621725Z Engine • hash 39b1f7043775b9578bbb26a1676e79c4e31c8b5e (revision c416acfeb8) (4 months ago) • 2026-05-27 20:19:31.000Z
Avaliar a mesma candidata / Verificar e compilar web sem permissões de publicação	UNKNOWN STEP	2026-10-08T22:10:22.8622700Z Tools • Dart 3.12.1 • DevTools 2.57.0
Avaliar a mesma candidata / Verificar e compilar web sem permissões de publicação	UNKNOWN STEP	2026-10-08T22:10:22.8659254Z ##[end-action id=__self.__run;outcome=success;conclusion=success;duration_ms=27056]
Avaliar a mesma candidata / Verificar e compilar web sem permissões de publicação	UNKNOWN STEP	2026-10-08T22:10:22.8720433Z ##[group]Run flutter pub get --enforce-lockfile
Avaliar a mesma candidata / Verificar e compilar web sem permissões de publicação	UNKNOWN STEP	2026-10-08T22:10:22.8720657Z ^[[36;1mflutter pub get --enforce-lockfile^[[0m
Avaliar a mesma candidata / Verificar e compilar web sem permissões de publicação	UNKNOWN STEP	2026-10-08T22:10:22.8720810Z ^[[36;1mflutter analyze^[[0m
Avaliar a mesma candidata / Verificar e compilar web sem permissões de publicação	UNKNOWN STEP	2026-10-08T22:10:22.8720938Z ^[[36;1mflutter test^[[0m
Avaliar a mesma candidata / Verificar e compilar web sem permissões de publicação	UNKNOWN STEP	2026-10-08T22:10:22.8775014Z shell: /usr/bin/bash -e {0}
Avaliar a mesma candidata / Verificar e compilar web sem permissões de publicação	UNKNOWN STEP	2026-10-08T22:10:22.8775173Z ##[endgroup]
Avaliar a mesma candidata / Verificar e compilar web sem permissões de publicação	UNKNOWN STEP	2026-10-08T22:10:23.2324508Z [1/10] Material Fonts                                              261ms
Avaliar a mesma candidata / Verificar e compilar web sem permissões de publicação	UNKNOWN STEP	2026-10-08T22:10:23.3125268Z [2/10] Gradle Wrapper                                               42ms
Avaliar a mesma candidata / Verificar e compilar web sem permissões de publicação	UNKNOWN STEP	2026-10-08T22:10:23.3231108Z [3/10] Flutter SDK
Avaliar a mesma candidata / Verificar e compilar web sem permissões de publicação	UNKNOWN STEP	2026-10-08T22:10:23.4425911Z   ├─ [1/5] sky_engine                                              114ms
Avaliar a mesma candidata / Verificar e compilar web sem permissões de publicação	UNKNOWN STEP	2026-10-08T22:10:23.5403218Z   ├─ [2/5] flutter_gpu                                              48ms
Avaliar a mesma candidata / Verificar e compilar web sem permissões de publicação	UNKNOWN STEP	2026-10-08T22:10:23.6933854Z   ├─ [3/5] flutter_patched_sdk                                     144ms
Avaliar a mesma candidata / Verificar e compilar web sem permissões de publicação	UNKNOWN STEP	2026-10-08T22:10:23.9060036Z   ├─ [4/5] flutter_patched_sdk_product                             144ms
Avaliar a mesma candidata / Verificar e compilar web sem permissões de publicação	UNKNOWN STEP	2026-10-08T22:10:24.4138207Z   └─ [5/5] linux-x64                                               439ms
Avaliar a mesma candidata / Verificar e compilar web sem permissões de publicação	UNKNOWN STEP	2026-10-08T22:10:24.9745957Z [10/10] linux-x64/font-subset                                      107ms
Avaliar a mesma candidata / Verificar e compilar web sem permissões de publicação	UNKNOWN STEP	2026-10-08T22:10:25.0584684Z Resolving dependencies...
Avaliar a mesma candidata / Verificar e compilar web sem permissões de publicação	UNKNOWN STEP	2026-10-08T22:10:25.4541643Z Downloading packages...
Avaliar a mesma candidata / Verificar e compilar web sem permissões de publicação	UNKNOWN STEP	2026-10-08T22:10:26.0013532Z   clock 1.1.2 (1.1.3 available)
Avaliar a mesma candidata / Verificar e compilar web sem permissões de publicação	UNKNOWN STEP	2026-10-08T22:10:26.0013834Z   cupertino_icons 1.0.9 (2.0.0 available)
Avaliar a mesma candidata / Verificar e compilar web sem permissões de publicação	UNKNOWN STEP	2026-10-08T22:10:26.0014071Z   matcher 0.12.19 (0.12.20 available)
Avaliar a mesma candidata / Verificar e compilar web sem permissões de publicação	UNKNOWN STEP	2026-10-08T22:10:26.0014322Z   material_color_utilities 0.13.0 (0.13.1 available)
Avaliar a mesma candidata / Verificar e compilar web sem permissões de publicação	UNKNOWN STEP	2026-10-08T22:10:26.0014584Z   meta 1.18.0 (1.19.0 available)
Avaliar a mesma candidata / Verificar e compilar web sem permissões de publicação	UNKNOWN STEP	2026-10-08T22:10:26.0014798Z   stack_trace 1.12.1 (1.12.2 available)
Avaliar a mesma candidata / Verificar e compilar web sem permissões de publicação	UNKNOWN STEP	2026-10-08T22:10:26.0015016Z   test_api 0.7.11 (0.7.15 available)
Avaliar a mesma candidata / Verificar e compilar web sem permissões de publicação	UNKNOWN STEP	2026-10-08T22:10:26.0015228Z   vector_math 2.2.0 (2.4.3 available)
Avaliar a mesma candidata / Verificar e compilar web sem permissões de publicação	UNKNOWN STEP	2026-10-08T22:10:26.0015470Z   vm_service 15.2.0 (15.3.0 available)
Avaliar a mesma candidata / Verificar e compilar web sem permissões de publicação	UNKNOWN STEP	2026-10-08T22:10:26.0015680Z Got dependencies!
Avaliar a mesma candidata / Verificar e compilar web sem permissões de publicação	UNKNOWN STEP	2026-10-08T22:10:26.0015961Z 9 packages have newer versions incompatible with dependency constraints.
Avaliar a mesma candidata / Verificar e compilar web sem permissões de publicação	UNKNOWN STEP	2026-10-08T22:10:26.0016315Z Try `flutter pub outdated` for more information.
Avaliar a mesma candidata / Verificar e compilar web sem permissões de publicação	UNKNOWN STEP	2026-10-08T22:10:26.2342888Z Resolving dependencies...
Avaliar a mesma candidata / Verificar e compilar web sem permissões de publicação	UNKNOWN STEP	2026-10-08T22:10:26.2485405Z Downloading packages...
Avaliar a mesma candidata / Verificar e compilar web sem permissões de publicação	UNKNOWN STEP	2026-10-08T22:10:26.2493016Z   clock 1.1.2 (1.1.3 available)
Avaliar a mesma candidata / Verificar e compilar web sem permissões de publicação	UNKNOWN STEP	2026-10-08T22:10:26.2493249Z   cupertino_icons 1.0.9 (2.0.0 available)
Avaliar a mesma candidata / Verificar e compilar web sem permissões de publicação	UNKNOWN STEP	2026-10-08T22:10:26.2493485Z   matcher 0.12.19 (0.12.20 available)
Avaliar a mesma candidata / Verificar e compilar web sem permissões de publicação	UNKNOWN STEP	2026-10-08T22:10:26.2493746Z   material_color_utilities 0.13.0 (0.13.1 available)
Avaliar a mesma candidata / Verificar e compilar web sem permissões de publicação	UNKNOWN STEP	2026-10-08T22:10:26.2493942Z   meta 1.18.0 (1.19.0 available)
Avaliar a mesma candidata / Verificar e compilar web sem permissões de publicação	UNKNOWN STEP	2026-10-08T22:10:26.2494083Z   stack_trace 1.12.1 (1.12.2 available)
Avaliar a mesma candidata / Verificar e compilar web sem permissões de publicação	UNKNOWN STEP	2026-10-08T22:10:26.2494230Z   test_api 0.7.11 (0.7.15 available)
Avaliar a mesma candidata / Verificar e compilar web sem permissões de publicação	UNKNOWN STEP	2026-10-08T22:10:26.2494371Z   vector_math 2.2.0 (2.4.3 available)
Avaliar a mesma candidata / Verificar e compilar web sem permissões de publicação	UNKNOWN STEP	2026-10-08T22:10:26.2494519Z   vm_service 15.2.0 (15.3.0 available)
Avaliar a mesma candidata / Verificar e compilar web sem permissões de publicação	UNKNOWN STEP	2026-10-08T22:10:26.2499682Z Got dependencies!
Avaliar a mesma candidata / Verificar e compilar web sem permissões de publicação	UNKNOWN STEP	2026-10-08T22:10:26.2502009Z 9 packages have newer versions incompatible with dependency constraints.
Avaliar a mesma candidata / Verificar e compilar web sem permissões de publicação	UNKNOWN STEP	2026-10-08T22:10:26.2502361Z Try `flutter pub outdated` for more information.
Avaliar a mesma candidata / Verificar e compilar web sem permissões de publicação	UNKNOWN STEP	2026-10-08T22:10:31.6622534Z Analyzing app...                                                
Avaliar a mesma candidata / Verificar e compilar web sem permissões de publicação	UNKNOWN STEP	2026-10-08T22:10:31.6632516Z No issues found! (ran in 5.0s)
Avaliar a mesma candidata / Verificar e compilar web sem permissões de publicação	UNKNOWN STEP	2026-10-08T22:10:31.7842688Z Resolving dependencies...
Avaliar a mesma candidata / Verificar e compilar web sem permissões de publicação	UNKNOWN STEP	2026-10-08T22:10:31.7981471Z Downloading packages...
Avaliar a mesma candidata / Verificar e compilar web sem permissões de publicação	UNKNOWN STEP	2026-10-08T22:10:31.7988974Z   clock 1.1.2 (1.1.3 available)
Avaliar a mesma candidata / Verificar e compilar web sem permissões de publicação	UNKNOWN STEP	2026-10-08T22:10:31.7989199Z   cupertino_icons 1.0.9 (2.0.0 available)
Avaliar a mesma candidata / Verificar e compilar web sem permissões de publicação	UNKNOWN STEP	2026-10-08T22:10:31.7989498Z   matcher 0.12.19 (0.12.20 available)
Avaliar a mesma candidata / Verificar e compilar web sem permissões de publicação	UNKNOWN STEP	2026-10-08T22:10:31.7989688Z   material_color_utilities 0.13.0 (0.13.1 available)
Avaliar a mesma candidata / Verificar e compilar web sem permissões de publicação	UNKNOWN STEP	2026-10-08T22:10:31.7989879Z   meta 1.18.0 (1.19.0 available)
Avaliar a mesma candidata / Verificar e compilar web sem permissões de publicação	UNKNOWN STEP	2026-10-08T22:10:31.7990100Z   stack_trace 1.12.1 (1.12.2 available)
Avaliar a mesma candidata / Verificar e compilar web sem permissões de publicação	UNKNOWN STEP	2026-10-08T22:10:31.7990253Z   test_api 0.7.11 (0.7.15 available)
Avaliar a mesma candidata / Verificar e compilar web sem permissões de publicação	UNKNOWN STEP	2026-10-08T22:10:31.7990391Z   vector_math 2.2.0 (2.4.3 available)
Avaliar a mesma candidata / Verificar e compilar web sem permissões de publicação	UNKNOWN STEP	2026-10-08T22:10:31.7991016Z   vm_service 15.2.0 (15.3.0 available)
Avaliar a mesma candidata / Verificar e compilar web sem permissões de publicação	UNKNOWN STEP	2026-10-08T22:10:31.7991152Z Got dependencies!
Avaliar a mesma candidata / Verificar e compilar web sem permissões de publicação	UNKNOWN STEP	2026-10-08T22:10:31.7991502Z 9 packages have newer versions incompatible with dependency constraints.
Avaliar a mesma candidata / Verificar e compilar web sem permissões de publicação	UNKNOWN STEP	2026-10-08T22:10:31.7991725Z Try `flutter pub outdated` for more information.
Avaliar a mesma candidata / Verificar e compilar web sem permissões de publicação	UNKNOWN STEP	2026-10-08T22:10:32.2045671Z 
Avaliar a mesma candidata / Verificar e compilar web sem permissões de publicação	UNKNOWN STEP	2026-10-08T22:10:38.4397086Z ##[group]✅ exibe a mensagem inicial
Avaliar a mesma candidata / Verificar e compilar web sem permissões de publicação	UNKNOWN STEP	2026-10-08T22:10:38.4397658Z -------------------------------------------------------------------------------
Avaliar a mesma candidata / Verificar e compilar web sem permissões de publicação	UNKNOWN STEP	2026-10-08T22:10:38.4398351Z The Shorebird Updater is unavailable in the current environment.
Avaliar a mesma candidata / Verificar e compilar web sem permissões de publicação	UNKNOWN STEP	2026-10-08T22:10:38.4398811Z -------------------------------------------------------------------------------
Avaliar a mesma candidata / Verificar e compilar web sem permissões de publicação	UNKNOWN STEP	2026-10-08T22:10:38.4399412Z This occurs when using pkg:shorebird_code_push in an app that does not
Avaliar a mesma candidata / Verificar e compilar web sem permissões de publicação	UNKNOWN STEP	2026-10-08T22:10:38.4399990Z contain the Shorebird Engine. Most commonly this is due to building with
Avaliar a mesma candidata / Verificar e compilar web sem permissões de publicação	UNKNOWN STEP	2026-10-08T22:10:38.4400659Z `flutter build` or `flutter run` instead of `shorebird release` or `shorebird preview`.
Avaliar a mesma candidata / Verificar e compilar web sem permissões de publicação	UNKNOWN STEP	2026-10-08T22:10:38.4401267Z It can also occur when running on an unsupported platform (e.g. web).
Avaliar a mesma candidata / Verificar e compilar web sem permissões de publicação	UNKNOWN STEP	2026-10-08T22:10:38.4403706Z 
Avaliar a mesma candidata / Verificar e compilar web sem permissões de publicação	UNKNOWN STEP	2026-10-08T22:10:38.4403944Z -------------------------------------------------------------------------------
Avaliar a mesma candidata / Verificar e compilar web sem permissões de publicação	UNKNOWN STEP	2026-10-08T22:10:38.4410226Z The Shorebird Updater is unavailable in the current environment.
Avaliar a mesma candidata / Verificar e compilar web sem permissões de publicação	UNKNOWN STEP	2026-10-08T22:10:38.4410929Z -------------------------------------------------------------------------------
Avaliar a mesma candidata / Verificar e compilar web sem permissões de publicação	UNKNOWN STEP	2026-10-08T22:10:38.4411369Z This occurs when using pkg:shorebird_code_push in an app that does not
Avaliar a mesma candidata / Verificar e compilar web sem permissões de publicação	UNKNOWN STEP	2026-10-08T22:10:38.4411840Z contain the Shorebird Engine. Most commonly this is due to building with
Avaliar a mesma candidata / Verificar e compilar web sem permissões de publicação	UNKNOWN STEP	2026-10-08T22:10:38.4412343Z `flutter build` or `flutter run` instead of `shorebird release` or `shorebird preview`.
Avaliar a mesma candidata / Verificar e compilar web sem permissões de publicação	UNKNOWN STEP	2026-10-08T22:10:38.4412841Z It can also occur when running on an unsupported platform (e.g. web).
Avaliar a mesma candidata / Verificar e compilar web sem permissões de publicação	UNKNOWN STEP	2026-10-08T22:10:38.4413144Z 
Avaliar a mesma candidata / Verificar e compilar web sem permissões de publicação	UNKNOWN STEP	2026-10-08T22:10:38.4413450Z ##[endgroup]
Avaliar a mesma candidata / Verificar e compilar web sem permissões de publicação	UNKNOWN STEP	2026-10-08T22:10:38.4544021Z 
Avaliar a mesma candidata / Verificar e compilar web sem permissões de publicação	UNKNOWN STEP	2026-10-08T22:10:38.4547380Z 🎉 1 test passed.
Avaliar a mesma candidata / Verificar e compilar web sem permissões de publicação	UNKNOWN STEP	2026-10-08T22:10:38.5073546Z ##[group]Run python3 trusted/deploy/pages_preview.py build --repo app --source-sha "$SOURCE_SHA" --site "$RUNNER_TEMP/new-pages-site" > "$RUNNER_TEMP/pages-build-metadata.json"
Avaliar a mesma candidata / Verificar e compilar web sem permissões de publicação	UNKNOWN STEP	2026-10-08T22:10:38.5074176Z ^[[36;1mpython3 trusted/deploy/pages_preview.py build --repo app --source-sha "$SOURCE_SHA" --site "$RUNNER_TEMP/new-pages-site" > "$RUNNER_TEMP/pages-build-metadata.json"^[[0m
Avaliar a mesma candidata / Verificar e compilar web sem permissões de publicação	UNKNOWN STEP	2026-10-08T22:10:38.5125505Z shell: /usr/bin/bash -e {0}
Avaliar a mesma candidata / Verificar e compilar web sem permissões de publicação	UNKNOWN STEP	2026-10-08T22:10:38.5125638Z env:
Avaliar a mesma candidata / Verificar e compilar web sem permissões de publicação	UNKNOWN STEP	2026-10-08T22:10:38.5125785Z   SOURCE_SHA: b8763ec5adc5e24ce34f474a66a079b48a9ffa0f
Avaliar a mesma candidata / Verificar e compilar web sem permissões de publicação	UNKNOWN STEP	2026-10-08T22:10:38.5125953Z ##[endgroup]
Avaliar a mesma candidata / Verificar e compilar web sem permissões de publicação	UNKNOWN STEP	2026-10-08T22:10:38.7264253Z Resolving dependencies...
Avaliar a mesma candidata / Verificar e compilar web sem permissões de publicação	UNKNOWN STEP	2026-10-08T22:10:38.7396595Z Downloading packages...
Avaliar a mesma candidata / Verificar e compilar web sem permissões de publicação	UNKNOWN STEP	2026-10-08T22:10:38.7403850Z   clock 1.1.2 (1.1.3 available)
Avaliar a mesma candidata / Verificar e compilar web sem permissões de publicação	UNKNOWN STEP	2026-10-08T22:10:38.7404064Z   cupertino_icons 1.0.9 (2.0.0 available)
Avaliar a mesma candidata / Verificar e compilar web sem permissões de publicação	UNKNOWN STEP	2026-10-08T22:10:38.7404292Z   matcher 0.12.19 (0.12.20 available)
Avaliar a mesma candidata / Verificar e compilar web sem permissões de publicação	UNKNOWN STEP	2026-10-08T22:10:38.7404536Z   material_color_utilities 0.13.0 (0.13.1 available)
Avaliar a mesma candidata / Verificar e compilar web sem permissões de publicação	UNKNOWN STEP	2026-10-08T22:10:38.7404879Z   meta 1.18.0 (1.19.0 available)
Avaliar a mesma candidata / Verificar e compilar web sem permissões de publicação	UNKNOWN STEP	2026-10-08T22:10:38.7405096Z   stack_trace 1.12.1 (1.12.2 available)
Avaliar a mesma candidata / Verificar e compilar web sem permissões de publicação	UNKNOWN STEP	2026-10-08T22:10:38.7405288Z   test_api 0.7.11 (0.7.15 available)
Avaliar a mesma candidata / Verificar e compilar web sem permissões de publicação	UNKNOWN STEP	2026-10-08T22:10:38.7405426Z   vector_math 2.2.0 (2.4.3 available)
Avaliar a mesma candidata / Verificar e compilar web sem permissões de publicação	UNKNOWN STEP	2026-10-08T22:10:38.7405564Z   vm_service 15.2.0 (15.3.0 available)
Avaliar a mesma candidata / Verificar e compilar web sem permissões de publicação	UNKNOWN STEP	2026-10-08T22:10:38.7405698Z Got dependencies!
Avaliar a mesma candidata / Verificar e compilar web sem permissões de publicação	UNKNOWN STEP	2026-10-08T22:10:38.7405868Z 9 packages have newer versions incompatible with dependency constraints.
Avaliar a mesma candidata / Verificar e compilar web sem permissões de publicação	UNKNOWN STEP	2026-10-08T22:10:38.7406085Z Try `flutter pub outdated` for more information.
Avaliar a mesma candidata / Verificar e compilar web sem permissões de publicação	UNKNOWN STEP	2026-10-08T22:10:39.6844585Z [1/1] Web SDK                                                      746ms
Avaliar a mesma candidata / Verificar e compilar web sem permissões de publicação	UNKNOWN STEP	2026-10-08T22:10:40.2707119Z Resolving dependencies...
Avaliar a mesma candidata / Verificar e compilar web sem permissões de publicação	UNKNOWN STEP	2026-10-08T22:10:40.2840171Z Downloading packages...
Avaliar a mesma candidata / Verificar e compilar web sem permissões de publicação	UNKNOWN STEP	2026-10-08T22:10:40.2847222Z   clock 1.1.2 (1.1.3 available)
Avaliar a mesma candidata / Verificar e compilar web sem permissões de publicação	UNKNOWN STEP	2026-10-08T22:10:40.2847481Z   cupertino_icons 1.0.9 (2.0.0 available)
Avaliar a mesma candidata / Verificar e compilar web sem permissões de publicação	UNKNOWN STEP	2026-10-08T22:10:40.2847734Z   matcher 0.12.19 (0.12.20 available)
Avaliar a mesma candidata / Verificar e compilar web sem permissões de publicação	UNKNOWN STEP	2026-10-08T22:10:40.2848028Z   material_color_utilities 0.13.0 (0.13.1 available)
Avaliar a mesma candidata / Verificar e compilar web sem permissões de publicação	UNKNOWN STEP	2026-10-08T22:10:40.2848700Z   meta 1.18.0 (1.19.0 available)
Avaliar a mesma candidata / Verificar e compilar web sem permissões de publicação	UNKNOWN STEP	2026-10-08T22:10:40.2848914Z   stack_trace 1.12.1 (1.12.2 available)
Avaliar a mesma candidata / Verificar e compilar web sem permissões de publicação	UNKNOWN STEP	2026-10-08T22:10:40.2849149Z   test_api 0.7.11 (0.7.15 available)
Avaliar a mesma candidata / Verificar e compilar web sem permissões de publicação	UNKNOWN STEP	2026-10-08T22:10:40.2849688Z   vector_math 2.2.0 (2.4.3 available)
Avaliar a mesma candidata / Verificar e compilar web sem permissões de publicação	UNKNOWN STEP	2026-10-08T22:10:40.2849920Z   vm_service 15.2.0 (15.3.0 available)
Avaliar a mesma candidata / Verificar e compilar web sem permissões de publicação	UNKNOWN STEP	2026-10-08T22:10:40.2850146Z Got dependencies!
Avaliar a mesma candidata / Verificar e compilar web sem permissões de publicação	UNKNOWN STEP	2026-10-08T22:10:40.2850442Z 9 packages have newer versions incompatible with dependency constraints.
Avaliar a mesma candidata / Verificar e compilar web sem permissões de publicação	UNKNOWN STEP	2026-10-08T22:10:40.2850839Z Try `flutter pub outdated` for more information.
Avaliar a mesma candidata / Verificar e compilar web sem permissões de publicação	UNKNOWN STEP	2026-10-08T22:10:58.7352665Z Compiling lib/main.dart for the Web...                          
Avaliar a mesma candidata / Verificar e compilar web sem permissões de publicação	UNKNOWN STEP	2026-10-08T22:10:58.7357460Z Wasm dry run succeeded. Consider building and testing your application with the `--wasm` flag. See docs for more info: https://docs.flutter.dev/platform-integration/web/wasm
Avaliar a mesma candidata / Verificar e compilar web sem permissões de publicação	UNKNOWN STEP	2026-10-08T22:10:58.7358053Z Use --no-wasm-dry-run to disable these warnings.
Avaliar a mesma candidata / Verificar e compilar web sem permissões de publicação	UNKNOWN STEP	2026-10-08T22:10:59.6898839Z Font asset "CupertinoIcons.ttf" was tree-shaken, reducing it from 257628 to 1472 bytes (99.4% reduction). Tree-shaking can be disabled by providing the --no-tree-shake-icons flag when building your app.
Avaliar a mesma candidata / Verificar e compilar web sem permissões de publicação	UNKNOWN STEP	2026-10-08T22:10:59.6904783Z Font asset "MaterialIcons-Regular.otf" was tree-shaken, reducing it from 1645184 to 7856 bytes (99.5% reduction). Tree-shaking can be disabled by providing the --no-tree-shake-icons flag when building your app.
Avaliar a mesma candidata / Verificar e compilar web sem permissões de publicação	UNKNOWN STEP	2026-10-08T22:10:59.9841970Z Compiling lib/main.dart for the Web...                             19.6s
Avaliar a mesma candidata / Verificar e compilar web sem permissões de publicação	UNKNOWN STEP	2026-10-08T22:10:59.9847457Z ✓ Built build/web
Avaliar a mesma candidata / Verificar e compilar web sem permissões de publicação	UNKNOWN STEP	2026-10-08T22:11:00.1564815Z ##[group]Run actions/upload-artifact@ea165f8d65b6e75b540449e92b4886f43607fa02
Avaliar a mesma candidata / Verificar e compilar web sem permissões de publicação	UNKNOWN STEP	2026-10-08T22:11:00.1565035Z with:
Avaliar a mesma candidata / Verificar e compilar web sem permissões de publicação	UNKNOWN STEP	2026-10-08T22:11:00.1565152Z   name: release-lab-built-web
Avaliar a mesma candidata / Verificar e compilar web sem permissões de publicação	UNKNOWN STEP	2026-10-08T22:11:00.1565306Z   path: /home/runner/work/_temp/new-pages-site/
Avaliar a mesma candidata / Verificar e compilar web sem permissões de publicação	UNKNOWN STEP	2026-10-08T22:11:00.1565469Z   if-no-files-found: error
Avaliar a mesma candidata / Verificar e compilar web sem permissões de publicação	UNKNOWN STEP	2026-10-08T22:11:00.1565595Z   retention-days: 90
Avaliar a mesma candidata / Verificar e compilar web sem permissões de publicação	UNKNOWN STEP	2026-10-08T22:11:00.1565709Z   overwrite: false
Avaliar a mesma candidata / Verificar e compilar web sem permissões de publicação	UNKNOWN STEP	2026-10-08T22:11:00.1565823Z   compression-level: 6
Avaliar a mesma candidata / Verificar e compilar web sem permissões de publicação	UNKNOWN STEP	2026-10-08T22:11:00.1565959Z   include-hidden-files: false
Avaliar a mesma candidata / Verificar e compilar web sem permissões de publicação	UNKNOWN STEP	2026-10-08T22:11:00.1566087Z ##[endgroup]
Avaliar a mesma candidata / Verificar e compilar web sem permissões de publicação	UNKNOWN STEP	2026-10-08T22:11:00.2627222Z (node:2867) [DEP0040] DeprecationWarning: The `punycode` module is deprecated. Please use a userland alternative instead.
Avaliar a mesma candidata / Verificar e compilar web sem permissões de publicação	UNKNOWN STEP	2026-10-08T22:11:00.2627595Z (Use `node --trace-deprecation ...` to show where the warning was created)
Avaliar a mesma candidata / Verificar e compilar web sem permissões de publicação	UNKNOWN STEP	2026-10-08T22:11:00.2714629Z With the provided path, there will be 43 files uploaded
Avaliar a mesma candidata / Verificar e compilar web sem permissões de publicação	UNKNOWN STEP	2026-10-08T22:11:00.2739813Z Artifact name is valid!
Avaliar a mesma candidata / Verificar e compilar web sem permissões de publicação	UNKNOWN STEP	2026-10-08T22:11:00.2740231Z Root directory input is valid!
Avaliar a mesma candidata / Verificar e compilar web sem permissões de publicação	UNKNOWN STEP	2026-10-08T22:11:00.5194747Z Beginning upload of artifact content to blob storage
Avaliar a mesma candidata / Verificar e compilar web sem permissões de publicação	UNKNOWN STEP	2026-10-08T22:11:01.0260860Z (node:2867) [DEP0169] DeprecationWarning: `url.parse()` behavior is not standardized and prone to errors that have security implications. Use the WHATWG URL API instead. CVEs are not issued for `url.parse()` vulnerabilities.
Avaliar a mesma candidata / Verificar e compilar web sem permissões de publicação	UNKNOWN STEP	2026-10-08T22:11:01.6073042Z Uploaded bytes 8388608
Avaliar a mesma candidata / Verificar e compilar web sem permissões de publicação	UNKNOWN STEP	2026-10-08T22:11:01.7659630Z Uploaded bytes 14134474
Avaliar a mesma candidata / Verificar e compilar web sem permissões de publicação	UNKNOWN STEP	2026-10-08T22:11:01.8103565Z Finished uploading artifact content to blob storage!
Avaliar a mesma candidata / Verificar e compilar web sem permissões de publicação	UNKNOWN STEP	2026-10-08T22:11:01.8104311Z SHA256 digest of uploaded artifact zip is c443ed6811489053e546935866640436ff7c38123bc97a20aed79f163d674ab1
Avaliar a mesma candidata / Verificar e compilar web sem permissões de publicação	UNKNOWN STEP	2026-10-08T22:11:01.8105987Z Finalizing artifact upload
Avaliar a mesma candidata / Verificar e compilar web sem permissões de publicação	UNKNOWN STEP	2026-10-08T22:11:02.0352114Z Artifact release-lab-built-web.zip successfully finalized. Artifact ID 11582765668
Avaliar a mesma candidata / Verificar e compilar web sem permissões de publicação	UNKNOWN STEP	2026-10-08T22:11:02.0352751Z Artifact release-lab-built-web has been successfully uploaded! Final size is 14134474 bytes. Artifact ID is 11582765668
Avaliar a mesma candidata / Verificar e compilar web sem permissões de publicação	UNKNOWN STEP	2026-10-08T22:11:02.0356742Z Artifact download URL: https://github.com/israelhudson/flutter_code_push_example/actions/runs/37851607911/artifacts/11582765668
Avaliar a mesma candidata / Verificar e compilar web sem permissões de publicação	UNKNOWN STEP	2026-10-08T22:11:02.0527163Z Post job cleanup.
Avaliar a mesma candidata / Verificar e compilar web sem permissões de publicação	UNKNOWN STEP	2026-10-08T22:11:02.1039670Z [command]/usr/bin/git version
Avaliar a mesma candidata / Verificar e compilar web sem permissões de publicação	UNKNOWN STEP	2026-10-08T22:11:02.1071173Z git version 2.55.0
Avaliar a mesma candidata / Verificar e compilar web sem permissões de publicação	UNKNOWN STEP	2026-10-08T22:11:02.1094677Z Temporarily overriding HOME='/home/runner/work/_temp/44f5471a-21a8-4470-a9fa-d74369651935' before making global git config changes
Avaliar a mesma candidata / Verificar e compilar web sem permissões de publicação	UNKNOWN STEP	2026-10-08T22:11:02.1095693Z Adding repository directory to the temporary git global config as a safe directory
Avaliar a mesma candidata / Verificar e compilar web sem permissões de publicação	UNKNOWN STEP	2026-10-08T22:11:02.1098202Z [command]/usr/bin/git config --global --add safe.directory /home/runner/work/flutter_code_push_example/flutter_code_push_example/app
Avaliar a mesma candidata / Verificar e compilar web sem permissões de publicação	UNKNOWN STEP	2026-10-08T22:11:02.1130900Z [command]/usr/bin/git config --local --name-only --get-regexp core\.sshCommand
Avaliar a mesma candidata / Verificar e compilar web sem permissões de publicação	UNKNOWN STEP	2026-10-08T22:11:02.1168969Z [command]/usr/bin/git submodule foreach --recursive sh -c "git config --local --name-only --get-regexp 'core\.sshCommand' && git config --local --unset-all 'core.sshCommand' || :"
Avaliar a mesma candidata / Verificar e compilar web sem permissões de publicação	UNKNOWN STEP	2026-10-08T22:11:02.1355341Z [command]/usr/bin/git config --local --name-only --get-regexp http\.https\:\/\/github\.com\/\.extraheader
Avaliar a mesma candidata / Verificar e compilar web sem permissões de publicação	UNKNOWN STEP	2026-10-08T22:11:02.1409171Z [command]/usr/bin/git submodule foreach --recursive sh -c "git config --local --name-only --get-regexp 'http\.https\:\/\/github\.com\/\.extraheader' && git config --local --unset-all 'http.https://github.com/.extraheader' || :"
Avaliar a mesma candidata / Verificar e compilar web sem permissões de publicação	UNKNOWN STEP	2026-10-08T22:11:02.1616359Z [command]/usr/bin/git config --local --name-only --get-regexp ^includeIf\.gitdir:
Avaliar a mesma candidata / Verificar e compilar web sem permissões de publicação	UNKNOWN STEP	2026-10-08T22:11:02.1647881Z [command]/usr/bin/git submodule foreach --recursive git config --local --show-origin --name-only --get-regexp remote.origin.url
Avaliar a mesma candidata / Verificar e compilar web sem permissões de publicação	UNKNOWN STEP	2026-10-08T22:11:02.1931151Z Post job cleanup.
Avaliar a mesma candidata / Verificar e compilar web sem permissões de publicação	UNKNOWN STEP	2026-10-08T22:11:02.2529925Z [command]/usr/bin/git version
Avaliar a mesma candidata / Verificar e compilar web sem permissões de publicação	UNKNOWN STEP	2026-10-08T22:11:02.2559776Z git version 2.55.0
Avaliar a mesma candidata / Verificar e compilar web sem permissões de publicação	UNKNOWN STEP	2026-10-08T22:11:02.2591463Z Temporarily overriding HOME='/home/runner/work/_temp/7e587858-b970-4182-a0c2-27a60520107d' before making global git config changes
Avaliar a mesma candidata / Verificar e compilar web sem permissões de publicação	UNKNOWN STEP	2026-10-08T22:11:02.2592129Z Adding repository directory to the temporary git global config as a safe directory
Avaliar a mesma candidata / Verificar e compilar web sem permissões de publicação	UNKNOWN STEP	2026-10-08T22:11:02.2611419Z [command]/usr/bin/git config --global --add safe.directory /home/runner/work/flutter_code_push_example/flutter_code_push_example/trusted
Avaliar a mesma candidata / Verificar e compilar web sem permissões de publicação	UNKNOWN STEP	2026-10-08T22:11:02.2651260Z [command]/usr/bin/git config --local --name-only --get-regexp core\.sshCommand
Avaliar a mesma candidata / Verificar e compilar web sem permissões de publicação	UNKNOWN STEP	2026-10-08T22:11:02.2673646Z [command]/usr/bin/git submodule foreach --recursive sh -c "git config --local --name-only --get-regexp 'core\.sshCommand' && git config --local --unset-all 'core.sshCommand' || :"
Avaliar a mesma candidata / Verificar e compilar web sem permissões de publicação	UNKNOWN STEP	2026-10-08T22:11:02.2920747Z [command]/usr/bin/git config --local --name-only --get-regexp http\.https\:\/\/github\.com\/\.extraheader
Avaliar a mesma candidata / Verificar e compilar web sem permissões de publicação	UNKNOWN STEP	2026-10-08T22:11:02.2963283Z [command]/usr/bin/git submodule foreach --recursive sh -c "git config --local --name-only --get-regexp 'http\.https\:\/\/github\.com\/\.extraheader' && git config --local --unset-all 'http.https://github.com/.extraheader' || :"
Avaliar a mesma candidata / Verificar e compilar web sem permissões de publicação	UNKNOWN STEP	2026-10-08T22:11:02.3200087Z [command]/usr/bin/git config --local --name-only --get-regexp ^includeIf\.gitdir:
Avaliar a mesma candidata / Verificar e compilar web sem permissões de publicação	UNKNOWN STEP	2026-10-08T22:11:02.3228215Z [command]/usr/bin/git submodule foreach --recursive git config --local --show-origin --name-only --get-regexp remote.origin.url
Avaliar a mesma candidata / Verificar e compilar web sem permissões de publicação	UNKNOWN STEP	2026-10-08T22:11:02.3514053Z Cleaning up orphan processes
Avaliar a mesma candidata / Verificar e compilar web sem permissões de publicação	UNKNOWN STEP	2026-10-08T22:11:02.3704410Z ##[warning]Node.js 20 is deprecated. The following actions target Node.js 20 but are being forced to run on Node.js 24: actions/checkout@11d5960a326750d5838078e36cf38b85af677262, actions/upload-artifact@ea165f8d65b6e75b540449e92b4886f43607fa02. For more information see: https://github.blog/changelog/2025-09-19-deprecation-of-node-20-on-github-actions-runners/
Avaliar a mesma candidata / Publicar bytes verificados, confirmar preview e changelog	UNKNOWN STEP	﻿2026-10-08T22:11:14.3834469Z Current runner version: '2.337.0'
Avaliar a mesma candidata / Publicar bytes verificados, confirmar preview e changelog	UNKNOWN STEP	2026-10-08T22:11:14.3856552Z ##[group]Runner Image Provisioner
Avaliar a mesma candidata / Publicar bytes verificados, confirmar preview e changelog	UNKNOWN STEP	2026-10-08T22:11:14.3857264Z Hosted Compute Agent
Avaliar a mesma candidata / Publicar bytes verificados, confirmar preview e changelog	UNKNOWN STEP	2026-10-08T22:11:14.3857800Z Version: 20261002.596
Avaliar a mesma candidata / Publicar bytes verificados, confirmar preview e changelog	UNKNOWN STEP	2026-10-08T22:11:14.3858561Z Commit: c3d12f3313a95f25162a1503be624f3b0617f8c0
Avaliar a mesma candidata / Publicar bytes verificados, confirmar preview e changelog	UNKNOWN STEP	2026-10-08T22:11:14.3859153Z Build Date: 2026-10-02T22:28:27Z
Avaliar a mesma candidata / Publicar bytes verificados, confirmar preview e changelog	UNKNOWN STEP	2026-10-08T22:11:14.3859794Z Worker ID: {ce5b46e7-26b3-4f5c-abf7-a9036330fa5c}
Avaliar a mesma candidata / Publicar bytes verificados, confirmar preview e changelog	UNKNOWN STEP	2026-10-08T22:11:14.3860372Z Region: westus3
Avaliar a mesma candidata / Publicar bytes verificados, confirmar preview e changelog	UNKNOWN STEP	2026-10-08T22:11:14.3860887Z Cloud: Azure
Avaliar a mesma candidata / Publicar bytes verificados, confirmar preview e changelog	UNKNOWN STEP	2026-10-08T22:11:14.3861353Z ##[endgroup]
Avaliar a mesma candidata / Publicar bytes verificados, confirmar preview e changelog	UNKNOWN STEP	2026-10-08T22:11:14.3862493Z ##[group]Operating System
Avaliar a mesma candidata / Publicar bytes verificados, confirmar preview e changelog	UNKNOWN STEP	2026-10-08T22:11:14.3863081Z Ubuntu
Avaliar a mesma candidata / Publicar bytes verificados, confirmar preview e changelog	UNKNOWN STEP	2026-10-08T22:11:14.3863518Z 24.04.5
Avaliar a mesma candidata / Publicar bytes verificados, confirmar preview e changelog	UNKNOWN STEP	2026-10-08T22:11:14.3863935Z LTS
Avaliar a mesma candidata / Publicar bytes verificados, confirmar preview e changelog	UNKNOWN STEP	2026-10-08T22:11:14.3864451Z ##[endgroup]
Avaliar a mesma candidata / Publicar bytes verificados, confirmar preview e changelog	UNKNOWN STEP	2026-10-08T22:11:14.3864908Z ##[group]Runner Image
Avaliar a mesma candidata / Publicar bytes verificados, confirmar preview e changelog	UNKNOWN STEP	2026-10-08T22:11:14.3865484Z Image: ubuntu-24.04
Avaliar a mesma candidata / Publicar bytes verificados, confirmar preview e changelog	UNKNOWN STEP	2026-10-08T22:11:14.3865961Z Version: 20261004.327.1
Avaliar a mesma candidata / Publicar bytes verificados, confirmar preview e changelog	UNKNOWN STEP	2026-10-08T22:11:14.3867091Z Included Software: https://github.com/actions/runner-images/blob/ubuntu24/20261004.327/images/ubuntu/Ubuntu2404-Readme.md
Avaliar a mesma candidata / Publicar bytes verificados, confirmar preview e changelog	UNKNOWN STEP	2026-10-08T22:11:14.3868271Z Image Release: https://github.com/actions/runner-images/releases/tag/ubuntu24%2F20261004.327
Avaliar a mesma candidata / Publicar bytes verificados, confirmar preview e changelog	UNKNOWN STEP	2026-10-08T22:11:14.3869359Z ##[endgroup]
Avaliar a mesma candidata / Publicar bytes verificados, confirmar preview e changelog	UNKNOWN STEP	2026-10-08T22:11:14.3870377Z ##[group]GITHUB_TOKEN Permissions
Avaliar a mesma candidata / Publicar bytes verificados, confirmar preview e changelog	UNKNOWN STEP	2026-10-08T22:11:14.3872055Z Actions: read
Avaliar a mesma candidata / Publicar bytes verificados, confirmar preview e changelog	UNKNOWN STEP	2026-10-08T22:11:14.3872553Z Contents: write
Avaliar a mesma candidata / Publicar bytes verificados, confirmar preview e changelog	UNKNOWN STEP	2026-10-08T22:11:14.3873014Z Metadata: read
Avaliar a mesma candidata / Publicar bytes verificados, confirmar preview e changelog	UNKNOWN STEP	2026-10-08T22:11:14.3873530Z Pages: write
Avaliar a mesma candidata / Publicar bytes verificados, confirmar preview e changelog	UNKNOWN STEP	2026-10-08T22:11:14.3873986Z ##[endgroup]
Avaliar a mesma candidata / Publicar bytes verificados, confirmar preview e changelog	UNKNOWN STEP	2026-10-08T22:11:14.3875738Z Secret source: Actions
Avaliar a mesma candidata / Publicar bytes verificados, confirmar preview e changelog	UNKNOWN STEP	2026-10-08T22:11:14.3876533Z Cache mode: write
Avaliar a mesma candidata / Publicar bytes verificados, confirmar preview e changelog	UNKNOWN STEP	2026-10-08T22:11:14.3877123Z Prepare workflow directory
Avaliar a mesma candidata / Publicar bytes verificados, confirmar preview e changelog	UNKNOWN STEP	2026-10-08T22:11:14.4147655Z Prepare all required actions
Avaliar a mesma candidata / Publicar bytes verificados, confirmar preview e changelog	UNKNOWN STEP	2026-10-08T22:11:14.4188097Z Getting action download info
Avaliar a mesma candidata / Publicar bytes verificados, confirmar preview e changelog	UNKNOWN STEP	2026-10-08T22:11:14.7075846Z Download action repository 'actions/checkout@11d5960a326750d5838078e36cf38b85af677262' (SHA:11d5960a326750d5838078e36cf38b85af677262)
Avaliar a mesma candidata / Publicar bytes verificados, confirmar preview e changelog	UNKNOWN STEP	2026-10-08T22:11:15.0609567Z Download action repository 'actions/download-artifact@d3f86a106a0bac45b974a628896c90dbdf5c8093' (SHA:d3f86a106a0bac45b974a628896c90dbdf5c8093)
Avaliar a mesma candidata / Publicar bytes verificados, confirmar preview e changelog	UNKNOWN STEP	2026-10-08T22:11:15.8563961Z Download action repository 'actions/upload-pages-artifact@7b1f4a764d45c48632c6b24a0339c27f5614fb0b' (SHA:7b1f4a764d45c48632c6b24a0339c27f5614fb0b)
Avaliar a mesma candidata / Publicar bytes verificados, confirmar preview e changelog	UNKNOWN STEP	2026-10-08T22:11:16.0925342Z Download action repository 'actions/deploy-pages@d6db90164ac5ed86f2b6aed7e0febac5b3c0c03e' (SHA:d6db90164ac5ed86f2b6aed7e0febac5b3c0c03e)
Avaliar a mesma candidata / Publicar bytes verificados, confirmar preview e changelog	UNKNOWN STEP	2026-10-08T22:11:16.9403454Z Download action repository 'actions/upload-artifact@ea165f8d65b6e75b540449e92b4886f43607fa02' (SHA:ea165f8d65b6e75b540449e92b4886f43607fa02)
Avaliar a mesma candidata / Publicar bytes verificados, confirmar preview e changelog	UNKNOWN STEP	2026-10-08T22:11:17.4234574Z Getting action download info
Avaliar a mesma candidata / Publicar bytes verificados, confirmar preview e changelog	UNKNOWN STEP	2026-10-08T22:11:17.5687024Z Uses: israelhudson/flutter_code_push_example/.github/workflows/release-lab-evaluate.yml@refs/heads/main (9c4ad37fc415a98ef2a8cfdc5be8d5cf97fe35b0)
Avaliar a mesma candidata / Publicar bytes verificados, confirmar preview e changelog	UNKNOWN STEP	2026-10-08T22:11:17.5690742Z ##[group] Inputs
Avaliar a mesma candidata / Publicar bytes verificados, confirmar preview e changelog	UNKNOWN STEP	2026-10-08T22:11:17.5690987Z   candidate_tag: v1.5.0-rc.2
Avaliar a mesma candidata / Publicar bytes verificados, confirmar preview e changelog	UNKNOWN STEP	2026-10-08T22:11:17.5691203Z   version: 1.5.0
Avaliar a mesma candidata / Publicar bytes verificados, confirmar preview e changelog	UNKNOWN STEP	2026-10-08T22:11:17.5691510Z   title: Laboratório corrigido — rejeição da RC1 e promoção da RC2
Avaliar a mesma candidata / Publicar bytes verificados, confirmar preview e changelog	UNKNOWN STEP	2026-10-08T22:11:17.5691833Z ##[endgroup]
Avaliar a mesma candidata / Publicar bytes verificados, confirmar preview e changelog	UNKNOWN STEP	2026-10-08T22:11:17.5692177Z Complete job name: Avaliar a mesma candidata / Publicar bytes verificados, confirmar preview e changelog
Avaliar a mesma candidata / Publicar bytes verificados, confirmar preview e changelog	UNKNOWN STEP	2026-10-08T22:11:17.6282270Z ##[group]Run actions/checkout@11d5960a326750d5838078e36cf38b85af677262
Avaliar a mesma candidata / Publicar bytes verificados, confirmar preview e changelog	UNKNOWN STEP	2026-10-08T22:11:17.6282980Z with:
Avaliar a mesma candidata / Publicar bytes verificados, confirmar preview e changelog	UNKNOWN STEP	2026-10-08T22:11:17.6283469Z   ref: 9c4ad37fc415a98ef2a8cfdc5be8d5cf97fe35b0
Avaliar a mesma candidata / Publicar bytes verificados, confirmar preview e changelog	UNKNOWN STEP	2026-10-08T22:11:17.6283815Z   path: trusted
Avaliar a mesma candidata / Publicar bytes verificados, confirmar preview e changelog	UNKNOWN STEP	2026-10-08T22:11:17.6284129Z   fetch-depth: 0
Avaliar a mesma candidata / Publicar bytes verificados, confirmar preview e changelog	UNKNOWN STEP	2026-10-08T22:11:17.6284409Z   persist-credentials: false
Avaliar a mesma candidata / Publicar bytes verificados, confirmar preview e changelog	UNKNOWN STEP	2026-10-08T22:11:17.6284725Z   repository: israelhudson/flutter_code_push_example
Avaliar a mesma candidata / Publicar bytes verificados, confirmar preview e changelog	UNKNOWN STEP	2026-10-08T22:11:17.6286925Z   token: ***
Avaliar a mesma candidata / Publicar bytes verificados, confirmar preview e changelog	UNKNOWN STEP	2026-10-08T22:11:17.6287236Z   ssh-strict: true
Avaliar a mesma candidata / Publicar bytes verificados, confirmar preview e changelog	UNKNOWN STEP	2026-10-08T22:11:17.6287549Z   ssh-user: git
Avaliar a mesma candidata / Publicar bytes verificados, confirmar preview e changelog	UNKNOWN STEP	2026-10-08T22:11:17.6287806Z   clean: true
Avaliar a mesma candidata / Publicar bytes verificados, confirmar preview e changelog	UNKNOWN STEP	2026-10-08T22:11:17.6288074Z   sparse-checkout-cone-mode: true
Avaliar a mesma candidata / Publicar bytes verificados, confirmar preview e changelog	UNKNOWN STEP	2026-10-08T22:11:17.6288746Z   fetch-tags: false
Avaliar a mesma candidata / Publicar bytes verificados, confirmar preview e changelog	UNKNOWN STEP	2026-10-08T22:11:17.6289016Z   show-progress: true
Avaliar a mesma candidata / Publicar bytes verificados, confirmar preview e changelog	UNKNOWN STEP	2026-10-08T22:11:17.6289499Z   lfs: false
Avaliar a mesma candidata / Publicar bytes verificados, confirmar preview e changelog	UNKNOWN STEP	2026-10-08T22:11:17.6289971Z   submodules: false
Avaliar a mesma candidata / Publicar bytes verificados, confirmar preview e changelog	UNKNOWN STEP	2026-10-08T22:11:17.6290241Z   set-safe-directory: true
Avaliar a mesma candidata / Publicar bytes verificados, confirmar preview e changelog	UNKNOWN STEP	2026-10-08T22:11:17.6290651Z   allow-unsafe-pr-checkout: false
Avaliar a mesma candidata / Publicar bytes verificados, confirmar preview e changelog	UNKNOWN STEP	2026-10-08T22:11:17.6291318Z ##[endgroup]
Avaliar a mesma candidata / Publicar bytes verificados, confirmar preview e changelog	UNKNOWN STEP	2026-10-08T22:11:17.7171753Z Syncing repository: israelhudson/flutter_code_push_example
Avaliar a mesma candidata / Publicar bytes verificados, confirmar preview e changelog	UNKNOWN STEP	2026-10-08T22:11:17.7173143Z ##[group]Getting Git version info
Avaliar a mesma candidata / Publicar bytes verificados, confirmar preview e changelog	UNKNOWN STEP	2026-10-08T22:11:17.7173583Z Working directory is '/home/runner/work/flutter_code_push_example/flutter_code_push_example/trusted'
Avaliar a mesma candidata / Publicar bytes verificados, confirmar preview e changelog	UNKNOWN STEP	2026-10-08T22:11:17.7174215Z [command]/usr/bin/git version
Avaliar a mesma candidata / Publicar bytes verificados, confirmar preview e changelog	UNKNOWN STEP	2026-10-08T22:11:17.7256891Z git version 2.55.0
Avaliar a mesma candidata / Publicar bytes verificados, confirmar preview e changelog	UNKNOWN STEP	2026-10-08T22:11:17.7273198Z ##[endgroup]
Avaliar a mesma candidata / Publicar bytes verificados, confirmar preview e changelog	UNKNOWN STEP	2026-10-08T22:11:17.7285733Z Temporarily overriding HOME='/home/runner/work/_temp/e23f7420-a2dc-4f2c-b6c3-4c5f2c1999f9' before making global git config changes
Avaliar a mesma candidata / Publicar bytes verificados, confirmar preview e changelog	UNKNOWN STEP	2026-10-08T22:11:17.7286729Z Adding repository directory to the temporary git global config as a safe directory
Avaliar a mesma candidata / Publicar bytes verificados, confirmar preview e changelog	UNKNOWN STEP	2026-10-08T22:11:17.7291399Z [command]/usr/bin/git config --global --add safe.directory /home/runner/work/flutter_code_push_example/flutter_code_push_example/trusted
Avaliar a mesma candidata / Publicar bytes verificados, confirmar preview e changelog	UNKNOWN STEP	2026-10-08T22:11:17.7337434Z ##[group]Initializing the repository
Avaliar a mesma candidata / Publicar bytes verificados, confirmar preview e changelog	UNKNOWN STEP	2026-10-08T22:11:17.7341078Z [command]/usr/bin/git init /home/runner/work/flutter_code_push_example/flutter_code_push_example/trusted
Avaliar a mesma candidata / Publicar bytes verificados, confirmar preview e changelog	UNKNOWN STEP	2026-10-08T22:11:17.7471737Z hint: Using 'master' as the name for the initial branch. This default branch name
Avaliar a mesma candidata / Publicar bytes verificados, confirmar preview e changelog	UNKNOWN STEP	2026-10-08T22:11:17.7472671Z hint: will change to "main" in Git 3.0. To configure the initial branch name
Avaliar a mesma candidata / Publicar bytes verificados, confirmar preview e changelog	UNKNOWN STEP	2026-10-08T22:11:17.7473520Z hint: to use in all of your new repositories, which will suppress this warning,
Avaliar a mesma candidata / Publicar bytes verificados, confirmar preview e changelog	UNKNOWN STEP	2026-10-08T22:11:17.7474354Z hint: call:
Avaliar a mesma candidata / Publicar bytes verificados, confirmar preview e changelog	UNKNOWN STEP	2026-10-08T22:11:17.7474598Z hint:
Avaliar a mesma candidata / Publicar bytes verificados, confirmar preview e changelog	UNKNOWN STEP	2026-10-08T22:11:17.7474967Z hint: 	git config --global init.defaultBranch <name>
Avaliar a mesma candidata / Publicar bytes verificados, confirmar preview e changelog	UNKNOWN STEP	2026-10-08T22:11:17.7475354Z hint:
Avaliar a mesma candidata / Publicar bytes verificados, confirmar preview e changelog	UNKNOWN STEP	2026-10-08T22:11:17.7475728Z hint: Names commonly chosen instead of 'master' are 'main', 'trunk' and
Avaliar a mesma candidata / Publicar bytes verificados, confirmar preview e changelog	UNKNOWN STEP	2026-10-08T22:11:17.7476359Z hint: 'development'. The just-created branch can be renamed via this command:
Avaliar a mesma candidata / Publicar bytes verificados, confirmar preview e changelog	UNKNOWN STEP	2026-10-08T22:11:17.7476850Z hint:
Avaliar a mesma candidata / Publicar bytes verificados, confirmar preview e changelog	UNKNOWN STEP	2026-10-08T22:11:17.7477134Z hint: 	git branch -m <name>
Avaliar a mesma candidata / Publicar bytes verificados, confirmar preview e changelog	UNKNOWN STEP	2026-10-08T22:11:17.7477417Z hint:
Avaliar a mesma candidata / Publicar bytes verificados, confirmar preview e changelog	UNKNOWN STEP	2026-10-08T22:11:17.7477817Z hint: Disable this message with "git config set advice.defaultBranchName false"
Avaliar a mesma candidata / Publicar bytes verificados, confirmar preview e changelog	UNKNOWN STEP	2026-10-08T22:11:17.7478820Z Initialized empty Git repository in /home/runner/work/flutter_code_push_example/flutter_code_push_example/trusted/.git/
Avaliar a mesma candidata / Publicar bytes verificados, confirmar preview e changelog	UNKNOWN STEP	2026-10-08T22:11:17.7482114Z [command]/usr/bin/git remote add origin https://github.com/israelhudson/flutter_code_push_example
Avaliar a mesma candidata / Publicar bytes verificados, confirmar preview e changelog	UNKNOWN STEP	2026-10-08T22:11:17.7530091Z ##[endgroup]
Avaliar a mesma candidata / Publicar bytes verificados, confirmar preview e changelog	UNKNOWN STEP	2026-10-08T22:11:17.7530748Z ##[group]Disabling automatic garbage collection
Avaliar a mesma candidata / Publicar bytes verificados, confirmar preview e changelog	UNKNOWN STEP	2026-10-08T22:11:17.7533297Z [command]/usr/bin/git config --local gc.auto 0
Avaliar a mesma candidata / Publicar bytes verificados, confirmar preview e changelog	UNKNOWN STEP	2026-10-08T22:11:17.7561962Z ##[endgroup]
Avaliar a mesma candidata / Publicar bytes verificados, confirmar preview e changelog	UNKNOWN STEP	2026-10-08T22:11:17.7562428Z ##[group]Setting up auth
Avaliar a mesma candidata / Publicar bytes verificados, confirmar preview e changelog	UNKNOWN STEP	2026-10-08T22:11:17.7567226Z [command]/usr/bin/git config --local --name-only --get-regexp core\.sshCommand
Avaliar a mesma candidata / Publicar bytes verificados, confirmar preview e changelog	UNKNOWN STEP	2026-10-08T22:11:17.7595377Z [command]/usr/bin/git submodule foreach --recursive sh -c "git config --local --name-only --get-regexp 'core\.sshCommand' && git config --local --unset-all 'core.sshCommand' || :"
Avaliar a mesma candidata / Publicar bytes verificados, confirmar preview e changelog	UNKNOWN STEP	2026-10-08T22:11:17.7987917Z [command]/usr/bin/git config --local --name-only --get-regexp http\.https\:\/\/github\.com\/\.extraheader
Avaliar a mesma candidata / Publicar bytes verificados, confirmar preview e changelog	UNKNOWN STEP	2026-10-08T22:11:17.8020184Z [command]/usr/bin/git submodule foreach --recursive sh -c "git config --local --name-only --get-regexp 'http\.https\:\/\/github\.com\/\.extraheader' && git config --local --unset-all 'http.https://github.com/.extraheader' || :"
Avaliar a mesma candidata / Publicar bytes verificados, confirmar preview e changelog	UNKNOWN STEP	2026-10-08T22:11:17.8212558Z [command]/usr/bin/git config --local --name-only --get-regexp ^includeIf\.gitdir:
Avaliar a mesma candidata / Publicar bytes verificados, confirmar preview e changelog	UNKNOWN STEP	2026-10-08T22:11:17.8243090Z [command]/usr/bin/git submodule foreach --recursive git config --local --show-origin --name-only --get-regexp remote.origin.url
Avaliar a mesma candidata / Publicar bytes verificados, confirmar preview e changelog	UNKNOWN STEP	2026-10-08T22:11:17.8433587Z [command]/usr/bin/git config --local http.https://github.com/.extraheader AUTHORIZATION: basic ***
Avaliar a mesma candidata / Publicar bytes verificados, confirmar preview e changelog	UNKNOWN STEP	2026-10-08T22:11:17.8515502Z ##[endgroup]
Avaliar a mesma candidata / Publicar bytes verificados, confirmar preview e changelog	UNKNOWN STEP	2026-10-08T22:11:17.8515909Z ##[group]Fetching the repository
Avaliar a mesma candidata / Publicar bytes verificados, confirmar preview e changelog	UNKNOWN STEP	2026-10-08T22:11:17.8523378Z [command]/usr/bin/git -c protocol.version=2 fetch --prune --no-recurse-submodules origin +refs/heads/*:refs/remotes/origin/* +refs/tags/*:refs/tags/*
Avaliar a mesma candidata / Publicar bytes verificados, confirmar preview e changelog	UNKNOWN STEP	2026-10-08T22:11:19.5902528Z From https://github.com/israelhudson/flutter_code_push_example
Avaliar a mesma candidata / Publicar bytes verificados, confirmar preview e changelog	UNKNOWN STEP	2026-10-08T22:11:19.5903234Z  * [new branch]      codex/candidate-lab-delivery-2026-10-06-rc.1 -> origin/codex/candidate-lab-delivery-2026-10-06-rc.1
Avaliar a mesma candidata / Publicar bytes verificados, confirmar preview e changelog	UNKNOWN STEP	2026-10-08T22:11:19.5903807Z  * [new branch]      codex/delivery-state    -> origin/codex/delivery-state
Avaliar a mesma candidata / Publicar bytes verificados, confirmar preview e changelog	UNKNOWN STEP	2026-10-08T22:11:19.5904222Z  * [new branch]      codex/fix-lab-release-upload -> origin/codex/fix-lab-release-upload
Avaliar a mesma candidata / Publicar bytes verificados, confirmar preview e changelog	UNKNOWN STEP	2026-10-08T22:11:19.5904665Z  * [new branch]      codex/flutter-sdk-bootstrap -> origin/codex/flutter-sdk-bootstrap
Avaliar a mesma candidata / Publicar bytes verificados, confirmar preview e changelog	UNKNOWN STEP	2026-10-08T22:11:19.5905149Z  * [new branch]      codex/github-release-approval-poc -> origin/codex/github-release-approval-poc
Avaliar a mesma candidata / Publicar bytes verificados, confirmar preview e changelog	UNKNOWN STEP	2026-10-08T22:11:19.5905618Z  * [new branch]      codex/lab-promotion-evidence -> origin/codex/lab-promotion-evidence
Avaliar a mesma candidata / Publicar bytes verificados, confirmar preview e changelog	UNKNOWN STEP	2026-10-08T22:11:19.5906054Z  * [new branch]      codex/lab-release-result -> origin/codex/lab-release-result
Avaliar a mesma candidata / Publicar bytes verificados, confirmar preview e changelog	UNKNOWN STEP	2026-10-08T22:11:19.5906478Z  * [new branch]      codex/lab-reviewed-promotion -> origin/codex/lab-reviewed-promotion
Avaliar a mesma candidata / Publicar bytes verificados, confirmar preview e changelog	UNKNOWN STEP	2026-10-08T22:11:19.5906900Z  * [new branch]      codex/lab-versions      -> origin/codex/lab-versions
Avaliar a mesma candidata / Publicar bytes verificados, confirmar preview e changelog	UNKNOWN STEP	2026-10-08T22:11:19.5907342Z  * [new branch]      codex/laboratory-release-records -> origin/codex/laboratory-release-records
Avaliar a mesma candidata / Publicar bytes verificados, confirmar preview e changelog	UNKNOWN STEP	2026-10-08T22:11:19.5907864Z  * [new branch]      codex/operational-delivery-preview -> origin/codex/operational-delivery-preview
Avaliar a mesma candidata / Publicar bytes verificados, confirmar preview e changelog	UNKNOWN STEP	2026-10-08T22:11:19.5908564Z  * [new branch]      codex/pages-previews    -> origin/codex/pages-previews
Avaliar a mesma candidata / Publicar bytes verificados, confirmar preview e changelog	UNKNOWN STEP	2026-10-08T22:11:19.5909329Z  * [new branch]      codex/pages-publication-verification -> origin/codex/pages-publication-verification
Avaliar a mesma candidata / Publicar bytes verificados, confirmar preview e changelog	UNKNOWN STEP	2026-10-08T22:11:19.5910285Z  * [new branch]      codex/release-lab-rc2-correction -> origin/codex/release-lab-rc2-correction
Avaliar a mesma candidata / Publicar bytes verificados, confirmar preview e changelog	UNKNOWN STEP	2026-10-08T22:11:19.5910835Z  * [new branch]      codex/release-lab-real-promotion -> origin/codex/release-lab-real-promotion
Avaliar a mesma candidata / Publicar bytes verificados, confirmar preview e changelog	UNKNOWN STEP	2026-10-08T22:11:19.5911312Z  * [new branch]      codex/release-lab-state -> origin/codex/release-lab-state
Avaliar a mesma candidata / Publicar bytes verificados, confirmar preview e changelog	UNKNOWN STEP	2026-10-08T22:11:19.5911779Z  * [new branch]      codex/release-lab-two-approvers -> origin/codex/release-lab-two-approvers
Avaliar a mesma candidata / Publicar bytes verificados, confirmar preview e changelog	UNKNOWN STEP	2026-10-08T22:11:19.5912260Z  * [new branch]      docs/estudo-shorebird-amulets -> origin/docs/estudo-shorebird-amulets
Avaliar a mesma candidata / Publicar bytes verificados, confirmar preview e changelog	UNKNOWN STEP	2026-10-08T22:11:19.5912737Z  * [new branch]      feature/shorebird-code-push-setup -> origin/feature/shorebird-code-push-setup
Avaliar a mesma candidata / Publicar bytes verificados, confirmar preview e changelog	UNKNOWN STEP	2026-10-08T22:11:19.5913151Z  * [new branch]      main                    -> origin/main
Avaliar a mesma candidata / Publicar bytes verificados, confirmar preview e changelog	UNKNOWN STEP	2026-10-08T22:11:19.5913496Z  * [new branch]      release/1.4.0           -> origin/release/1.4.0
Avaliar a mesma candidata / Publicar bytes verificados, confirmar preview e changelog	UNKNOWN STEP	2026-10-08T22:11:19.5914033Z  * [new branch]      release/1.5.0           -> origin/release/1.5.0
Avaliar a mesma candidata / Publicar bytes verificados, confirmar preview e changelog	UNKNOWN STEP	2026-10-08T22:11:19.5914532Z  * [new tag]         entrega-0100-rc.1       -> entrega-0100-rc.1
Avaliar a mesma candidata / Publicar bytes verificados, confirmar preview e changelog	UNKNOWN STEP	2026-10-08T22:11:19.5914887Z  * [new tag]         lab/delivery/2026-10-06-rc.1 -> lab/delivery/2026-10-06-rc.1
Avaliar a mesma candidata / Publicar bytes verificados, confirmar preview e changelog	UNKNOWN STEP	2026-10-08T22:11:19.5915211Z  * [new tag]         v1.4.0-rc.1             -> v1.4.0-rc.1
Avaliar a mesma candidata / Publicar bytes verificados, confirmar preview e changelog	UNKNOWN STEP	2026-10-08T22:11:19.5915474Z  * [new tag]         v1.5.0-rc.1             -> v1.5.0-rc.1
Avaliar a mesma candidata / Publicar bytes verificados, confirmar preview e changelog	UNKNOWN STEP	2026-10-08T22:11:19.5915726Z  * [new tag]         v1.5.0-rc.2             -> v1.5.0-rc.2
Avaliar a mesma candidata / Publicar bytes verificados, confirmar preview e changelog	UNKNOWN STEP	2026-10-08T22:11:19.5917111Z [command]/usr/bin/git rev-parse --verify --quiet 9c4ad37fc415a98ef2a8cfdc5be8d5cf97fe35b0^{object}
Avaliar a mesma candidata / Publicar bytes verificados, confirmar preview e changelog	UNKNOWN STEP	2026-10-08T22:11:19.5956435Z 9c4ad37fc415a98ef2a8cfdc5be8d5cf97fe35b0
Avaliar a mesma candidata / Publicar bytes verificados, confirmar preview e changelog	UNKNOWN STEP	2026-10-08T22:11:19.5976254Z ##[endgroup]
Avaliar a mesma candidata / Publicar bytes verificados, confirmar preview e changelog	UNKNOWN STEP	2026-10-08T22:11:19.5976730Z ##[group]Determining the checkout info
Avaliar a mesma candidata / Publicar bytes verificados, confirmar preview e changelog	UNKNOWN STEP	2026-10-08T22:11:19.5986831Z ##[endgroup]
Avaliar a mesma candidata / Publicar bytes verificados, confirmar preview e changelog	UNKNOWN STEP	2026-10-08T22:11:19.5987268Z [command]/usr/bin/git sparse-checkout disable
Avaliar a mesma candidata / Publicar bytes verificados, confirmar preview e changelog	UNKNOWN STEP	2026-10-08T22:11:19.6030550Z [command]/usr/bin/git config --local --unset-all extensions.worktreeConfig
Avaliar a mesma candidata / Publicar bytes verificados, confirmar preview e changelog	UNKNOWN STEP	2026-10-08T22:11:19.6058925Z ##[group]Checking out the ref
Avaliar a mesma candidata / Publicar bytes verificados, confirmar preview e changelog	UNKNOWN STEP	2026-10-08T22:11:19.6062508Z [command]/usr/bin/git checkout --progress --force 9c4ad37fc415a98ef2a8cfdc5be8d5cf97fe35b0
Avaliar a mesma candidata / Publicar bytes verificados, confirmar preview e changelog	UNKNOWN STEP	2026-10-08T22:11:19.6250057Z Note: switching to '9c4ad37fc415a98ef2a8cfdc5be8d5cf97fe35b0'.
Avaliar a mesma candidata / Publicar bytes verificados, confirmar preview e changelog	UNKNOWN STEP	2026-10-08T22:11:19.6250319Z 
Avaliar a mesma candidata / Publicar bytes verificados, confirmar preview e changelog	UNKNOWN STEP	2026-10-08T22:11:19.6250736Z You are in 'detached HEAD' state. You can look around, make experimental
Avaliar a mesma candidata / Publicar bytes verificados, confirmar preview e changelog	UNKNOWN STEP	2026-10-08T22:11:19.6251124Z changes and commit them, and you can discard any commits you make in this
Avaliar a mesma candidata / Publicar bytes verificados, confirmar preview e changelog	UNKNOWN STEP	2026-10-08T22:11:19.6251502Z state without impacting any branches by switching back to a branch.
Avaliar a mesma candidata / Publicar bytes verificados, confirmar preview e changelog	UNKNOWN STEP	2026-10-08T22:11:19.6251720Z 
Avaliar a mesma candidata / Publicar bytes verificados, confirmar preview e changelog	UNKNOWN STEP	2026-10-08T22:11:19.6251868Z If you want to create a new branch to retain commits you create, you may
Avaliar a mesma candidata / Publicar bytes verificados, confirmar preview e changelog	UNKNOWN STEP	2026-10-08T22:11:19.6252215Z do so (now or later) by using -c with the switch command. Example:
Avaliar a mesma candidata / Publicar bytes verificados, confirmar preview e changelog	UNKNOWN STEP	2026-10-08T22:11:19.6252414Z 
Avaliar a mesma candidata / Publicar bytes verificados, confirmar preview e changelog	UNKNOWN STEP	2026-10-08T22:11:19.6252511Z   git switch -c <new-branch-name>
Avaliar a mesma candidata / Publicar bytes verificados, confirmar preview e changelog	UNKNOWN STEP	2026-10-08T22:11:19.6252646Z 
Avaliar a mesma candidata / Publicar bytes verificados, confirmar preview e changelog	UNKNOWN STEP	2026-10-08T22:11:19.6252742Z Or undo this operation with:
Avaliar a mesma candidata / Publicar bytes verificados, confirmar preview e changelog	UNKNOWN STEP	2026-10-08T22:11:19.6252868Z 
Avaliar a mesma candidata / Publicar bytes verificados, confirmar preview e changelog	UNKNOWN STEP	2026-10-08T22:11:19.6252948Z   git switch -
Avaliar a mesma candidata / Publicar bytes verificados, confirmar preview e changelog	UNKNOWN STEP	2026-10-08T22:11:19.6253047Z 
Avaliar a mesma candidata / Publicar bytes verificados, confirmar preview e changelog	UNKNOWN STEP	2026-10-08T22:11:19.6253221Z Turn off this advice by setting config variable advice.detachedHead to false
Avaliar a mesma candidata / Publicar bytes verificados, confirmar preview e changelog	UNKNOWN STEP	2026-10-08T22:11:19.6253479Z 
Avaliar a mesma candidata / Publicar bytes verificados, confirmar preview e changelog	UNKNOWN STEP	2026-10-08T22:11:19.6253689Z HEAD is now at 9c4ad37 Merge pull request #14 from israelhudson/codex/release-lab-real-promotion
Avaliar a mesma candidata / Publicar bytes verificados, confirmar preview e changelog	UNKNOWN STEP	2026-10-08T22:11:19.6259019Z ##[endgroup]
Avaliar a mesma candidata / Publicar bytes verificados, confirmar preview e changelog	UNKNOWN STEP	2026-10-08T22:11:19.6298642Z [command]/usr/bin/git log -1 --format=%H
Avaliar a mesma candidata / Publicar bytes verificados, confirmar preview e changelog	UNKNOWN STEP	2026-10-08T22:11:19.6323373Z 9c4ad37fc415a98ef2a8cfdc5be8d5cf97fe35b0
Avaliar a mesma candidata / Publicar bytes verificados, confirmar preview e changelog	UNKNOWN STEP	2026-10-08T22:11:19.6330817Z ##[group]Removing auth
Avaliar a mesma candidata / Publicar bytes verificados, confirmar preview e changelog	UNKNOWN STEP	2026-10-08T22:11:19.6333734Z [command]/usr/bin/git config --local --name-only --get-regexp core\.sshCommand
Avaliar a mesma candidata / Publicar bytes verificados, confirmar preview e changelog	UNKNOWN STEP	2026-10-08T22:11:19.6361958Z [command]/usr/bin/git submodule foreach --recursive sh -c "git config --local --name-only --get-regexp 'core\.sshCommand' && git config --local --unset-all 'core.sshCommand' || :"
Avaliar a mesma candidata / Publicar bytes verificados, confirmar preview e changelog	UNKNOWN STEP	2026-10-08T22:11:19.6556377Z [command]/usr/bin/git config --local --name-only --get-regexp http\.https\:\/\/github\.com\/\.extraheader
Avaliar a mesma candidata / Publicar bytes verificados, confirmar preview e changelog	UNKNOWN STEP	2026-10-08T22:11:19.6581503Z http.https://github.com/.extraheader
Avaliar a mesma candidata / Publicar bytes verificados, confirmar preview e changelog	UNKNOWN STEP	2026-10-08T22:11:19.6588611Z [command]/usr/bin/git config --local --unset-all http.https://github.com/.extraheader
Avaliar a mesma candidata / Publicar bytes verificados, confirmar preview e changelog	UNKNOWN STEP	2026-10-08T22:11:19.6621103Z [command]/usr/bin/git submodule foreach --recursive sh -c "git config --local --name-only --get-regexp 'http\.https\:\/\/github\.com\/\.extraheader' && git config --local --unset-all 'http.https://github.com/.extraheader' || :"
Avaliar a mesma candidata / Publicar bytes verificados, confirmar preview e changelog	UNKNOWN STEP	2026-10-08T22:11:19.6811785Z [command]/usr/bin/git config --local --name-only --get-regexp ^includeIf\.gitdir:
Avaliar a mesma candidata / Publicar bytes verificados, confirmar preview e changelog	UNKNOWN STEP	2026-10-08T22:11:19.6843018Z [command]/usr/bin/git submodule foreach --recursive git config --local --show-origin --name-only --get-regexp remote.origin.url
Avaliar a mesma candidata / Publicar bytes verificados, confirmar preview e changelog	UNKNOWN STEP	2026-10-08T22:11:19.7037502Z ##[endgroup]
Avaliar a mesma candidata / Publicar bytes verificados, confirmar preview e changelog	UNKNOWN STEP	2026-10-08T22:11:19.7247354Z ##[group]Run actions/download-artifact@d3f86a106a0bac45b974a628896c90dbdf5c8093
Avaliar a mesma candidata / Publicar bytes verificados, confirmar preview e changelog	UNKNOWN STEP	2026-10-08T22:11:19.7247698Z with:
Avaliar a mesma candidata / Publicar bytes verificados, confirmar preview e changelog	UNKNOWN STEP	2026-10-08T22:11:19.7247875Z   name: release-lab-built-web
Avaliar a mesma candidata / Publicar bytes verificados, confirmar preview e changelog	UNKNOWN STEP	2026-10-08T22:11:19.7248110Z   path: /home/runner/work/_temp/incoming-site
Avaliar a mesma candidata / Publicar bytes verificados, confirmar preview e changelog	UNKNOWN STEP	2026-10-08T22:11:19.7248537Z   merge-multiple: false
Avaliar a mesma candidata / Publicar bytes verificados, confirmar preview e changelog	UNKNOWN STEP	2026-10-08T22:11:19.7248764Z   repository: israelhudson/flutter_code_push_example
Avaliar a mesma candidata / Publicar bytes verificados, confirmar preview e changelog	UNKNOWN STEP	2026-10-08T22:11:19.7249008Z   run-id: 37851607911
Avaliar a mesma candidata / Publicar bytes verificados, confirmar preview e changelog	UNKNOWN STEP	2026-10-08T22:11:19.7249192Z ##[endgroup]
Avaliar a mesma candidata / Publicar bytes verificados, confirmar preview e changelog	UNKNOWN STEP	2026-10-08T22:11:19.8476543Z Downloading single artifact
Avaliar a mesma candidata / Publicar bytes verificados, confirmar preview e changelog	UNKNOWN STEP	2026-10-08T22:11:19.8631910Z (node:2171) [DEP0040] DeprecationWarning: The `punycode` module is deprecated. Please use a userland alternative instead.
Avaliar a mesma candidata / Publicar bytes verificados, confirmar preview e changelog	UNKNOWN STEP	2026-10-08T22:11:19.8632511Z (Use `node --trace-deprecation ...` to show where the warning was created)
Avaliar a mesma candidata / Publicar bytes verificados, confirmar preview e changelog	UNKNOWN STEP	2026-10-08T22:11:20.0781906Z Preparing to download the following artifacts:
Avaliar a mesma candidata / Publicar bytes verificados, confirmar preview e changelog	UNKNOWN STEP	2026-10-08T22:11:20.0782584Z - release-lab-built-web (ID: 11582765668, Size: 14134474, Expected Digest: sha256:c443ed6811489053e546935866640436ff7c38123bc97a20aed79f163d674ab1)
Avaliar a mesma candidata / Publicar bytes verificados, confirmar preview e changelog	UNKNOWN STEP	2026-10-08T22:11:20.2987047Z Redirecting to blob download url: https://productionresultssa14.blob.core.windows.net/actions-results/70e21a5f-35d6-4904-82de-5b7fbe1ea8d2/workflow-job-run-1516b64d-a926-5217-8f18-36a3628d9665/artifacts/b2f197a25b3e88f343981c4bce2107c68e655ba7e09fe63109d7c57c2506660f.zip
Avaliar a mesma candidata / Publicar bytes verificados, confirmar preview e changelog	UNKNOWN STEP	2026-10-08T22:11:20.2988846Z Starting download of artifact to: /home/runner/work/_temp/incoming-site
Avaliar a mesma candidata / Publicar bytes verificados, confirmar preview e changelog	UNKNOWN STEP	2026-10-08T22:11:20.5807444Z (node:2171) [DEP0005] DeprecationWarning: Buffer() is deprecated due to security and usability issues. Please use the Buffer.alloc(), Buffer.allocUnsafe(), or Buffer.from() methods instead.
Avaliar a mesma candidata / Publicar bytes verificados, confirmar preview e changelog	UNKNOWN STEP	2026-10-08T22:11:21.6642891Z SHA256 digest of downloaded artifact is c443ed6811489053e546935866640436ff7c38123bc97a20aed79f163d674ab1
Avaliar a mesma candidata / Publicar bytes verificados, confirmar preview e changelog	UNKNOWN STEP	2026-10-08T22:11:21.6643412Z Artifact download completed successfully.
Avaliar a mesma candidata / Publicar bytes verificados, confirmar preview e changelog	UNKNOWN STEP	2026-10-08T22:11:21.6643668Z Total of 1 artifact(s) downloaded
Avaliar a mesma candidata / Publicar bytes verificados, confirmar preview e changelog	UNKNOWN STEP	2026-10-08T22:11:21.6659271Z Download artifact has finished successfully
Avaliar a mesma candidata / Publicar bytes verificados, confirmar preview e changelog	UNKNOWN STEP	2026-10-08T22:11:21.6789024Z ##[group]Run python3 trusted/deploy/pages_preview.py history --site "$RUNNER_TEMP/pages-site"
Avaliar a mesma candidata / Publicar bytes verificados, confirmar preview e changelog	UNKNOWN STEP	2026-10-08T22:11:21.6789628Z ^[[36;1mpython3 trusted/deploy/pages_preview.py history --site "$RUNNER_TEMP/pages-site"^[[0m
Avaliar a mesma candidata / Publicar bytes verificados, confirmar preview e changelog	UNKNOWN STEP	2026-10-08T22:11:21.7389428Z shell: /usr/bin/bash -e {0}
Avaliar a mesma candidata / Publicar bytes verificados, confirmar preview e changelog	UNKNOWN STEP	2026-10-08T22:11:21.7389692Z env:
Avaliar a mesma candidata / Publicar bytes verificados, confirmar preview e changelog	UNKNOWN STEP	2026-10-08T22:11:21.7391847Z   GH_TOKEN: ***
Avaliar a mesma candidata / Publicar bytes verificados, confirmar preview e changelog	UNKNOWN STEP	2026-10-08T22:11:21.7392042Z ##[endgroup]
Avaliar a mesma candidata / Publicar bytes verificados, confirmar preview e changelog	UNKNOWN STEP	2026-10-08T22:11:24.8573903Z {
Avaliar a mesma candidata / Publicar bytes verificados, confirmar preview e changelog	UNKNOWN STEP	2026-10-08T22:11:24.8574267Z   "history_branch": "codex/pages-previews",
Avaliar a mesma candidata / Publicar bytes verificados, confirmar preview e changelog	UNKNOWN STEP	2026-10-08T22:11:24.8574654Z   "existing": true
Avaliar a mesma candidata / Publicar bytes verificados, confirmar preview e changelog	UNKNOWN STEP	2026-10-08T22:11:24.8574948Z }
Avaliar a mesma candidata / Publicar bytes verificados, confirmar preview e changelog	UNKNOWN STEP	2026-10-08T22:11:24.8676892Z ##[group]Run python3 trusted/tools/delivery/release_lab.py merge-preview --candidate-tag "$CANDIDATE_TAG" --incoming "$RUNNER_TEMP/incoming-site" --site "$RUNNER_TEMP/pages-site" --output "$RUNNER_TEMP/release-lab"
Avaliar a mesma candidata / Publicar bytes verificados, confirmar preview e changelog	UNKNOWN STEP	2026-10-08T22:11:24.8678015Z ^[[36;1mpython3 trusted/tools/delivery/release_lab.py merge-preview --candidate-tag "$CANDIDATE_TAG" --incoming "$RUNNER_TEMP/incoming-site" --site "$RUNNER_TEMP/pages-site" --output "$RUNNER_TEMP/release-lab"^[[0m
Avaliar a mesma candidata / Publicar bytes verificados, confirmar preview e changelog	UNKNOWN STEP	2026-10-08T22:11:24.8733655Z shell: /usr/bin/bash -e {0}
Avaliar a mesma candidata / Publicar bytes verificados, confirmar preview e changelog	UNKNOWN STEP	2026-10-08T22:11:24.8733868Z env:
Avaliar a mesma candidata / Publicar bytes verificados, confirmar preview e changelog	UNKNOWN STEP	2026-10-08T22:11:24.8735930Z   GH_TOKEN: ***
Avaliar a mesma candidata / Publicar bytes verificados, confirmar preview e changelog	UNKNOWN STEP	2026-10-08T22:11:24.8736131Z   CANDIDATE_TAG: v1.5.0-rc.2
Avaliar a mesma candidata / Publicar bytes verificados, confirmar preview e changelog	UNKNOWN STEP	2026-10-08T22:11:24.8736349Z ##[endgroup]
Avaliar a mesma candidata / Publicar bytes verificados, confirmar preview e changelog	UNKNOWN STEP	2026-10-08T22:11:30.6803824Z {"web_content_sha256": "303290db96b8bec5f7a510e697e9486ca999e07a1954c601480ac3fbb8fa3c25", "snapshot_manifest_sha256": "e7bb027a50d4ba04ffe2beaab9f375881b9e2f3a8e504e241b6b671628504da9"}
Avaliar a mesma candidata / Publicar bytes verificados, confirmar preview e changelog	UNKNOWN STEP	2026-10-08T22:11:30.6912574Z ##[group]Run python3 trusted/deploy/pages_preview.py persist --site "$RUNNER_TEMP/pages-site"
Avaliar a mesma candidata / Publicar bytes verificados, confirmar preview e changelog	UNKNOWN STEP	2026-10-08T22:11:30.6913486Z ^[[36;1mpython3 trusted/deploy/pages_preview.py persist --site "$RUNNER_TEMP/pages-site"^[[0m
Avaliar a mesma candidata / Publicar bytes verificados, confirmar preview e changelog	UNKNOWN STEP	2026-10-08T22:11:30.6972251Z shell: /usr/bin/bash -e {0}
Avaliar a mesma candidata / Publicar bytes verificados, confirmar preview e changelog	UNKNOWN STEP	2026-10-08T22:11:30.6972485Z env:
Avaliar a mesma candidata / Publicar bytes verificados, confirmar preview e changelog	UNKNOWN STEP	2026-10-08T22:11:30.6974551Z   GH_TOKEN: ***
Avaliar a mesma candidata / Publicar bytes verificados, confirmar preview e changelog	UNKNOWN STEP	2026-10-08T22:11:30.6974746Z ##[endgroup]
Avaliar a mesma candidata / Publicar bytes verificados, confirmar preview e changelog	UNKNOWN STEP	2026-10-08T22:11:34.1202920Z {
Avaliar a mesma candidata / Publicar bytes verificados, confirmar preview e changelog	UNKNOWN STEP	2026-10-08T22:11:34.1203278Z   "history_branch": "codex/pages-previews",
Avaliar a mesma candidata / Publicar bytes verificados, confirmar preview e changelog	UNKNOWN STEP	2026-10-08T22:11:34.1203651Z   "snapshots": [
Avaliar a mesma candidata / Publicar bytes verificados, confirmar preview e changelog	UNKNOWN STEP	2026-10-08T22:11:34.1203932Z     "05634b4b620cc30a053e5acab5fefb0667f2544e",
Avaliar a mesma candidata / Publicar bytes verificados, confirmar preview e changelog	UNKNOWN STEP	2026-10-08T22:11:34.1204293Z     "0817b4fbf84204b24a20858925fa414a1dcac54a",
Avaliar a mesma candidata / Publicar bytes verificados, confirmar preview e changelog	UNKNOWN STEP	2026-10-08T22:11:34.1204640Z     "08ce07d615905e33f0572f9264808683cab53349",
Avaliar a mesma candidata / Publicar bytes verificados, confirmar preview e changelog	UNKNOWN STEP	2026-10-08T22:11:34.1204999Z     "0fc06c8f2b79a83bd8bcf135b24fcd02ef1bd928",
Avaliar a mesma candidata / Publicar bytes verificados, confirmar preview e changelog	UNKNOWN STEP	2026-10-08T22:11:34.1205354Z     "6e48aef9b03778593bc639ababa885b9e2792c35",
Avaliar a mesma candidata / Publicar bytes verificados, confirmar preview e changelog	UNKNOWN STEP	2026-10-08T22:11:34.1205971Z     "989fe3443ad16df0c67ff0068d6efb3f458c8ace",
Avaliar a mesma candidata / Publicar bytes verificados, confirmar preview e changelog	UNKNOWN STEP	2026-10-08T22:11:34.1206323Z     "9c4ad37fc415a98ef2a8cfdc5be8d5cf97fe35b0",
Avaliar a mesma candidata / Publicar bytes verificados, confirmar preview e changelog	UNKNOWN STEP	2026-10-08T22:11:34.1206689Z     "9e0320fca6fdfba5931d6c80d9181c362ac33c17",
Avaliar a mesma candidata / Publicar bytes verificados, confirmar preview e changelog	UNKNOWN STEP	2026-10-08T22:11:34.1207030Z     "b8763ec5adc5e24ce34f474a66a079b48a9ffa0f",
Avaliar a mesma candidata / Publicar bytes verificados, confirmar preview e changelog	UNKNOWN STEP	2026-10-08T22:11:34.1207378Z     "e34f36f5c8b191f96ea6a18280a9b51c18ebacfa"
Avaliar a mesma candidata / Publicar bytes verificados, confirmar preview e changelog	UNKNOWN STEP	2026-10-08T22:11:34.1207691Z   ]
Avaliar a mesma candidata / Publicar bytes verificados, confirmar preview e changelog	UNKNOWN STEP	2026-10-08T22:11:34.1207909Z }
Avaliar a mesma candidata / Publicar bytes verificados, confirmar preview e changelog	UNKNOWN STEP	2026-10-08T22:11:34.1322982Z ##[group]Run python3 trusted/deploy/pages_preview.py export --site "$RUNNER_TEMP/pages-site" --output "$RUNNER_TEMP/pages-public"
Avaliar a mesma candidata / Publicar bytes verificados, confirmar preview e changelog	UNKNOWN STEP	2026-10-08T22:11:34.1324201Z ^[[36;1mpython3 trusted/deploy/pages_preview.py export --site "$RUNNER_TEMP/pages-site" --output "$RUNNER_TEMP/pages-public"^[[0m
Avaliar a mesma candidata / Publicar bytes verificados, confirmar preview e changelog	UNKNOWN STEP	2026-10-08T22:11:34.1382192Z shell: /usr/bin/bash -e {0}
Avaliar a mesma candidata / Publicar bytes verificados, confirmar preview e changelog	UNKNOWN STEP	2026-10-08T22:11:34.1382422Z ##[endgroup]
Avaliar a mesma candidata / Publicar bytes verificados, confirmar preview e changelog	UNKNOWN STEP	2026-10-08T22:11:37.3810116Z {
Avaliar a mesma candidata / Publicar bytes verificados, confirmar preview e changelog	UNKNOWN STEP	2026-10-08T22:11:37.3810514Z   "output": "/home/runner/work/_temp/pages-public",
Avaliar a mesma candidata / Publicar bytes verificados, confirmar preview e changelog	UNKNOWN STEP	2026-10-08T22:11:37.3810898Z   "snapshots": [
Avaliar a mesma candidata / Publicar bytes verificados, confirmar preview e changelog	UNKNOWN STEP	2026-10-08T22:11:37.3811200Z     "05634b4b620cc30a053e5acab5fefb0667f2544e",
Avaliar a mesma candidata / Publicar bytes verificados, confirmar preview e changelog	UNKNOWN STEP	2026-10-08T22:11:37.3811595Z     "0817b4fbf84204b24a20858925fa414a1dcac54a",
Avaliar a mesma candidata / Publicar bytes verificados, confirmar preview e changelog	UNKNOWN STEP	2026-10-08T22:11:37.3812382Z     "08ce07d615905e33f0572f9264808683cab53349",
Avaliar a mesma candidata / Publicar bytes verificados, confirmar preview e changelog	UNKNOWN STEP	2026-10-08T22:11:37.3812727Z     "0fc06c8f2b79a83bd8bcf135b24fcd02ef1bd928",
Avaliar a mesma candidata / Publicar bytes verificados, confirmar preview e changelog	UNKNOWN STEP	2026-10-08T22:11:37.3813075Z     "6e48aef9b03778593bc639ababa885b9e2792c35",
Avaliar a mesma candidata / Publicar bytes verificados, confirmar preview e changelog	UNKNOWN STEP	2026-10-08T22:11:37.3813474Z     "989fe3443ad16df0c67ff0068d6efb3f458c8ace",
Avaliar a mesma candidata / Publicar bytes verificados, confirmar preview e changelog	UNKNOWN STEP	2026-10-08T22:11:37.3813827Z     "9c4ad37fc415a98ef2a8cfdc5be8d5cf97fe35b0",
Avaliar a mesma candidata / Publicar bytes verificados, confirmar preview e changelog	UNKNOWN STEP	2026-10-08T22:11:37.3814183Z     "9e0320fca6fdfba5931d6c80d9181c362ac33c17",
Avaliar a mesma candidata / Publicar bytes verificados, confirmar preview e changelog	UNKNOWN STEP	2026-10-08T22:11:37.3814524Z     "b8763ec5adc5e24ce34f474a66a079b48a9ffa0f",
Avaliar a mesma candidata / Publicar bytes verificados, confirmar preview e changelog	UNKNOWN STEP	2026-10-08T22:11:37.3814889Z     "e34f36f5c8b191f96ea6a18280a9b51c18ebacfa"
Avaliar a mesma candidata / Publicar bytes verificados, confirmar preview e changelog	UNKNOWN STEP	2026-10-08T22:11:37.3815194Z   ]
Avaliar a mesma candidata / Publicar bytes verificados, confirmar preview e changelog	UNKNOWN STEP	2026-10-08T22:11:37.3815397Z }
Avaliar a mesma candidata / Publicar bytes verificados, confirmar preview e changelog	UNKNOWN STEP	2026-10-08T22:11:37.3948935Z ##[group]Run actions/upload-pages-artifact@7b1f4a764d45c48632c6b24a0339c27f5614fb0b
Avaliar a mesma candidata / Publicar bytes verificados, confirmar preview e changelog	UNKNOWN STEP	2026-10-08T22:11:37.3949301Z with:
Avaliar a mesma candidata / Publicar bytes verificados, confirmar preview e changelog	UNKNOWN STEP	2026-10-08T22:11:37.3949513Z   path: /home/runner/work/_temp/pages-public
Avaliar a mesma candidata / Publicar bytes verificados, confirmar preview e changelog	UNKNOWN STEP	2026-10-08T22:11:37.3949759Z   retention-days: 1
Avaliar a mesma candidata / Publicar bytes verificados, confirmar preview e changelog	UNKNOWN STEP	2026-10-08T22:11:37.3949946Z   name: github-pages
Avaliar a mesma candidata / Publicar bytes verificados, confirmar preview e changelog	UNKNOWN STEP	2026-10-08T22:11:37.3950152Z ##[endgroup]
Avaliar a mesma candidata / Publicar bytes verificados, confirmar preview e changelog	UNKNOWN STEP	2026-10-08T22:11:37.3997336Z ##[start-action display=Archive artifact;id=__actions_upload-pages-artifact.__run]
Avaliar a mesma candidata / Publicar bytes verificados, confirmar preview e changelog	UNKNOWN STEP	2026-10-08T22:11:37.4028112Z ##[group]Run echo ::group::Archive artifact
Avaliar a mesma candidata / Publicar bytes verificados, confirmar preview e changelog	UNKNOWN STEP	2026-10-08T22:11:37.4028555Z ^[[36;1mecho ::group::Archive artifact^[[0m
Avaliar a mesma candidata / Publicar bytes verificados, confirmar preview e changelog	UNKNOWN STEP	2026-10-08T22:11:37.4028783Z ^[[36;1mtar \^[[0m
Avaliar a mesma candidata / Publicar bytes verificados, confirmar preview e changelog	UNKNOWN STEP	2026-10-08T22:11:37.4028992Z ^[[36;1m  --dereference --hard-dereference \^[[0m
Avaliar a mesma candidata / Publicar bytes verificados, confirmar preview e changelog	UNKNOWN STEP	2026-10-08T22:11:37.4029255Z ^[[36;1m  --directory "$INPUT_PATH" \^[[0m
Avaliar a mesma candidata / Publicar bytes verificados, confirmar preview e changelog	UNKNOWN STEP	2026-10-08T22:11:37.4029504Z ^[[36;1m  -cvf "$RUNNER_TEMP/artifact.tar" \^[[0m
Avaliar a mesma candidata / Publicar bytes verificados, confirmar preview e changelog	UNKNOWN STEP	2026-10-08T22:11:37.4029743Z ^[[36;1m  --exclude=.git \^[[0m
Avaliar a mesma candidata / Publicar bytes verificados, confirmar preview e changelog	UNKNOWN STEP	2026-10-08T22:11:37.4029950Z ^[[36;1m  --exclude=.github \^[[0m
Avaliar a mesma candidata / Publicar bytes verificados, confirmar preview e changelog	UNKNOWN STEP	2026-10-08T22:11:37.4030204Z ^[[36;1m  --exclude=".[^/]*" \^[[0m
Avaliar a mesma candidata / Publicar bytes verificados, confirmar preview e changelog	UNKNOWN STEP	2026-10-08T22:11:37.4030406Z ^[[36;1m  .^[[0m
Avaliar a mesma candidata / Publicar bytes verificados, confirmar preview e changelog	UNKNOWN STEP	2026-10-08T22:11:37.4030579Z ^[[36;1mecho ::endgroup::^[[0m
Avaliar a mesma candidata / Publicar bytes verificados, confirmar preview e changelog	UNKNOWN STEP	2026-10-08T22:11:37.4052910Z shell: /usr/bin/sh -e {0}
Avaliar a mesma candidata / Publicar bytes verificados, confirmar preview e changelog	UNKNOWN STEP	2026-10-08T22:11:37.4053118Z env:
Avaliar a mesma candidata / Publicar bytes verificados, confirmar preview e changelog	UNKNOWN STEP	2026-10-08T22:11:37.4053325Z   INPUT_PATH: /home/runner/work/_temp/pages-public
Avaliar a mesma candidata / Publicar bytes verificados, confirmar preview e changelog	UNKNOWN STEP	2026-10-08T22:11:37.4053592Z ##[endgroup]
Avaliar a mesma candidata / Publicar bytes verificados, confirmar preview e changelog	UNKNOWN STEP	2026-10-08T22:11:37.4086259Z ##[group]Archive artifact
Avaliar a mesma candidata / Publicar bytes verificados, confirmar preview e changelog	UNKNOWN STEP	2026-10-08T22:11:37.4097686Z ./
Avaliar a mesma candidata / Publicar bytes verificados, confirmar preview e changelog	UNKNOWN STEP	2026-10-08T22:11:37.4097942Z ./index.html
Avaliar a mesma candidata / Publicar bytes verificados, confirmar preview e changelog	UNKNOWN STEP	2026-10-08T22:11:37.4098201Z ./snapshots/
Avaliar a mesma candidata / Publicar bytes verificados, confirmar preview e changelog	UNKNOWN STEP	2026-10-08T22:11:37.4098641Z ./snapshots/e34f36f5c8b191f96ea6a18280a9b51c18ebacfa/
Avaliar a mesma candidata / Publicar bytes verificados, confirmar preview e changelog	UNKNOWN STEP	2026-10-08T22:11:37.4099134Z ./snapshots/e34f36f5c8b191f96ea6a18280a9b51c18ebacfa/app/
Avaliar a mesma candidata / Publicar bytes verificados, confirmar preview e changelog	UNKNOWN STEP	2026-10-08T22:11:37.4099654Z ./snapshots/e34f36f5c8b191f96ea6a18280a9b51c18ebacfa/app/manifest.json
Avaliar a mesma candidata / Publicar bytes verificados, confirmar preview e changelog	UNKNOWN STEP	2026-10-08T22:11:37.4100056Z ./snapshots/e34f36f5c8b191f96ea6a18280a9b51c18ebacfa/app/icons/
Avaliar a mesma candidata / Publicar bytes verificados, confirmar preview e changelog	UNKNOWN STEP	2026-10-08T22:11:37.4108934Z ./snapshots/e34f36f5c8b191f96ea6a18280a9b51c18ebacfa/app/icons/Icon-512.png
Avaliar a mesma candidata / Publicar bytes verificados, confirmar preview e changelog	UNKNOWN STEP	2026-10-08T22:11:37.4128998Z ./snapshots/e34f36f5c8b191f96ea6a18280a9b51c18ebacfa/app/icons/Icon-192.png
Avaliar a mesma candidata / Publicar bytes verificados, confirmar preview e changelog	UNKNOWN STEP	2026-10-08T22:11:37.4129695Z ./snapshots/e34f36f5c8b191f96ea6a18280a9b51c18ebacfa/app/icons/Icon-maskable-192.png
Avaliar a mesma candidata / Publicar bytes verificados, confirmar preview e changelog	UNKNOWN STEP	2026-10-08T22:11:37.4130165Z ./snapshots/e34f36f5c8b191f96ea6a18280a9b51c18ebacfa/app/icons/Icon-maskable-512.png
Avaliar a mesma candidata / Publicar bytes verificados, confirmar preview e changelog	UNKNOWN STEP	2026-10-08T22:11:37.4130613Z ./snapshots/e34f36f5c8b191f96ea6a18280a9b51c18ebacfa/app/flutter_bootstrap.js
Avaliar a mesma candidata / Publicar bytes verificados, confirmar preview e changelog	UNKNOWN STEP	2026-10-08T22:11:37.4131011Z ./snapshots/e34f36f5c8b191f96ea6a18280a9b51c18ebacfa/app/assets/
Avaliar a mesma candidata / Publicar bytes verificados, confirmar preview e changelog	UNKNOWN STEP	2026-10-08T22:11:37.4131412Z ./snapshots/e34f36f5c8b191f96ea6a18280a9b51c18ebacfa/app/assets/AssetManifest.bin.json
Avaliar a mesma candidata / Publicar bytes verificados, confirmar preview e changelog	UNKNOWN STEP	2026-10-08T22:11:37.4131851Z ./snapshots/e34f36f5c8b191f96ea6a18280a9b51c18ebacfa/app/assets/NOTICES
Avaliar a mesma candidata / Publicar bytes verificados, confirmar preview e changelog	UNKNOWN STEP	2026-10-08T22:11:37.4132252Z ./snapshots/e34f36f5c8b191f96ea6a18280a9b51c18ebacfa/app/assets/shorebird.yaml
Avaliar a mesma candidata / Publicar bytes verificados, confirmar preview e changelog	UNKNOWN STEP	2026-10-08T22:11:37.4132679Z ./snapshots/e34f36f5c8b191f96ea6a18280a9b51c18ebacfa/app/assets/AssetManifest.bin
Avaliar a mesma candidata / Publicar bytes verificados, confirmar preview e changelog	UNKNOWN STEP	2026-10-08T22:11:37.4133101Z ./snapshots/e34f36f5c8b191f96ea6a18280a9b51c18ebacfa/app/assets/packages/
Avaliar a mesma candidata / Publicar bytes verificados, confirmar preview e changelog	UNKNOWN STEP	2026-10-08T22:11:37.4133552Z ./snapshots/e34f36f5c8b191f96ea6a18280a9b51c18ebacfa/app/assets/packages/cupertino_icons/
Avaliar a mesma candidata / Publicar bytes verificados, confirmar preview e changelog	UNKNOWN STEP	2026-10-08T22:11:37.4134055Z ./snapshots/e34f36f5c8b191f96ea6a18280a9b51c18ebacfa/app/assets/packages/cupertino_icons/assets/
Avaliar a mesma candidata / Publicar bytes verificados, confirmar preview e changelog	UNKNOWN STEP	2026-10-08T22:11:37.4134625Z ./snapshots/e34f36f5c8b191f96ea6a18280a9b51c18ebacfa/app/assets/packages/cupertino_icons/assets/CupertinoIcons.ttf
Avaliar a mesma candidata / Publicar bytes verificados, confirmar preview e changelog	UNKNOWN STEP	2026-10-08T22:11:37.4135372Z ./snapshots/e34f36f5c8b191f96ea6a18280a9b51c18ebacfa/app/assets/FontManifest.json
Avaliar a mesma candidata / Publicar bytes verificados, confirmar preview e changelog	UNKNOWN STEP	2026-10-08T22:11:37.4135789Z ./snapshots/e34f36f5c8b191f96ea6a18280a9b51c18ebacfa/app/assets/shaders/
Avaliar a mesma candidata / Publicar bytes verificados, confirmar preview e changelog	UNKNOWN STEP	2026-10-08T22:11:37.4136215Z ./snapshots/e34f36f5c8b191f96ea6a18280a9b51c18ebacfa/app/assets/shaders/ink_sparkle.frag
Avaliar a mesma candidata / Publicar bytes verificados, confirmar preview e changelog	UNKNOWN STEP	2026-10-08T22:11:37.4136698Z ./snapshots/e34f36f5c8b191f96ea6a18280a9b51c18ebacfa/app/assets/shaders/stretch_effect.frag
Avaliar a mesma candidata / Publicar bytes verificados, confirmar preview e changelog	UNKNOWN STEP	2026-10-08T22:11:37.4137133Z ./snapshots/e34f36f5c8b191f96ea6a18280a9b51c18ebacfa/app/assets/fonts/
Avaliar a mesma candidata / Publicar bytes verificados, confirmar preview e changelog	UNKNOWN STEP	2026-10-08T22:11:37.4137730Z ./snapshots/e34f36f5c8b191f96ea6a18280a9b51c18ebacfa/app/assets/fonts/MaterialIcons-Regular.otf
Avaliar a mesma candidata / Publicar bytes verificados, confirmar preview e changelog	UNKNOWN STEP	2026-10-08T22:11:37.4138180Z ./snapshots/e34f36f5c8b191f96ea6a18280a9b51c18ebacfa/app/index.html
Avaliar a mesma candidata / Publicar bytes verificados, confirmar preview e changelog	UNKNOWN STEP	2026-10-08T22:11:37.4138637Z ./snapshots/e34f36f5c8b191f96ea6a18280a9b51c18ebacfa/app/version.json
Avaliar a mesma candidata / Publicar bytes verificados, confirmar preview e changelog	UNKNOWN STEP	2026-10-08T22:11:37.4139049Z ./snapshots/e34f36f5c8b191f96ea6a18280a9b51c18ebacfa/app/flutter_service_worker.js
Avaliar a mesma candidata / Publicar bytes verificados, confirmar preview e changelog	UNKNOWN STEP	2026-10-08T22:11:37.4139453Z ./snapshots/e34f36f5c8b191f96ea6a18280a9b51c18ebacfa/app/flutter.js
Avaliar a mesma candidata / Publicar bytes verificados, confirmar preview e changelog	UNKNOWN STEP	2026-10-08T22:11:37.4139816Z ./snapshots/e34f36f5c8b191f96ea6a18280a9b51c18ebacfa/app/favicon.png
Avaliar a mesma candidata / Publicar bytes verificados, confirmar preview e changelog	UNKNOWN STEP	2026-10-08T22:11:37.4140184Z ./snapshots/e34f36f5c8b191f96ea6a18280a9b51c18ebacfa/app/main.dart.js
Avaliar a mesma candidata / Publicar bytes verificados, confirmar preview e changelog	UNKNOWN STEP	2026-10-08T22:11:37.4140543Z ./snapshots/e34f36f5c8b191f96ea6a18280a9b51c18ebacfa/app/canvaskit/
Avaliar a mesma candidata / Publicar bytes verificados, confirmar preview e changelog	UNKNOWN STEP	2026-10-08T22:11:37.4140921Z ./snapshots/e34f36f5c8b191f96ea6a18280a9b51c18ebacfa/app/canvaskit/wimp.wasm
Avaliar a mesma candidata / Publicar bytes verificados, confirmar preview e changelog	UNKNOWN STEP	2026-10-08T22:11:37.4152420Z ./snapshots/e34f36f5c8b191f96ea6a18280a9b51c18ebacfa/app/canvaskit/chromium/
Avaliar a mesma candidata / Publicar bytes verificados, confirmar preview e changelog	UNKNOWN STEP	2026-10-08T22:11:37.4153159Z ./snapshots/e34f36f5c8b191f96ea6a18280a9b51c18ebacfa/app/canvaskit/chromium/canvaskit.js
Avaliar a mesma candidata / Publicar bytes verificados, confirmar preview e changelog	UNKNOWN STEP	2026-10-08T22:11:37.4153966Z ./snapshots/e34f36f5c8b191f96ea6a18280a9b51c18ebacfa/app/canvaskit/chromium/canvaskit.wasm
Avaliar a mesma candidata / Publicar bytes verificados, confirmar preview e changelog	UNKNOWN STEP	2026-10-08T22:11:37.4193266Z ./snapshots/e34f36f5c8b191f96ea6a18280a9b51c18ebacfa/app/canvaskit/chromium/canvaskit.js.symbols
Avaliar a mesma candidata / Publicar bytes verificados, confirmar preview e changelog	UNKNOWN STEP	2026-10-08T22:11:37.4202193Z ./snapshots/e34f36f5c8b191f96ea6a18280a9b51c18ebacfa/app/canvaskit/skwasm_heavy.js.symbols
Avaliar a mesma candidata / Publicar bytes verificados, confirmar preview e changelog	UNKNOWN STEP	2026-10-08T22:11:37.4213685Z ./snapshots/e34f36f5c8b191f96ea6a18280a9b51c18ebacfa/app/canvaskit/canvaskit.js
Avaliar a mesma candidata / Publicar bytes verificados, confirmar preview e changelog	UNKNOWN STEP	2026-10-08T22:11:37.4214371Z ./snapshots/e34f36f5c8b191f96ea6a18280a9b51c18ebacfa/app/canvaskit/skwasm.js
Avaliar a mesma candidata / Publicar bytes verificados, confirmar preview e changelog	UNKNOWN STEP	2026-10-08T22:11:37.4215071Z ./snapshots/e34f36f5c8b191f96ea6a18280a9b51c18ebacfa/app/canvaskit/canvaskit.wasm
Avaliar a mesma candidata / Publicar bytes verificados, confirmar preview e changelog	UNKNOWN STEP	2026-10-08T22:11:37.4264226Z ./snapshots/e34f36f5c8b191f96ea6a18280a9b51c18ebacfa/app/canvaskit/skwasm.wasm
Avaliar a mesma candidata / Publicar bytes verificados, confirmar preview e changelog	UNKNOWN STEP	2026-10-08T22:11:37.4288924Z ./snapshots/e34f36f5c8b191f96ea6a18280a9b51c18ebacfa/app/canvaskit/skwasm.js.symbols
Avaliar a mesma candidata / Publicar bytes verificados, confirmar preview e changelog	UNKNOWN STEP	2026-10-08T22:11:37.4299762Z ./snapshots/e34f36f5c8b191f96ea6a18280a9b51c18ebacfa/app/canvaskit/skwasm_heavy.wasm
Avaliar a mesma candidata / Publicar bytes verificados, confirmar preview e changelog	UNKNOWN STEP	2026-10-08T22:11:37.4335321Z ./snapshots/e34f36f5c8b191f96ea6a18280a9b51c18ebacfa/app/canvaskit/canvaskit.js.symbols
Avaliar a mesma candidata / Publicar bytes verificados, confirmar preview e changelog	UNKNOWN STEP	2026-10-08T22:11:37.4344719Z ./snapshots/e34f36f5c8b191f96ea6a18280a9b51c18ebacfa/app/canvaskit/experimental_webparagraph/
Avaliar a mesma candidata / Publicar bytes verificados, confirmar preview e changelog	UNKNOWN STEP	2026-10-08T22:11:37.4345822Z ./snapshots/e34f36f5c8b191f96ea6a18280a9b51c18ebacfa/app/canvaskit/experimental_webparagraph/canvaskit.js
Avaliar a mesma candidata / Publicar bytes verificados, confirmar preview e changelog	UNKNOWN STEP	2026-10-08T22:11:37.4346834Z ./snapshots/e34f36f5c8b191f96ea6a18280a9b51c18ebacfa/app/canvaskit/experimental_webparagraph/canvaskit.wasm
Avaliar a mesma candidata / Publicar bytes verificados, confirmar preview e changelog	UNKNOWN STEP	2026-10-08T22:11:37.4373818Z ./snapshots/e34f36f5c8b191f96ea6a18280a9b51c18ebacfa/app/canvaskit/experimental_webparagraph/canvaskit.js.symbols
Avaliar a mesma candidata / Publicar bytes verificados, confirmar preview e changelog	UNKNOWN STEP	2026-10-08T22:11:37.4380741Z ./snapshots/e34f36f5c8b191f96ea6a18280a9b51c18ebacfa/app/canvaskit/wimp.js
Avaliar a mesma candidata / Publicar bytes verificados, confirmar preview e changelog	UNKNOWN STEP	2026-10-08T22:11:37.4381415Z ./snapshots/e34f36f5c8b191f96ea6a18280a9b51c18ebacfa/app/canvaskit/skwasm_heavy.js
Avaliar a mesma candidata / Publicar bytes verificados, confirmar preview e changelog	UNKNOWN STEP	2026-10-08T22:11:37.4382144Z ./snapshots/e34f36f5c8b191f96ea6a18280a9b51c18ebacfa/app/canvaskit/wimp.js.symbols
Avaliar a mesma candidata / Publicar bytes verificados, confirmar preview e changelog	UNKNOWN STEP	2026-10-08T22:11:37.4394508Z ./snapshots/e34f36f5c8b191f96ea6a18280a9b51c18ebacfa/metadata.json
Avaliar a mesma candidata / Publicar bytes verificados, confirmar preview e changelog	UNKNOWN STEP	2026-10-08T22:11:37.4395081Z ./snapshots/e34f36f5c8b191f96ea6a18280a9b51c18ebacfa/index.html
Avaliar a mesma candidata / Publicar bytes verificados, confirmar preview e changelog	UNKNOWN STEP	2026-10-08T22:11:37.4395628Z ./snapshots/e34f36f5c8b191f96ea6a18280a9b51c18ebacfa/files.json
Avaliar a mesma candidata / Publicar bytes verificados, confirmar preview e changelog	UNKNOWN STEP	2026-10-08T22:11:37.4396385Z ./snapshots/9c4ad37fc415a98ef2a8cfdc5be8d5cf97fe35b0/
Avaliar a mesma candidata / Publicar bytes verificados, confirmar preview e changelog	UNKNOWN STEP	2026-10-08T22:11:37.4396867Z ./snapshots/9c4ad37fc415a98ef2a8cfdc5be8d5cf97fe35b0/app/
Avaliar a mesma candidata / Publicar bytes verificados, confirmar preview e changelog	UNKNOWN STEP	2026-10-08T22:11:37.4397425Z ./snapshots/9c4ad37fc415a98ef2a8cfdc5be8d5cf97fe35b0/app/manifest.json
Avaliar a mesma candidata / Publicar bytes verificados, confirmar preview e changelog	UNKNOWN STEP	2026-10-08T22:11:37.4398001Z ./snapshots/9c4ad37fc415a98ef2a8cfdc5be8d5cf97fe35b0/app/icons/
Avaliar a mesma candidata / Publicar bytes verificados, confirmar preview e changelog	UNKNOWN STEP	2026-10-08T22:11:37.4398773Z ./snapshots/9c4ad37fc415a98ef2a8cfdc5be8d5cf97fe35b0/app/icons/Icon-512.png
Avaliar a mesma candidata / Publicar bytes verificados, confirmar preview e changelog	UNKNOWN STEP	2026-10-08T22:11:37.4399433Z ./snapshots/9c4ad37fc415a98ef2a8cfdc5be8d5cf97fe35b0/app/icons/Icon-192.png
Avaliar a mesma candidata / Publicar bytes verificados, confirmar preview e changelog	UNKNOWN STEP	2026-10-08T22:11:37.4399924Z ./snapshots/9c4ad37fc415a98ef2a8cfdc5be8d5cf97fe35b0/app/icons/Icon-maskable-192.png
Avaliar a mesma candidata / Publicar bytes verificados, confirmar preview e changelog	UNKNOWN STEP	2026-10-08T22:11:37.4400534Z ./snapshots/9c4ad37fc415a98ef2a8cfdc5be8d5cf97fe35b0/app/icons/Icon-maskable-512.png
Avaliar a mesma candidata / Publicar bytes verificados, confirmar preview e changelog	UNKNOWN STEP	2026-10-08T22:11:37.4400976Z ./snapshots/9c4ad37fc415a98ef2a8cfdc5be8d5cf97fe35b0/app/flutter_bootstrap.js
Avaliar a mesma candidata / Publicar bytes verificados, confirmar preview e changelog	UNKNOWN STEP	2026-10-08T22:11:37.4401361Z ./snapshots/9c4ad37fc415a98ef2a8cfdc5be8d5cf97fe35b0/app/assets/
Avaliar a mesma candidata / Publicar bytes verificados, confirmar preview e changelog	UNKNOWN STEP	2026-10-08T22:11:37.4401761Z ./snapshots/9c4ad37fc415a98ef2a8cfdc5be8d5cf97fe35b0/app/assets/AssetManifest.bin.json
Avaliar a mesma candidata / Publicar bytes verificados, confirmar preview e changelog	UNKNOWN STEP	2026-10-08T22:11:37.4402201Z ./snapshots/9c4ad37fc415a98ef2a8cfdc5be8d5cf97fe35b0/app/assets/NOTICES
Avaliar a mesma candidata / Publicar bytes verificados, confirmar preview e changelog	UNKNOWN STEP	2026-10-08T22:11:37.4407268Z ./snapshots/9c4ad37fc415a98ef2a8cfdc5be8d5cf97fe35b0/app/assets/shorebird.yaml
Avaliar a mesma candidata / Publicar bytes verificados, confirmar preview e changelog	UNKNOWN STEP	2026-10-08T22:11:37.4407975Z ./snapshots/9c4ad37fc415a98ef2a8cfdc5be8d5cf97fe35b0/app/assets/AssetManifest.bin
Avaliar a mesma candidata / Publicar bytes verificados, confirmar preview e changelog	UNKNOWN STEP	2026-10-08T22:11:37.4408766Z ./snapshots/9c4ad37fc415a98ef2a8cfdc5be8d5cf97fe35b0/app/assets/packages/
Avaliar a mesma candidata / Publicar bytes verificados, confirmar preview e changelog	UNKNOWN STEP	2026-10-08T22:11:37.4409514Z ./snapshots/9c4ad37fc415a98ef2a8cfdc5be8d5cf97fe35b0/app/assets/packages/cupertino_icons/
Avaliar a mesma candidata / Publicar bytes verificados, confirmar preview e changelog	UNKNOWN STEP	2026-10-08T22:11:37.4410369Z ./snapshots/9c4ad37fc415a98ef2a8cfdc5be8d5cf97fe35b0/app/assets/packages/cupertino_icons/assets/
Avaliar a mesma candidata / Publicar bytes verificados, confirmar preview e changelog	UNKNOWN STEP	2026-10-08T22:11:37.4411328Z ./snapshots/9c4ad37fc415a98ef2a8cfdc5be8d5cf97fe35b0/app/assets/packages/cupertino_icons/assets/CupertinoIcons.ttf
Avaliar a mesma candidata / Publicar bytes verificados, confirmar preview e changelog	UNKNOWN STEP	2026-10-08T22:11:37.4412208Z ./snapshots/9c4ad37fc415a98ef2a8cfdc5be8d5cf97fe35b0/app/assets/FontManifest.json
Avaliar a mesma candidata / Publicar bytes verificados, confirmar preview e changelog	UNKNOWN STEP	2026-10-08T22:11:37.4412900Z ./snapshots/9c4ad37fc415a98ef2a8cfdc5be8d5cf97fe35b0/app/assets/shaders/
Avaliar a mesma candidata / Publicar bytes verificados, confirmar preview e changelog	UNKNOWN STEP	2026-10-08T22:11:37.4413615Z ./snapshots/9c4ad37fc415a98ef2a8cfdc5be8d5cf97fe35b0/app/assets/shaders/ink_sparkle.frag
Avaliar a mesma candidata / Publicar bytes verificados, confirmar preview e changelog	UNKNOWN STEP	2026-10-08T22:11:37.4414257Z ./snapshots/9c4ad37fc415a98ef2a8cfdc5be8d5cf97fe35b0/app/assets/shaders/stretch_effect.frag
Avaliar a mesma candidata / Publicar bytes verificados, confirmar preview e changelog	UNKNOWN STEP	2026-10-08T22:11:37.4414712Z ./snapshots/9c4ad37fc415a98ef2a8cfdc5be8d5cf97fe35b0/app/assets/fonts/
Avaliar a mesma candidata / Publicar bytes verificados, confirmar preview e changelog	UNKNOWN STEP	2026-10-08T22:11:37.4415174Z ./snapshots/9c4ad37fc415a98ef2a8cfdc5be8d5cf97fe35b0/app/assets/fonts/MaterialIcons-Regular.otf
Avaliar a mesma candidata / Publicar bytes verificados, confirmar preview e changelog	UNKNOWN STEP	2026-10-08T22:11:37.4415619Z ./snapshots/9c4ad37fc415a98ef2a8cfdc5be8d5cf97fe35b0/app/index.html
Avaliar a mesma candidata / Publicar bytes verificados, confirmar preview e changelog	UNKNOWN STEP	2026-10-08T22:11:37.4415996Z ./snapshots/9c4ad37fc415a98ef2a8cfdc5be8d5cf97fe35b0/app/version.json
Avaliar a mesma candidata / Publicar bytes verificados, confirmar preview e changelog	UNKNOWN STEP	2026-10-08T22:11:37.4416399Z ./snapshots/9c4ad37fc415a98ef2a8cfdc5be8d5cf97fe35b0/app/flutter_service_worker.js
Avaliar a mesma candidata / Publicar bytes verificados, confirmar preview e changelog	UNKNOWN STEP	2026-10-08T22:11:37.4416801Z ./snapshots/9c4ad37fc415a98ef2a8cfdc5be8d5cf97fe35b0/app/flutter.js
Avaliar a mesma candidata / Publicar bytes verificados, confirmar preview e changelog	UNKNOWN STEP	2026-10-08T22:11:37.4417156Z ./snapshots/9c4ad37fc415a98ef2a8cfdc5be8d5cf97fe35b0/app/favicon.png
Avaliar a mesma candidata / Publicar bytes verificados, confirmar preview e changelog	UNKNOWN STEP	2026-10-08T22:11:37.4417522Z ./snapshots/9c4ad37fc415a98ef2a8cfdc5be8d5cf97fe35b0/app/main.dart.js
Avaliar a mesma candidata / Publicar bytes verificados, confirmar preview e changelog	UNKNOWN STEP	2026-10-08T22:11:37.4425121Z ./snapshots/9c4ad37fc415a98ef2a8cfdc5be8d5cf97fe35b0/app/canvaskit/
Avaliar a mesma candidata / Publicar bytes verificados, confirmar preview e changelog	UNKNOWN STEP	2026-10-08T22:11:37.4425754Z ./snapshots/9c4ad37fc415a98ef2a8cfdc5be8d5cf97fe35b0/app/canvaskit/wimp.wasm
Avaliar a mesma candidata / Publicar bytes verificados, confirmar preview e changelog	UNKNOWN STEP	2026-10-08T22:11:37.4449617Z ./snapshots/9c4ad37fc415a98ef2a8cfdc5be8d5cf97fe35b0/app/canvaskit/chromium/
Avaliar a mesma candidata / Publicar bytes verificados, confirmar preview e changelog	UNKNOWN STEP	2026-10-08T22:11:37.4450381Z ./snapshots/9c4ad37fc415a98ef2a8cfdc5be8d5cf97fe35b0/app/canvaskit/chromium/canvaskit.js
Avaliar a mesma candidata / Publicar bytes verificados, confirmar preview e changelog	UNKNOWN STEP	2026-10-08T22:11:37.4451215Z ./snapshots/9c4ad37fc415a98ef2a8cfdc5be8d5cf97fe35b0/app/canvaskit/chromium/canvaskit.wasm
Avaliar a mesma candidata / Publicar bytes verificados, confirmar preview e changelog	UNKNOWN STEP	2026-10-08T22:11:37.4489796Z ./snapshots/9c4ad37fc415a98ef2a8cfdc5be8d5cf97fe35b0/app/canvaskit/chromium/canvaskit.js.symbols
Avaliar a mesma candidata / Publicar bytes verificados, confirmar preview e changelog	UNKNOWN STEP	2026-10-08T22:11:37.4498432Z ./snapshots/9c4ad37fc415a98ef2a8cfdc5be8d5cf97fe35b0/app/canvaskit/skwasm_heavy.js.symbols
Avaliar a mesma candidata / Publicar bytes verificados, confirmar preview e changelog	UNKNOWN STEP	2026-10-08T22:11:37.4510003Z ./snapshots/9c4ad37fc415a98ef2a8cfdc5be8d5cf97fe35b0/app/canvaskit/canvaskit.js
Avaliar a mesma candidata / Publicar bytes verificados, confirmar preview e changelog	UNKNOWN STEP	2026-10-08T22:11:37.4510903Z ./snapshots/9c4ad37fc415a98ef2a8cfdc5be8d5cf97fe35b0/app/canvaskit/skwasm.js
Avaliar a mesma candidata / Publicar bytes verificados, confirmar preview e changelog	UNKNOWN STEP	2026-10-08T22:11:37.4511606Z ./snapshots/9c4ad37fc415a98ef2a8cfdc5be8d5cf97fe35b0/app/canvaskit/canvaskit.wasm
Avaliar a mesma candidata / Publicar bytes verificados, confirmar preview e changelog	UNKNOWN STEP	2026-10-08T22:11:37.4559719Z ./snapshots/9c4ad37fc415a98ef2a8cfdc5be8d5cf97fe35b0/app/canvaskit/skwasm.wasm
Avaliar a mesma candidata / Publicar bytes verificados, confirmar preview e changelog	UNKNOWN STEP	2026-10-08T22:11:37.4583481Z ./snapshots/9c4ad37fc415a98ef2a8cfdc5be8d5cf97fe35b0/app/canvaskit/skwasm.js.symbols
Avaliar a mesma candidata / Publicar bytes verificados, confirmar preview e changelog	UNKNOWN STEP	2026-10-08T22:11:37.4593920Z ./snapshots/9c4ad37fc415a98ef2a8cfdc5be8d5cf97fe35b0/app/canvaskit/skwasm_heavy.wasm
Avaliar a mesma candidata / Publicar bytes verificados, confirmar preview e changelog	UNKNOWN STEP	2026-10-08T22:11:37.4628157Z ./snapshots/9c4ad37fc415a98ef2a8cfdc5be8d5cf97fe35b0/app/canvaskit/canvaskit.js.symbols
Avaliar a mesma candidata / Publicar bytes verificados, confirmar preview e changelog	UNKNOWN STEP	2026-10-08T22:11:37.4637813Z ./snapshots/9c4ad37fc415a98ef2a8cfdc5be8d5cf97fe35b0/app/canvaskit/experimental_webparagraph/
Avaliar a mesma candidata / Publicar bytes verificados, confirmar preview e changelog	UNKNOWN STEP	2026-10-08T22:11:37.4638845Z ./snapshots/9c4ad37fc415a98ef2a8cfdc5be8d5cf97fe35b0/app/canvaskit/experimental_webparagraph/canvaskit.js
Avaliar a mesma candidata / Publicar bytes verificados, confirmar preview e changelog	UNKNOWN STEP	2026-10-08T22:11:37.4639821Z ./snapshots/9c4ad37fc415a98ef2a8cfdc5be8d5cf97fe35b0/app/canvaskit/experimental_webparagraph/canvaskit.wasm
Avaliar a mesma candidata / Publicar bytes verificados, confirmar preview e changelog	UNKNOWN STEP	2026-10-08T22:11:37.4666139Z ./snapshots/9c4ad37fc415a98ef2a8cfdc5be8d5cf97fe35b0/app/canvaskit/experimental_webparagraph/canvaskit.js.symbols
Avaliar a mesma candidata / Publicar bytes verificados, confirmar preview e changelog	UNKNOWN STEP	2026-10-08T22:11:37.4672885Z ./snapshots/9c4ad37fc415a98ef2a8cfdc5be8d5cf97fe35b0/app/canvaskit/wimp.js
Avaliar a mesma candidata / Publicar bytes verificados, confirmar preview e changelog	UNKNOWN STEP	2026-10-08T22:11:37.4673576Z ./snapshots/9c4ad37fc415a98ef2a8cfdc5be8d5cf97fe35b0/app/canvaskit/skwasm_heavy.js
Avaliar a mesma candidata / Publicar bytes verificados, confirmar preview e changelog	UNKNOWN STEP	2026-10-08T22:11:37.4674297Z ./snapshots/9c4ad37fc415a98ef2a8cfdc5be8d5cf97fe35b0/app/canvaskit/wimp.js.symbols
Avaliar a mesma candidata / Publicar bytes verificados, confirmar preview e changelog	UNKNOWN STEP	2026-10-08T22:11:37.4686895Z ./snapshots/9c4ad37fc415a98ef2a8cfdc5be8d5cf97fe35b0/metadata.json
Avaliar a mesma candidata / Publicar bytes verificados, confirmar preview e changelog	UNKNOWN STEP	2026-10-08T22:11:37.4687485Z ./snapshots/9c4ad37fc415a98ef2a8cfdc5be8d5cf97fe35b0/index.html
Avaliar a mesma candidata / Publicar bytes verificados, confirmar preview e changelog	UNKNOWN STEP	2026-10-08T22:11:37.4688032Z ./snapshots/9c4ad37fc415a98ef2a8cfdc5be8d5cf97fe35b0/files.json
Avaliar a mesma candidata / Publicar bytes verificados, confirmar preview e changelog	UNKNOWN STEP	2026-10-08T22:11:37.4688629Z ./snapshots/9e0320fca6fdfba5931d6c80d9181c362ac33c17/
Avaliar a mesma candidata / Publicar bytes verificados, confirmar preview e changelog	UNKNOWN STEP	2026-10-08T22:11:37.4689099Z ./snapshots/9e0320fca6fdfba5931d6c80d9181c362ac33c17/app/
Avaliar a mesma candidata / Publicar bytes verificados, confirmar preview e changelog	UNKNOWN STEP	2026-10-08T22:11:37.4689641Z ./snapshots/9e0320fca6fdfba5931d6c80d9181c362ac33c17/app/manifest.json
Avaliar a mesma candidata / Publicar bytes verificados, confirmar preview e changelog	UNKNOWN STEP	2026-10-08T22:11:37.4690226Z ./snapshots/9e0320fca6fdfba5931d6c80d9181c362ac33c17/app/icons/
Avaliar a mesma candidata / Publicar bytes verificados, confirmar preview e changelog	UNKNOWN STEP	2026-10-08T22:11:37.4690827Z ./snapshots/9e0320fca6fdfba5931d6c80d9181c362ac33c17/app/icons/Icon-512.png
Avaliar a mesma candidata / Publicar bytes verificados, confirmar preview e changelog	UNKNOWN STEP	2026-10-08T22:11:37.4691481Z ./snapshots/9e0320fca6fdfba5931d6c80d9181c362ac33c17/app/icons/Icon-192.png
Avaliar a mesma candidata / Publicar bytes verificados, confirmar preview e changelog	UNKNOWN STEP	2026-10-08T22:11:37.4692217Z ./snapshots/9e0320fca6fdfba5931d6c80d9181c362ac33c17/app/icons/Icon-maskable-192.png
Avaliar a mesma candidata / Publicar bytes verificados, confirmar preview e changelog	UNKNOWN STEP	2026-10-08T22:11:37.4692955Z ./snapshots/9e0320fca6fdfba5931d6c80d9181c362ac33c17/app/icons/Icon-maskable-512.png
Avaliar a mesma candidata / Publicar bytes verificados, confirmar preview e changelog	UNKNOWN STEP	2026-10-08T22:11:37.4693397Z ./snapshots/9e0320fca6fdfba5931d6c80d9181c362ac33c17/app/flutter_bootstrap.js
Avaliar a mesma candidata / Publicar bytes verificados, confirmar preview e changelog	UNKNOWN STEP	2026-10-08T22:11:37.4693779Z ./snapshots/9e0320fca6fdfba5931d6c80d9181c362ac33c17/app/assets/
Avaliar a mesma candidata / Publicar bytes verificados, confirmar preview e changelog	UNKNOWN STEP	2026-10-08T22:11:37.4694177Z ./snapshots/9e0320fca6fdfba5931d6c80d9181c362ac33c17/app/assets/AssetManifest.bin.json
Avaliar a mesma candidata / Publicar bytes verificados, confirmar preview e changelog	UNKNOWN STEP	2026-10-08T22:11:37.4694616Z ./snapshots/9e0320fca6fdfba5931d6c80d9181c362ac33c17/app/assets/NOTICES
Avaliar a mesma candidata / Publicar bytes verificados, confirmar preview e changelog	UNKNOWN STEP	2026-10-08T22:11:37.4699165Z ./snapshots/9e0320fca6fdfba5931d6c80d9181c362ac33c17/app/assets/shorebird.yaml
Avaliar a mesma candidata / Publicar bytes verificados, confirmar preview e changelog	UNKNOWN STEP	2026-10-08T22:11:37.4699888Z ./snapshots/9e0320fca6fdfba5931d6c80d9181c362ac33c17/app/assets/AssetManifest.bin
Avaliar a mesma candidata / Publicar bytes verificados, confirmar preview e changelog	UNKNOWN STEP	2026-10-08T22:11:37.4700559Z ./snapshots/9e0320fca6fdfba5931d6c80d9181c362ac33c17/app/assets/packages/
Avaliar a mesma candidata / Publicar bytes verificados, confirmar preview e changelog	UNKNOWN STEP	2026-10-08T22:11:37.4701272Z ./snapshots/9e0320fca6fdfba5931d6c80d9181c362ac33c17/app/assets/packages/cupertino_icons/
Avaliar a mesma candidata / Publicar bytes verificados, confirmar preview e changelog	UNKNOWN STEP	2026-10-08T22:11:37.4702099Z ./snapshots/9e0320fca6fdfba5931d6c80d9181c362ac33c17/app/assets/packages/cupertino_icons/assets/
Avaliar a mesma candidata / Publicar bytes verificados, confirmar preview e changelog	UNKNOWN STEP	2026-10-08T22:11:37.4703058Z ./snapshots/9e0320fca6fdfba5931d6c80d9181c362ac33c17/app/assets/packages/cupertino_icons/assets/CupertinoIcons.ttf
Avaliar a mesma candidata / Publicar bytes verificados, confirmar preview e changelog	UNKNOWN STEP	2026-10-08T22:11:37.4703941Z ./snapshots/9e0320fca6fdfba5931d6c80d9181c362ac33c17/app/assets/FontManifest.json
Avaliar a mesma candidata / Publicar bytes verificados, confirmar preview e changelog	UNKNOWN STEP	2026-10-08T22:11:37.4704615Z ./snapshots/9e0320fca6fdfba5931d6c80d9181c362ac33c17/app/assets/shaders/
Avaliar a mesma candidata / Publicar bytes verificados, confirmar preview e changelog	UNKNOWN STEP	2026-10-08T22:11:37.4705311Z ./snapshots/9e0320fca6fdfba5931d6c80d9181c362ac33c17/app/assets/shaders/ink_sparkle.frag
Avaliar a mesma candidata / Publicar bytes verificados, confirmar preview e changelog	UNKNOWN STEP	2026-10-08T22:11:37.4706005Z ./snapshots/9e0320fca6fdfba5931d6c80d9181c362ac33c17/app/assets/shaders/stretch_effect.frag
Avaliar a mesma candidata / Publicar bytes verificados, confirmar preview e changelog	UNKNOWN STEP	2026-10-08T22:11:37.4706444Z ./snapshots/9e0320fca6fdfba5931d6c80d9181c362ac33c17/app/assets/fonts/
Avaliar a mesma candidata / Publicar bytes verificados, confirmar preview e changelog	UNKNOWN STEP	2026-10-08T22:11:37.4706882Z ./snapshots/9e0320fca6fdfba5931d6c80d9181c362ac33c17/app/assets/fonts/MaterialIcons-Regular.otf
Avaliar a mesma candidata / Publicar bytes verificados, confirmar preview e changelog	UNKNOWN STEP	2026-10-08T22:11:37.4707321Z ./snapshots/9e0320fca6fdfba5931d6c80d9181c362ac33c17/app/index.html
Avaliar a mesma candidata / Publicar bytes verificados, confirmar preview e changelog	UNKNOWN STEP	2026-10-08T22:11:37.4707676Z ./snapshots/9e0320fca6fdfba5931d6c80d9181c362ac33c17/app/version.json
Avaliar a mesma candidata / Publicar bytes verificados, confirmar preview e changelog	UNKNOWN STEP	2026-10-08T22:11:37.4708082Z ./snapshots/9e0320fca6fdfba5931d6c80d9181c362ac33c17/app/flutter_service_worker.js
Avaliar a mesma candidata / Publicar bytes verificados, confirmar preview e changelog	UNKNOWN STEP	2026-10-08T22:11:37.4708754Z ./snapshots/9e0320fca6fdfba5931d6c80d9181c362ac33c17/app/flutter.js
Avaliar a mesma candidata / Publicar bytes verificados, confirmar preview e changelog	UNKNOWN STEP	2026-10-08T22:11:37.4709108Z ./snapshots/9e0320fca6fdfba5931d6c80d9181c362ac33c17/app/favicon.png
Avaliar a mesma candidata / Publicar bytes verificados, confirmar preview e changelog	UNKNOWN STEP	2026-10-08T22:11:37.4709459Z ./snapshots/9e0320fca6fdfba5931d6c80d9181c362ac33c17/app/main.dart.js
Avaliar a mesma candidata / Publicar bytes verificados, confirmar preview e changelog	UNKNOWN STEP	2026-10-08T22:11:37.4716273Z ./snapshots/9e0320fca6fdfba5931d6c80d9181c362ac33c17/app/canvaskit/
Avaliar a mesma candidata / Publicar bytes verificados, confirmar preview e changelog	UNKNOWN STEP	2026-10-08T22:11:37.4716909Z ./snapshots/9e0320fca6fdfba5931d6c80d9181c362ac33c17/app/canvaskit/wimp.wasm
Avaliar a mesma candidata / Publicar bytes verificados, confirmar preview e changelog	UNKNOWN STEP	2026-10-08T22:11:37.4740358Z ./snapshots/9e0320fca6fdfba5931d6c80d9181c362ac33c17/app/canvaskit/chromium/
Avaliar a mesma candidata / Publicar bytes verificados, confirmar preview e changelog	UNKNOWN STEP	2026-10-08T22:11:37.4741113Z ./snapshots/9e0320fca6fdfba5931d6c80d9181c362ac33c17/app/canvaskit/chromium/canvaskit.js
Avaliar a mesma candidata / Publicar bytes verificados, confirmar preview e changelog	UNKNOWN STEP	2026-10-08T22:11:37.4741921Z ./snapshots/9e0320fca6fdfba5931d6c80d9181c362ac33c17/app/canvaskit/chromium/canvaskit.wasm
Avaliar a mesma candidata / Publicar bytes verificados, confirmar preview e changelog	UNKNOWN STEP	2026-10-08T22:11:37.4779046Z ./snapshots/9e0320fca6fdfba5931d6c80d9181c362ac33c17/app/canvaskit/chromium/canvaskit.js.symbols
Avaliar a mesma candidata / Publicar bytes verificados, confirmar preview e changelog	UNKNOWN STEP	2026-10-08T22:11:37.4788094Z ./snapshots/9e0320fca6fdfba5931d6c80d9181c362ac33c17/app/canvaskit/skwasm_heavy.js.symbols
Avaliar a mesma candidata / Publicar bytes verificados, confirmar preview e changelog	UNKNOWN STEP	2026-10-08T22:11:37.4799291Z ./snapshots/9e0320fca6fdfba5931d6c80d9181c362ac33c17/app/canvaskit/canvaskit.js
Avaliar a mesma candidata / Publicar bytes verificados, confirmar preview e changelog	UNKNOWN STEP	2026-10-08T22:11:37.4799970Z ./snapshots/9e0320fca6fdfba5931d6c80d9181c362ac33c17/app/canvaskit/skwasm.js
Avaliar a mesma candidata / Publicar bytes verificados, confirmar preview e changelog	UNKNOWN STEP	2026-10-08T22:11:37.4800665Z ./snapshots/9e0320fca6fdfba5931d6c80d9181c362ac33c17/app/canvaskit/canvaskit.wasm
Avaliar a mesma candidata / Publicar bytes verificados, confirmar preview e changelog	UNKNOWN STEP	2026-10-08T22:11:37.4848382Z ./snapshots/9e0320fca6fdfba5931d6c80d9181c362ac33c17/app/canvaskit/skwasm.wasm
Avaliar a mesma candidata / Publicar bytes verificados, confirmar preview e changelog	UNKNOWN STEP	2026-10-08T22:11:37.4871996Z ./snapshots/9e0320fca6fdfba5931d6c80d9181c362ac33c17/app/canvaskit/skwasm.js.symbols
Avaliar a mesma candidata / Publicar bytes verificados, confirmar preview e changelog	UNKNOWN STEP	2026-10-08T22:11:37.4882745Z ./snapshots/9e0320fca6fdfba5931d6c80d9181c362ac33c17/app/canvaskit/skwasm_heavy.wasm
Avaliar a mesma candidata / Publicar bytes verificados, confirmar preview e changelog	UNKNOWN STEP	2026-10-08T22:11:37.4916842Z ./snapshots/9e0320fca6fdfba5931d6c80d9181c362ac33c17/app/canvaskit/canvaskit.js.symbols
Avaliar a mesma candidata / Publicar bytes verificados, confirmar preview e changelog	UNKNOWN STEP	2026-10-08T22:11:37.4926146Z ./snapshots/9e0320fca6fdfba5931d6c80d9181c362ac33c17/app/canvaskit/experimental_webparagraph/
Avaliar a mesma candidata / Publicar bytes verificados, confirmar preview e changelog	UNKNOWN STEP	2026-10-08T22:11:37.4927075Z ./snapshots/9e0320fca6fdfba5931d6c80d9181c362ac33c17/app/canvaskit/experimental_webparagraph/canvaskit.js
Avaliar a mesma candidata / Publicar bytes verificados, confirmar preview e changelog	UNKNOWN STEP	2026-10-08T22:11:37.4927835Z ./snapshots/9e0320fca6fdfba5931d6c80d9181c362ac33c17/app/canvaskit/experimental_webparagraph/canvaskit.wasm
Avaliar a mesma candidata / Publicar bytes verificados, confirmar preview e changelog	UNKNOWN STEP	2026-10-08T22:11:37.4954514Z ./snapshots/9e0320fca6fdfba5931d6c80d9181c362ac33c17/app/canvaskit/experimental_webparagraph/canvaskit.js.symbols
Avaliar a mesma candidata / Publicar bytes verificados, confirmar preview e changelog	UNKNOWN STEP	2026-10-08T22:11:37.4961144Z ./snapshots/9e0320fca6fdfba5931d6c80d9181c362ac33c17/app/canvaskit/wimp.js
Avaliar a mesma candidata / Publicar bytes verificados, confirmar preview e changelog	UNKNOWN STEP	2026-10-08T22:11:37.4961848Z ./snapshots/9e0320fca6fdfba5931d6c80d9181c362ac33c17/app/canvaskit/skwasm_heavy.js
Avaliar a mesma candidata / Publicar bytes verificados, confirmar preview e changelog	UNKNOWN STEP	2026-10-08T22:11:37.4962566Z ./snapshots/9e0320fca6fdfba5931d6c80d9181c362ac33c17/app/canvaskit/wimp.js.symbols
Avaliar a mesma candidata / Publicar bytes verificados, confirmar preview e changelog	UNKNOWN STEP	2026-10-08T22:11:37.4974837Z ./snapshots/9e0320fca6fdfba5931d6c80d9181c362ac33c17/metadata.json
Avaliar a mesma candidata / Publicar bytes verificados, confirmar preview e changelog	UNKNOWN STEP	2026-10-08T22:11:37.4975398Z ./snapshots/9e0320fca6fdfba5931d6c80d9181c362ac33c17/index.html
Avaliar a mesma candidata / Publicar bytes verificados, confirmar preview e changelog	UNKNOWN STEP	2026-10-08T22:11:37.4975935Z ./snapshots/9e0320fca6fdfba5931d6c80d9181c362ac33c17/files.json
Avaliar a mesma candidata / Publicar bytes verificados, confirmar preview e changelog	UNKNOWN STEP	2026-10-08T22:11:37.4976416Z ./snapshots/05634b4b620cc30a053e5acab5fefb0667f2544e/
Avaliar a mesma candidata / Publicar bytes verificados, confirmar preview e changelog	UNKNOWN STEP	2026-10-08T22:11:37.4976899Z ./snapshots/05634b4b620cc30a053e5acab5fefb0667f2544e/app/
Avaliar a mesma candidata / Publicar bytes verificados, confirmar preview e changelog	UNKNOWN STEP	2026-10-08T22:11:37.4977436Z ./snapshots/05634b4b620cc30a053e5acab5fefb0667f2544e/app/manifest.json
Avaliar a mesma candidata / Publicar bytes verificados, confirmar preview e changelog	UNKNOWN STEP	2026-10-08T22:11:37.4978009Z ./snapshots/05634b4b620cc30a053e5acab5fefb0667f2544e/app/icons/
Avaliar a mesma candidata / Publicar bytes verificados, confirmar preview e changelog	UNKNOWN STEP	2026-10-08T22:11:37.4978710Z ./snapshots/05634b4b620cc30a053e5acab5fefb0667f2544e/app/icons/Icon-512.png
Avaliar a mesma candidata / Publicar bytes verificados, confirmar preview e changelog	UNKNOWN STEP	2026-10-08T22:11:37.4979368Z ./snapshots/05634b4b620cc30a053e5acab5fefb0667f2544e/app/icons/Icon-192.png
Avaliar a mesma candidata / Publicar bytes verificados, confirmar preview e changelog	UNKNOWN STEP	2026-10-08T22:11:37.4979793Z ./snapshots/05634b4b620cc30a053e5acab5fefb0667f2544e/app/icons/Icon-maskable-192.png
Avaliar a mesma candidata / Publicar bytes verificados, confirmar preview e changelog	UNKNOWN STEP	2026-10-08T22:11:37.4980246Z ./snapshots/05634b4b620cc30a053e5acab5fefb0667f2544e/app/icons/Icon-maskable-512.png
Avaliar a mesma candidata / Publicar bytes verificados, confirmar preview e changelog	UNKNOWN STEP	2026-10-08T22:11:37.4980675Z ./snapshots/05634b4b620cc30a053e5acab5fefb0667f2544e/app/flutter_bootstrap.js
Avaliar a mesma candidata / Publicar bytes verificados, confirmar preview e changelog	UNKNOWN STEP	2026-10-08T22:11:37.4981052Z ./snapshots/05634b4b620cc30a053e5acab5fefb0667f2544e/app/assets/
Avaliar a mesma candidata / Publicar bytes verificados, confirmar preview e changelog	UNKNOWN STEP	2026-10-08T22:11:37.4981451Z ./snapshots/05634b4b620cc30a053e5acab5fefb0667f2544e/app/assets/AssetManifest.bin.json
Avaliar a mesma candidata / Publicar bytes verificados, confirmar preview e changelog	UNKNOWN STEP	2026-10-08T22:11:37.4982029Z ./snapshots/05634b4b620cc30a053e5acab5fefb0667f2544e/app/assets/NOTICES
Avaliar a mesma candidata / Publicar bytes verificados, confirmar preview e changelog	UNKNOWN STEP	2026-10-08T22:11:37.4987306Z ./snapshots/05634b4b620cc30a053e5acab5fefb0667f2544e/app/assets/shorebird.yaml
Avaliar a mesma candidata / Publicar bytes verificados, confirmar preview e changelog	UNKNOWN STEP	2026-10-08T22:11:37.4988012Z ./snapshots/05634b4b620cc30a053e5acab5fefb0667f2544e/app/assets/AssetManifest.bin
Avaliar a mesma candidata / Publicar bytes verificados, confirmar preview e changelog	UNKNOWN STEP	2026-10-08T22:11:37.4988794Z ./snapshots/05634b4b620cc30a053e5acab5fefb0667f2544e/app/assets/packages/
Avaliar a mesma candidata / Publicar bytes verificados, confirmar preview e changelog	UNKNOWN STEP	2026-10-08T22:11:37.4989513Z ./snapshots/05634b4b620cc30a053e5acab5fefb0667f2544e/app/assets/packages/cupertino_icons/
Avaliar a mesma candidata / Publicar bytes verificados, confirmar preview e changelog	UNKNOWN STEP	2026-10-08T22:11:37.4990333Z ./snapshots/05634b4b620cc30a053e5acab5fefb0667f2544e/app/assets/packages/cupertino_icons/assets/
Avaliar a mesma candidata / Publicar bytes verificados, confirmar preview e changelog	UNKNOWN STEP	2026-10-08T22:11:37.4991270Z ./snapshots/05634b4b620cc30a053e5acab5fefb0667f2544e/app/assets/packages/cupertino_icons/assets/CupertinoIcons.ttf
Avaliar a mesma candidata / Publicar bytes verificados, confirmar preview e changelog	UNKNOWN STEP	2026-10-08T22:11:37.4992008Z ./snapshots/05634b4b620cc30a053e5acab5fefb0667f2544e/app/assets/FontManifest.json
Avaliar a mesma candidata / Publicar bytes verificados, confirmar preview e changelog	UNKNOWN STEP	2026-10-08T22:11:37.4992427Z ./snapshots/05634b4b620cc30a053e5acab5fefb0667f2544e/app/assets/shaders/
Avaliar a mesma candidata / Publicar bytes verificados, confirmar preview e changelog	UNKNOWN STEP	2026-10-08T22:11:37.4992855Z ./snapshots/05634b4b620cc30a053e5acab5fefb0667f2544e/app/assets/shaders/ink_sparkle.frag
Avaliar a mesma candidata / Publicar bytes verificados, confirmar preview e changelog	UNKNOWN STEP	2026-10-08T22:11:37.4993335Z ./snapshots/05634b4b620cc30a053e5acab5fefb0667f2544e/app/assets/shaders/stretch_effect.frag
Avaliar a mesma candidata / Publicar bytes verificados, confirmar preview e changelog	UNKNOWN STEP	2026-10-08T22:11:37.4993771Z ./snapshots/05634b4b620cc30a053e5acab5fefb0667f2544e/app/assets/fonts/
Avaliar a mesma candidata / Publicar bytes verificados, confirmar preview e changelog	UNKNOWN STEP	2026-10-08T22:11:37.4994228Z ./snapshots/05634b4b620cc30a053e5acab5fefb0667f2544e/app/assets/fonts/MaterialIcons-Regular.otf
Avaliar a mesma candidata / Publicar bytes verificados, confirmar preview e changelog	UNKNOWN STEP	2026-10-08T22:11:37.4994661Z ./snapshots/05634b4b620cc30a053e5acab5fefb0667f2544e/app/index.html
Avaliar a mesma candidata / Publicar bytes verificados, confirmar preview e changelog	UNKNOWN STEP	2026-10-08T22:11:37.4995024Z ./snapshots/05634b4b620cc30a053e5acab5fefb0667f2544e/app/version.json
Avaliar a mesma candidata / Publicar bytes verificados, confirmar preview e changelog	UNKNOWN STEP	2026-10-08T22:11:37.4995432Z ./snapshots/05634b4b620cc30a053e5acab5fefb0667f2544e/app/flutter_service_worker.js
Avaliar a mesma candidata / Publicar bytes verificados, confirmar preview e changelog	UNKNOWN STEP	2026-10-08T22:11:37.4995824Z ./snapshots/05634b4b620cc30a053e5acab5fefb0667f2544e/app/flutter.js
Avaliar a mesma candidata / Publicar bytes verificados, confirmar preview e changelog	UNKNOWN STEP	2026-10-08T22:11:37.4996175Z ./snapshots/05634b4b620cc30a053e5acab5fefb0667f2544e/app/favicon.png
Avaliar a mesma candidata / Publicar bytes verificados, confirmar preview e changelog	UNKNOWN STEP	2026-10-08T22:11:37.4996532Z ./snapshots/05634b4b620cc30a053e5acab5fefb0667f2544e/app/main.dart.js
Avaliar a mesma candidata / Publicar bytes verificados, confirmar preview e changelog	UNKNOWN STEP	2026-10-08T22:11:37.5004800Z ./snapshots/05634b4b620cc30a053e5acab5fefb0667f2544e/app/canvaskit/
Avaliar a mesma candidata / Publicar bytes verificados, confirmar preview e changelog	UNKNOWN STEP	2026-10-08T22:11:37.5005423Z ./snapshots/05634b4b620cc30a053e5acab5fefb0667f2544e/app/canvaskit/wimp.wasm
Avaliar a mesma candidata / Publicar bytes verificados, confirmar preview e changelog	UNKNOWN STEP	2026-10-08T22:11:37.5028209Z ./snapshots/05634b4b620cc30a053e5acab5fefb0667f2544e/app/canvaskit/chromium/
Avaliar a mesma candidata / Publicar bytes verificados, confirmar preview e changelog	UNKNOWN STEP	2026-10-08T22:11:37.5029059Z ./snapshots/05634b4b620cc30a053e5acab5fefb0667f2544e/app/canvaskit/chromium/canvaskit.js
Avaliar a mesma candidata / Publicar bytes verificados, confirmar preview e changelog	UNKNOWN STEP	2026-10-08T22:11:37.5029834Z ./snapshots/05634b4b620cc30a053e5acab5fefb0667f2544e/app/canvaskit/chromium/canvaskit.wasm
Avaliar a mesma candidata / Publicar bytes verificados, confirmar preview e changelog	UNKNOWN STEP	2026-10-08T22:11:37.5067706Z ./snapshots/05634b4b620cc30a053e5acab5fefb0667f2544e/app/canvaskit/chromium/canvaskit.js.symbols
Avaliar a mesma candidata / Publicar bytes verificados, confirmar preview e changelog	UNKNOWN STEP	2026-10-08T22:11:37.5076310Z ./snapshots/05634b4b620cc30a053e5acab5fefb0667f2544e/app/canvaskit/skwasm_heavy.js.symbols
Avaliar a mesma candidata / Publicar bytes verificados, confirmar preview e changelog	UNKNOWN STEP	2026-10-08T22:11:37.5087470Z ./snapshots/05634b4b620cc30a053e5acab5fefb0667f2544e/app/canvaskit/canvaskit.js
Avaliar a mesma candidata / Publicar bytes verificados, confirmar preview e changelog	UNKNOWN STEP	2026-10-08T22:11:37.5088161Z ./snapshots/05634b4b620cc30a053e5acab5fefb0667f2544e/app/canvaskit/skwasm.js
Avaliar a mesma candidata / Publicar bytes verificados, confirmar preview e changelog	UNKNOWN STEP	2026-10-08T22:11:37.5088959Z ./snapshots/05634b4b620cc30a053e5acab5fefb0667f2544e/app/canvaskit/canvaskit.wasm
Avaliar a mesma candidata / Publicar bytes verificados, confirmar preview e changelog	UNKNOWN STEP	2026-10-08T22:11:37.5136644Z ./snapshots/05634b4b620cc30a053e5acab5fefb0667f2544e/app/canvaskit/skwasm.wasm
Avaliar a mesma candidata / Publicar bytes verificados, confirmar preview e changelog	UNKNOWN STEP	2026-10-08T22:11:37.5160749Z ./snapshots/05634b4b620cc30a053e5acab5fefb0667f2544e/app/canvaskit/skwasm.js.symbols
Avaliar a mesma candidata / Publicar bytes verificados, confirmar preview e changelog	UNKNOWN STEP	2026-10-08T22:11:37.5171041Z ./snapshots/05634b4b620cc30a053e5acab5fefb0667f2544e/app/canvaskit/skwasm_heavy.wasm
Avaliar a mesma candidata / Publicar bytes verificados, confirmar preview e changelog	UNKNOWN STEP	2026-10-08T22:11:37.5206693Z ./snapshots/05634b4b620cc30a053e5acab5fefb0667f2544e/app/canvaskit/canvaskit.js.symbols
Avaliar a mesma candidata / Publicar bytes verificados, confirmar preview e changelog	UNKNOWN STEP	2026-10-08T22:11:37.5217692Z ./snapshots/05634b4b620cc30a053e5acab5fefb0667f2544e/app/canvaskit/experimental_webparagraph/
Avaliar a mesma candidata / Publicar bytes verificados, confirmar preview e changelog	UNKNOWN STEP	2026-10-08T22:11:37.5218647Z ./snapshots/05634b4b620cc30a053e5acab5fefb0667f2544e/app/canvaskit/experimental_webparagraph/canvaskit.js
Avaliar a mesma candidata / Publicar bytes verificados, confirmar preview e changelog	UNKNOWN STEP	2026-10-08T22:11:37.5229247Z ./snapshots/05634b4b620cc30a053e5acab5fefb0667f2544e/app/canvaskit/experimental_webparagraph/canvaskit.wasm
Avaliar a mesma candidata / Publicar bytes verificados, confirmar preview e changelog	UNKNOWN STEP	2026-10-08T22:11:37.5249340Z ./snapshots/05634b4b620cc30a053e5acab5fefb0667f2544e/app/canvaskit/experimental_webparagraph/canvaskit.js.symbols
Avaliar a mesma candidata / Publicar bytes verificados, confirmar preview e changelog	UNKNOWN STEP	2026-10-08T22:11:37.5255737Z ./snapshots/05634b4b620cc30a053e5acab5fefb0667f2544e/app/canvaskit/wimp.js
Avaliar a mesma candidata / Publicar bytes verificados, confirmar preview e changelog	UNKNOWN STEP	2026-10-08T22:11:37.5256428Z ./snapshots/05634b4b620cc30a053e5acab5fefb0667f2544e/app/canvaskit/skwasm_heavy.js
Avaliar a mesma candidata / Publicar bytes verificados, confirmar preview e changelog	UNKNOWN STEP	2026-10-08T22:11:37.5257136Z ./snapshots/05634b4b620cc30a053e5acab5fefb0667f2544e/app/canvaskit/wimp.js.symbols
Avaliar a mesma candidata / Publicar bytes verificados, confirmar preview e changelog	UNKNOWN STEP	2026-10-08T22:11:37.5269646Z ./snapshots/05634b4b620cc30a053e5acab5fefb0667f2544e/metadata.json
Avaliar a mesma candidata / Publicar bytes verificados, confirmar preview e changelog	UNKNOWN STEP	2026-10-08T22:11:37.5270201Z ./snapshots/05634b4b620cc30a053e5acab5fefb0667f2544e/index.html
Avaliar a mesma candidata / Publicar bytes verificados, confirmar preview e changelog	UNKNOWN STEP	2026-10-08T22:11:37.5270735Z ./snapshots/05634b4b620cc30a053e5acab5fefb0667f2544e/files.json
Avaliar a mesma candidata / Publicar bytes verificados, confirmar preview e changelog	UNKNOWN STEP	2026-10-08T22:11:37.5271210Z ./snapshots/0817b4fbf84204b24a20858925fa414a1dcac54a/
Avaliar a mesma candidata / Publicar bytes verificados, confirmar preview e changelog	UNKNOWN STEP	2026-10-08T22:11:37.5271671Z ./snapshots/0817b4fbf84204b24a20858925fa414a1dcac54a/app/
Avaliar a mesma candidata / Publicar bytes verificados, confirmar preview e changelog	UNKNOWN STEP	2026-10-08T22:11:37.5272241Z ./snapshots/0817b4fbf84204b24a20858925fa414a1dcac54a/app/manifest.json
Avaliar a mesma candidata / Publicar bytes verificados, confirmar preview e changelog	UNKNOWN STEP	2026-10-08T22:11:37.5272810Z ./snapshots/0817b4fbf84204b24a20858925fa414a1dcac54a/app/icons/
Avaliar a mesma candidata / Publicar bytes verificados, confirmar preview e changelog	UNKNOWN STEP	2026-10-08T22:11:37.5273363Z ./snapshots/0817b4fbf84204b24a20858925fa414a1dcac54a/app/icons/Icon-512.png
Avaliar a mesma candidata / Publicar bytes verificados, confirmar preview e changelog	UNKNOWN STEP	2026-10-08T22:11:37.5273761Z ./snapshots/0817b4fbf84204b24a20858925fa414a1dcac54a/app/icons/Icon-192.png
Avaliar a mesma candidata / Publicar bytes verificados, confirmar preview e changelog	UNKNOWN STEP	2026-10-08T22:11:37.5274184Z ./snapshots/0817b4fbf84204b24a20858925fa414a1dcac54a/app/icons/Icon-maskable-192.png
Avaliar a mesma candidata / Publicar bytes verificados, confirmar preview e changelog	UNKNOWN STEP	2026-10-08T22:11:37.5274655Z ./snapshots/0817b4fbf84204b24a20858925fa414a1dcac54a/app/icons/Icon-maskable-512.png
Avaliar a mesma candidata / Publicar bytes verificados, confirmar preview e changelog	UNKNOWN STEP	2026-10-08T22:11:37.5275085Z ./snapshots/0817b4fbf84204b24a20858925fa414a1dcac54a/app/flutter_bootstrap.js
Avaliar a mesma candidata / Publicar bytes verificados, confirmar preview e changelog	UNKNOWN STEP	2026-10-08T22:11:37.5275454Z ./snapshots/0817b4fbf84204b24a20858925fa414a1dcac54a/app/assets/
Avaliar a mesma candidata / Publicar bytes verificados, confirmar preview e changelog	UNKNOWN STEP	2026-10-08T22:11:37.5275856Z ./snapshots/0817b4fbf84204b24a20858925fa414a1dcac54a/app/assets/AssetManifest.bin.json
Avaliar a mesma candidata / Publicar bytes verificados, confirmar preview e changelog	UNKNOWN STEP	2026-10-08T22:11:37.5276275Z ./snapshots/0817b4fbf84204b24a20858925fa414a1dcac54a/app/assets/NOTICES
Avaliar a mesma candidata / Publicar bytes verificados, confirmar preview e changelog	UNKNOWN STEP	2026-10-08T22:11:37.5281766Z ./snapshots/0817b4fbf84204b24a20858925fa414a1dcac54a/app/assets/shorebird.yaml
Avaliar a mesma candidata / Publicar bytes verificados, confirmar preview e changelog	UNKNOWN STEP	2026-10-08T22:11:37.5282467Z ./snapshots/0817b4fbf84204b24a20858925fa414a1dcac54a/app/assets/AssetManifest.bin
Avaliar a mesma candidata / Publicar bytes verificados, confirmar preview e changelog	UNKNOWN STEP	2026-10-08T22:11:37.5283132Z ./snapshots/0817b4fbf84204b24a20858925fa414a1dcac54a/app/assets/packages/
Avaliar a mesma candidata / Publicar bytes verificados, confirmar preview e changelog	UNKNOWN STEP	2026-10-08T22:11:37.5283826Z ./snapshots/0817b4fbf84204b24a20858925fa414a1dcac54a/app/assets/packages/cupertino_icons/
Avaliar a mesma candidata / Publicar bytes verificados, confirmar preview e changelog	UNKNOWN STEP	2026-10-08T22:11:37.5284651Z ./snapshots/0817b4fbf84204b24a20858925fa414a1dcac54a/app/assets/packages/cupertino_icons/assets/
Avaliar a mesma candidata / Publicar bytes verificados, confirmar preview e changelog	UNKNOWN STEP	2026-10-08T22:11:37.5285609Z ./snapshots/0817b4fbf84204b24a20858925fa414a1dcac54a/app/assets/packages/cupertino_icons/assets/CupertinoIcons.ttf
Avaliar a mesma candidata / Publicar bytes verificados, confirmar preview e changelog	UNKNOWN STEP	2026-10-08T22:11:37.5286281Z ./snapshots/0817b4fbf84204b24a20858925fa414a1dcac54a/app/assets/FontManifest.json
Avaliar a mesma candidata / Publicar bytes verificados, confirmar preview e changelog	UNKNOWN STEP	2026-10-08T22:11:37.5286692Z ./snapshots/0817b4fbf84204b24a20858925fa414a1dcac54a/app/assets/shaders/
Avaliar a mesma candidata / Publicar bytes verificados, confirmar preview e changelog	UNKNOWN STEP	2026-10-08T22:11:37.5287115Z ./snapshots/0817b4fbf84204b24a20858925fa414a1dcac54a/app/assets/shaders/ink_sparkle.frag
Avaliar a mesma candidata / Publicar bytes verificados, confirmar preview e changelog	UNKNOWN STEP	2026-10-08T22:11:37.5287610Z ./snapshots/0817b4fbf84204b24a20858925fa414a1dcac54a/app/assets/shaders/stretch_effect.frag
Avaliar a mesma candidata / Publicar bytes verificados, confirmar preview e changelog	UNKNOWN STEP	2026-10-08T22:11:37.5288045Z ./snapshots/0817b4fbf84204b24a20858925fa414a1dcac54a/app/assets/fonts/
Avaliar a mesma candidata / Publicar bytes verificados, confirmar preview e changelog	UNKNOWN STEP	2026-10-08T22:11:37.5288663Z ./snapshots/0817b4fbf84204b24a20858925fa414a1dcac54a/app/assets/fonts/MaterialIcons-Regular.otf
Avaliar a mesma candidata / Publicar bytes verificados, confirmar preview e changelog	UNKNOWN STEP	2026-10-08T22:11:37.5289112Z ./snapshots/0817b4fbf84204b24a20858925fa414a1dcac54a/app/index.html
Avaliar a mesma candidata / Publicar bytes verificados, confirmar preview e changelog	UNKNOWN STEP	2026-10-08T22:11:37.5289622Z ./snapshots/0817b4fbf84204b24a20858925fa414a1dcac54a/app/version.json
Avaliar a mesma candidata / Publicar bytes verificados, confirmar preview e changelog	UNKNOWN STEP	2026-10-08T22:11:37.5290019Z ./snapshots/0817b4fbf84204b24a20858925fa414a1dcac54a/app/flutter_service_worker.js
Avaliar a mesma candidata / Publicar bytes verificados, confirmar preview e changelog	UNKNOWN STEP	2026-10-08T22:11:37.5290409Z ./snapshots/0817b4fbf84204b24a20858925fa414a1dcac54a/app/flutter.js
Avaliar a mesma candidata / Publicar bytes verificados, confirmar preview e changelog	UNKNOWN STEP	2026-10-08T22:11:37.5290762Z ./snapshots/0817b4fbf84204b24a20858925fa414a1dcac54a/app/favicon.png
Avaliar a mesma candidata / Publicar bytes verificados, confirmar preview e changelog	UNKNOWN STEP	2026-10-08T22:11:37.5291120Z ./snapshots/0817b4fbf84204b24a20858925fa414a1dcac54a/app/main.dart.js
Avaliar a mesma candidata / Publicar bytes verificados, confirmar preview e changelog	UNKNOWN STEP	2026-10-08T22:11:37.5299066Z ./snapshots/0817b4fbf84204b24a20858925fa414a1dcac54a/app/canvaskit/
Avaliar a mesma candidata / Publicar bytes verificados, confirmar preview e changelog	UNKNOWN STEP	2026-10-08T22:11:37.5299806Z ./snapshots/0817b4fbf84204b24a20858925fa414a1dcac54a/app/canvaskit/wimp.wasm
Avaliar a mesma candidata / Publicar bytes verificados, confirmar preview e changelog	UNKNOWN STEP	2026-10-08T22:11:37.5322531Z ./snapshots/0817b4fbf84204b24a20858925fa414a1dcac54a/app/canvaskit/chromium/
Avaliar a mesma candidata / Publicar bytes verificados, confirmar preview e changelog	UNKNOWN STEP	2026-10-08T22:11:37.5323244Z ./snapshots/0817b4fbf84204b24a20858925fa414a1dcac54a/app/canvaskit/chromium/canvaskit.js
Avaliar a mesma candidata / Publicar bytes verificados, confirmar preview e changelog	UNKNOWN STEP	2026-10-08T22:11:37.5323994Z ./snapshots/0817b4fbf84204b24a20858925fa414a1dcac54a/app/canvaskit/chromium/canvaskit.wasm
Avaliar a mesma candidata / Publicar bytes verificados, confirmar preview e changelog	UNKNOWN STEP	2026-10-08T22:11:37.5362118Z ./snapshots/0817b4fbf84204b24a20858925fa414a1dcac54a/app/canvaskit/chromium/canvaskit.js.symbols
Avaliar a mesma candidata / Publicar bytes verificados, confirmar preview e changelog	UNKNOWN STEP	2026-10-08T22:11:37.5370790Z ./snapshots/0817b4fbf84204b24a20858925fa414a1dcac54a/app/canvaskit/skwasm_heavy.js.symbols
Avaliar a mesma candidata / Publicar bytes verificados, confirmar preview e changelog	UNKNOWN STEP	2026-10-08T22:11:37.5381927Z ./snapshots/0817b4fbf84204b24a20858925fa414a1dcac54a/app/canvaskit/canvaskit.js
Avaliar a mesma candidata / Publicar bytes verificados, confirmar preview e changelog	UNKNOWN STEP	2026-10-08T22:11:37.5382597Z ./snapshots/0817b4fbf84204b24a20858925fa414a1dcac54a/app/canvaskit/skwasm.js
Avaliar a mesma candidata / Publicar bytes verificados, confirmar preview e changelog	UNKNOWN STEP	2026-10-08T22:11:37.5383278Z ./snapshots/0817b4fbf84204b24a20858925fa414a1dcac54a/app/canvaskit/canvaskit.wasm
Avaliar a mesma candidata / Publicar bytes verificados, confirmar preview e changelog	UNKNOWN STEP	2026-10-08T22:11:37.5431316Z ./snapshots/0817b4fbf84204b24a20858925fa414a1dcac54a/app/canvaskit/skwasm.wasm
Avaliar a mesma candidata / Publicar bytes verificados, confirmar preview e changelog	UNKNOWN STEP	2026-10-08T22:11:37.5455574Z ./snapshots/0817b4fbf84204b24a20858925fa414a1dcac54a/app/canvaskit/skwasm.js.symbols
Avaliar a mesma candidata / Publicar bytes verificados, confirmar preview e changelog	UNKNOWN STEP	2026-10-08T22:11:37.5465954Z ./snapshots/0817b4fbf84204b24a20858925fa414a1dcac54a/app/canvaskit/skwasm_heavy.wasm
Avaliar a mesma candidata / Publicar bytes verificados, confirmar preview e changelog	UNKNOWN STEP	2026-10-08T22:11:37.5500191Z ./snapshots/0817b4fbf84204b24a20858925fa414a1dcac54a/app/canvaskit/canvaskit.js.symbols
Avaliar a mesma candidata / Publicar bytes verificados, confirmar preview e changelog	UNKNOWN STEP	2026-10-08T22:11:37.5509502Z ./snapshots/0817b4fbf84204b24a20858925fa414a1dcac54a/app/canvaskit/experimental_webparagraph/
Avaliar a mesma candidata / Publicar bytes verificados, confirmar preview e changelog	UNKNOWN STEP	2026-10-08T22:11:37.5510397Z ./snapshots/0817b4fbf84204b24a20858925fa414a1dcac54a/app/canvaskit/experimental_webparagraph/canvaskit.js
Avaliar a mesma candidata / Publicar bytes verificados, confirmar preview e changelog	UNKNOWN STEP	2026-10-08T22:11:37.5511155Z ./snapshots/0817b4fbf84204b24a20858925fa414a1dcac54a/app/canvaskit/experimental_webparagraph/canvaskit.wasm
Avaliar a mesma candidata / Publicar bytes verificados, confirmar preview e changelog	UNKNOWN STEP	2026-10-08T22:11:37.5537939Z ./snapshots/0817b4fbf84204b24a20858925fa414a1dcac54a/app/canvaskit/experimental_webparagraph/canvaskit.js.symbols
Avaliar a mesma candidata / Publicar bytes verificados, confirmar preview e changelog	UNKNOWN STEP	2026-10-08T22:11:37.5544969Z ./snapshots/0817b4fbf84204b24a20858925fa414a1dcac54a/app/canvaskit/wimp.js
Avaliar a mesma candidata / Publicar bytes verificados, confirmar preview e changelog	UNKNOWN STEP	2026-10-08T22:11:37.5545668Z ./snapshots/0817b4fbf84204b24a20858925fa414a1dcac54a/app/canvaskit/skwasm_heavy.js
Avaliar a mesma candidata / Publicar bytes verificados, confirmar preview e changelog	UNKNOWN STEP	2026-10-08T22:11:37.5546367Z ./snapshots/0817b4fbf84204b24a20858925fa414a1dcac54a/app/canvaskit/wimp.js.symbols
Avaliar a mesma candidata / Publicar bytes verificados, confirmar preview e changelog	UNKNOWN STEP	2026-10-08T22:11:37.5558258Z ./snapshots/0817b4fbf84204b24a20858925fa414a1dcac54a/metadata.json
Avaliar a mesma candidata / Publicar bytes verificados, confirmar preview e changelog	UNKNOWN STEP	2026-10-08T22:11:37.5558890Z ./snapshots/0817b4fbf84204b24a20858925fa414a1dcac54a/index.html
Avaliar a mesma candidata / Publicar bytes verificados, confirmar preview e changelog	UNKNOWN STEP	2026-10-08T22:11:37.5559447Z ./snapshots/0817b4fbf84204b24a20858925fa414a1dcac54a/files.json
Avaliar a mesma candidata / Publicar bytes verificados, confirmar preview e changelog	UNKNOWN STEP	2026-10-08T22:11:37.5559936Z ./snapshots/b8763ec5adc5e24ce34f474a66a079b48a9ffa0f/
Avaliar a mesma candidata / Publicar bytes verificados, confirmar preview e changelog	UNKNOWN STEP	2026-10-08T22:11:37.5560397Z ./snapshots/b8763ec5adc5e24ce34f474a66a079b48a9ffa0f/app/
Avaliar a mesma candidata / Publicar bytes verificados, confirmar preview e changelog	UNKNOWN STEP	2026-10-08T22:11:37.5560936Z ./snapshots/b8763ec5adc5e24ce34f474a66a079b48a9ffa0f/app/manifest.json
Avaliar a mesma candidata / Publicar bytes verificados, confirmar preview e changelog	UNKNOWN STEP	2026-10-08T22:11:37.5561509Z ./snapshots/b8763ec5adc5e24ce34f474a66a079b48a9ffa0f/app/icons/
Avaliar a mesma candidata / Publicar bytes verificados, confirmar preview e changelog	UNKNOWN STEP	2026-10-08T22:11:37.5562091Z ./snapshots/b8763ec5adc5e24ce34f474a66a079b48a9ffa0f/app/icons/Icon-512.png
Avaliar a mesma candidata / Publicar bytes verificados, confirmar preview e changelog	UNKNOWN STEP	2026-10-08T22:11:37.5562518Z ./snapshots/b8763ec5adc5e24ce34f474a66a079b48a9ffa0f/app/icons/Icon-192.png
Avaliar a mesma candidata / Publicar bytes verificados, confirmar preview e changelog	UNKNOWN STEP	2026-10-08T22:11:37.5562955Z ./snapshots/b8763ec5adc5e24ce34f474a66a079b48a9ffa0f/app/icons/Icon-maskable-192.png
Avaliar a mesma candidata / Publicar bytes verificados, confirmar preview e changelog	UNKNOWN STEP	2026-10-08T22:11:37.5563412Z ./snapshots/b8763ec5adc5e24ce34f474a66a079b48a9ffa0f/app/icons/Icon-maskable-512.png
Avaliar a mesma candidata / Publicar bytes verificados, confirmar preview e changelog	UNKNOWN STEP	2026-10-08T22:11:37.5563842Z ./snapshots/b8763ec5adc5e24ce34f474a66a079b48a9ffa0f/app/flutter_bootstrap.js
Avaliar a mesma candidata / Publicar bytes verificados, confirmar preview e changelog	UNKNOWN STEP	2026-10-08T22:11:37.5564464Z ./snapshots/b8763ec5adc5e24ce34f474a66a079b48a9ffa0f/app/assets/
Avaliar a mesma candidata / Publicar bytes verificados, confirmar preview e changelog	UNKNOWN STEP	2026-10-08T22:11:37.5564875Z ./snapshots/b8763ec5adc5e24ce34f474a66a079b48a9ffa0f/app/assets/AssetManifest.bin.json
Avaliar a mesma candidata / Publicar bytes verificados, confirmar preview e changelog	UNKNOWN STEP	2026-10-08T22:11:37.5565306Z ./snapshots/b8763ec5adc5e24ce34f474a66a079b48a9ffa0f/app/assets/NOTICES
Avaliar a mesma candidata / Publicar bytes verificados, confirmar preview e changelog	UNKNOWN STEP	2026-10-08T22:11:37.5570622Z ./snapshots/b8763ec5adc5e24ce34f474a66a079b48a9ffa0f/app/assets/shorebird.yaml
Avaliar a mesma candidata / Publicar bytes verificados, confirmar preview e changelog	UNKNOWN STEP	2026-10-08T22:11:37.5571331Z ./snapshots/b8763ec5adc5e24ce34f474a66a079b48a9ffa0f/app/assets/AssetManifest.bin
Avaliar a mesma candidata / Publicar bytes verificados, confirmar preview e changelog	UNKNOWN STEP	2026-10-08T22:11:37.5572027Z ./snapshots/b8763ec5adc5e24ce34f474a66a079b48a9ffa0f/app/assets/packages/
Avaliar a mesma candidata / Publicar bytes verificados, confirmar preview e changelog	UNKNOWN STEP	2026-10-08T22:11:37.5572893Z ./snapshots/b8763ec5adc5e24ce34f474a66a079b48a9ffa0f/app/assets/packages/cupertino_icons/
Avaliar a mesma candidata / Publicar bytes verificados, confirmar preview e changelog	UNKNOWN STEP	2026-10-08T22:11:37.5573727Z ./snapshots/b8763ec5adc5e24ce34f474a66a079b48a9ffa0f/app/assets/packages/cupertino_icons/assets/
Avaliar a mesma candidata / Publicar bytes verificados, confirmar preview e changelog	UNKNOWN STEP	2026-10-08T22:11:37.5574686Z ./snapshots/b8763ec5adc5e24ce34f474a66a079b48a9ffa0f/app/assets/packages/cupertino_icons/assets/CupertinoIcons.ttf
Avaliar a mesma candidata / Publicar bytes verificados, confirmar preview e changelog	UNKNOWN STEP	2026-10-08T22:11:37.5575269Z ./snapshots/b8763ec5adc5e24ce34f474a66a079b48a9ffa0f/app/assets/FontManifest.json
Avaliar a mesma candidata / Publicar bytes verificados, confirmar preview e changelog	UNKNOWN STEP	2026-10-08T22:11:37.5575685Z ./snapshots/b8763ec5adc5e24ce34f474a66a079b48a9ffa0f/app/assets/shaders/
Avaliar a mesma candidata / Publicar bytes verificados, confirmar preview e changelog	UNKNOWN STEP	2026-10-08T22:11:37.5576113Z ./snapshots/b8763ec5adc5e24ce34f474a66a079b48a9ffa0f/app/assets/shaders/ink_sparkle.frag
Avaliar a mesma candidata / Publicar bytes verificados, confirmar preview e changelog	UNKNOWN STEP	2026-10-08T22:11:37.5576604Z ./snapshots/b8763ec5adc5e24ce34f474a66a079b48a9ffa0f/app/assets/shaders/stretch_effect.frag
Avaliar a mesma candidata / Publicar bytes verificados, confirmar preview e changelog	UNKNOWN STEP	2026-10-08T22:11:37.5577040Z ./snapshots/b8763ec5adc5e24ce34f474a66a079b48a9ffa0f/app/assets/fonts/
Avaliar a mesma candidata / Publicar bytes verificados, confirmar preview e changelog	UNKNOWN STEP	2026-10-08T22:11:37.5577491Z ./snapshots/b8763ec5adc5e24ce34f474a66a079b48a9ffa0f/app/assets/fonts/MaterialIcons-Regular.otf
Avaliar a mesma candidata / Publicar bytes verificados, confirmar preview e changelog	UNKNOWN STEP	2026-10-08T22:11:37.5577936Z ./snapshots/b8763ec5adc5e24ce34f474a66a079b48a9ffa0f/app/index.html
Avaliar a mesma candidata / Publicar bytes verificados, confirmar preview e changelog	UNKNOWN STEP	2026-10-08T22:11:37.5578435Z ./snapshots/b8763ec5adc5e24ce34f474a66a079b48a9ffa0f/app/version.json
Avaliar a mesma candidata / Publicar bytes verificados, confirmar preview e changelog	UNKNOWN STEP	2026-10-08T22:11:37.5578856Z ./snapshots/b8763ec5adc5e24ce34f474a66a079b48a9ffa0f/app/flutter_service_worker.js
Avaliar a mesma candidata / Publicar bytes verificados, confirmar preview e changelog	UNKNOWN STEP	2026-10-08T22:11:37.5579261Z ./snapshots/b8763ec5adc5e24ce34f474a66a079b48a9ffa0f/app/flutter.js
Avaliar a mesma candidata / Publicar bytes verificados, confirmar preview e changelog	UNKNOWN STEP	2026-10-08T22:11:37.5579620Z ./snapshots/b8763ec5adc5e24ce34f474a66a079b48a9ffa0f/app/favicon.png
Avaliar a mesma candidata / Publicar bytes verificados, confirmar preview e changelog	UNKNOWN STEP	2026-10-08T22:11:37.5579980Z ./snapshots/b8763ec5adc5e24ce34f474a66a079b48a9ffa0f/app/main.dart.js
Avaliar a mesma candidata / Publicar bytes verificados, confirmar preview e changelog	UNKNOWN STEP	2026-10-08T22:11:37.5587825Z ./snapshots/b8763ec5adc5e24ce34f474a66a079b48a9ffa0f/app/canvaskit/
Avaliar a mesma candidata / Publicar bytes verificados, confirmar preview e changelog	UNKNOWN STEP	2026-10-08T22:11:37.5588550Z ./snapshots/b8763ec5adc5e24ce34f474a66a079b48a9ffa0f/app/canvaskit/wimp.wasm
Avaliar a mesma candidata / Publicar bytes verificados, confirmar preview e changelog	UNKNOWN STEP	2026-10-08T22:11:37.5611399Z ./snapshots/b8763ec5adc5e24ce34f474a66a079b48a9ffa0f/app/canvaskit/chromium/
Avaliar a mesma candidata / Publicar bytes verificados, confirmar preview e changelog	UNKNOWN STEP	2026-10-08T22:11:37.5612136Z ./snapshots/b8763ec5adc5e24ce34f474a66a079b48a9ffa0f/app/canvaskit/chromium/canvaskit.js
Avaliar a mesma candidata / Publicar bytes verificados, confirmar preview e changelog	UNKNOWN STEP	2026-10-08T22:11:37.5612905Z ./snapshots/b8763ec5adc5e24ce34f474a66a079b48a9ffa0f/app/canvaskit/chromium/canvaskit.wasm
Avaliar a mesma candidata / Publicar bytes verificados, confirmar preview e changelog	UNKNOWN STEP	2026-10-08T22:11:37.5650866Z ./snapshots/b8763ec5adc5e24ce34f474a66a079b48a9ffa0f/app/canvaskit/chromium/canvaskit.js.symbols
Avaliar a mesma candidata / Publicar bytes verificados, confirmar preview e changelog	UNKNOWN STEP	2026-10-08T22:11:37.5659454Z ./snapshots/b8763ec5adc5e24ce34f474a66a079b48a9ffa0f/app/canvaskit/skwasm_heavy.js.symbols
Avaliar a mesma candidata / Publicar bytes verificados, confirmar preview e changelog	UNKNOWN STEP	2026-10-08T22:11:37.5670959Z ./snapshots/b8763ec5adc5e24ce34f474a66a079b48a9ffa0f/app/canvaskit/canvaskit.js
Avaliar a mesma candidata / Publicar bytes verificados, confirmar preview e changelog	UNKNOWN STEP	2026-10-08T22:11:37.5671642Z ./snapshots/b8763ec5adc5e24ce34f474a66a079b48a9ffa0f/app/canvaskit/skwasm.js
Avaliar a mesma candidata / Publicar bytes verificados, confirmar preview e changelog	UNKNOWN STEP	2026-10-08T22:11:37.5672324Z ./snapshots/b8763ec5adc5e24ce34f474a66a079b48a9ffa0f/app/canvaskit/canvaskit.wasm
Avaliar a mesma candidata / Publicar bytes verificados, confirmar preview e changelog	UNKNOWN STEP	2026-10-08T22:11:37.5720147Z ./snapshots/b8763ec5adc5e24ce34f474a66a079b48a9ffa0f/app/canvaskit/skwasm.wasm
Avaliar a mesma candidata / Publicar bytes verificados, confirmar preview e changelog	UNKNOWN STEP	2026-10-08T22:11:37.5744275Z ./snapshots/b8763ec5adc5e24ce34f474a66a079b48a9ffa0f/app/canvaskit/skwasm.js.symbols
Avaliar a mesma candidata / Publicar bytes verificados, confirmar preview e changelog	UNKNOWN STEP	2026-10-08T22:11:37.5754606Z ./snapshots/b8763ec5adc5e24ce34f474a66a079b48a9ffa0f/app/canvaskit/skwasm_heavy.wasm
Avaliar a mesma candidata / Publicar bytes verificados, confirmar preview e changelog	UNKNOWN STEP	2026-10-08T22:11:37.5788761Z ./snapshots/b8763ec5adc5e24ce34f474a66a079b48a9ffa0f/app/canvaskit/canvaskit.js.symbols
Avaliar a mesma candidata / Publicar bytes verificados, confirmar preview e changelog	UNKNOWN STEP	2026-10-08T22:11:37.5797954Z ./snapshots/b8763ec5adc5e24ce34f474a66a079b48a9ffa0f/app/canvaskit/experimental_webparagraph/
Avaliar a mesma candidata / Publicar bytes verificados, confirmar preview e changelog	UNKNOWN STEP	2026-10-08T22:11:37.5798971Z ./snapshots/b8763ec5adc5e24ce34f474a66a079b48a9ffa0f/app/canvaskit/experimental_webparagraph/canvaskit.js
Avaliar a mesma candidata / Publicar bytes verificados, confirmar preview e changelog	UNKNOWN STEP	2026-10-08T22:11:37.5799889Z ./snapshots/b8763ec5adc5e24ce34f474a66a079b48a9ffa0f/app/canvaskit/experimental_webparagraph/canvaskit.wasm
Avaliar a mesma candidata / Publicar bytes verificados, confirmar preview e changelog	UNKNOWN STEP	2026-10-08T22:11:37.5826878Z ./snapshots/b8763ec5adc5e24ce34f474a66a079b48a9ffa0f/app/canvaskit/experimental_webparagraph/canvaskit.js.symbols
Avaliar a mesma candidata / Publicar bytes verificados, confirmar preview e changelog	UNKNOWN STEP	2026-10-08T22:11:37.5833558Z ./snapshots/b8763ec5adc5e24ce34f474a66a079b48a9ffa0f/app/canvaskit/wimp.js
Avaliar a mesma candidata / Publicar bytes verificados, confirmar preview e changelog	UNKNOWN STEP	2026-10-08T22:11:37.5834238Z ./snapshots/b8763ec5adc5e24ce34f474a66a079b48a9ffa0f/app/canvaskit/skwasm_heavy.js
Avaliar a mesma candidata / Publicar bytes verificados, confirmar preview e changelog	UNKNOWN STEP	2026-10-08T22:11:37.5834954Z ./snapshots/b8763ec5adc5e24ce34f474a66a079b48a9ffa0f/app/canvaskit/wimp.js.symbols
Avaliar a mesma candidata / Publicar bytes verificados, confirmar preview e changelog	UNKNOWN STEP	2026-10-08T22:11:37.5847100Z ./snapshots/b8763ec5adc5e24ce34f474a66a079b48a9ffa0f/metadata.json
Avaliar a mesma candidata / Publicar bytes verificados, confirmar preview e changelog	UNKNOWN STEP	2026-10-08T22:11:37.5847669Z ./snapshots/b8763ec5adc5e24ce34f474a66a079b48a9ffa0f/index.html
Avaliar a mesma candidata / Publicar bytes verificados, confirmar preview e changelog	UNKNOWN STEP	2026-10-08T22:11:37.5848204Z ./snapshots/b8763ec5adc5e24ce34f474a66a079b48a9ffa0f/files.json
Avaliar a mesma candidata / Publicar bytes verificados, confirmar preview e changelog	UNKNOWN STEP	2026-10-08T22:11:37.5848814Z ./snapshots/6e48aef9b03778593bc639ababa885b9e2792c35/
Avaliar a mesma candidata / Publicar bytes verificados, confirmar preview e changelog	UNKNOWN STEP	2026-10-08T22:11:37.5849287Z ./snapshots/6e48aef9b03778593bc639ababa885b9e2792c35/app/
Avaliar a mesma candidata / Publicar bytes verificados, confirmar preview e changelog	UNKNOWN STEP	2026-10-08T22:11:37.5849832Z ./snapshots/6e48aef9b03778593bc639ababa885b9e2792c35/app/manifest.json
Avaliar a mesma candidata / Publicar bytes verificados, confirmar preview e changelog	UNKNOWN STEP	2026-10-08T22:11:37.5850386Z ./snapshots/6e48aef9b03778593bc639ababa885b9e2792c35/app/icons/
Avaliar a mesma candidata / Publicar bytes verificados, confirmar preview e changelog	UNKNOWN STEP	2026-10-08T22:11:37.5850954Z ./snapshots/6e48aef9b03778593bc639ababa885b9e2792c35/app/icons/Icon-512.png
Avaliar a mesma candidata / Publicar bytes verificados, confirmar preview e changelog	UNKNOWN STEP	2026-10-08T22:11:37.5851365Z ./snapshots/6e48aef9b03778593bc639ababa885b9e2792c35/app/icons/Icon-192.png
Avaliar a mesma candidata / Publicar bytes verificados, confirmar preview e changelog	UNKNOWN STEP	2026-10-08T22:11:37.5851786Z ./snapshots/6e48aef9b03778593bc639ababa885b9e2792c35/app/icons/Icon-maskable-192.png
Avaliar a mesma candidata / Publicar bytes verificados, confirmar preview e changelog	UNKNOWN STEP	2026-10-08T22:11:37.5852235Z ./snapshots/6e48aef9b03778593bc639ababa885b9e2792c35/app/icons/Icon-maskable-512.png
Avaliar a mesma candidata / Publicar bytes verificados, confirmar preview e changelog	UNKNOWN STEP	2026-10-08T22:11:37.5852668Z ./snapshots/6e48aef9b03778593bc639ababa885b9e2792c35/app/flutter_bootstrap.js
Avaliar a mesma candidata / Publicar bytes verificados, confirmar preview e changelog	UNKNOWN STEP	2026-10-08T22:11:37.5853050Z ./snapshots/6e48aef9b03778593bc639ababa885b9e2792c35/app/assets/
Avaliar a mesma candidata / Publicar bytes verificados, confirmar preview e changelog	UNKNOWN STEP	2026-10-08T22:11:37.5853450Z ./snapshots/6e48aef9b03778593bc639ababa885b9e2792c35/app/assets/AssetManifest.bin.json
Avaliar a mesma candidata / Publicar bytes verificados, confirmar preview e changelog	UNKNOWN STEP	2026-10-08T22:11:37.5853878Z ./snapshots/6e48aef9b03778593bc639ababa885b9e2792c35/app/assets/NOTICES
Avaliar a mesma candidata / Publicar bytes verificados, confirmar preview e changelog	UNKNOWN STEP	2026-10-08T22:11:37.5859613Z ./snapshots/6e48aef9b03778593bc639ababa885b9e2792c35/app/assets/shorebird.yaml
Avaliar a mesma candidata / Publicar bytes verificados, confirmar preview e changelog	UNKNOWN STEP	2026-10-08T22:11:37.5860310Z ./snapshots/6e48aef9b03778593bc639ababa885b9e2792c35/app/assets/AssetManifest.bin
Avaliar a mesma candidata / Publicar bytes verificados, confirmar preview e changelog	UNKNOWN STEP	2026-10-08T22:11:37.5860975Z ./snapshots/6e48aef9b03778593bc639ababa885b9e2792c35/app/assets/packages/
Avaliar a mesma candidata / Publicar bytes verificados, confirmar preview e changelog	UNKNOWN STEP	2026-10-08T22:11:37.5861681Z ./snapshots/6e48aef9b03778593bc639ababa885b9e2792c35/app/assets/packages/cupertino_icons/
Avaliar a mesma candidata / Publicar bytes verificados, confirmar preview e changelog	UNKNOWN STEP	2026-10-08T22:11:37.5862507Z ./snapshots/6e48aef9b03778593bc639ababa885b9e2792c35/app/assets/packages/cupertino_icons/assets/
Avaliar a mesma candidata / Publicar bytes verificados, confirmar preview e changelog	UNKNOWN STEP	2026-10-08T22:11:37.5863447Z ./snapshots/6e48aef9b03778593bc639ababa885b9e2792c35/app/assets/packages/cupertino_icons/assets/CupertinoIcons.ttf
Avaliar a mesma candidata / Publicar bytes verificados, confirmar preview e changelog	UNKNOWN STEP	2026-10-08T22:11:37.5864169Z ./snapshots/6e48aef9b03778593bc639ababa885b9e2792c35/app/assets/FontManifest.json
Avaliar a mesma candidata / Publicar bytes verificados, confirmar preview e changelog	UNKNOWN STEP	2026-10-08T22:11:37.5864586Z ./snapshots/6e48aef9b03778593bc639ababa885b9e2792c35/app/assets/shaders/
Avaliar a mesma candidata / Publicar bytes verificados, confirmar preview e changelog	UNKNOWN STEP	2026-10-08T22:11:37.5865019Z ./snapshots/6e48aef9b03778593bc639ababa885b9e2792c35/app/assets/shaders/ink_sparkle.frag
Avaliar a mesma candidata / Publicar bytes verificados, confirmar preview e changelog	UNKNOWN STEP	2026-10-08T22:11:37.5865498Z ./snapshots/6e48aef9b03778593bc639ababa885b9e2792c35/app/assets/shaders/stretch_effect.frag
Avaliar a mesma candidata / Publicar bytes verificados, confirmar preview e changelog	UNKNOWN STEP	2026-10-08T22:11:37.5865934Z ./snapshots/6e48aef9b03778593bc639ababa885b9e2792c35/app/assets/fonts/
Avaliar a mesma candidata / Publicar bytes verificados, confirmar preview e changelog	UNKNOWN STEP	2026-10-08T22:11:37.5866374Z ./snapshots/6e48aef9b03778593bc639ababa885b9e2792c35/app/assets/fonts/MaterialIcons-Regular.otf
Avaliar a mesma candidata / Publicar bytes verificados, confirmar preview e changelog	UNKNOWN STEP	2026-10-08T22:11:37.5866814Z ./snapshots/6e48aef9b03778593bc639ababa885b9e2792c35/app/index.html
Avaliar a mesma candidata / Publicar bytes verificados, confirmar preview e changelog	UNKNOWN STEP	2026-10-08T22:11:37.5867169Z ./snapshots/6e48aef9b03778593bc639ababa885b9e2792c35/app/version.json
Avaliar a mesma candidata / Publicar bytes verificados, confirmar preview e changelog	UNKNOWN STEP	2026-10-08T22:11:37.5867578Z ./snapshots/6e48aef9b03778593bc639ababa885b9e2792c35/app/flutter_service_worker.js
Avaliar a mesma candidata / Publicar bytes verificados, confirmar preview e changelog	UNKNOWN STEP	2026-10-08T22:11:37.5867970Z ./snapshots/6e48aef9b03778593bc639ababa885b9e2792c35/app/flutter.js
Avaliar a mesma candidata / Publicar bytes verificados, confirmar preview e changelog	UNKNOWN STEP	2026-10-08T22:11:37.5868475Z ./snapshots/6e48aef9b03778593bc639ababa885b9e2792c35/app/favicon.png
Avaliar a mesma candidata / Publicar bytes verificados, confirmar preview e changelog	UNKNOWN STEP	2026-10-08T22:11:37.5868856Z ./snapshots/6e48aef9b03778593bc639ababa885b9e2792c35/app/main.dart.js
Avaliar a mesma candidata / Publicar bytes verificados, confirmar preview e changelog	UNKNOWN STEP	2026-10-08T22:11:37.5877007Z ./snapshots/6e48aef9b03778593bc639ababa885b9e2792c35/app/canvaskit/
Avaliar a mesma candidata / Publicar bytes verificados, confirmar preview e changelog	UNKNOWN STEP	2026-10-08T22:11:37.5877653Z ./snapshots/6e48aef9b03778593bc639ababa885b9e2792c35/app/canvaskit/wimp.wasm
Avaliar a mesma candidata / Publicar bytes verificados, confirmar preview e changelog	UNKNOWN STEP	2026-10-08T22:11:37.5901749Z ./snapshots/6e48aef9b03778593bc639ababa885b9e2792c35/app/canvaskit/chromium/
Avaliar a mesma candidata / Publicar bytes verificados, confirmar preview e changelog	UNKNOWN STEP	2026-10-08T22:11:37.5902463Z ./snapshots/6e48aef9b03778593bc639ababa885b9e2792c35/app/canvaskit/chromium/canvaskit.js
Avaliar a mesma candidata / Publicar bytes verificados, confirmar preview e changelog	UNKNOWN STEP	2026-10-08T22:11:37.5903125Z ./snapshots/6e48aef9b03778593bc639ababa885b9e2792c35/app/canvaskit/chromium/canvaskit.wasm
Avaliar a mesma candidata / Publicar bytes verificados, confirmar preview e changelog	UNKNOWN STEP	2026-10-08T22:11:37.5953212Z ./snapshots/6e48aef9b03778593bc639ababa885b9e2792c35/app/canvaskit/chromium/canvaskit.js.symbols
Avaliar a mesma candidata / Publicar bytes verificados, confirmar preview e changelog	UNKNOWN STEP	2026-10-08T22:11:37.5961920Z ./snapshots/6e48aef9b03778593bc639ababa885b9e2792c35/app/canvaskit/skwasm_heavy.js.symbols
Avaliar a mesma candidata / Publicar bytes verificados, confirmar preview e changelog	UNKNOWN STEP	2026-10-08T22:11:37.5973029Z ./snapshots/6e48aef9b03778593bc639ababa885b9e2792c35/app/canvaskit/canvaskit.js
Avaliar a mesma candidata / Publicar bytes verificados, confirmar preview e changelog	UNKNOWN STEP	2026-10-08T22:11:37.5973733Z ./snapshots/6e48aef9b03778593bc639ababa885b9e2792c35/app/canvaskit/skwasm.js
Avaliar a mesma candidata / Publicar bytes verificados, confirmar preview e changelog	UNKNOWN STEP	2026-10-08T22:11:37.5974676Z ./snapshots/6e48aef9b03778593bc639ababa885b9e2792c35/app/canvaskit/canvaskit.wasm
Avaliar a mesma candidata / Publicar bytes verificados, confirmar preview e changelog	UNKNOWN STEP	2026-10-08T22:11:37.6022850Z ./snapshots/6e48aef9b03778593bc639ababa885b9e2792c35/app/canvaskit/skwasm.wasm
Avaliar a mesma candidata / Publicar bytes verificados, confirmar preview e changelog	UNKNOWN STEP	2026-10-08T22:11:37.6047095Z ./snapshots/6e48aef9b03778593bc639ababa885b9e2792c35/app/canvaskit/skwasm.js.symbols
Avaliar a mesma candidata / Publicar bytes verificados, confirmar preview e changelog	UNKNOWN STEP	2026-10-08T22:11:37.6057676Z ./snapshots/6e48aef9b03778593bc639ababa885b9e2792c35/app/canvaskit/skwasm_heavy.wasm
Avaliar a mesma candidata / Publicar bytes verificados, confirmar preview e changelog	UNKNOWN STEP	2026-10-08T22:11:37.6092233Z ./snapshots/6e48aef9b03778593bc639ababa885b9e2792c35/app/canvaskit/canvaskit.js.symbols
Avaliar a mesma candidata / Publicar bytes verificados, confirmar preview e changelog	UNKNOWN STEP	2026-10-08T22:11:37.6102083Z ./snapshots/6e48aef9b03778593bc639ababa885b9e2792c35/app/canvaskit/experimental_webparagraph/
Avaliar a mesma candidata / Publicar bytes verificados, confirmar preview e changelog	UNKNOWN STEP	2026-10-08T22:11:37.6103017Z ./snapshots/6e48aef9b03778593bc639ababa885b9e2792c35/app/canvaskit/experimental_webparagraph/canvaskit.js
Avaliar a mesma candidata / Publicar bytes verificados, confirmar preview e changelog	UNKNOWN STEP	2026-10-08T22:11:37.6103989Z ./snapshots/6e48aef9b03778593bc639ababa885b9e2792c35/app/canvaskit/experimental_webparagraph/canvaskit.wasm
Avaliar a mesma candidata / Publicar bytes verificados, confirmar preview e changelog	UNKNOWN STEP	2026-10-08T22:11:37.6131449Z ./snapshots/6e48aef9b03778593bc639ababa885b9e2792c35/app/canvaskit/experimental_webparagraph/canvaskit.js.symbols
Avaliar a mesma candidata / Publicar bytes verificados, confirmar preview e changelog	UNKNOWN STEP	2026-10-08T22:11:37.6138557Z ./snapshots/6e48aef9b03778593bc639ababa885b9e2792c35/app/canvaskit/wimp.js
Avaliar a mesma candidata / Publicar bytes verificados, confirmar preview e changelog	UNKNOWN STEP	2026-10-08T22:11:37.6139449Z ./snapshots/6e48aef9b03778593bc639ababa885b9e2792c35/app/canvaskit/skwasm_heavy.js
Avaliar a mesma candidata / Publicar bytes verificados, confirmar preview e changelog	UNKNOWN STEP	2026-10-08T22:11:37.6140367Z ./snapshots/6e48aef9b03778593bc639ababa885b9e2792c35/app/canvaskit/wimp.js.symbols
Avaliar a mesma candidata / Publicar bytes verificados, confirmar preview e changelog	UNKNOWN STEP	2026-10-08T22:11:37.6153045Z ./snapshots/6e48aef9b03778593bc639ababa885b9e2792c35/metadata.json
Avaliar a mesma candidata / Publicar bytes verificados, confirmar preview e changelog	UNKNOWN STEP	2026-10-08T22:11:37.6153861Z ./snapshots/6e48aef9b03778593bc639ababa885b9e2792c35/index.html
Avaliar a mesma candidata / Publicar bytes verificados, confirmar preview e changelog	UNKNOWN STEP	2026-10-08T22:11:37.6154554Z ./snapshots/6e48aef9b03778593bc639ababa885b9e2792c35/files.json
Avaliar a mesma candidata / Publicar bytes verificados, confirmar preview e changelog	UNKNOWN STEP	2026-10-08T22:11:37.6155160Z ./snapshots/08ce07d615905e33f0572f9264808683cab53349/
Avaliar a mesma candidata / Publicar bytes verificados, confirmar preview e changelog	UNKNOWN STEP	2026-10-08T22:11:37.6155793Z ./snapshots/08ce07d615905e33f0572f9264808683cab53349/app/
Avaliar a mesma candidata / Publicar bytes verificados, confirmar preview e changelog	UNKNOWN STEP	2026-10-08T22:11:37.6156525Z ./snapshots/08ce07d615905e33f0572f9264808683cab53349/app/manifest.json
Avaliar a mesma candidata / Publicar bytes verificados, confirmar preview e changelog	UNKNOWN STEP	2026-10-08T22:11:37.6157270Z ./snapshots/08ce07d615905e33f0572f9264808683cab53349/app/icons/
Avaliar a mesma candidata / Publicar bytes verificados, confirmar preview e changelog	UNKNOWN STEP	2026-10-08T22:11:37.6157994Z ./snapshots/08ce07d615905e33f0572f9264808683cab53349/app/icons/Icon-512.png
Avaliar a mesma candidata / Publicar bytes verificados, confirmar preview e changelog	UNKNOWN STEP	2026-10-08T22:11:37.6158984Z ./snapshots/08ce07d615905e33f0572f9264808683cab53349/app/icons/Icon-192.png
Avaliar a mesma candidata / Publicar bytes verificados, confirmar preview e changelog	UNKNOWN STEP	2026-10-08T22:11:37.6159937Z ./snapshots/08ce07d615905e33f0572f9264808683cab53349/app/icons/Icon-maskable-192.png
Avaliar a mesma candidata / Publicar bytes verificados, confirmar preview e changelog	UNKNOWN STEP	2026-10-08T22:11:37.6160803Z ./snapshots/08ce07d615905e33f0572f9264808683cab53349/app/icons/Icon-maskable-512.png
Avaliar a mesma candidata / Publicar bytes verificados, confirmar preview e changelog	UNKNOWN STEP	2026-10-08T22:11:37.6178629Z ./snapshots/08ce07d615905e33f0572f9264808683cab53349/app/flutter_bootstrap.js
Avaliar a mesma candidata / Publicar bytes verificados, confirmar preview e changelog	UNKNOWN STEP	2026-10-08T22:11:37.6179720Z ./snapshots/08ce07d615905e33f0572f9264808683cab53349/app/assets/
Avaliar a mesma candidata / Publicar bytes verificados, confirmar preview e changelog	UNKNOWN STEP	2026-10-08T22:11:37.6180412Z ./snapshots/08ce07d615905e33f0572f9264808683cab53349/app/assets/AssetManifest.bin.json
Avaliar a mesma candidata / Publicar bytes verificados, confirmar preview e changelog	UNKNOWN STEP	2026-10-08T22:11:37.6181099Z ./snapshots/08ce07d615905e33f0572f9264808683cab53349/app/assets/NOTICES
Avaliar a mesma candidata / Publicar bytes verificados, confirmar preview e changelog	UNKNOWN STEP	2026-10-08T22:11:37.6181753Z ./snapshots/08ce07d615905e33f0572f9264808683cab53349/app/assets/shorebird.yaml
Avaliar a mesma candidata / Publicar bytes verificados, confirmar preview e changelog	UNKNOWN STEP	2026-10-08T22:11:37.6182651Z ./snapshots/08ce07d615905e33f0572f9264808683cab53349/app/assets/AssetManifest.bin
Avaliar a mesma candidata / Publicar bytes verificados, confirmar preview e changelog	UNKNOWN STEP	2026-10-08T22:11:37.6183324Z ./snapshots/08ce07d615905e33f0572f9264808683cab53349/app/assets/packages/
Avaliar a mesma candidata / Publicar bytes verificados, confirmar preview e changelog	UNKNOWN STEP	2026-10-08T22:11:37.6184018Z ./snapshots/08ce07d615905e33f0572f9264808683cab53349/app/assets/packages/cupertino_icons/
Avaliar a mesma candidata / Publicar bytes verificados, confirmar preview e changelog	UNKNOWN STEP	2026-10-08T22:11:37.6184823Z ./snapshots/08ce07d615905e33f0572f9264808683cab53349/app/assets/packages/cupertino_icons/assets/
Avaliar a mesma candidata / Publicar bytes verificados, confirmar preview e changelog	UNKNOWN STEP	2026-10-08T22:11:37.6185756Z ./snapshots/08ce07d615905e33f0572f9264808683cab53349/app/assets/packages/cupertino_icons/assets/CupertinoIcons.ttf
Avaliar a mesma candidata / Publicar bytes verificados, confirmar preview e changelog	UNKNOWN STEP	2026-10-08T22:11:37.6186764Z ./snapshots/08ce07d615905e33f0572f9264808683cab53349/app/assets/FontManifest.json
Avaliar a mesma candidata / Publicar bytes verificados, confirmar preview e changelog	UNKNOWN STEP	2026-10-08T22:11:37.6187427Z ./snapshots/08ce07d615905e33f0572f9264808683cab53349/app/assets/shaders/
Avaliar a mesma candidata / Publicar bytes verificados, confirmar preview e changelog	UNKNOWN STEP	2026-10-08T22:11:37.6188115Z ./snapshots/08ce07d615905e33f0572f9264808683cab53349/app/assets/shaders/ink_sparkle.frag
Avaliar a mesma candidata / Publicar bytes verificados, confirmar preview e changelog	UNKNOWN STEP	2026-10-08T22:11:37.6189034Z ./snapshots/08ce07d615905e33f0572f9264808683cab53349/app/assets/shaders/stretch_effect.frag
Avaliar a mesma candidata / Publicar bytes verificados, confirmar preview e changelog	UNKNOWN STEP	2026-10-08T22:11:37.6189741Z ./snapshots/08ce07d615905e33f0572f9264808683cab53349/app/assets/fonts/
Avaliar a mesma candidata / Publicar bytes verificados, confirmar preview e changelog	UNKNOWN STEP	2026-10-08T22:11:37.6190455Z ./snapshots/08ce07d615905e33f0572f9264808683cab53349/app/assets/fonts/MaterialIcons-Regular.otf
Avaliar a mesma candidata / Publicar bytes verificados, confirmar preview e changelog	UNKNOWN STEP	2026-10-08T22:11:37.6191165Z ./snapshots/08ce07d615905e33f0572f9264808683cab53349/app/index.html
Avaliar a mesma candidata / Publicar bytes verificados, confirmar preview e changelog	UNKNOWN STEP	2026-10-08T22:11:37.6191746Z ./snapshots/08ce07d615905e33f0572f9264808683cab53349/app/version.json
Avaliar a mesma candidata / Publicar bytes verificados, confirmar preview e changelog	UNKNOWN STEP	2026-10-08T22:11:37.6192384Z ./snapshots/08ce07d615905e33f0572f9264808683cab53349/app/flutter_service_worker.js
Avaliar a mesma candidata / Publicar bytes verificados, confirmar preview e changelog	UNKNOWN STEP	2026-10-08T22:11:37.6193013Z ./snapshots/08ce07d615905e33f0572f9264808683cab53349/app/flutter.js
Avaliar a mesma candidata / Publicar bytes verificados, confirmar preview e changelog	UNKNOWN STEP	2026-10-08T22:11:37.6193597Z ./snapshots/08ce07d615905e33f0572f9264808683cab53349/app/favicon.png
Avaliar a mesma candidata / Publicar bytes verificados, confirmar preview e changelog	UNKNOWN STEP	2026-10-08T22:11:37.6194195Z ./snapshots/08ce07d615905e33f0572f9264808683cab53349/app/main.dart.js
Avaliar a mesma candidata / Publicar bytes verificados, confirmar preview e changelog	UNKNOWN STEP	2026-10-08T22:11:37.6194767Z ./snapshots/08ce07d615905e33f0572f9264808683cab53349/app/canvaskit/
Avaliar a mesma candidata / Publicar bytes verificados, confirmar preview e changelog	UNKNOWN STEP	2026-10-08T22:11:37.6195364Z ./snapshots/08ce07d615905e33f0572f9264808683cab53349/app/canvaskit/wimp.wasm
Avaliar a mesma candidata / Publicar bytes verificados, confirmar preview e changelog	UNKNOWN STEP	2026-10-08T22:11:37.6212733Z ./snapshots/08ce07d615905e33f0572f9264808683cab53349/app/canvaskit/chromium/
Avaliar a mesma candidata / Publicar bytes verificados, confirmar preview e changelog	UNKNOWN STEP	2026-10-08T22:11:37.6213307Z ./snapshots/08ce07d615905e33f0572f9264808683cab53349/app/canvaskit/chromium/canvaskit.js
Avaliar a mesma candidata / Publicar bytes verificados, confirmar preview e changelog	UNKNOWN STEP	2026-10-08T22:11:37.6213795Z ./snapshots/08ce07d615905e33f0572f9264808683cab53349/app/canvaskit/chromium/canvaskit.wasm
Avaliar a mesma candidata / Publicar bytes verificados, confirmar preview e changelog	UNKNOWN STEP	2026-10-08T22:11:37.6252450Z ./snapshots/08ce07d615905e33f0572f9264808683cab53349/app/canvaskit/chromium/canvaskit.js.symbols
Avaliar a mesma candidata / Publicar bytes verificados, confirmar preview e changelog	UNKNOWN STEP	2026-10-08T22:11:37.6261295Z ./snapshots/08ce07d615905e33f0572f9264808683cab53349/app/canvaskit/skwasm_heavy.js.symbols
Avaliar a mesma candidata / Publicar bytes verificados, confirmar preview e changelog	UNKNOWN STEP	2026-10-08T22:11:37.6272814Z ./snapshots/08ce07d615905e33f0572f9264808683cab53349/app/canvaskit/canvaskit.js
Avaliar a mesma candidata / Publicar bytes verificados, confirmar preview e changelog	UNKNOWN STEP	2026-10-08T22:11:37.6273840Z ./snapshots/08ce07d615905e33f0572f9264808683cab53349/app/canvaskit/skwasm.js
Avaliar a mesma candidata / Publicar bytes verificados, confirmar preview e changelog	UNKNOWN STEP	2026-10-08T22:11:37.6299114Z ./snapshots/08ce07d615905e33f0572f9264808683cab53349/app/canvaskit/canvaskit.wasm
Avaliar a mesma candidata / Publicar bytes verificados, confirmar preview e changelog	UNKNOWN STEP	2026-10-08T22:11:37.6328483Z ./snapshots/08ce07d615905e33f0572f9264808683cab53349/app/canvaskit/skwasm.wasm
Avaliar a mesma candidata / Publicar bytes verificados, confirmar preview e changelog	UNKNOWN STEP	2026-10-08T22:11:37.6352828Z ./snapshots/08ce07d615905e33f0572f9264808683cab53349/app/canvaskit/skwasm.js.symbols
Avaliar a mesma candidata / Publicar bytes verificados, confirmar preview e changelog	UNKNOWN STEP	2026-10-08T22:11:37.6363343Z ./snapshots/08ce07d615905e33f0572f9264808683cab53349/app/canvaskit/skwasm_heavy.wasm
Avaliar a mesma candidata / Publicar bytes verificados, confirmar preview e changelog	UNKNOWN STEP	2026-10-08T22:11:37.6397840Z ./snapshots/08ce07d615905e33f0572f9264808683cab53349/app/canvaskit/canvaskit.js.symbols
Avaliar a mesma candidata / Publicar bytes verificados, confirmar preview e changelog	UNKNOWN STEP	2026-10-08T22:11:37.6407230Z ./snapshots/08ce07d615905e33f0572f9264808683cab53349/app/canvaskit/experimental_webparagraph/
Avaliar a mesma candidata / Publicar bytes verificados, confirmar preview e changelog	UNKNOWN STEP	2026-10-08T22:11:37.6407868Z ./snapshots/08ce07d615905e33f0572f9264808683cab53349/app/canvaskit/experimental_webparagraph/canvaskit.js
Avaliar a mesma candidata / Publicar bytes verificados, confirmar preview e changelog	UNKNOWN STEP	2026-10-08T22:11:37.6408600Z ./snapshots/08ce07d615905e33f0572f9264808683cab53349/app/canvaskit/experimental_webparagraph/canvaskit.wasm
Avaliar a mesma candidata / Publicar bytes verificados, confirmar preview e changelog	UNKNOWN STEP	2026-10-08T22:11:37.6436440Z ./snapshots/08ce07d615905e33f0572f9264808683cab53349/app/canvaskit/experimental_webparagraph/canvaskit.js.symbols
Avaliar a mesma candidata / Publicar bytes verificados, confirmar preview e changelog	UNKNOWN STEP	2026-10-08T22:11:37.6443281Z ./snapshots/08ce07d615905e33f0572f9264808683cab53349/app/canvaskit/wimp.js
Avaliar a mesma candidata / Publicar bytes verificados, confirmar preview e changelog	UNKNOWN STEP	2026-10-08T22:11:37.6444021Z ./snapshots/08ce07d615905e33f0572f9264808683cab53349/app/canvaskit/skwasm_heavy.js
Avaliar a mesma candidata / Publicar bytes verificados, confirmar preview e changelog	UNKNOWN STEP	2026-10-08T22:11:37.6444531Z ./snapshots/08ce07d615905e33f0572f9264808683cab53349/app/canvaskit/wimp.js.symbols
Avaliar a mesma candidata / Publicar bytes verificados, confirmar preview e changelog	UNKNOWN STEP	2026-10-08T22:11:37.6456840Z ./snapshots/08ce07d615905e33f0572f9264808683cab53349/metadata.json
Avaliar a mesma candidata / Publicar bytes verificados, confirmar preview e changelog	UNKNOWN STEP	2026-10-08T22:11:37.6457352Z ./snapshots/08ce07d615905e33f0572f9264808683cab53349/index.html
Avaliar a mesma candidata / Publicar bytes verificados, confirmar preview e changelog	UNKNOWN STEP	2026-10-08T22:11:37.6457857Z ./snapshots/08ce07d615905e33f0572f9264808683cab53349/files.json
Avaliar a mesma candidata / Publicar bytes verificados, confirmar preview e changelog	UNKNOWN STEP	2026-10-08T22:11:37.6458431Z ./snapshots/0fc06c8f2b79a83bd8bcf135b24fcd02ef1bd928/
Avaliar a mesma candidata / Publicar bytes verificados, confirmar preview e changelog	UNKNOWN STEP	2026-10-08T22:11:37.6459054Z ./snapshots/0fc06c8f2b79a83bd8bcf135b24fcd02ef1bd928/app/
Avaliar a mesma candidata / Publicar bytes verificados, confirmar preview e changelog	UNKNOWN STEP	2026-10-08T22:11:37.6459588Z ./snapshots/0fc06c8f2b79a83bd8bcf135b24fcd02ef1bd928/app/manifest.json
Avaliar a mesma candidata / Publicar bytes verificados, confirmar preview e changelog	UNKNOWN STEP	2026-10-08T22:11:37.6459972Z ./snapshots/0fc06c8f2b79a83bd8bcf135b24fcd02ef1bd928/app/icons/
Avaliar a mesma candidata / Publicar bytes verificados, confirmar preview e changelog	UNKNOWN STEP	2026-10-08T22:11:37.6460367Z ./snapshots/0fc06c8f2b79a83bd8bcf135b24fcd02ef1bd928/app/icons/Icon-512.png
Avaliar a mesma candidata / Publicar bytes verificados, confirmar preview e changelog	UNKNOWN STEP	2026-10-08T22:11:37.6460777Z ./snapshots/0fc06c8f2b79a83bd8bcf135b24fcd02ef1bd928/app/icons/Icon-192.png
Avaliar a mesma candidata / Publicar bytes verificados, confirmar preview e changelog	UNKNOWN STEP	2026-10-08T22:11:37.6461222Z ./snapshots/0fc06c8f2b79a83bd8bcf135b24fcd02ef1bd928/app/icons/Icon-maskable-192.png
Avaliar a mesma candidata / Publicar bytes verificados, confirmar preview e changelog	UNKNOWN STEP	2026-10-08T22:11:37.6461790Z ./snapshots/0fc06c8f2b79a83bd8bcf135b24fcd02ef1bd928/app/icons/Icon-maskable-512.png
Avaliar a mesma candidata / Publicar bytes verificados, confirmar preview e changelog	UNKNOWN STEP	2026-10-08T22:11:37.6462489Z ./snapshots/0fc06c8f2b79a83bd8bcf135b24fcd02ef1bd928/app/flutter_bootstrap.js
Avaliar a mesma candidata / Publicar bytes verificados, confirmar preview e changelog	UNKNOWN STEP	2026-10-08T22:11:37.6463045Z ./snapshots/0fc06c8f2b79a83bd8bcf135b24fcd02ef1bd928/app/assets/
Avaliar a mesma candidata / Publicar bytes verificados, confirmar preview e changelog	UNKNOWN STEP	2026-10-08T22:11:37.6463664Z ./snapshots/0fc06c8f2b79a83bd8bcf135b24fcd02ef1bd928/app/assets/AssetManifest.bin.json
Avaliar a mesma candidata / Publicar bytes verificados, confirmar preview e changelog	UNKNOWN STEP	2026-10-08T22:11:37.6464269Z ./snapshots/0fc06c8f2b79a83bd8bcf135b24fcd02ef1bd928/app/assets/NOTICES
Avaliar a mesma candidata / Publicar bytes verificados, confirmar preview e changelog	UNKNOWN STEP	2026-10-08T22:11:37.6469398Z ./snapshots/0fc06c8f2b79a83bd8bcf135b24fcd02ef1bd928/app/assets/shorebird.yaml
Avaliar a mesma candidata / Publicar bytes verificados, confirmar preview e changelog	UNKNOWN STEP	2026-10-08T22:11:37.6470158Z ./snapshots/0fc06c8f2b79a83bd8bcf135b24fcd02ef1bd928/app/assets/AssetManifest.bin
Avaliar a mesma candidata / Publicar bytes verificados, confirmar preview e changelog	UNKNOWN STEP	2026-10-08T22:11:37.6470872Z ./snapshots/0fc06c8f2b79a83bd8bcf135b24fcd02ef1bd928/app/assets/packages/
Avaliar a mesma candidata / Publicar bytes verificados, confirmar preview e changelog	UNKNOWN STEP	2026-10-08T22:11:37.6471627Z ./snapshots/0fc06c8f2b79a83bd8bcf135b24fcd02ef1bd928/app/assets/packages/cupertino_icons/
Avaliar a mesma candidata / Publicar bytes verificados, confirmar preview e changelog	UNKNOWN STEP	2026-10-08T22:11:37.6472492Z ./snapshots/0fc06c8f2b79a83bd8bcf135b24fcd02ef1bd928/app/assets/packages/cupertino_icons/assets/
Avaliar a mesma candidata / Publicar bytes verificados, confirmar preview e changelog	UNKNOWN STEP	2026-10-08T22:11:37.6473457Z ./snapshots/0fc06c8f2b79a83bd8bcf135b24fcd02ef1bd928/app/assets/packages/cupertino_icons/assets/CupertinoIcons.ttf
Avaliar a mesma candidata / Publicar bytes verificados, confirmar preview e changelog	UNKNOWN STEP	2026-10-08T22:11:37.6474386Z ./snapshots/0fc06c8f2b79a83bd8bcf135b24fcd02ef1bd928/app/assets/FontManifest.json
Avaliar a mesma candidata / Publicar bytes verificados, confirmar preview e changelog	UNKNOWN STEP	2026-10-08T22:11:37.6475019Z ./snapshots/0fc06c8f2b79a83bd8bcf135b24fcd02ef1bd928/app/assets/shaders/
Avaliar a mesma candidata / Publicar bytes verificados, confirmar preview e changelog	UNKNOWN STEP	2026-10-08T22:11:37.6475470Z ./snapshots/0fc06c8f2b79a83bd8bcf135b24fcd02ef1bd928/app/assets/shaders/ink_sparkle.frag
Avaliar a mesma candidata / Publicar bytes verificados, confirmar preview e changelog	UNKNOWN STEP	2026-10-08T22:11:37.6475966Z ./snapshots/0fc06c8f2b79a83bd8bcf135b24fcd02ef1bd928/app/assets/shaders/stretch_effect.frag
Avaliar a mesma candidata / Publicar bytes verificados, confirmar preview e changelog	UNKNOWN STEP	2026-10-08T22:11:37.6476411Z ./snapshots/0fc06c8f2b79a83bd8bcf135b24fcd02ef1bd928/app/assets/fonts/
Avaliar a mesma candidata / Publicar bytes verificados, confirmar preview e changelog	UNKNOWN STEP	2026-10-08T22:11:37.6476863Z ./snapshots/0fc06c8f2b79a83bd8bcf135b24fcd02ef1bd928/app/assets/fonts/MaterialIcons-Regular.otf
Avaliar a mesma candidata / Publicar bytes verificados, confirmar preview e changelog	UNKNOWN STEP	2026-10-08T22:11:37.6477318Z ./snapshots/0fc06c8f2b79a83bd8bcf135b24fcd02ef1bd928/app/index.html
Avaliar a mesma candidata / Publicar bytes verificados, confirmar preview e changelog	UNKNOWN STEP	2026-10-08T22:11:37.6477693Z ./snapshots/0fc06c8f2b79a83bd8bcf135b24fcd02ef1bd928/app/version.json
Avaliar a mesma candidata / Publicar bytes verificados, confirmar preview e changelog	UNKNOWN STEP	2026-10-08T22:11:37.6478101Z ./snapshots/0fc06c8f2b79a83bd8bcf135b24fcd02ef1bd928/app/flutter_service_worker.js
Avaliar a mesma candidata / Publicar bytes verificados, confirmar preview e changelog	UNKNOWN STEP	2026-10-08T22:11:37.6478670Z ./snapshots/0fc06c8f2b79a83bd8bcf135b24fcd02ef1bd928/app/flutter.js
Avaliar a mesma candidata / Publicar bytes verificados, confirmar preview e changelog	UNKNOWN STEP	2026-10-08T22:11:37.6479035Z ./snapshots/0fc06c8f2b79a83bd8bcf135b24fcd02ef1bd928/app/favicon.png
Avaliar a mesma candidata / Publicar bytes verificados, confirmar preview e changelog	UNKNOWN STEP	2026-10-08T22:11:37.6479406Z ./snapshots/0fc06c8f2b79a83bd8bcf135b24fcd02ef1bd928/app/main.dart.js
Avaliar a mesma candidata / Publicar bytes verificados, confirmar preview e changelog	UNKNOWN STEP	2026-10-08T22:11:37.6486271Z ./snapshots/0fc06c8f2b79a83bd8bcf135b24fcd02ef1bd928/app/canvaskit/
Avaliar a mesma candidata / Publicar bytes verificados, confirmar preview e changelog	UNKNOWN STEP	2026-10-08T22:11:37.6486901Z ./snapshots/0fc06c8f2b79a83bd8bcf135b24fcd02ef1bd928/app/canvaskit/wimp.wasm
Avaliar a mesma candidata / Publicar bytes verificados, confirmar preview e changelog	UNKNOWN STEP	2026-10-08T22:11:37.6509946Z ./snapshots/0fc06c8f2b79a83bd8bcf135b24fcd02ef1bd928/app/canvaskit/chromium/
Avaliar a mesma candidata / Publicar bytes verificados, confirmar preview e changelog	UNKNOWN STEP	2026-10-08T22:11:37.6510678Z ./snapshots/0fc06c8f2b79a83bd8bcf135b24fcd02ef1bd928/app/canvaskit/chromium/canvaskit.js
Avaliar a mesma candidata / Publicar bytes verificados, confirmar preview e changelog	UNKNOWN STEP	2026-10-08T22:11:37.6511519Z ./snapshots/0fc06c8f2b79a83bd8bcf135b24fcd02ef1bd928/app/canvaskit/chromium/canvaskit.wasm
Avaliar a mesma candidata / Publicar bytes verificados, confirmar preview e changelog	UNKNOWN STEP	2026-10-08T22:11:37.6549544Z ./snapshots/0fc06c8f2b79a83bd8bcf135b24fcd02ef1bd928/app/canvaskit/chromium/canvaskit.js.symbols
Avaliar a mesma candidata / Publicar bytes verificados, confirmar preview e changelog	UNKNOWN STEP	2026-10-08T22:11:37.6558014Z ./snapshots/0fc06c8f2b79a83bd8bcf135b24fcd02ef1bd928/app/canvaskit/skwasm_heavy.js.symbols
Avaliar a mesma candidata / Publicar bytes verificados, confirmar preview e changelog	UNKNOWN STEP	2026-10-08T22:11:37.6569420Z ./snapshots/0fc06c8f2b79a83bd8bcf135b24fcd02ef1bd928/app/canvaskit/canvaskit.js
Avaliar a mesma candidata / Publicar bytes verificados, confirmar preview e changelog	UNKNOWN STEP	2026-10-08T22:11:37.6570107Z ./snapshots/0fc06c8f2b79a83bd8bcf135b24fcd02ef1bd928/app/canvaskit/skwasm.js
Avaliar a mesma candidata / Publicar bytes verificados, confirmar preview e changelog	UNKNOWN STEP	2026-10-08T22:11:37.6570978Z ./snapshots/0fc06c8f2b79a83bd8bcf135b24fcd02ef1bd928/app/canvaskit/canvaskit.wasm
Avaliar a mesma candidata / Publicar bytes verificados, confirmar preview e changelog	UNKNOWN STEP	2026-10-08T22:11:37.6618476Z ./snapshots/0fc06c8f2b79a83bd8bcf135b24fcd02ef1bd928/app/canvaskit/skwasm.wasm
Avaliar a mesma candidata / Publicar bytes verificados, confirmar preview e changelog	UNKNOWN STEP	2026-10-08T22:11:37.6642610Z ./snapshots/0fc06c8f2b79a83bd8bcf135b24fcd02ef1bd928/app/canvaskit/skwasm.js.symbols
Avaliar a mesma candidata / Publicar bytes verificados, confirmar preview e changelog	UNKNOWN STEP	2026-10-08T22:11:37.6652953Z ./snapshots/0fc06c8f2b79a83bd8bcf135b24fcd02ef1bd928/app/canvaskit/skwasm_heavy.wasm
Avaliar a mesma candidata / Publicar bytes verificados, confirmar preview e changelog	UNKNOWN STEP	2026-10-08T22:11:37.6687144Z ./snapshots/0fc06c8f2b79a83bd8bcf135b24fcd02ef1bd928/app/canvaskit/canvaskit.js.symbols
Avaliar a mesma candidata / Publicar bytes verificados, confirmar preview e changelog	UNKNOWN STEP	2026-10-08T22:11:37.6696437Z ./snapshots/0fc06c8f2b79a83bd8bcf135b24fcd02ef1bd928/app/canvaskit/experimental_webparagraph/
Avaliar a mesma candidata / Publicar bytes verificados, confirmar preview e changelog	UNKNOWN STEP	2026-10-08T22:11:37.6697358Z ./snapshots/0fc06c8f2b79a83bd8bcf135b24fcd02ef1bd928/app/canvaskit/experimental_webparagraph/canvaskit.js
Avaliar a mesma candidata / Publicar bytes verificados, confirmar preview e changelog	UNKNOWN STEP	2026-10-08T22:11:37.6698108Z ./snapshots/0fc06c8f2b79a83bd8bcf135b24fcd02ef1bd928/app/canvaskit/experimental_webparagraph/canvaskit.wasm
Avaliar a mesma candidata / Publicar bytes verificados, confirmar preview e changelog	UNKNOWN STEP	2026-10-08T22:11:37.6725433Z ./snapshots/0fc06c8f2b79a83bd8bcf135b24fcd02ef1bd928/app/canvaskit/experimental_webparagraph/canvaskit.js.symbols
Avaliar a mesma candidata / Publicar bytes verificados, confirmar preview e changelog	UNKNOWN STEP	2026-10-08T22:11:37.6732158Z ./snapshots/0fc06c8f2b79a83bd8bcf135b24fcd02ef1bd928/app/canvaskit/wimp.js
Avaliar a mesma candidata / Publicar bytes verificados, confirmar preview e changelog	UNKNOWN STEP	2026-10-08T22:11:37.6732856Z ./snapshots/0fc06c8f2b79a83bd8bcf135b24fcd02ef1bd928/app/canvaskit/skwasm_heavy.js
Avaliar a mesma candidata / Publicar bytes verificados, confirmar preview e changelog	UNKNOWN STEP	2026-10-08T22:11:37.6733578Z ./snapshots/0fc06c8f2b79a83bd8bcf135b24fcd02ef1bd928/app/canvaskit/wimp.js.symbols
Avaliar a mesma candidata / Publicar bytes verificados, confirmar preview e changelog	UNKNOWN STEP	2026-10-08T22:11:37.6745479Z ./snapshots/0fc06c8f2b79a83bd8bcf135b24fcd02ef1bd928/metadata.json
Avaliar a mesma candidata / Publicar bytes verificados, confirmar preview e changelog	UNKNOWN STEP	2026-10-08T22:11:37.6746050Z ./snapshots/0fc06c8f2b79a83bd8bcf135b24fcd02ef1bd928/index.html
Avaliar a mesma candidata / Publicar bytes verificados, confirmar preview e changelog	UNKNOWN STEP	2026-10-08T22:11:37.6746582Z ./snapshots/0fc06c8f2b79a83bd8bcf135b24fcd02ef1bd928/files.json
Avaliar a mesma candidata / Publicar bytes verificados, confirmar preview e changelog	UNKNOWN STEP	2026-10-08T22:11:37.6747070Z ./snapshots/989fe3443ad16df0c67ff0068d6efb3f458c8ace/
Avaliar a mesma candidata / Publicar bytes verificados, confirmar preview e changelog	UNKNOWN STEP	2026-10-08T22:11:37.6747532Z ./snapshots/989fe3443ad16df0c67ff0068d6efb3f458c8ace/app/
Avaliar a mesma candidata / Publicar bytes verificados, confirmar preview e changelog	UNKNOWN STEP	2026-10-08T22:11:37.6748087Z ./snapshots/989fe3443ad16df0c67ff0068d6efb3f458c8ace/app/manifest.json
Avaliar a mesma candidata / Publicar bytes verificados, confirmar preview e changelog	UNKNOWN STEP	2026-10-08T22:11:37.6748759Z ./snapshots/989fe3443ad16df0c67ff0068d6efb3f458c8ace/app/icons/
Avaliar a mesma candidata / Publicar bytes verificados, confirmar preview e changelog	UNKNOWN STEP	2026-10-08T22:11:37.6749253Z ./snapshots/989fe3443ad16df0c67ff0068d6efb3f458c8ace/app/icons/Icon-512.png
Avaliar a mesma candidata / Publicar bytes verificados, confirmar preview e changelog	UNKNOWN STEP	2026-10-08T22:11:37.6749653Z ./snapshots/989fe3443ad16df0c67ff0068d6efb3f458c8ace/app/icons/Icon-192.png
Avaliar a mesma candidata / Publicar bytes verificados, confirmar preview e changelog	UNKNOWN STEP	2026-10-08T22:11:37.6750089Z ./snapshots/989fe3443ad16df0c67ff0068d6efb3f458c8ace/app/icons/Icon-maskable-192.png
Avaliar a mesma candidata / Publicar bytes verificados, confirmar preview e changelog	UNKNOWN STEP	2026-10-08T22:11:37.6750546Z ./snapshots/989fe3443ad16df0c67ff0068d6efb3f458c8ace/app/icons/Icon-maskable-512.png
Avaliar a mesma candidata / Publicar bytes verificados, confirmar preview e changelog	UNKNOWN STEP	2026-10-08T22:11:37.6750989Z ./snapshots/989fe3443ad16df0c67ff0068d6efb3f458c8ace/app/flutter_bootstrap.js
Avaliar a mesma candidata / Publicar bytes verificados, confirmar preview e changelog	UNKNOWN STEP	2026-10-08T22:11:37.6751377Z ./snapshots/989fe3443ad16df0c67ff0068d6efb3f458c8ace/app/assets/
Avaliar a mesma candidata / Publicar bytes verificados, confirmar preview e changelog	UNKNOWN STEP	2026-10-08T22:11:37.6751783Z ./snapshots/989fe3443ad16df0c67ff0068d6efb3f458c8ace/app/assets/AssetManifest.bin.json
Avaliar a mesma candidata / Publicar bytes verificados, confirmar preview e changelog	UNKNOWN STEP	2026-10-08T22:11:37.6752208Z ./snapshots/989fe3443ad16df0c67ff0068d6efb3f458c8ace/app/assets/NOTICES
Avaliar a mesma candidata / Publicar bytes verificados, confirmar preview e changelog	UNKNOWN STEP	2026-10-08T22:11:37.6757549Z ./snapshots/989fe3443ad16df0c67ff0068d6efb3f458c8ace/app/assets/shorebird.yaml
Avaliar a mesma candidata / Publicar bytes verificados, confirmar preview e changelog	UNKNOWN STEP	2026-10-08T22:11:37.6758266Z ./snapshots/989fe3443ad16df0c67ff0068d6efb3f458c8ace/app/assets/AssetManifest.bin
Avaliar a mesma candidata / Publicar bytes verificados, confirmar preview e changelog	UNKNOWN STEP	2026-10-08T22:11:37.6759036Z ./snapshots/989fe3443ad16df0c67ff0068d6efb3f458c8ace/app/assets/packages/
Avaliar a mesma candidata / Publicar bytes verificados, confirmar preview e changelog	UNKNOWN STEP	2026-10-08T22:11:37.6759741Z ./snapshots/989fe3443ad16df0c67ff0068d6efb3f458c8ace/app/assets/packages/cupertino_icons/
Avaliar a mesma candidata / Publicar bytes verificados, confirmar preview e changelog	UNKNOWN STEP	2026-10-08T22:11:37.6760572Z ./snapshots/989fe3443ad16df0c67ff0068d6efb3f458c8ace/app/assets/packages/cupertino_icons/assets/
Avaliar a mesma candidata / Publicar bytes verificados, confirmar preview e changelog	UNKNOWN STEP	2026-10-08T22:11:37.6761722Z ./snapshots/989fe3443ad16df0c67ff0068d6efb3f458c8ace/app/assets/packages/cupertino_icons/assets/CupertinoIcons.ttf
Avaliar a mesma candidata / Publicar bytes verificados, confirmar preview e changelog	UNKNOWN STEP	2026-10-08T22:11:37.6762360Z ./snapshots/989fe3443ad16df0c67ff0068d6efb3f458c8ace/app/assets/FontManifest.json
Avaliar a mesma candidata / Publicar bytes verificados, confirmar preview e changelog	UNKNOWN STEP	2026-10-08T22:11:37.6762766Z ./snapshots/989fe3443ad16df0c67ff0068d6efb3f458c8ace/app/assets/shaders/
Avaliar a mesma candidata / Publicar bytes verificados, confirmar preview e changelog	UNKNOWN STEP	2026-10-08T22:11:37.6763199Z ./snapshots/989fe3443ad16df0c67ff0068d6efb3f458c8ace/app/assets/shaders/ink_sparkle.frag
Avaliar a mesma candidata / Publicar bytes verificados, confirmar preview e changelog	UNKNOWN STEP	2026-10-08T22:11:37.6763691Z ./snapshots/989fe3443ad16df0c67ff0068d6efb3f458c8ace/app/assets/shaders/stretch_effect.frag
Avaliar a mesma candidata / Publicar bytes verificados, confirmar preview e changelog	UNKNOWN STEP	2026-10-08T22:11:37.6764245Z ./snapshots/989fe3443ad16df0c67ff0068d6efb3f458c8ace/app/assets/fonts/
Avaliar a mesma candidata / Publicar bytes verificados, confirmar preview e changelog	UNKNOWN STEP	2026-10-08T22:11:37.6764697Z ./snapshots/989fe3443ad16df0c67ff0068d6efb3f458c8ace/app/assets/fonts/MaterialIcons-Regular.otf
Avaliar a mesma candidata / Publicar bytes verificados, confirmar preview e changelog	UNKNOWN STEP	2026-10-08T22:11:37.6765147Z ./snapshots/989fe3443ad16df0c67ff0068d6efb3f458c8ace/app/index.html
Avaliar a mesma candidata / Publicar bytes verificados, confirmar preview e changelog	UNKNOWN STEP	2026-10-08T22:11:37.6765508Z ./snapshots/989fe3443ad16df0c67ff0068d6efb3f458c8ace/app/version.json
Avaliar a mesma candidata / Publicar bytes verificados, confirmar preview e changelog	UNKNOWN STEP	2026-10-08T22:11:37.6765916Z ./snapshots/989fe3443ad16df0c67ff0068d6efb3f458c8ace/app/flutter_service_worker.js
Avaliar a mesma candidata / Publicar bytes verificados, confirmar preview e changelog	UNKNOWN STEP	2026-10-08T22:11:37.6766323Z ./snapshots/989fe3443ad16df0c67ff0068d6efb3f458c8ace/app/flutter.js
Avaliar a mesma candidata / Publicar bytes verificados, confirmar preview e changelog	UNKNOWN STEP	2026-10-08T22:11:37.6766683Z ./snapshots/989fe3443ad16df0c67ff0068d6efb3f458c8ace/app/favicon.png
Avaliar a mesma candidata / Publicar bytes verificados, confirmar preview e changelog	UNKNOWN STEP	2026-10-08T22:11:37.6767050Z ./snapshots/989fe3443ad16df0c67ff0068d6efb3f458c8ace/app/main.dart.js
Avaliar a mesma candidata / Publicar bytes verificados, confirmar preview e changelog	UNKNOWN STEP	2026-10-08T22:11:37.6775554Z ./snapshots/989fe3443ad16df0c67ff0068d6efb3f458c8ace/app/canvaskit/
Avaliar a mesma candidata / Publicar bytes verificados, confirmar preview e changelog	UNKNOWN STEP	2026-10-08T22:11:37.6776191Z ./snapshots/989fe3443ad16df0c67ff0068d6efb3f458c8ace/app/canvaskit/wimp.wasm
Avaliar a mesma candidata / Publicar bytes verificados, confirmar preview e changelog	UNKNOWN STEP	2026-10-08T22:11:37.6799214Z ./snapshots/989fe3443ad16df0c67ff0068d6efb3f458c8ace/app/canvaskit/chromium/
Avaliar a mesma candidata / Publicar bytes verificados, confirmar preview e changelog	UNKNOWN STEP	2026-10-08T22:11:37.6799679Z ./snapshots/989fe3443ad16df0c67ff0068d6efb3f458c8ace/app/canvaskit/chromium/canvaskit.js
Avaliar a mesma candidata / Publicar bytes verificados, confirmar preview e changelog	UNKNOWN STEP	2026-10-08T22:11:37.6800495Z ./snapshots/989fe3443ad16df0c67ff0068d6efb3f458c8ace/app/canvaskit/chromium/canvaskit.wasm
Avaliar a mesma candidata / Publicar bytes verificados, confirmar preview e changelog	UNKNOWN STEP	2026-10-08T22:11:37.6838862Z ./snapshots/989fe3443ad16df0c67ff0068d6efb3f458c8ace/app/canvaskit/chromium/canvaskit.js.symbols
Avaliar a mesma candidata / Publicar bytes verificados, confirmar preview e changelog	UNKNOWN STEP	2026-10-08T22:11:37.6847469Z ./snapshots/989fe3443ad16df0c67ff0068d6efb3f458c8ace/app/canvaskit/skwasm_heavy.js.symbols
Avaliar a mesma candidata / Publicar bytes verificados, confirmar preview e changelog	UNKNOWN STEP	2026-10-08T22:11:37.6858821Z ./snapshots/989fe3443ad16df0c67ff0068d6efb3f458c8ace/app/canvaskit/canvaskit.js
Avaliar a mesma candidata / Publicar bytes verificados, confirmar preview e changelog	UNKNOWN STEP	2026-10-08T22:11:37.6859798Z ./snapshots/989fe3443ad16df0c67ff0068d6efb3f458c8ace/app/canvaskit/skwasm.js
Avaliar a mesma candidata / Publicar bytes verificados, confirmar preview e changelog	UNKNOWN STEP	2026-10-08T22:11:37.6860507Z ./snapshots/989fe3443ad16df0c67ff0068d6efb3f458c8ace/app/canvaskit/canvaskit.wasm
Avaliar a mesma candidata / Publicar bytes verificados, confirmar preview e changelog	UNKNOWN STEP	2026-10-08T22:11:37.6908765Z ./snapshots/989fe3443ad16df0c67ff0068d6efb3f458c8ace/app/canvaskit/skwasm.wasm
Avaliar a mesma candidata / Publicar bytes verificados, confirmar preview e changelog	UNKNOWN STEP	2026-10-08T22:11:37.6932660Z ./snapshots/989fe3443ad16df0c67ff0068d6efb3f458c8ace/app/canvaskit/skwasm.js.symbols
Avaliar a mesma candidata / Publicar bytes verificados, confirmar preview e changelog	UNKNOWN STEP	2026-10-08T22:11:37.6943113Z ./snapshots/989fe3443ad16df0c67ff0068d6efb3f458c8ace/app/canvaskit/skwasm_heavy.wasm
Avaliar a mesma candidata / Publicar bytes verificados, confirmar preview e changelog	UNKNOWN STEP	2026-10-08T22:11:37.6977611Z ./snapshots/989fe3443ad16df0c67ff0068d6efb3f458c8ace/app/canvaskit/canvaskit.js.symbols
Avaliar a mesma candidata / Publicar bytes verificados, confirmar preview e changelog	UNKNOWN STEP	2026-10-08T22:11:37.6987044Z ./snapshots/989fe3443ad16df0c67ff0068d6efb3f458c8ace/app/canvaskit/experimental_webparagraph/
Avaliar a mesma candidata / Publicar bytes verificados, confirmar preview e changelog	UNKNOWN STEP	2026-10-08T22:11:37.6987686Z ./snapshots/989fe3443ad16df0c67ff0068d6efb3f458c8ace/app/canvaskit/experimental_webparagraph/canvaskit.js
Avaliar a mesma candidata / Publicar bytes verificados, confirmar preview e changelog	UNKNOWN STEP	2026-10-08T22:11:37.6988405Z ./snapshots/989fe3443ad16df0c67ff0068d6efb3f458c8ace/app/canvaskit/experimental_webparagraph/canvaskit.wasm
Avaliar a mesma candidata / Publicar bytes verificados, confirmar preview e changelog	UNKNOWN STEP	2026-10-08T22:11:37.7015939Z ./snapshots/989fe3443ad16df0c67ff0068d6efb3f458c8ace/app/canvaskit/experimental_webparagraph/canvaskit.js.symbols
Avaliar a mesma candidata / Publicar bytes verificados, confirmar preview e changelog	UNKNOWN STEP	2026-10-08T22:11:37.7022895Z ./snapshots/989fe3443ad16df0c67ff0068d6efb3f458c8ace/app/canvaskit/wimp.js
Avaliar a mesma candidata / Publicar bytes verificados, confirmar preview e changelog	UNKNOWN STEP	2026-10-08T22:11:37.7023728Z ./snapshots/989fe3443ad16df0c67ff0068d6efb3f458c8ace/app/canvaskit/skwasm_heavy.js
Avaliar a mesma candidata / Publicar bytes verificados, confirmar preview e changelog	UNKNOWN STEP	2026-10-08T22:11:37.7024512Z ./snapshots/989fe3443ad16df0c67ff0068d6efb3f458c8ace/app/canvaskit/wimp.js.symbols
Avaliar a mesma candidata / Publicar bytes verificados, confirmar preview e changelog	UNKNOWN STEP	2026-10-08T22:11:37.7037028Z ./snapshots/989fe3443ad16df0c67ff0068d6efb3f458c8ace/metadata.json
Avaliar a mesma candidata / Publicar bytes verificados, confirmar preview e changelog	UNKNOWN STEP	2026-10-08T22:11:37.7037580Z ./snapshots/989fe3443ad16df0c67ff0068d6efb3f458c8ace/index.html
Avaliar a mesma candidata / Publicar bytes verificados, confirmar preview e changelog	UNKNOWN STEP	2026-10-08T22:11:37.7038462Z ./snapshots/989fe3443ad16df0c67ff0068d6efb3f458c8ace/files.json
Avaliar a mesma candidata / Publicar bytes verificados, confirmar preview e changelog	UNKNOWN STEP	2026-10-08T22:11:37.7041262Z ##[endgroup]
Avaliar a mesma candidata / Publicar bytes verificados, confirmar preview e changelog	UNKNOWN STEP	2026-10-08T22:11:37.7054549Z ##[end-action id=__actions_upload-pages-artifact.__run;outcome=success;conclusion=success;duration_ms=305]
Avaliar a mesma candidata / Publicar bytes verificados, confirmar preview e changelog	UNKNOWN STEP	2026-10-08T22:11:37.7058104Z ##[start-action display=Archive artifact;id=__actions_upload-pages-artifact.__run_2]
Avaliar a mesma candidata / Publicar bytes verificados, confirmar preview e changelog	UNKNOWN STEP	2026-10-08T22:11:37.7062664Z ##[end-action id=__actions_upload-pages-artifact.__run_2;outcome=skipped;conclusion=skipped;duration_ms=0]
Avaliar a mesma candidata / Publicar bytes verificados, confirmar preview e changelog	UNKNOWN STEP	2026-10-08T22:11:37.7064764Z ##[start-action display=Archive artifact;id=__actions_upload-pages-artifact.__run_3]
Avaliar a mesma candidata / Publicar bytes verificados, confirmar preview e changelog	UNKNOWN STEP	2026-10-08T22:11:37.7067725Z ##[end-action id=__actions_upload-pages-artifact.__run_3;outcome=skipped;conclusion=skipped;duration_ms=0]
Avaliar a mesma candidata / Publicar bytes verificados, confirmar preview e changelog	UNKNOWN STEP	2026-10-08T22:11:37.7069430Z ##[start-action display=Upload artifact;id=__actions_upload-pages-artifact.upload-artifact]
Avaliar a mesma candidata / Publicar bytes verificados, confirmar preview e changelog	UNKNOWN STEP	2026-10-08T22:11:37.7478211Z ##[group]Run actions/upload-artifact@ea165f8d65b6e75b540449e92b4886f43607fa02
Avaliar a mesma candidata / Publicar bytes verificados, confirmar preview e changelog	UNKNOWN STEP	2026-10-08T22:11:37.7478792Z with:
Avaliar a mesma candidata / Publicar bytes verificados, confirmar preview e changelog	UNKNOWN STEP	2026-10-08T22:11:37.7478966Z   name: github-pages
Avaliar a mesma candidata / Publicar bytes verificados, confirmar preview e changelog	UNKNOWN STEP	2026-10-08T22:11:37.7479178Z   path: /home/runner/work/_temp/artifact.tar
Avaliar a mesma candidata / Publicar bytes verificados, confirmar preview e changelog	UNKNOWN STEP	2026-10-08T22:11:37.7479423Z   retention-days: 1
Avaliar a mesma candidata / Publicar bytes verificados, confirmar preview e changelog	UNKNOWN STEP	2026-10-08T22:11:37.7479609Z   if-no-files-found: error
Avaliar a mesma candidata / Publicar bytes verificados, confirmar preview e changelog	UNKNOWN STEP	2026-10-08T22:11:37.7479807Z   compression-level: 6
Avaliar a mesma candidata / Publicar bytes verificados, confirmar preview e changelog	UNKNOWN STEP	2026-10-08T22:11:37.7479988Z   overwrite: false
Avaliar a mesma candidata / Publicar bytes verificados, confirmar preview e changelog	UNKNOWN STEP	2026-10-08T22:11:37.7480178Z   include-hidden-files: false
Avaliar a mesma candidata / Publicar bytes verificados, confirmar preview e changelog	UNKNOWN STEP	2026-10-08T22:11:37.7480403Z ##[endgroup]
Avaliar a mesma candidata / Publicar bytes verificados, confirmar preview e changelog	UNKNOWN STEP	2026-10-08T22:11:37.8758974Z (node:2298) [DEP0040] DeprecationWarning: The `punycode` module is deprecated. Please use a userland alternative instead.
Avaliar a mesma candidata / Publicar bytes verificados, confirmar preview e changelog	UNKNOWN STEP	2026-10-08T22:11:37.8759740Z (Use `node --trace-deprecation ...` to show where the warning was created)
Avaliar a mesma candidata / Publicar bytes verificados, confirmar preview e changelog	UNKNOWN STEP	2026-10-08T22:11:37.8794968Z With the provided path, there will be 1 file uploaded
Avaliar a mesma candidata / Publicar bytes verificados, confirmar preview e changelog	UNKNOWN STEP	2026-10-08T22:11:37.8818970Z Artifact name is valid!
Avaliar a mesma candidata / Publicar bytes verificados, confirmar preview e changelog	UNKNOWN STEP	2026-10-08T22:11:37.8819322Z Root directory input is valid!
Avaliar a mesma candidata / Publicar bytes verificados, confirmar preview e changelog	UNKNOWN STEP	2026-10-08T22:11:38.2146877Z Beginning upload of artifact content to blob storage
Avaliar a mesma candidata / Publicar bytes verificados, confirmar preview e changelog	UNKNOWN STEP	2026-10-08T22:11:38.8482536Z (node:2298) [DEP0169] DeprecationWarning: `url.parse()` behavior is not standardized and prone to errors that have security implications. Use the WHATWG URL API instead. CVEs are not issued for `url.parse()` vulnerabilities.
Avaliar a mesma candidata / Publicar bytes verificados, confirmar preview e changelog	UNKNOWN STEP	2026-10-08T22:11:39.5574686Z Uploaded bytes 8388608
Avaliar a mesma candidata / Publicar bytes verificados, confirmar preview e changelog	UNKNOWN STEP	2026-10-08T22:11:40.2289054Z Uploaded bytes 16777216
Avaliar a mesma candidata / Publicar bytes verificados, confirmar preview e changelog	UNKNOWN STEP	2026-10-08T22:11:40.3514845Z Uploaded bytes 25165824
Avaliar a mesma candidata / Publicar bytes verificados, confirmar preview e changelog	UNKNOWN STEP	2026-10-08T22:11:40.9937605Z Uploaded bytes 33554432
Avaliar a mesma candidata / Publicar bytes verificados, confirmar preview e changelog	UNKNOWN STEP	2026-10-08T22:11:41.5070981Z Uploaded bytes 41943040
Avaliar a mesma candidata / Publicar bytes verificados, confirmar preview e changelog	UNKNOWN STEP	2026-10-08T22:11:42.0718634Z Uploaded bytes 50331648
Avaliar a mesma candidata / Publicar bytes verificados, confirmar preview e changelog	UNKNOWN STEP	2026-10-08T22:11:42.7186788Z Uploaded bytes 58720256
Avaliar a mesma candidata / Publicar bytes verificados, confirmar preview e changelog	UNKNOWN STEP	2026-10-08T22:11:43.3301319Z Uploaded bytes 67108864
Avaliar a mesma candidata / Publicar bytes verificados, confirmar preview e changelog	UNKNOWN STEP	2026-10-08T22:11:43.8993120Z Uploaded bytes 75497472
Avaliar a mesma candidata / Publicar bytes verificados, confirmar preview e changelog	UNKNOWN STEP	2026-10-08T22:11:44.5602983Z Uploaded bytes 83886080
Avaliar a mesma candidata / Publicar bytes verificados, confirmar preview e changelog	UNKNOWN STEP	2026-10-08T22:11:45.1000516Z Uploaded bytes 92274688
Avaliar a mesma candidata / Publicar bytes verificados, confirmar preview e changelog	UNKNOWN STEP	2026-10-08T22:11:45.7279060Z Uploaded bytes 100663296
Avaliar a mesma candidata / Publicar bytes verificados, confirmar preview e changelog	UNKNOWN STEP	2026-10-08T22:11:46.4013437Z Uploaded bytes 109051904
Avaliar a mesma candidata / Publicar bytes verificados, confirmar preview e changelog	UNKNOWN STEP	2026-10-08T22:11:46.9765257Z Uploaded bytes 117440512
Avaliar a mesma candidata / Publicar bytes verificados, confirmar preview e changelog	UNKNOWN STEP	2026-10-08T22:11:47.6327383Z Uploaded bytes 125829120
Avaliar a mesma candidata / Publicar bytes verificados, confirmar preview e changelog	UNKNOWN STEP	2026-10-08T22:11:48.2649202Z Uploaded bytes 134217728
Avaliar a mesma candidata / Publicar bytes verificados, confirmar preview e changelog	UNKNOWN STEP	2026-10-08T22:11:48.7993034Z Uploaded bytes 141341636
Avaliar a mesma candidata / Publicar bytes verificados, confirmar preview e changelog	UNKNOWN STEP	2026-10-08T22:11:48.8619196Z Finished uploading artifact content to blob storage!
Avaliar a mesma candidata / Publicar bytes verificados, confirmar preview e changelog	UNKNOWN STEP	2026-10-08T22:11:48.8620883Z SHA256 digest of uploaded artifact zip is 9c776f8788dbe7707bece0df1b9769d04b915cab5ea7b07432fe90e5ecfdae6a
Avaliar a mesma candidata / Publicar bytes verificados, confirmar preview e changelog	UNKNOWN STEP	2026-10-08T22:11:48.8622694Z Finalizing artifact upload
Avaliar a mesma candidata / Publicar bytes verificados, confirmar preview e changelog	UNKNOWN STEP	2026-10-08T22:11:49.2577160Z Artifact github-pages.zip successfully finalized. Artifact ID 11581674564
Avaliar a mesma candidata / Publicar bytes verificados, confirmar preview e changelog	UNKNOWN STEP	2026-10-08T22:11:49.2578002Z Artifact github-pages has been successfully uploaded! Final size is 141341636 bytes. Artifact ID is 11581674564
Avaliar a mesma candidata / Publicar bytes verificados, confirmar preview e changelog	UNKNOWN STEP	2026-10-08T22:11:49.2584922Z Artifact download URL: https://github.com/israelhudson/flutter_code_push_example/actions/runs/37851607911/artifacts/11581674564
Avaliar a mesma candidata / Publicar bytes verificados, confirmar preview e changelog	UNKNOWN STEP	2026-10-08T22:11:49.2710460Z ##[end-action id=__actions_upload-pages-artifact.upload-artifact;outcome=success;conclusion=success;duration_ms=11564]
Avaliar a mesma candidata / Publicar bytes verificados, confirmar preview e changelog	UNKNOWN STEP	2026-10-08T22:11:49.2773444Z ##[group]Run actions/deploy-pages@d6db90164ac5ed86f2b6aed7e0febac5b3c0c03e
Avaliar a mesma candidata / Publicar bytes verificados, confirmar preview e changelog	UNKNOWN STEP	2026-10-08T22:11:49.2773968Z with:
Avaliar a mesma candidata / Publicar bytes verificados, confirmar preview e changelog	UNKNOWN STEP	2026-10-08T22:11:49.2775882Z   token: ***
Avaliar a mesma candidata / Publicar bytes verificados, confirmar preview e changelog	UNKNOWN STEP	2026-10-08T22:11:49.2776060Z   timeout: 600000
Avaliar a mesma candidata / Publicar bytes verificados, confirmar preview e changelog	UNKNOWN STEP	2026-10-08T22:11:49.2776245Z   error_count: 10
Avaliar a mesma candidata / Publicar bytes verificados, confirmar preview e changelog	UNKNOWN STEP	2026-10-08T22:11:49.2776430Z   reporting_interval: 5000
Avaliar a mesma candidata / Publicar bytes verificados, confirmar preview e changelog	UNKNOWN STEP	2026-10-08T22:11:49.2776642Z   artifact_name: github-pages
Avaliar a mesma candidata / Publicar bytes verificados, confirmar preview e changelog	UNKNOWN STEP	2026-10-08T22:11:49.2776862Z   preview: false
Avaliar a mesma candidata / Publicar bytes verificados, confirmar preview e changelog	UNKNOWN STEP	2026-10-08T22:11:49.2777042Z ##[endgroup]
Avaliar a mesma candidata / Publicar bytes verificados, confirmar preview e changelog	UNKNOWN STEP	2026-10-08T22:11:49.4184059Z (node:2311) [DEP0040] DeprecationWarning: The `punycode` module is deprecated. Please use a userland alternative instead.
Avaliar a mesma candidata / Publicar bytes verificados, confirmar preview e changelog	UNKNOWN STEP	2026-10-08T22:11:49.4184771Z (Use `node --trace-deprecation ...` to show where the warning was created)
Avaliar a mesma candidata / Publicar bytes verificados, confirmar preview e changelog	UNKNOWN STEP	2026-10-08T22:11:49.6491461Z Fetching artifact metadata for "github-pages" in this workflow run
Avaliar a mesma candidata / Publicar bytes verificados, confirmar preview e changelog	UNKNOWN STEP	2026-10-08T22:11:49.8735354Z Found 4 artifact(s)
Avaliar a mesma candidata / Publicar bytes verificados, confirmar preview e changelog	UNKNOWN STEP	2026-10-08T22:11:49.8746219Z Creating Pages deployment with payload:
Avaliar a mesma candidata / Publicar bytes verificados, confirmar preview e changelog	UNKNOWN STEP	2026-10-08T22:11:49.8746646Z {
Avaliar a mesma candidata / Publicar bytes verificados, confirmar preview e changelog	UNKNOWN STEP	2026-10-08T22:11:49.8747036Z 	"artifact_id": 11581674564,
Avaliar a mesma candidata / Publicar bytes verificados, confirmar preview e changelog	UNKNOWN STEP	2026-10-08T22:11:49.8747514Z 	"pages_build_version": "9c4ad37fc415a98ef2a8cfdc5be8d5cf97fe35b0",
Avaliar a mesma candidata / Publicar bytes verificados, confirmar preview e changelog	UNKNOWN STEP	2026-10-08T22:11:49.8809678Z 	"oidc_token": "***"
Avaliar a mesma candidata / Publicar bytes verificados, confirmar preview e changelog	UNKNOWN STEP	2026-10-08T22:11:49.8810035Z }
Avaliar a mesma candidata / Publicar bytes verificados, confirmar preview e changelog	UNKNOWN STEP	2026-10-08T22:11:50.8459838Z Created deployment for 9c4ad37fc415a98ef2a8cfdc5be8d5cf97fe35b0, ID: 9c4ad37fc415a98ef2a8cfdc5be8d5cf97fe35b0
Avaliar a mesma candidata / Publicar bytes verificados, confirmar preview e changelog	UNKNOWN STEP	2026-10-08T22:11:55.8476088Z Getting Pages deployment status...
Avaliar a mesma candidata / Publicar bytes verificados, confirmar preview e changelog	UNKNOWN STEP	2026-10-08T22:11:56.1073321Z Reported success!
Avaliar a mesma candidata / Publicar bytes verificados, confirmar preview e changelog	UNKNOWN STEP	2026-10-08T22:11:56.1232814Z ##[group]Run python3 - <<'PY'
Avaliar a mesma candidata / Publicar bytes verificados, confirmar preview e changelog	UNKNOWN STEP	2026-10-08T22:11:56.1233097Z ^[[36;1mpython3 - <<'PY'^[[0m
Avaliar a mesma candidata / Publicar bytes verificados, confirmar preview e changelog	UNKNOWN STEP	2026-10-08T22:11:56.1233320Z ^[[36;1mimport json, os, re^[[0m
Avaliar a mesma candidata / Publicar bytes verificados, confirmar preview e changelog	UNKNOWN STEP	2026-10-08T22:11:56.1233562Z ^[[36;1mfrom pathlib import Path^[[0m
Avaliar a mesma candidata / Publicar bytes verificados, confirmar preview e changelog	UNKNOWN STEP	2026-10-08T22:11:56.1233993Z ^[[36;1mmetadata = json.loads(Path(os.environ['RUNNER_TEMP'], 'release-lab', 'preview-metadata.json').read_text())^[[0m
Avaliar a mesma candidata / Publicar bytes verificados, confirmar preview e changelog	UNKNOWN STEP	2026-10-08T22:11:56.1234478Z ^[[36;1mkeys = ('web_content_sha256', 'snapshot_manifest_sha256')^[[0m
Avaliar a mesma candidata / Publicar bytes verificados, confirmar preview e changelog	UNKNOWN STEP	2026-10-08T22:11:56.1234973Z ^[[36;1mif metadata['source_sha'] != os.environ['SOURCE_SHA'] or any(not re.fullmatch(r'[0-9a-f]{64}', metadata[key]) for key in keys):^[[0m
Avaliar a mesma candidata / Publicar bytes verificados, confirmar preview e changelog	UNKNOWN STEP	2026-10-08T22:11:56.1235550Z ^[[36;1m    raise ValueError('Metadata não corresponde à fonte congelada.')^[[0m
Avaliar a mesma candidata / Publicar bytes verificados, confirmar preview e changelog	UNKNOWN STEP	2026-10-08T22:11:56.1235973Z ^[[36;1mwith open(os.environ['GITHUB_OUTPUT'], 'a') as output:^[[0m
Avaliar a mesma candidata / Publicar bytes verificados, confirmar preview e changelog	UNKNOWN STEP	2026-10-08T22:11:56.1236269Z ^[[36;1m    for key in keys:^[[0m
Avaliar a mesma candidata / Publicar bytes verificados, confirmar preview e changelog	UNKNOWN STEP	2026-10-08T22:11:56.1236526Z ^[[36;1m        output.write(key + '=' + metadata[key] + '\n')^[[0m
Avaliar a mesma candidata / Publicar bytes verificados, confirmar preview e changelog	UNKNOWN STEP	2026-10-08T22:11:56.1236825Z ^[[36;1mPY^[[0m
Avaliar a mesma candidata / Publicar bytes verificados, confirmar preview e changelog	UNKNOWN STEP	2026-10-08T22:11:56.1291629Z shell: /usr/bin/bash -e {0}
Avaliar a mesma candidata / Publicar bytes verificados, confirmar preview e changelog	UNKNOWN STEP	2026-10-08T22:11:56.1291858Z env:
Avaliar a mesma candidata / Publicar bytes verificados, confirmar preview e changelog	UNKNOWN STEP	2026-10-08T22:11:56.1292091Z   SOURCE_SHA: b8763ec5adc5e24ce34f474a66a079b48a9ffa0f
Avaliar a mesma candidata / Publicar bytes verificados, confirmar preview e changelog	UNKNOWN STEP	2026-10-08T22:11:56.1292364Z ##[endgroup]
Avaliar a mesma candidata / Publicar bytes verificados, confirmar preview e changelog	UNKNOWN STEP	2026-10-08T22:11:56.1615644Z ##[group]Run python3 trusted/deploy/pages_smoke.py --source-sha "$SOURCE_SHA" --expected-web-content-sha256 "$WEB_CONTENT_SHA256" --expected-snapshot-manifest-sha256 "$SNAPSHOT_MANIFEST_SHA256" --output "$RUNNER_TEMP/pages-smoke.json"
Avaliar a mesma candidata / Publicar bytes verificados, confirmar preview e changelog	UNKNOWN STEP	2026-10-08T22:11:56.1616912Z ^[[36;1mpython3 trusted/deploy/pages_smoke.py --source-sha "$SOURCE_SHA" --expected-web-content-sha256 "$WEB_CONTENT_SHA256" --expected-snapshot-manifest-sha256 "$SNAPSHOT_MANIFEST_SHA256" --output "$RUNNER_TEMP/pages-smoke.json"^[[0m
Avaliar a mesma candidata / Publicar bytes verificados, confirmar preview e changelog	UNKNOWN STEP	2026-10-08T22:11:56.1667874Z shell: /usr/bin/bash -e {0}
Avaliar a mesma candidata / Publicar bytes verificados, confirmar preview e changelog	UNKNOWN STEP	2026-10-08T22:11:56.1668096Z env:
Avaliar a mesma candidata / Publicar bytes verificados, confirmar preview e changelog	UNKNOWN STEP	2026-10-08T22:11:56.1668460Z   SOURCE_SHA: b8763ec5adc5e24ce34f474a66a079b48a9ffa0f
Avaliar a mesma candidata / Publicar bytes verificados, confirmar preview e changelog	UNKNOWN STEP	2026-10-08T22:11:56.1668843Z   WEB_CONTENT_SHA256: 303290db96b8bec5f7a510e697e9486ca999e07a1954c601480ac3fbb8fa3c25
Avaliar a mesma candidata / Publicar bytes verificados, confirmar preview e changelog	UNKNOWN STEP	2026-10-08T22:11:56.1669330Z   SNAPSHOT_MANIFEST_SHA256: e7bb027a50d4ba04ffe2beaab9f375881b9e2f3a8e504e241b6b671628504da9
Avaliar a mesma candidata / Publicar bytes verificados, confirmar preview e changelog	UNKNOWN STEP	2026-10-08T22:11:56.1669688Z ##[endgroup]
Avaliar a mesma candidata / Publicar bytes verificados, confirmar preview e changelog	UNKNOWN STEP	2026-10-08T22:11:56.3809412Z Aguardando propagação Pages: HTTP 404
Avaliar a mesma candidata / Publicar bytes verificados, confirmar preview e changelog	UNKNOWN STEP	2026-10-08T22:12:07.1046573Z {
Avaliar a mesma candidata / Publicar bytes verificados, confirmar preview e changelog	UNKNOWN STEP	2026-10-08T22:12:07.1046904Z   "success": true,
Avaliar a mesma candidata / Publicar bytes verificados, confirmar preview e changelog	UNKNOWN STEP	2026-10-08T22:12:07.1047305Z   "source_sha": "b8763ec5adc5e24ce34f474a66a079b48a9ffa0f",
Avaliar a mesma candidata / Publicar bytes verificados, confirmar preview e changelog	UNKNOWN STEP	2026-10-08T22:12:07.1047976Z   "web_content_sha256": "303290db96b8bec5f7a510e697e9486ca999e07a1954c601480ac3fbb8fa3c25",
Avaliar a mesma candidata / Publicar bytes verificados, confirmar preview e changelog	UNKNOWN STEP	2026-10-08T22:12:07.1048951Z   "snapshot_manifest_sha256": "e7bb027a50d4ba04ffe2beaab9f375881b9e2f3a8e504e241b6b671628504da9",
Avaliar a mesma candidata / Publicar bytes verificados, confirmar preview e changelog	UNKNOWN STEP	2026-10-08T22:12:07.1050061Z   "snapshot_url": "https://israelhudson.github.io/flutter_code_push_example/snapshots/b8763ec5adc5e24ce34f474a66a079b48a9ffa0f/",
Avaliar a mesma candidata / Publicar bytes verificados, confirmar preview e changelog	UNKNOWN STEP	2026-10-08T22:12:07.1050526Z   "verified_files": [
Avaliar a mesma candidata / Publicar bytes verificados, confirmar preview e changelog	UNKNOWN STEP	2026-10-08T22:12:07.1050727Z     "files.json",
Avaliar a mesma candidata / Publicar bytes verificados, confirmar preview e changelog	UNKNOWN STEP	2026-10-08T22:12:07.1050914Z     "metadata.json",
Avaliar a mesma candidata / Publicar bytes verificados, confirmar preview e changelog	UNKNOWN STEP	2026-10-08T22:12:07.1051106Z     "index.html",
Avaliar a mesma candidata / Publicar bytes verificados, confirmar preview e changelog	UNKNOWN STEP	2026-10-08T22:12:07.1051288Z     "app/index.html",
Avaliar a mesma candidata / Publicar bytes verificados, confirmar preview e changelog	UNKNOWN STEP	2026-10-08T22:12:07.1051497Z     "app/flutter_bootstrap.js",
Avaliar a mesma candidata / Publicar bytes verificados, confirmar preview e changelog	UNKNOWN STEP	2026-10-08T22:12:07.1051715Z     "app/main.dart.js"
Avaliar a mesma candidata / Publicar bytes verificados, confirmar preview e changelog	UNKNOWN STEP	2026-10-08T22:12:07.1051908Z   ],
Avaliar a mesma candidata / Publicar bytes verificados, confirmar preview e changelog	UNKNOWN STEP	2026-10-08T22:12:07.1052104Z   "attempts": 2
Avaliar a mesma candidata / Publicar bytes verificados, confirmar preview e changelog	UNKNOWN STEP	2026-10-08T22:12:07.1052286Z }
Avaliar a mesma candidata / Publicar bytes verificados, confirmar preview e changelog	UNKNOWN STEP	2026-10-08T22:12:07.1981654Z ##[group]Run python3 trusted/tools/delivery/release_lab.py report --candidate-tag "$CANDIDATE_TAG" --preview-report "$RUNNER_TEMP/pages-smoke.json" --preview-metadata "$RUNNER_TEMP/release-lab/preview-metadata.json" --output "$RUNNER_TEMP/release-lab"
Avaliar a mesma candidata / Publicar bytes verificados, confirmar preview e changelog	UNKNOWN STEP	2026-10-08T22:12:07.1983836Z ^[[36;1mpython3 trusted/tools/delivery/release_lab.py report --candidate-tag "$CANDIDATE_TAG" --preview-report "$RUNNER_TEMP/pages-smoke.json" --preview-metadata "$RUNNER_TEMP/release-lab/preview-metadata.json" --output "$RUNNER_TEMP/release-lab"^[[0m
Avaliar a mesma candidata / Publicar bytes verificados, confirmar preview e changelog	UNKNOWN STEP	2026-10-08T22:12:07.2041485Z shell: /usr/bin/bash -e {0}
Avaliar a mesma candidata / Publicar bytes verificados, confirmar preview e changelog	UNKNOWN STEP	2026-10-08T22:12:07.2041716Z env:
Avaliar a mesma candidata / Publicar bytes verificados, confirmar preview e changelog	UNKNOWN STEP	2026-10-08T22:12:07.2043852Z   GH_TOKEN: ***
Avaliar a mesma candidata / Publicar bytes verificados, confirmar preview e changelog	UNKNOWN STEP	2026-10-08T22:12:07.2044082Z   CANDIDATE_TAG: v1.5.0-rc.2
Avaliar a mesma candidata / Publicar bytes verificados, confirmar preview e changelog	UNKNOWN STEP	2026-10-08T22:12:07.2044307Z ##[endgroup]
Avaliar a mesma candidata / Publicar bytes verificados, confirmar preview e changelog	UNKNOWN STEP	2026-10-08T22:12:12.3676393Z {"report_digest": "f322ac38d3d87747dc7a29642a19d9892476bcb642a34f9602ddc910a9624334", "report_url": "https://github.com/israelhudson/flutter_code_push_example/actions/runs/37851607911", "preview_url": "https://israelhudson.github.io/flutter_code_push_example/snapshots/b8763ec5adc5e24ce34f474a66a079b48a9ffa0f/"}
Avaliar a mesma candidata / Publicar bytes verificados, confirmar preview e changelog	UNKNOWN STEP	2026-10-08T22:12:12.3788174Z ##[group]Run actions/upload-artifact@ea165f8d65b6e75b540449e92b4886f43607fa02
Avaliar a mesma candidata / Publicar bytes verificados, confirmar preview e changelog	UNKNOWN STEP	2026-10-08T22:12:12.3788651Z with:
Avaliar a mesma candidata / Publicar bytes verificados, confirmar preview e changelog	UNKNOWN STEP	2026-10-08T22:12:12.3788847Z   name: release-lab-evaluation
Avaliar a mesma candidata / Publicar bytes verificados, confirmar preview e changelog	UNKNOWN STEP	2026-10-08T22:12:12.3789192Z   path: /home/runner/work/_temp/release-lab/
Avaliar a mesma candidata / Publicar bytes verificados, confirmar preview e changelog	UNKNOWN STEP	/home/runner/work/_temp/pages-smoke.json
Avaliar a mesma candidata / Publicar bytes verificados, confirmar preview e changelog	UNKNOWN STEP	
Avaliar a mesma candidata / Publicar bytes verificados, confirmar preview e changelog	UNKNOWN STEP	2026-10-08T22:12:12.3789567Z   if-no-files-found: ignore
Avaliar a mesma candidata / Publicar bytes verificados, confirmar preview e changelog	UNKNOWN STEP	2026-10-08T22:12:12.3789792Z   retention-days: 90
Avaliar a mesma candidata / Publicar bytes verificados, confirmar preview e changelog	UNKNOWN STEP	2026-10-08T22:12:12.3789984Z   overwrite: false
Avaliar a mesma candidata / Publicar bytes verificados, confirmar preview e changelog	UNKNOWN STEP	2026-10-08T22:12:12.3790183Z   compression-level: 6
Avaliar a mesma candidata / Publicar bytes verificados, confirmar preview e changelog	UNKNOWN STEP	2026-10-08T22:12:12.3790388Z   include-hidden-files: false
Avaliar a mesma candidata / Publicar bytes verificados, confirmar preview e changelog	UNKNOWN STEP	2026-10-08T22:12:12.3790605Z ##[endgroup]
Avaliar a mesma candidata / Publicar bytes verificados, confirmar preview e changelog	UNKNOWN STEP	2026-10-08T22:12:12.5105654Z (node:2403) [DEP0040] DeprecationWarning: The `punycode` module is deprecated. Please use a userland alternative instead.
Avaliar a mesma candidata / Publicar bytes verificados, confirmar preview e changelog	UNKNOWN STEP	2026-10-08T22:12:12.5106241Z (Use `node --trace-deprecation ...` to show where the warning was created)
Avaliar a mesma candidata / Publicar bytes verificados, confirmar preview e changelog	UNKNOWN STEP	2026-10-08T22:12:12.5154923Z Multiple search paths detected. Calculating the least common ancestor of all paths
Avaliar a mesma candidata / Publicar bytes verificados, confirmar preview e changelog	UNKNOWN STEP	2026-10-08T22:12:12.5156886Z The least common ancestor is /home/runner/work/_temp. This will be the root directory of the artifact
Avaliar a mesma candidata / Publicar bytes verificados, confirmar preview e changelog	UNKNOWN STEP	2026-10-08T22:12:12.5157742Z With the provided path, there will be 4 files uploaded
Avaliar a mesma candidata / Publicar bytes verificados, confirmar preview e changelog	UNKNOWN STEP	2026-10-08T22:12:12.5168853Z Artifact name is valid!
Avaliar a mesma candidata / Publicar bytes verificados, confirmar preview e changelog	UNKNOWN STEP	2026-10-08T22:12:12.5169259Z Root directory input is valid!
Avaliar a mesma candidata / Publicar bytes verificados, confirmar preview e changelog	UNKNOWN STEP	2026-10-08T22:12:12.8844145Z Beginning upload of artifact content to blob storage
Avaliar a mesma candidata / Publicar bytes verificados, confirmar preview e changelog	UNKNOWN STEP	2026-10-08T22:12:12.9013528Z (node:2403) [DEP0169] DeprecationWarning: `url.parse()` behavior is not standardized and prone to errors that have security implications. Use the WHATWG URL API instead. CVEs are not issued for `url.parse()` vulnerabilities.
Avaliar a mesma candidata / Publicar bytes verificados, confirmar preview e changelog	UNKNOWN STEP	2026-10-08T22:12:13.1188221Z Uploaded bytes 4705
Avaliar a mesma candidata / Publicar bytes verificados, confirmar preview e changelog	UNKNOWN STEP	2026-10-08T22:12:13.1806956Z Finished uploading artifact content to blob storage!
Avaliar a mesma candidata / Publicar bytes verificados, confirmar preview e changelog	UNKNOWN STEP	2026-10-08T22:12:13.1807482Z SHA256 digest of uploaded artifact zip is c942dcfe782c8e49d78c228ec884e0d5c9ba6d07f76fe3f87106d5b45fb80f48
Avaliar a mesma candidata / Publicar bytes verificados, confirmar preview e changelog	UNKNOWN STEP	2026-10-08T22:12:13.1815072Z Finalizing artifact upload
Avaliar a mesma candidata / Publicar bytes verificados, confirmar preview e changelog	UNKNOWN STEP	2026-10-08T22:12:13.4984560Z Artifact release-lab-evaluation.zip successfully finalized. Artifact ID 11582735662
Avaliar a mesma candidata / Publicar bytes verificados, confirmar preview e changelog	UNKNOWN STEP	2026-10-08T22:12:13.4985490Z Artifact release-lab-evaluation has been successfully uploaded! Final size is 4705 bytes. Artifact ID is 11582735662
Avaliar a mesma candidata / Publicar bytes verificados, confirmar preview e changelog	UNKNOWN STEP	2026-10-08T22:12:13.4990220Z Artifact download URL: https://github.com/israelhudson/flutter_code_push_example/actions/runs/37851607911/artifacts/11582735662
Avaliar a mesma candidata / Publicar bytes verificados, confirmar preview e changelog	UNKNOWN STEP	2026-10-08T22:12:13.5141924Z Post job cleanup.
Avaliar a mesma candidata / Publicar bytes verificados, confirmar preview e changelog	UNKNOWN STEP	2026-10-08T22:12:13.5828745Z [command]/usr/bin/git version
Avaliar a mesma candidata / Publicar bytes verificados, confirmar preview e changelog	UNKNOWN STEP	2026-10-08T22:12:13.5863144Z git version 2.55.0
Avaliar a mesma candidata / Publicar bytes verificados, confirmar preview e changelog	UNKNOWN STEP	2026-10-08T22:12:13.5890159Z Temporarily overriding HOME='/home/runner/work/_temp/0fcfa283-8283-49ae-b407-0ac57c8afafa' before making global git config changes
Avaliar a mesma candidata / Publicar bytes verificados, confirmar preview e changelog	UNKNOWN STEP	2026-10-08T22:12:13.5891288Z Adding repository directory to the temporary git global config as a safe directory
Avaliar a mesma candidata / Publicar bytes verificados, confirmar preview e changelog	UNKNOWN STEP	2026-10-08T22:12:13.5895556Z [command]/usr/bin/git config --global --add safe.directory /home/runner/work/flutter_code_push_example/flutter_code_push_example/trusted
Avaliar a mesma candidata / Publicar bytes verificados, confirmar preview e changelog	UNKNOWN STEP	2026-10-08T22:12:13.5928692Z [command]/usr/bin/git config --local --name-only --get-regexp core\.sshCommand
Avaliar a mesma candidata / Publicar bytes verificados, confirmar preview e changelog	UNKNOWN STEP	2026-10-08T22:12:13.5957247Z [command]/usr/bin/git submodule foreach --recursive sh -c "git config --local --name-only --get-regexp 'core\.sshCommand' && git config --local --unset-all 'core.sshCommand' || :"
Avaliar a mesma candidata / Publicar bytes verificados, confirmar preview e changelog	UNKNOWN STEP	2026-10-08T22:12:13.6160769Z [command]/usr/bin/git config --local --name-only --get-regexp http\.https\:\/\/github\.com\/\.extraheader
Avaliar a mesma candidata / Publicar bytes verificados, confirmar preview e changelog	UNKNOWN STEP	2026-10-08T22:12:13.6189383Z [command]/usr/bin/git submodule foreach --recursive sh -c "git config --local --name-only --get-regexp 'http\.https\:\/\/github\.com\/\.extraheader' && git config --local --unset-all 'http.https://github.com/.extraheader' || :"
Avaliar a mesma candidata / Publicar bytes verificados, confirmar preview e changelog	UNKNOWN STEP	2026-10-08T22:12:13.6402165Z [command]/usr/bin/git config --local --name-only --get-regexp ^includeIf\.gitdir:
Avaliar a mesma candidata / Publicar bytes verificados, confirmar preview e changelog	UNKNOWN STEP	2026-10-08T22:12:13.6432768Z [command]/usr/bin/git submodule foreach --recursive git config --local --show-origin --name-only --get-regexp remote.origin.url
Avaliar a mesma candidata / Publicar bytes verificados, confirmar preview e changelog	UNKNOWN STEP	2026-10-08T22:12:13.7105920Z Evaluate and set job outputs
Avaliar a mesma candidata / Publicar bytes verificados, confirmar preview e changelog	UNKNOWN STEP	2026-10-08T22:12:13.7111404Z Set output 'report_digest'
Avaliar a mesma candidata / Publicar bytes verificados, confirmar preview e changelog	UNKNOWN STEP	2026-10-08T22:12:13.7112889Z Set output 'report_url'
Avaliar a mesma candidata / Publicar bytes verificados, confirmar preview e changelog	UNKNOWN STEP	2026-10-08T22:12:13.7113641Z Set output 'preview_url'
Avaliar a mesma candidata / Publicar bytes verificados, confirmar preview e changelog	UNKNOWN STEP	2026-10-08T22:12:13.7114174Z Evaluate and set environment url
Avaliar a mesma candidata / Publicar bytes verificados, confirmar preview e changelog	UNKNOWN STEP	2026-10-08T22:12:13.7116378Z Evaluated environment url: https://israelhudson.github.io/flutter_code_push_example/snapshots/b8763ec5adc5e24ce34f474a66a079b48a9ffa0f/
Avaliar a mesma candidata / Publicar bytes verificados, confirmar preview e changelog	UNKNOWN STEP	2026-10-08T22:12:13.7117387Z Cleaning up orphan processes
Avaliar a mesma candidata / Publicar bytes verificados, confirmar preview e changelog	UNKNOWN STEP	2026-10-08T22:12:13.7374797Z ##[warning]Node.js 20 is deprecated. The following actions target Node.js 20 but are being forced to run on Node.js 24: actions/checkout@11d5960a326750d5838078e36cf38b85af677262, actions/deploy-pages@d6db90164ac5ed86f2b6aed7e0febac5b3c0c03e, actions/download-artifact@d3f86a106a0bac45b974a628896c90dbdf5c8093, actions/upload-artifact@ea165f8d65b6e75b540449e92b4886f43607fa02. For more information see: https://github.blog/changelog/2025-09-19-deprecation-of-node-20-on-github-actions-runners/
Avaliar a mesma candidata / Registrar aprovação — israelhudson / Gate first	UNKNOWN STEP	﻿2026-10-08T22:14:07.6188403Z Current runner version: '2.337.0'
Avaliar a mesma candidata / Registrar aprovação — israelhudson / Gate first	UNKNOWN STEP	2026-10-08T22:14:07.6214149Z ##[group]Runner Image Provisioner
Avaliar a mesma candidata / Registrar aprovação — israelhudson / Gate first	UNKNOWN STEP	2026-10-08T22:14:07.6215038Z Hosted Compute Agent
Avaliar a mesma candidata / Registrar aprovação — israelhudson / Gate first	UNKNOWN STEP	2026-10-08T22:14:07.6215680Z Version: 20261002.596
Avaliar a mesma candidata / Registrar aprovação — israelhudson / Gate first	UNKNOWN STEP	2026-10-08T22:14:07.6216401Z Commit: c3d12f3313a95f25162a1503be624f3b0617f8c0
Avaliar a mesma candidata / Registrar aprovação — israelhudson / Gate first	UNKNOWN STEP	2026-10-08T22:14:07.6217149Z Build Date: 2026-10-02T22:28:27Z
Avaliar a mesma candidata / Registrar aprovação — israelhudson / Gate first	UNKNOWN STEP	2026-10-08T22:14:07.6217841Z Worker ID: {357dae6c-d494-47b0-a759-f613d4f4a743}
Avaliar a mesma candidata / Registrar aprovação — israelhudson / Gate first	UNKNOWN STEP	2026-10-08T22:14:07.6218626Z Region: eastus
Avaliar a mesma candidata / Registrar aprovação — israelhudson / Gate first	UNKNOWN STEP	2026-10-08T22:14:07.6219223Z Cloud: Azure
Avaliar a mesma candidata / Registrar aprovação — israelhudson / Gate first	UNKNOWN STEP	2026-10-08T22:14:07.6219793Z ##[endgroup]
Avaliar a mesma candidata / Registrar aprovação — israelhudson / Gate first	UNKNOWN STEP	2026-10-08T22:14:07.6221398Z ##[group]Operating System
Avaliar a mesma candidata / Registrar aprovação — israelhudson / Gate first	UNKNOWN STEP	2026-10-08T22:14:07.6222432Z Ubuntu
Avaliar a mesma candidata / Registrar aprovação — israelhudson / Gate first	UNKNOWN STEP	2026-10-08T22:14:07.6223116Z 24.04.5
Avaliar a mesma candidata / Registrar aprovação — israelhudson / Gate first	UNKNOWN STEP	2026-10-08T22:14:07.6223680Z LTS
Avaliar a mesma candidata / Registrar aprovação — israelhudson / Gate first	UNKNOWN STEP	2026-10-08T22:14:07.6224272Z ##[endgroup]
Avaliar a mesma candidata / Registrar aprovação — israelhudson / Gate first	UNKNOWN STEP	2026-10-08T22:14:07.6224895Z ##[group]Runner Image
Avaliar a mesma candidata / Registrar aprovação — israelhudson / Gate first	UNKNOWN STEP	2026-10-08T22:14:07.6225532Z Image: ubuntu-24.04
Avaliar a mesma candidata / Registrar aprovação — israelhudson / Gate first	UNKNOWN STEP	2026-10-08T22:14:07.6226191Z Version: 20261004.327.1
Avaliar a mesma candidata / Registrar aprovação — israelhudson / Gate first	UNKNOWN STEP	2026-10-08T22:14:07.6227512Z Included Software: https://github.com/actions/runner-images/blob/ubuntu24/20261004.327/images/ubuntu/Ubuntu2404-Readme.md
Avaliar a mesma candidata / Registrar aprovação — israelhudson / Gate first	UNKNOWN STEP	2026-10-08T22:14:07.6229225Z Image Release: https://github.com/actions/runner-images/releases/tag/ubuntu24%2F20261004.327
Avaliar a mesma candidata / Registrar aprovação — israelhudson / Gate first	UNKNOWN STEP	2026-10-08T22:14:07.6230635Z ##[endgroup]
Avaliar a mesma candidata / Registrar aprovação — israelhudson / Gate first	UNKNOWN STEP	2026-10-08T22:14:07.6232229Z ##[group]GITHUB_TOKEN Permissions
Avaliar a mesma candidata / Registrar aprovação — israelhudson / Gate first	UNKNOWN STEP	2026-10-08T22:14:07.6234566Z Actions: read
Avaliar a mesma candidata / Registrar aprovação — israelhudson / Gate first	UNKNOWN STEP	2026-10-08T22:14:07.6235199Z Contents: write
Avaliar a mesma candidata / Registrar aprovação — israelhudson / Gate first	UNKNOWN STEP	2026-10-08T22:14:07.6235792Z Metadata: read
Avaliar a mesma candidata / Registrar aprovação — israelhudson / Gate first	UNKNOWN STEP	2026-10-08T22:14:07.6236439Z ##[endgroup]
Avaliar a mesma candidata / Registrar aprovação — israelhudson / Gate first	UNKNOWN STEP	2026-10-08T22:14:07.6239398Z Secret source: Actions
Avaliar a mesma candidata / Registrar aprovação — israelhudson / Gate first	UNKNOWN STEP	2026-10-08T22:14:07.6240482Z Cache mode: write
Avaliar a mesma candidata / Registrar aprovação — israelhudson / Gate first	UNKNOWN STEP	2026-10-08T22:14:07.6241423Z Prepare workflow directory
Avaliar a mesma candidata / Registrar aprovação — israelhudson / Gate first	UNKNOWN STEP	2026-10-08T22:14:07.6567836Z Prepare all required actions
Avaliar a mesma candidata / Registrar aprovação — israelhudson / Gate first	UNKNOWN STEP	2026-10-08T22:14:07.6615372Z Getting action download info
Avaliar a mesma candidata / Registrar aprovação — israelhudson / Gate first	UNKNOWN STEP	2026-10-08T22:14:07.8727451Z Download action repository 'actions/checkout@11d5960a326750d5838078e36cf38b85af677262' (SHA:11d5960a326750d5838078e36cf38b85af677262)
Avaliar a mesma candidata / Registrar aprovação — israelhudson / Gate first	UNKNOWN STEP	2026-10-08T22:14:07.9584625Z Download action repository 'actions/upload-artifact@ea165f8d65b6e75b540449e92b4886f43607fa02' (SHA:ea165f8d65b6e75b540449e92b4886f43607fa02)
Avaliar a mesma candidata / Registrar aprovação — israelhudson / Gate first	UNKNOWN STEP	2026-10-08T22:14:08.1663658Z Uses: israelhudson/flutter_code_push_example/.github/workflows/release-lab-evaluate.yml@refs/heads/main (9c4ad37fc415a98ef2a8cfdc5be8d5cf97fe35b0)
Avaliar a mesma candidata / Registrar aprovação — israelhudson / Gate first	UNKNOWN STEP	2026-10-08T22:14:08.1668649Z ##[group] Inputs
Avaliar a mesma candidata / Registrar aprovação — israelhudson / Gate first	UNKNOWN STEP	2026-10-08T22:14:08.1669196Z   candidate_tag: v1.5.0-rc.2
Avaliar a mesma candidata / Registrar aprovação — israelhudson / Gate first	UNKNOWN STEP	2026-10-08T22:14:08.1669737Z   version: 1.5.0
Avaliar a mesma candidata / Registrar aprovação — israelhudson / Gate first	UNKNOWN STEP	2026-10-08T22:14:08.1670384Z   title: Laboratório corrigido — rejeição da RC1 e promoção da RC2
Avaliar a mesma candidata / Registrar aprovação — israelhudson / Gate first	UNKNOWN STEP	2026-10-08T22:14:08.1671111Z ##[endgroup]
Avaliar a mesma candidata / Registrar aprovação — israelhudson / Gate first	UNKNOWN STEP	2026-10-08T22:14:08.1672115Z Complete job name: Avaliar a mesma candidata / Registrar aprovação — israelhudson / Gate first
Avaliar a mesma candidata / Registrar aprovação — israelhudson / Gate first	UNKNOWN STEP	2026-10-08T22:14:08.2446712Z ##[group]Run actions/checkout@11d5960a326750d5838078e36cf38b85af677262
Avaliar a mesma candidata / Registrar aprovação — israelhudson / Gate first	UNKNOWN STEP	2026-10-08T22:14:08.2447780Z with:
Avaliar a mesma candidata / Registrar aprovação — israelhudson / Gate first	UNKNOWN STEP	2026-10-08T22:14:08.2448279Z   ref: 9c4ad37fc415a98ef2a8cfdc5be8d5cf97fe35b0
Avaliar a mesma candidata / Registrar aprovação — israelhudson / Gate first	UNKNOWN STEP	2026-10-08T22:14:08.2448891Z   path: trusted
Avaliar a mesma candidata / Registrar aprovação — israelhudson / Gate first	UNKNOWN STEP	2026-10-08T22:14:08.2449368Z   persist-credentials: false
Avaliar a mesma candidata / Registrar aprovação — israelhudson / Gate first	UNKNOWN STEP	2026-10-08T22:14:08.2449972Z   repository: israelhudson/flutter_code_push_example
Avaliar a mesma candidata / Registrar aprovação — israelhudson / Gate first	UNKNOWN STEP	2026-10-08T22:14:08.2454107Z   token: ***
Avaliar a mesma candidata / Registrar aprovação — israelhudson / Gate first	UNKNOWN STEP	2026-10-08T22:14:08.2454589Z   ssh-strict: true
Avaliar a mesma candidata / Registrar aprovação — israelhudson / Gate first	UNKNOWN STEP	2026-10-08T22:14:08.2455038Z   ssh-user: git
Avaliar a mesma candidata / Registrar aprovação — israelhudson / Gate first	UNKNOWN STEP	2026-10-08T22:14:08.2455479Z   clean: true
Avaliar a mesma candidata / Registrar aprovação — israelhudson / Gate first	UNKNOWN STEP	2026-10-08T22:14:08.2455938Z   sparse-checkout-cone-mode: true
Avaliar a mesma candidata / Registrar aprovação — israelhudson / Gate first	UNKNOWN STEP	2026-10-08T22:14:08.2456479Z   fetch-depth: 1
Avaliar a mesma candidata / Registrar aprovação — israelhudson / Gate first	UNKNOWN STEP	2026-10-08T22:14:08.2456919Z   fetch-tags: false
Avaliar a mesma candidata / Registrar aprovação — israelhudson / Gate first	UNKNOWN STEP	2026-10-08T22:14:08.2457376Z   show-progress: true
Avaliar a mesma candidata / Registrar aprovação — israelhudson / Gate first	UNKNOWN STEP	2026-10-08T22:14:08.2457832Z   lfs: false
Avaliar a mesma candidata / Registrar aprovação — israelhudson / Gate first	UNKNOWN STEP	2026-10-08T22:14:08.2458248Z   submodules: false
Avaliar a mesma candidata / Registrar aprovação — israelhudson / Gate first	UNKNOWN STEP	2026-10-08T22:14:08.2458697Z   set-safe-directory: true
Avaliar a mesma candidata / Registrar aprovação — israelhudson / Gate first	UNKNOWN STEP	2026-10-08T22:14:08.2459208Z   allow-unsafe-pr-checkout: false
Avaliar a mesma candidata / Registrar aprovação — israelhudson / Gate first	UNKNOWN STEP	2026-10-08T22:14:08.2460029Z ##[endgroup]
Avaliar a mesma candidata / Registrar aprovação — israelhudson / Gate first	UNKNOWN STEP	2026-10-08T22:14:08.3465012Z Syncing repository: israelhudson/flutter_code_push_example
Avaliar a mesma candidata / Registrar aprovação — israelhudson / Gate first	UNKNOWN STEP	2026-10-08T22:14:08.3467340Z ##[group]Getting Git version info
Avaliar a mesma candidata / Registrar aprovação — israelhudson / Gate first	UNKNOWN STEP	2026-10-08T22:14:08.3468354Z Working directory is '/home/runner/work/flutter_code_push_example/flutter_code_push_example/trusted'
Avaliar a mesma candidata / Registrar aprovação — israelhudson / Gate first	UNKNOWN STEP	2026-10-08T22:14:08.3470608Z [command]/usr/bin/git version
Avaliar a mesma candidata / Registrar aprovação — israelhudson / Gate first	UNKNOWN STEP	2026-10-08T22:14:08.3547819Z git version 2.55.0
Avaliar a mesma candidata / Registrar aprovação — israelhudson / Gate first	UNKNOWN STEP	2026-10-08T22:14:08.3570612Z ##[endgroup]
Avaliar a mesma candidata / Registrar aprovação — israelhudson / Gate first	UNKNOWN STEP	2026-10-08T22:14:08.3587548Z Temporarily overriding HOME='/home/runner/work/_temp/1f7dc8f4-9666-4d6a-8311-b8f961a3a2b2' before making global git config changes
Avaliar a mesma candidata / Registrar aprovação — israelhudson / Gate first	UNKNOWN STEP	2026-10-08T22:14:08.3590506Z Adding repository directory to the temporary git global config as a safe directory
Avaliar a mesma candidata / Registrar aprovação — israelhudson / Gate first	UNKNOWN STEP	2026-10-08T22:14:08.3603946Z [command]/usr/bin/git config --global --add safe.directory /home/runner/work/flutter_code_push_example/flutter_code_push_example/trusted
Avaliar a mesma candidata / Registrar aprovação — israelhudson / Gate first	UNKNOWN STEP	2026-10-08T22:14:08.3651563Z ##[group]Initializing the repository
Avaliar a mesma candidata / Registrar aprovação — israelhudson / Gate first	UNKNOWN STEP	2026-10-08T22:14:08.3657699Z [command]/usr/bin/git init /home/runner/work/flutter_code_push_example/flutter_code_push_example/trusted
Avaliar a mesma candidata / Registrar aprovação — israelhudson / Gate first	UNKNOWN STEP	2026-10-08T22:14:08.3769029Z hint: Using 'master' as the name for the initial branch. This default branch name
Avaliar a mesma candidata / Registrar aprovação — israelhudson / Gate first	UNKNOWN STEP	2026-10-08T22:14:08.3770544Z hint: will change to "main" in Git 3.0. To configure the initial branch name
Avaliar a mesma candidata / Registrar aprovação — israelhudson / Gate first	UNKNOWN STEP	2026-10-08T22:14:08.3771717Z hint: to use in all of your new repositories, which will suppress this warning,
Avaliar a mesma candidata / Registrar aprovação — israelhudson / Gate first	UNKNOWN STEP	2026-10-08T22:14:08.3772817Z hint: call:
Avaliar a mesma candidata / Registrar aprovação — israelhudson / Gate first	UNKNOWN STEP	2026-10-08T22:14:08.3773404Z hint:
Avaliar a mesma candidata / Registrar aprovação — israelhudson / Gate first	UNKNOWN STEP	2026-10-08T22:14:08.3773968Z hint: 	git config --global init.defaultBranch <name>
Avaliar a mesma candidata / Registrar aprovação — israelhudson / Gate first	UNKNOWN STEP	2026-10-08T22:14:08.3774748Z hint:
Avaliar a mesma candidata / Registrar aprovação — israelhudson / Gate first	UNKNOWN STEP	2026-10-08T22:14:08.3775366Z hint: Names commonly chosen instead of 'master' are 'main', 'trunk' and
Avaliar a mesma candidata / Registrar aprovação — israelhudson / Gate first	UNKNOWN STEP	2026-10-08T22:14:08.3776483Z hint: 'development'. The just-created branch can be renamed via this command:
Avaliar a mesma candidata / Registrar aprovação — israelhudson / Gate first	UNKNOWN STEP	2026-10-08T22:14:08.3777555Z hint:
Avaliar a mesma candidata / Registrar aprovação — israelhudson / Gate first	UNKNOWN STEP	2026-10-08T22:14:08.3778108Z hint: 	git branch -m <name>
Avaliar a mesma candidata / Registrar aprovação — israelhudson / Gate first	UNKNOWN STEP	2026-10-08T22:14:08.3778689Z hint:
Avaliar a mesma candidata / Registrar aprovação — israelhudson / Gate first	UNKNOWN STEP	2026-10-08T22:14:08.3779469Z hint: Disable this message with "git config set advice.defaultBranchName false"
Avaliar a mesma candidata / Registrar aprovação — israelhudson / Gate first	UNKNOWN STEP	2026-10-08T22:14:08.3786073Z Initialized empty Git repository in /home/runner/work/flutter_code_push_example/flutter_code_push_example/trusted/.git/
Avaliar a mesma candidata / Registrar aprovação — israelhudson / Gate first	UNKNOWN STEP	2026-10-08T22:14:08.3795963Z [command]/usr/bin/git remote add origin https://github.com/israelhudson/flutter_code_push_example
Avaliar a mesma candidata / Registrar aprovação — israelhudson / Gate first	UNKNOWN STEP	2026-10-08T22:14:08.3856787Z ##[endgroup]
Avaliar a mesma candidata / Registrar aprovação — israelhudson / Gate first	UNKNOWN STEP	2026-10-08T22:14:08.3858218Z ##[group]Disabling automatic garbage collection
Avaliar a mesma candidata / Registrar aprovação — israelhudson / Gate first	UNKNOWN STEP	2026-10-08T22:14:08.3861063Z [command]/usr/bin/git config --local gc.auto 0
Avaliar a mesma candidata / Registrar aprovação — israelhudson / Gate first	UNKNOWN STEP	2026-10-08T22:14:08.3895622Z ##[endgroup]
Avaliar a mesma candidata / Registrar aprovação — israelhudson / Gate first	UNKNOWN STEP	2026-10-08T22:14:08.3896852Z ##[group]Setting up auth
Avaliar a mesma candidata / Registrar aprovação — israelhudson / Gate first	UNKNOWN STEP	2026-10-08T22:14:08.3902923Z [command]/usr/bin/git config --local --name-only --get-regexp core\.sshCommand
Avaliar a mesma candidata / Registrar aprovação — israelhudson / Gate first	UNKNOWN STEP	2026-10-08T22:14:08.3937609Z [command]/usr/bin/git submodule foreach --recursive sh -c "git config --local --name-only --get-regexp 'core\.sshCommand' && git config --local --unset-all 'core.sshCommand' || :"
Avaliar a mesma candidata / Registrar aprovação — israelhudson / Gate first	UNKNOWN STEP	2026-10-08T22:14:08.4328354Z [command]/usr/bin/git config --local --name-only --get-regexp http\.https\:\/\/github\.com\/\.extraheader
Avaliar a mesma candidata / Registrar aprovação — israelhudson / Gate first	UNKNOWN STEP	2026-10-08T22:14:08.4367037Z [command]/usr/bin/git submodule foreach --recursive sh -c "git config --local --name-only --get-regexp 'http\.https\:\/\/github\.com\/\.extraheader' && git config --local --unset-all 'http.https://github.com/.extraheader' || :"
Avaliar a mesma candidata / Registrar aprovação — israelhudson / Gate first	UNKNOWN STEP	2026-10-08T22:14:08.4594435Z [command]/usr/bin/git config --local --name-only --get-regexp ^includeIf\.gitdir:
Avaliar a mesma candidata / Registrar aprovação — israelhudson / Gate first	UNKNOWN STEP	2026-10-08T22:14:08.4634294Z [command]/usr/bin/git submodule foreach --recursive git config --local --show-origin --name-only --get-regexp remote.origin.url
Avaliar a mesma candidata / Registrar aprovação — israelhudson / Gate first	UNKNOWN STEP	2026-10-08T22:14:08.4862544Z [command]/usr/bin/git config --local http.https://github.com/.extraheader AUTHORIZATION: basic ***
Avaliar a mesma candidata / Registrar aprovação — israelhudson / Gate first	UNKNOWN STEP	2026-10-08T22:14:08.4903401Z ##[endgroup]
Avaliar a mesma candidata / Registrar aprovação — israelhudson / Gate first	UNKNOWN STEP	2026-10-08T22:14:08.4904333Z ##[group]Fetching the repository
Avaliar a mesma candidata / Registrar aprovação — israelhudson / Gate first	UNKNOWN STEP	2026-10-08T22:14:08.4913849Z [command]/usr/bin/git -c protocol.version=2 fetch --no-tags --prune --no-recurse-submodules --depth=1 origin 9c4ad37fc415a98ef2a8cfdc5be8d5cf97fe35b0
Avaliar a mesma candidata / Registrar aprovação — israelhudson / Gate first	UNKNOWN STEP	2026-10-08T22:14:08.7294152Z From https://github.com/israelhudson/flutter_code_push_example
Avaliar a mesma candidata / Registrar aprovação — israelhudson / Gate first	UNKNOWN STEP	2026-10-08T22:14:08.7296201Z  * branch            9c4ad37fc415a98ef2a8cfdc5be8d5cf97fe35b0 -> FETCH_HEAD
Avaliar a mesma candidata / Registrar aprovação — israelhudson / Gate first	UNKNOWN STEP	2026-10-08T22:14:08.7299431Z ##[endgroup]
Avaliar a mesma candidata / Registrar aprovação — israelhudson / Gate first	UNKNOWN STEP	2026-10-08T22:14:08.7300927Z ##[group]Determining the checkout info
Avaliar a mesma candidata / Registrar aprovação — israelhudson / Gate first	UNKNOWN STEP	2026-10-08T22:14:08.7303255Z ##[endgroup]
Avaliar a mesma candidata / Registrar aprovação — israelhudson / Gate first	UNKNOWN STEP	2026-10-08T22:14:08.7309572Z [command]/usr/bin/git sparse-checkout disable
Avaliar a mesma candidata / Registrar aprovação — israelhudson / Gate first	UNKNOWN STEP	2026-10-08T22:14:08.7370806Z [command]/usr/bin/git config --local --unset-all extensions.worktreeConfig
Avaliar a mesma candidata / Registrar aprovação — israelhudson / Gate first	UNKNOWN STEP	2026-10-08T22:14:08.7404421Z ##[group]Checking out the ref
Avaliar a mesma candidata / Registrar aprovação — israelhudson / Gate first	UNKNOWN STEP	2026-10-08T22:14:08.7410780Z [command]/usr/bin/git checkout --progress --force 9c4ad37fc415a98ef2a8cfdc5be8d5cf97fe35b0
Avaliar a mesma candidata / Registrar aprovação — israelhudson / Gate first	UNKNOWN STEP	2026-10-08T22:14:08.7646717Z Note: switching to '9c4ad37fc415a98ef2a8cfdc5be8d5cf97fe35b0'.
Avaliar a mesma candidata / Registrar aprovação — israelhudson / Gate first	UNKNOWN STEP	2026-10-08T22:14:08.7647515Z 
Avaliar a mesma candidata / Registrar aprovação — israelhudson / Gate first	UNKNOWN STEP	2026-10-08T22:14:08.7647988Z You are in 'detached HEAD' state. You can look around, make experimental
Avaliar a mesma candidata / Registrar aprovação — israelhudson / Gate first	UNKNOWN STEP	2026-10-08T22:14:08.7649141Z changes and commit them, and you can discard any commits you make in this
Avaliar a mesma candidata / Registrar aprovação — israelhudson / Gate first	UNKNOWN STEP	2026-10-08T22:14:08.7650340Z state without impacting any branches by switching back to a branch.
Avaliar a mesma candidata / Registrar aprovação — israelhudson / Gate first	UNKNOWN STEP	2026-10-08T22:14:08.7651000Z 
Avaliar a mesma candidata / Registrar aprovação — israelhudson / Gate first	UNKNOWN STEP	2026-10-08T22:14:08.7651448Z If you want to create a new branch to retain commits you create, you may
Avaliar a mesma candidata / Registrar aprovação — israelhudson / Gate first	UNKNOWN STEP	2026-10-08T22:14:08.7653102Z do so (now or later) by using -c with the switch command. Example:
Avaliar a mesma candidata / Registrar aprovação — israelhudson / Gate first	UNKNOWN STEP	2026-10-08T22:14:08.7654168Z 
Avaliar a mesma candidata / Registrar aprovação — israelhudson / Gate first	UNKNOWN STEP	2026-10-08T22:14:08.7654659Z   git switch -c <new-branch-name>
Avaliar a mesma candidata / Registrar aprovação — israelhudson / Gate first	UNKNOWN STEP	2026-10-08T22:14:08.7655413Z 
Avaliar a mesma candidata / Registrar aprovação — israelhudson / Gate first	UNKNOWN STEP	2026-10-08T22:14:08.7655864Z Or undo this operation with:
Avaliar a mesma candidata / Registrar aprovação — israelhudson / Gate first	UNKNOWN STEP	2026-10-08T22:14:08.7656546Z 
Avaliar a mesma candidata / Registrar aprovação — israelhudson / Gate first	UNKNOWN STEP	2026-10-08T22:14:08.7656956Z   git switch -
Avaliar a mesma candidata / Registrar aprovação — israelhudson / Gate first	UNKNOWN STEP	2026-10-08T22:14:08.7657492Z 
Avaliar a mesma candidata / Registrar aprovação — israelhudson / Gate first	UNKNOWN STEP	2026-10-08T22:14:08.7658502Z Turn off this advice by setting config variable advice.detachedHead to false
Avaliar a mesma candidata / Registrar aprovação — israelhudson / Gate first	UNKNOWN STEP	2026-10-08T22:14:08.7659502Z 
Avaliar a mesma candidata / Registrar aprovação — israelhudson / Gate first	UNKNOWN STEP	2026-10-08T22:14:08.7660355Z HEAD is now at 9c4ad37 Merge pull request #14 from israelhudson/codex/release-lab-real-promotion
Avaliar a mesma candidata / Registrar aprovação — israelhudson / Gate first	UNKNOWN STEP	2026-10-08T22:14:08.7663875Z ##[endgroup]
Avaliar a mesma candidata / Registrar aprovação — israelhudson / Gate first	UNKNOWN STEP	2026-10-08T22:14:08.7703373Z [command]/usr/bin/git log -1 --format=%H
Avaliar a mesma candidata / Registrar aprovação — israelhudson / Gate first	UNKNOWN STEP	2026-10-08T22:14:08.7729752Z 9c4ad37fc415a98ef2a8cfdc5be8d5cf97fe35b0
Avaliar a mesma candidata / Registrar aprovação — israelhudson / Gate first	UNKNOWN STEP	2026-10-08T22:14:08.7738861Z ##[group]Removing auth
Avaliar a mesma candidata / Registrar aprovação — israelhudson / Gate first	UNKNOWN STEP	2026-10-08T22:14:08.7743344Z [command]/usr/bin/git config --local --name-only --get-regexp core\.sshCommand
Avaliar a mesma candidata / Registrar aprovação — israelhudson / Gate first	UNKNOWN STEP	2026-10-08T22:14:08.7775921Z [command]/usr/bin/git submodule foreach --recursive sh -c "git config --local --name-only --get-regexp 'core\.sshCommand' && git config --local --unset-all 'core.sshCommand' || :"
Avaliar a mesma candidata / Registrar aprovação — israelhudson / Gate first	UNKNOWN STEP	2026-10-08T22:14:08.7997627Z [command]/usr/bin/git config --local --name-only --get-regexp http\.https\:\/\/github\.com\/\.extraheader
Avaliar a mesma candidata / Registrar aprovação — israelhudson / Gate first	UNKNOWN STEP	2026-10-08T22:14:08.8025462Z http.https://github.com/.extraheader
Avaliar a mesma candidata / Registrar aprovação — israelhudson / Gate first	UNKNOWN STEP	2026-10-08T22:14:08.8032903Z [command]/usr/bin/git config --local --unset-all http.https://github.com/.extraheader
Avaliar a mesma candidata / Registrar aprovação — israelhudson / Gate first	UNKNOWN STEP	2026-10-08T22:14:08.8067681Z [command]/usr/bin/git submodule foreach --recursive sh -c "git config --local --name-only --get-regexp 'http\.https\:\/\/github\.com\/\.extraheader' && git config --local --unset-all 'http.https://github.com/.extraheader' || :"
Avaliar a mesma candidata / Registrar aprovação — israelhudson / Gate first	UNKNOWN STEP	2026-10-08T22:14:08.8286430Z [command]/usr/bin/git config --local --name-only --get-regexp ^includeIf\.gitdir:
Avaliar a mesma candidata / Registrar aprovação — israelhudson / Gate first	UNKNOWN STEP	2026-10-08T22:14:08.8319010Z [command]/usr/bin/git submodule foreach --recursive git config --local --show-origin --name-only --get-regexp remote.origin.url
Avaliar a mesma candidata / Registrar aprovação — israelhudson / Gate first	UNKNOWN STEP	2026-10-08T22:14:08.8536707Z ##[endgroup]
Avaliar a mesma candidata / Registrar aprovação — israelhudson / Gate first	UNKNOWN STEP	2026-10-08T22:14:08.8750835Z ##[group]Run python3 trusted/tools/delivery/release_lab.py approval --candidate-tag "$CANDIDATE_TAG" --report-digest "$REPORT_DIGEST" --role first --output "$RUNNER_TEMP/release-lab"
Avaliar a mesma candidata / Registrar aprovação — israelhudson / Gate first	UNKNOWN STEP	2026-10-08T22:14:08.8753310Z ^[[36;1mpython3 trusted/tools/delivery/release_lab.py approval --candidate-tag "$CANDIDATE_TAG" --report-digest "$REPORT_DIGEST" --role first --output "$RUNNER_TEMP/release-lab"^[[0m
Avaliar a mesma candidata / Registrar aprovação — israelhudson / Gate first	UNKNOWN STEP	2026-10-08T22:14:08.9008487Z shell: /usr/bin/bash -e {0}
Avaliar a mesma candidata / Registrar aprovação — israelhudson / Gate first	UNKNOWN STEP	2026-10-08T22:14:08.9009085Z env:
Avaliar a mesma candidata / Registrar aprovação — israelhudson / Gate first	UNKNOWN STEP	2026-10-08T22:14:08.9014041Z   GH_TOKEN: ***
Avaliar a mesma candidata / Registrar aprovação — israelhudson / Gate first	UNKNOWN STEP	2026-10-08T22:14:08.9014560Z   CANDIDATE_TAG: v1.5.0-rc.2
Avaliar a mesma candidata / Registrar aprovação — israelhudson / Gate first	UNKNOWN STEP	2026-10-08T22:14:08.9015407Z   REPORT_DIGEST: f322ac38d3d87747dc7a29642a19d9892476bcb642a34f9602ddc910a9624334
Avaliar a mesma candidata / Registrar aprovação — israelhudson / Gate first	UNKNOWN STEP	2026-10-08T22:14:08.9016315Z ##[endgroup]
Avaliar a mesma candidata / Registrar aprovação — israelhudson / Gate first	UNKNOWN STEP	2026-10-08T22:14:12.9739710Z {"reviewer": "israelhudson", "report_digest": "f322ac38d3d87747dc7a29642a19d9892476bcb642a34f9602ddc910a9624334"}
Avaliar a mesma candidata / Registrar aprovação — israelhudson / Gate first	UNKNOWN STEP	2026-10-08T22:14:12.9901557Z ##[group]Run actions/upload-artifact@ea165f8d65b6e75b540449e92b4886f43607fa02
Avaliar a mesma candidata / Registrar aprovação — israelhudson / Gate first	UNKNOWN STEP	2026-10-08T22:14:12.9902448Z with:
Avaliar a mesma candidata / Registrar aprovação — israelhudson / Gate first	UNKNOWN STEP	2026-10-08T22:14:12.9902769Z   name: release-lab-approval-first
Avaliar a mesma candidata / Registrar aprovação — israelhudson / Gate first	UNKNOWN STEP	2026-10-08T22:14:12.9903168Z   path: /home/runner/work/_temp/release-lab/
Avaliar a mesma candidata / Registrar aprovação — israelhudson / Gate first	UNKNOWN STEP	2026-10-08T22:14:12.9903590Z   if-no-files-found: ignore
Avaliar a mesma candidata / Registrar aprovação — israelhudson / Gate first	UNKNOWN STEP	2026-10-08T22:14:12.9903921Z   retention-days: 90
Avaliar a mesma candidata / Registrar aprovação — israelhudson / Gate first	UNKNOWN STEP	2026-10-08T22:14:12.9904432Z   overwrite: false
Avaliar a mesma candidata / Registrar aprovação — israelhudson / Gate first	UNKNOWN STEP	2026-10-08T22:14:12.9904735Z   compression-level: 6
Avaliar a mesma candidata / Registrar aprovação — israelhudson / Gate first	UNKNOWN STEP	2026-10-08T22:14:12.9905074Z   include-hidden-files: false
Avaliar a mesma candidata / Registrar aprovação — israelhudson / Gate first	UNKNOWN STEP	2026-10-08T22:14:12.9905424Z ##[endgroup]
Avaliar a mesma candidata / Registrar aprovação — israelhudson / Gate first	UNKNOWN STEP	2026-10-08T22:14:13.1568407Z (node:2475) [DEP0040] DeprecationWarning: The `punycode` module is deprecated. Please use a userland alternative instead.
Avaliar a mesma candidata / Registrar aprovação — israelhudson / Gate first	UNKNOWN STEP	2026-10-08T22:14:13.1569442Z (Use `node --trace-deprecation ...` to show where the warning was created)
Avaliar a mesma candidata / Registrar aprovação — israelhudson / Gate first	UNKNOWN STEP	2026-10-08T22:14:13.1632849Z With the provided path, there will be 1 file uploaded
Avaliar a mesma candidata / Registrar aprovação — israelhudson / Gate first	UNKNOWN STEP	2026-10-08T22:14:13.1635570Z Artifact name is valid!
Avaliar a mesma candidata / Registrar aprovação — israelhudson / Gate first	UNKNOWN STEP	2026-10-08T22:14:13.1636632Z Root directory input is valid!
Avaliar a mesma candidata / Registrar aprovação — israelhudson / Gate first	UNKNOWN STEP	2026-10-08T22:14:13.3844075Z Beginning upload of artifact content to blob storage
Avaliar a mesma candidata / Registrar aprovação — israelhudson / Gate first	UNKNOWN STEP	2026-10-08T22:14:13.4041491Z (node:2475) [DEP0169] DeprecationWarning: `url.parse()` behavior is not standardized and prone to errors that have security implications. Use the WHATWG URL API instead. CVEs are not issued for `url.parse()` vulnerabilities.
Avaliar a mesma candidata / Registrar aprovação — israelhudson / Gate first	UNKNOWN STEP	2026-10-08T22:14:13.4298126Z Uploaded bytes 535
Avaliar a mesma candidata / Registrar aprovação — israelhudson / Gate first	UNKNOWN STEP	2026-10-08T22:14:13.4459661Z Finished uploading artifact content to blob storage!
Avaliar a mesma candidata / Registrar aprovação — israelhudson / Gate first	UNKNOWN STEP	2026-10-08T22:14:13.4461445Z SHA256 digest of uploaded artifact zip is eedf3ce8450640c79fd8238f079a3b55dea750d223f8443875e7f1f54078ab34
Avaliar a mesma candidata / Registrar aprovação — israelhudson / Gate first	UNKNOWN STEP	2026-10-08T22:14:13.4463341Z Finalizing artifact upload
Avaliar a mesma candidata / Registrar aprovação — israelhudson / Gate first	UNKNOWN STEP	2026-10-08T22:14:13.6696958Z Artifact release-lab-approval-first.zip successfully finalized. Artifact ID 11582526240
Avaliar a mesma candidata / Registrar aprovação — israelhudson / Gate first	UNKNOWN STEP	2026-10-08T22:14:13.6699190Z Artifact release-lab-approval-first has been successfully uploaded! Final size is 535 bytes. Artifact ID is 11582526240
Avaliar a mesma candidata / Registrar aprovação — israelhudson / Gate first	UNKNOWN STEP	2026-10-08T22:14:13.6705944Z Artifact download URL: https://github.com/israelhudson/flutter_code_push_example/actions/runs/37851607911/artifacts/11582526240
Avaliar a mesma candidata / Registrar aprovação — israelhudson / Gate first	UNKNOWN STEP	2026-10-08T22:14:13.6934780Z Post job cleanup.
Avaliar a mesma candidata / Registrar aprovação — israelhudson / Gate first	UNKNOWN STEP	2026-10-08T22:14:13.7788022Z [command]/usr/bin/git version
Avaliar a mesma candidata / Registrar aprovação — israelhudson / Gate first	UNKNOWN STEP	2026-10-08T22:14:13.7835441Z git version 2.55.0
Avaliar a mesma candidata / Registrar aprovação — israelhudson / Gate first	UNKNOWN STEP	2026-10-08T22:14:13.7879934Z Temporarily overriding HOME='/home/runner/work/_temp/52408552-878d-4e1c-af44-d9446ea776f1' before making global git config changes
Avaliar a mesma candidata / Registrar aprovação — israelhudson / Gate first	UNKNOWN STEP	2026-10-08T22:14:13.7881239Z Adding repository directory to the temporary git global config as a safe directory
Avaliar a mesma candidata / Registrar aprovação — israelhudson / Gate first	UNKNOWN STEP	2026-10-08T22:14:13.7886403Z [command]/usr/bin/git config --global --add safe.directory /home/runner/work/flutter_code_push_example/flutter_code_push_example/trusted
Avaliar a mesma candidata / Registrar aprovação — israelhudson / Gate first	UNKNOWN STEP	2026-10-08T22:14:13.7927774Z [command]/usr/bin/git config --local --name-only --get-regexp core\.sshCommand
Avaliar a mesma candidata / Registrar aprovação — israelhudson / Gate first	UNKNOWN STEP	2026-10-08T22:14:13.7964715Z [command]/usr/bin/git submodule foreach --recursive sh -c "git config --local --name-only --get-regexp 'core\.sshCommand' && git config --local --unset-all 'core.sshCommand' || :"
Avaliar a mesma candidata / Registrar aprovação — israelhudson / Gate first	UNKNOWN STEP	2026-10-08T22:14:13.8210844Z [command]/usr/bin/git config --local --name-only --get-regexp http\.https\:\/\/github\.com\/\.extraheader
Avaliar a mesma candidata / Registrar aprovação — israelhudson / Gate first	UNKNOWN STEP	2026-10-08T22:14:13.8247073Z [command]/usr/bin/git submodule foreach --recursive sh -c "git config --local --name-only --get-regexp 'http\.https\:\/\/github\.com\/\.extraheader' && git config --local --unset-all 'http.https://github.com/.extraheader' || :"
Avaliar a mesma candidata / Registrar aprovação — israelhudson / Gate first	UNKNOWN STEP	2026-10-08T22:14:13.8505538Z [command]/usr/bin/git config --local --name-only --get-regexp ^includeIf\.gitdir:
Avaliar a mesma candidata / Registrar aprovação — israelhudson / Gate first	UNKNOWN STEP	2026-10-08T22:14:13.8540408Z [command]/usr/bin/git submodule foreach --recursive git config --local --show-origin --name-only --get-regexp remote.origin.url
Avaliar a mesma candidata / Registrar aprovação — israelhudson / Gate first	UNKNOWN STEP	2026-10-08T22:14:13.8948425Z Evaluate and set environment url
Avaliar a mesma candidata / Registrar aprovação — israelhudson / Gate first	UNKNOWN STEP	2026-10-08T22:14:13.8952883Z Evaluated environment url: https://github.com/israelhudson/flutter_code_push_example/actions/runs/37851607911
Avaliar a mesma candidata / Registrar aprovação — israelhudson / Gate first	UNKNOWN STEP	2026-10-08T22:14:13.8954099Z Cleaning up orphan processes
Avaliar a mesma candidata / Registrar aprovação — israelhudson / Gate first	UNKNOWN STEP	2026-10-08T22:14:13.9273349Z ##[warning]Node.js 20 is deprecated. The following actions target Node.js 20 but are being forced to run on Node.js 24: actions/checkout@11d5960a326750d5838078e36cf38b85af677262, actions/upload-artifact@ea165f8d65b6e75b540449e92b4886f43607fa02. For more information see: https://github.blog/changelog/2025-09-19-deprecation-of-node-20-on-github-actions-runners/
Avaliar a mesma candidata / Registrar aprovação — fahnassau30 / Gate second	UNKNOWN STEP	﻿2026-10-08T22:15:05.2904947Z Current runner version: '2.337.0'
Avaliar a mesma candidata / Registrar aprovação — fahnassau30 / Gate second	UNKNOWN STEP	2026-10-08T22:15:05.2940098Z ##[group]Runner Image Provisioner
Avaliar a mesma candidata / Registrar aprovação — fahnassau30 / Gate second	UNKNOWN STEP	2026-10-08T22:15:05.2941697Z Hosted Compute Agent
Avaliar a mesma candidata / Registrar aprovação — fahnassau30 / Gate second	UNKNOWN STEP	2026-10-08T22:15:05.2942667Z Version: 20261002.596
Avaliar a mesma candidata / Registrar aprovação — fahnassau30 / Gate second	UNKNOWN STEP	2026-10-08T22:15:05.2943845Z Commit: c3d12f3313a95f25162a1503be624f3b0617f8c0
Avaliar a mesma candidata / Registrar aprovação — fahnassau30 / Gate second	UNKNOWN STEP	2026-10-08T22:15:05.2945067Z Build Date: 2026-10-02T22:28:27Z
Avaliar a mesma candidata / Registrar aprovação — fahnassau30 / Gate second	UNKNOWN STEP	2026-10-08T22:15:05.2946302Z Worker ID: {ade0d55a-4069-4839-a753-01c58c318f22}
Avaliar a mesma candidata / Registrar aprovação — fahnassau30 / Gate second	UNKNOWN STEP	2026-10-08T22:15:05.2947541Z Region: eastus
Avaliar a mesma candidata / Registrar aprovação — fahnassau30 / Gate second	UNKNOWN STEP	2026-10-08T22:15:05.2948558Z Cloud: Azure
Avaliar a mesma candidata / Registrar aprovação — fahnassau30 / Gate second	UNKNOWN STEP	2026-10-08T22:15:05.2949528Z ##[endgroup]
Avaliar a mesma candidata / Registrar aprovação — fahnassau30 / Gate second	UNKNOWN STEP	2026-10-08T22:15:05.2952078Z ##[group]Operating System
Avaliar a mesma candidata / Registrar aprovação — fahnassau30 / Gate second	UNKNOWN STEP	2026-10-08T22:15:05.2953227Z Ubuntu
Avaliar a mesma candidata / Registrar aprovação — fahnassau30 / Gate second	UNKNOWN STEP	2026-10-08T22:15:05.2954071Z 24.04.5
Avaliar a mesma candidata / Registrar aprovação — fahnassau30 / Gate second	UNKNOWN STEP	2026-10-08T22:15:05.2954833Z LTS
Avaliar a mesma candidata / Registrar aprovação — fahnassau30 / Gate second	UNKNOWN STEP	2026-10-08T22:15:05.2955807Z ##[endgroup]
Avaliar a mesma candidata / Registrar aprovação — fahnassau30 / Gate second	UNKNOWN STEP	2026-10-08T22:15:05.2956704Z ##[group]Runner Image
Avaliar a mesma candidata / Registrar aprovação — fahnassau30 / Gate second	UNKNOWN STEP	2026-10-08T22:15:05.2957751Z Image: ubuntu-24.04
Avaliar a mesma candidata / Registrar aprovação — fahnassau30 / Gate second	UNKNOWN STEP	2026-10-08T22:15:05.2958655Z Version: 20261004.327.1
Avaliar a mesma candidata / Registrar aprovação — fahnassau30 / Gate second	UNKNOWN STEP	2026-10-08T22:15:05.2961625Z Included Software: https://github.com/actions/runner-images/blob/ubuntu24/20261004.327/images/ubuntu/Ubuntu2404-Readme.md
Avaliar a mesma candidata / Registrar aprovação — fahnassau30 / Gate second	UNKNOWN STEP	2026-10-08T22:15:05.2964441Z Image Release: https://github.com/actions/runner-images/releases/tag/ubuntu24%2F20261004.327
Avaliar a mesma candidata / Registrar aprovação — fahnassau30 / Gate second	UNKNOWN STEP	2026-10-08T22:15:05.2966146Z ##[endgroup]
Avaliar a mesma candidata / Registrar aprovação — fahnassau30 / Gate second	UNKNOWN STEP	2026-10-08T22:15:05.2968180Z ##[group]GITHUB_TOKEN Permissions
Avaliar a mesma candidata / Registrar aprovação — fahnassau30 / Gate second	UNKNOWN STEP	2026-10-08T22:15:05.2971426Z Actions: read
Avaliar a mesma candidata / Registrar aprovação — fahnassau30 / Gate second	UNKNOWN STEP	2026-10-08T22:15:05.2972347Z Contents: write
Avaliar a mesma candidata / Registrar aprovação — fahnassau30 / Gate second	UNKNOWN STEP	2026-10-08T22:15:05.2973352Z Metadata: read
Avaliar a mesma candidata / Registrar aprovação — fahnassau30 / Gate second	UNKNOWN STEP	2026-10-08T22:15:05.2974276Z ##[endgroup]
Avaliar a mesma candidata / Registrar aprovação — fahnassau30 / Gate second	UNKNOWN STEP	2026-10-08T22:15:05.2977467Z Secret source: Actions
Avaliar a mesma candidata / Registrar aprovação — fahnassau30 / Gate second	UNKNOWN STEP	2026-10-08T22:15:05.2979012Z Cache mode: write
Avaliar a mesma candidata / Registrar aprovação — fahnassau30 / Gate second	UNKNOWN STEP	2026-10-08T22:15:05.2980660Z Prepare workflow directory
Avaliar a mesma candidata / Registrar aprovação — fahnassau30 / Gate second	UNKNOWN STEP	2026-10-08T22:15:05.3466217Z Prepare all required actions
Avaliar a mesma candidata / Registrar aprovação — fahnassau30 / Gate second	UNKNOWN STEP	2026-10-08T22:15:05.3539115Z Getting action download info
Avaliar a mesma candidata / Registrar aprovação — fahnassau30 / Gate second	UNKNOWN STEP	2026-10-08T22:15:05.5302856Z Download action repository 'actions/checkout@11d5960a326750d5838078e36cf38b85af677262' (SHA:11d5960a326750d5838078e36cf38b85af677262)
Avaliar a mesma candidata / Registrar aprovação — fahnassau30 / Gate second	UNKNOWN STEP	2026-10-08T22:15:05.6226163Z Download action repository 'actions/upload-artifact@ea165f8d65b6e75b540449e92b4886f43607fa02' (SHA:ea165f8d65b6e75b540449e92b4886f43607fa02)
Avaliar a mesma candidata / Registrar aprovação — fahnassau30 / Gate second	UNKNOWN STEP	2026-10-08T22:15:05.8417320Z Uses: israelhudson/flutter_code_push_example/.github/workflows/release-lab-evaluate.yml@refs/heads/main (9c4ad37fc415a98ef2a8cfdc5be8d5cf97fe35b0)
Avaliar a mesma candidata / Registrar aprovação — fahnassau30 / Gate second	UNKNOWN STEP	2026-10-08T22:15:05.8422989Z ##[group] Inputs
Avaliar a mesma candidata / Registrar aprovação — fahnassau30 / Gate second	UNKNOWN STEP	2026-10-08T22:15:05.8423559Z   candidate_tag: v1.5.0-rc.2
Avaliar a mesma candidata / Registrar aprovação — fahnassau30 / Gate second	UNKNOWN STEP	2026-10-08T22:15:05.8424076Z   version: 1.5.0
Avaliar a mesma candidata / Registrar aprovação — fahnassau30 / Gate second	UNKNOWN STEP	2026-10-08T22:15:05.8424725Z   title: Laboratório corrigido — rejeição da RC1 e promoção da RC2
Avaliar a mesma candidata / Registrar aprovação — fahnassau30 / Gate second	UNKNOWN STEP	2026-10-08T22:15:05.8425438Z ##[endgroup]
Avaliar a mesma candidata / Registrar aprovação — fahnassau30 / Gate second	UNKNOWN STEP	2026-10-08T22:15:05.8426172Z Complete job name: Avaliar a mesma candidata / Registrar aprovação — fahnassau30 / Gate second
Avaliar a mesma candidata / Registrar aprovação — fahnassau30 / Gate second	UNKNOWN STEP	2026-10-08T22:15:05.9244941Z ##[group]Run actions/checkout@11d5960a326750d5838078e36cf38b85af677262
Avaliar a mesma candidata / Registrar aprovação — fahnassau30 / Gate second	UNKNOWN STEP	2026-10-08T22:15:05.9246026Z with:
Avaliar a mesma candidata / Registrar aprovação — fahnassau30 / Gate second	UNKNOWN STEP	2026-10-08T22:15:05.9246520Z   ref: 9c4ad37fc415a98ef2a8cfdc5be8d5cf97fe35b0
Avaliar a mesma candidata / Registrar aprovação — fahnassau30 / Gate second	UNKNOWN STEP	2026-10-08T22:15:05.9247115Z   path: trusted
Avaliar a mesma candidata / Registrar aprovação — fahnassau30 / Gate second	UNKNOWN STEP	2026-10-08T22:15:05.9247575Z   persist-credentials: false
Avaliar a mesma candidata / Registrar aprovação — fahnassau30 / Gate second	UNKNOWN STEP	2026-10-08T22:15:05.9248149Z   repository: israelhudson/flutter_code_push_example
Avaliar a mesma candidata / Registrar aprovação — fahnassau30 / Gate second	UNKNOWN STEP	2026-10-08T22:15:05.9252303Z   token: ***
Avaliar a mesma candidata / Registrar aprovação — fahnassau30 / Gate second	UNKNOWN STEP	2026-10-08T22:15:05.9252778Z   ssh-strict: true
Avaliar a mesma candidata / Registrar aprovação — fahnassau30 / Gate second	UNKNOWN STEP	2026-10-08T22:15:05.9253209Z   ssh-user: git
Avaliar a mesma candidata / Registrar aprovação — fahnassau30 / Gate second	UNKNOWN STEP	2026-10-08T22:15:05.9253625Z   clean: true
Avaliar a mesma candidata / Registrar aprovação — fahnassau30 / Gate second	UNKNOWN STEP	2026-10-08T22:15:05.9254080Z   sparse-checkout-cone-mode: true
Avaliar a mesma candidata / Registrar aprovação — fahnassau30 / Gate second	UNKNOWN STEP	2026-10-08T22:15:05.9254609Z   fetch-depth: 1
Avaliar a mesma candidata / Registrar aprovação — fahnassau30 / Gate second	UNKNOWN STEP	2026-10-08T22:15:05.9255041Z   fetch-tags: false
Avaliar a mesma candidata / Registrar aprovação — fahnassau30 / Gate second	UNKNOWN STEP	2026-10-08T22:15:05.9255522Z   show-progress: true
Avaliar a mesma candidata / Registrar aprovação — fahnassau30 / Gate second	UNKNOWN STEP	2026-10-08T22:15:05.9256035Z   lfs: false
Avaliar a mesma candidata / Registrar aprovação — fahnassau30 / Gate second	UNKNOWN STEP	2026-10-08T22:15:05.9256511Z   submodules: false
Avaliar a mesma candidata / Registrar aprovação — fahnassau30 / Gate second	UNKNOWN STEP	2026-10-08T22:15:05.9257031Z   set-safe-directory: true
Avaliar a mesma candidata / Registrar aprovação — fahnassau30 / Gate second	UNKNOWN STEP	2026-10-08T22:15:05.9257534Z   allow-unsafe-pr-checkout: false
Avaliar a mesma candidata / Registrar aprovação — fahnassau30 / Gate second	UNKNOWN STEP	2026-10-08T22:15:05.9258402Z ##[endgroup]
Avaliar a mesma candidata / Registrar aprovação — fahnassau30 / Gate second	UNKNOWN STEP	2026-10-08T22:15:06.0328659Z Syncing repository: israelhudson/flutter_code_push_example
Avaliar a mesma candidata / Registrar aprovação — fahnassau30 / Gate second	UNKNOWN STEP	2026-10-08T22:15:06.0332038Z ##[group]Getting Git version info
Avaliar a mesma candidata / Registrar aprovação — fahnassau30 / Gate second	UNKNOWN STEP	2026-10-08T22:15:06.0333876Z Working directory is '/home/runner/work/flutter_code_push_example/flutter_code_push_example/trusted'
Avaliar a mesma candidata / Registrar aprovação — fahnassau30 / Gate second	UNKNOWN STEP	2026-10-08T22:15:06.0336014Z [command]/usr/bin/git version
Avaliar a mesma candidata / Registrar aprovação — fahnassau30 / Gate second	UNKNOWN STEP	2026-10-08T22:15:06.0399587Z git version 2.55.0
Avaliar a mesma candidata / Registrar aprovação — fahnassau30 / Gate second	UNKNOWN STEP	2026-10-08T22:15:06.0424320Z ##[endgroup]
Avaliar a mesma candidata / Registrar aprovação — fahnassau30 / Gate second	UNKNOWN STEP	2026-10-08T22:15:06.0441101Z Temporarily overriding HOME='/home/runner/work/_temp/224e2a40-e07f-4e04-a453-bf962261947f' before making global git config changes
Avaliar a mesma candidata / Registrar aprovação — fahnassau30 / Gate second	UNKNOWN STEP	2026-10-08T22:15:06.0443484Z Adding repository directory to the temporary git global config as a safe directory
Avaliar a mesma candidata / Registrar aprovação — fahnassau30 / Gate second	UNKNOWN STEP	2026-10-08T22:15:06.0446265Z [command]/usr/bin/git config --global --add safe.directory /home/runner/work/flutter_code_push_example/flutter_code_push_example/trusted
Avaliar a mesma candidata / Registrar aprovação — fahnassau30 / Gate second	UNKNOWN STEP	2026-10-08T22:15:06.0507396Z ##[group]Initializing the repository
Avaliar a mesma candidata / Registrar aprovação — fahnassau30 / Gate second	UNKNOWN STEP	2026-10-08T22:15:06.0513313Z [command]/usr/bin/git init /home/runner/work/flutter_code_push_example/flutter_code_push_example/trusted
Avaliar a mesma candidata / Registrar aprovação — fahnassau30 / Gate second	UNKNOWN STEP	2026-10-08T22:15:06.0629142Z hint: Using 'master' as the name for the initial branch. This default branch name
Avaliar a mesma candidata / Registrar aprovação — fahnassau30 / Gate second	UNKNOWN STEP	2026-10-08T22:15:06.0631738Z hint: will change to "main" in Git 3.0. To configure the initial branch name
Avaliar a mesma candidata / Registrar aprovação — fahnassau30 / Gate second	UNKNOWN STEP	2026-10-08T22:15:06.0633136Z hint: to use in all of your new repositories, which will suppress this warning,
Avaliar a mesma candidata / Registrar aprovação — fahnassau30 / Gate second	UNKNOWN STEP	2026-10-08T22:15:06.0634280Z hint: call:
Avaliar a mesma candidata / Registrar aprovação — fahnassau30 / Gate second	UNKNOWN STEP	2026-10-08T22:15:06.0635047Z hint:
Avaliar a mesma candidata / Registrar aprovação — fahnassau30 / Gate second	UNKNOWN STEP	2026-10-08T22:15:06.0635752Z hint: 	git config --global init.defaultBranch <name>
Avaliar a mesma candidata / Registrar aprovação — fahnassau30 / Gate second	UNKNOWN STEP	2026-10-08T22:15:06.0636407Z hint:
Avaliar a mesma candidata / Registrar aprovação — fahnassau30 / Gate second	UNKNOWN STEP	2026-10-08T22:15:06.0637152Z hint: Names commonly chosen instead of 'master' are 'main', 'trunk' and
Avaliar a mesma candidata / Registrar aprovação — fahnassau30 / Gate second	UNKNOWN STEP	2026-10-08T22:15:06.0638261Z hint: 'development'. The just-created branch can be renamed via this command:
Avaliar a mesma candidata / Registrar aprovação — fahnassau30 / Gate second	UNKNOWN STEP	2026-10-08T22:15:06.0639030Z hint:
Avaliar a mesma candidata / Registrar aprovação — fahnassau30 / Gate second	UNKNOWN STEP	2026-10-08T22:15:06.0639761Z hint: 	git branch -m <name>
Avaliar a mesma candidata / Registrar aprovação — fahnassau30 / Gate second	UNKNOWN STEP	2026-10-08T22:15:06.0640809Z hint:
Avaliar a mesma candidata / Registrar aprovação — fahnassau30 / Gate second	UNKNOWN STEP	2026-10-08T22:15:06.0641909Z hint: Disable this message with "git config set advice.defaultBranchName false"
Avaliar a mesma candidata / Registrar aprovação — fahnassau30 / Gate second	UNKNOWN STEP	2026-10-08T22:15:06.0643689Z Initialized empty Git repository in /home/runner/work/flutter_code_push_example/flutter_code_push_example/trusted/.git/
Avaliar a mesma candidata / Registrar aprovação — fahnassau30 / Gate second	UNKNOWN STEP	2026-10-08T22:15:06.0646203Z [command]/usr/bin/git remote add origin https://github.com/israelhudson/flutter_code_push_example
Avaliar a mesma candidata / Registrar aprovação — fahnassau30 / Gate second	UNKNOWN STEP	2026-10-08T22:15:06.0699371Z ##[endgroup]
Avaliar a mesma candidata / Registrar aprovação — fahnassau30 / Gate second	UNKNOWN STEP	2026-10-08T22:15:06.0700203Z ##[group]Disabling automatic garbage collection
Avaliar a mesma candidata / Registrar aprovação — fahnassau30 / Gate second	UNKNOWN STEP	2026-10-08T22:15:06.0703936Z [command]/usr/bin/git config --local gc.auto 0
Avaliar a mesma candidata / Registrar aprovação — fahnassau30 / Gate second	UNKNOWN STEP	2026-10-08T22:15:06.0739899Z ##[endgroup]
Avaliar a mesma candidata / Registrar aprovação — fahnassau30 / Gate second	UNKNOWN STEP	2026-10-08T22:15:06.0741225Z ##[group]Setting up auth
Avaliar a mesma candidata / Registrar aprovação — fahnassau30 / Gate second	UNKNOWN STEP	2026-10-08T22:15:06.0748050Z [command]/usr/bin/git config --local --name-only --get-regexp core\.sshCommand
Avaliar a mesma candidata / Registrar aprovação — fahnassau30 / Gate second	UNKNOWN STEP	2026-10-08T22:15:06.0784823Z [command]/usr/bin/git submodule foreach --recursive sh -c "git config --local --name-only --get-regexp 'core\.sshCommand' && git config --local --unset-all 'core.sshCommand' || :"
Avaliar a mesma candidata / Registrar aprovação — fahnassau30 / Gate second	UNKNOWN STEP	2026-10-08T22:15:06.1182227Z [command]/usr/bin/git config --local --name-only --get-regexp http\.https\:\/\/github\.com\/\.extraheader
Avaliar a mesma candidata / Registrar aprovação — fahnassau30 / Gate second	UNKNOWN STEP	2026-10-08T22:15:06.1226307Z [command]/usr/bin/git submodule foreach --recursive sh -c "git config --local --name-only --get-regexp 'http\.https\:\/\/github\.com\/\.extraheader' && git config --local --unset-all 'http.https://github.com/.extraheader' || :"
Avaliar a mesma candidata / Registrar aprovação — fahnassau30 / Gate second	UNKNOWN STEP	2026-10-08T22:15:06.1470274Z [command]/usr/bin/git config --local --name-only --get-regexp ^includeIf\.gitdir:
Avaliar a mesma candidata / Registrar aprovação — fahnassau30 / Gate second	UNKNOWN STEP	2026-10-08T22:15:06.1513397Z [command]/usr/bin/git submodule foreach --recursive git config --local --show-origin --name-only --get-regexp remote.origin.url
Avaliar a mesma candidata / Registrar aprovação — fahnassau30 / Gate second	UNKNOWN STEP	2026-10-08T22:15:06.1755131Z [command]/usr/bin/git config --local http.https://github.com/.extraheader AUTHORIZATION: basic ***
Avaliar a mesma candidata / Registrar aprovação — fahnassau30 / Gate second	UNKNOWN STEP	2026-10-08T22:15:06.1800658Z ##[endgroup]
Avaliar a mesma candidata / Registrar aprovação — fahnassau30 / Gate second	UNKNOWN STEP	2026-10-08T22:15:06.1802164Z ##[group]Fetching the repository
Avaliar a mesma candidata / Registrar aprovação — fahnassau30 / Gate second	UNKNOWN STEP	2026-10-08T22:15:06.1811870Z [command]/usr/bin/git -c protocol.version=2 fetch --no-tags --prune --no-recurse-submodules --depth=1 origin 9c4ad37fc415a98ef2a8cfdc5be8d5cf97fe35b0
Avaliar a mesma candidata / Registrar aprovação — fahnassau30 / Gate second	UNKNOWN STEP	2026-10-08T22:15:06.4582338Z From https://github.com/israelhudson/flutter_code_push_example
Avaliar a mesma candidata / Registrar aprovação — fahnassau30 / Gate second	UNKNOWN STEP	2026-10-08T22:15:06.4583796Z  * branch            9c4ad37fc415a98ef2a8cfdc5be8d5cf97fe35b0 -> FETCH_HEAD
Avaliar a mesma candidata / Registrar aprovação — fahnassau30 / Gate second	UNKNOWN STEP	2026-10-08T22:15:06.4586451Z ##[endgroup]
Avaliar a mesma candidata / Registrar aprovação — fahnassau30 / Gate second	UNKNOWN STEP	2026-10-08T22:15:06.4587359Z ##[group]Determining the checkout info
Avaliar a mesma candidata / Registrar aprovação — fahnassau30 / Gate second	UNKNOWN STEP	2026-10-08T22:15:06.4589969Z ##[endgroup]
Avaliar a mesma candidata / Registrar aprovação — fahnassau30 / Gate second	UNKNOWN STEP	2026-10-08T22:15:06.4596380Z [command]/usr/bin/git sparse-checkout disable
Avaliar a mesma candidata / Registrar aprovação — fahnassau30 / Gate second	UNKNOWN STEP	2026-10-08T22:15:06.4652376Z [command]/usr/bin/git config --local --unset-all extensions.worktreeConfig
Avaliar a mesma candidata / Registrar aprovação — fahnassau30 / Gate second	UNKNOWN STEP	2026-10-08T22:15:06.4688498Z ##[group]Checking out the ref
Avaliar a mesma candidata / Registrar aprovação — fahnassau30 / Gate second	UNKNOWN STEP	2026-10-08T22:15:06.4693368Z [command]/usr/bin/git checkout --progress --force 9c4ad37fc415a98ef2a8cfdc5be8d5cf97fe35b0
Avaliar a mesma candidata / Registrar aprovação — fahnassau30 / Gate second	UNKNOWN STEP	2026-10-08T22:15:06.4926423Z Note: switching to '9c4ad37fc415a98ef2a8cfdc5be8d5cf97fe35b0'.
Avaliar a mesma candidata / Registrar aprovação — fahnassau30 / Gate second	UNKNOWN STEP	2026-10-08T22:15:06.4927622Z 
Avaliar a mesma candidata / Registrar aprovação — fahnassau30 / Gate second	UNKNOWN STEP	2026-10-08T22:15:06.4928378Z You are in 'detached HEAD' state. You can look around, make experimental
Avaliar a mesma candidata / Registrar aprovação — fahnassau30 / Gate second	UNKNOWN STEP	2026-10-08T22:15:06.4930119Z changes and commit them, and you can discard any commits you make in this
Avaliar a mesma candidata / Registrar aprovação — fahnassau30 / Gate second	UNKNOWN STEP	2026-10-08T22:15:06.4932249Z state without impacting any branches by switching back to a branch.
Avaliar a mesma candidata / Registrar aprovação — fahnassau30 / Gate second	UNKNOWN STEP	2026-10-08T22:15:06.4933019Z 
Avaliar a mesma candidata / Registrar aprovação — fahnassau30 / Gate second	UNKNOWN STEP	2026-10-08T22:15:06.4933475Z If you want to create a new branch to retain commits you create, you may
Avaliar a mesma candidata / Registrar aprovação — fahnassau30 / Gate second	UNKNOWN STEP	2026-10-08T22:15:06.4934404Z do so (now or later) by using -c with the switch command. Example:
Avaliar a mesma candidata / Registrar aprovação — fahnassau30 / Gate second	UNKNOWN STEP	2026-10-08T22:15:06.4934924Z 
Avaliar a mesma candidata / Registrar aprovação — fahnassau30 / Gate second	UNKNOWN STEP	2026-10-08T22:15:06.4935160Z   git switch -c <new-branch-name>
Avaliar a mesma candidata / Registrar aprovação — fahnassau30 / Gate second	UNKNOWN STEP	2026-10-08T22:15:06.4935528Z 
Avaliar a mesma candidata / Registrar aprovação — fahnassau30 / Gate second	UNKNOWN STEP	2026-10-08T22:15:06.4935774Z Or undo this operation with:
Avaliar a mesma candidata / Registrar aprovação — fahnassau30 / Gate second	UNKNOWN STEP	2026-10-08T22:15:06.4936134Z 
Avaliar a mesma candidata / Registrar aprovação — fahnassau30 / Gate second	UNKNOWN STEP	2026-10-08T22:15:06.4936342Z   git switch -
Avaliar a mesma candidata / Registrar aprovação — fahnassau30 / Gate second	UNKNOWN STEP	2026-10-08T22:15:06.4936691Z 
Avaliar a mesma candidata / Registrar aprovação — fahnassau30 / Gate second	UNKNOWN STEP	2026-10-08T22:15:06.4937398Z Turn off this advice by setting config variable advice.detachedHead to false
Avaliar a mesma candidata / Registrar aprovação — fahnassau30 / Gate second	UNKNOWN STEP	2026-10-08T22:15:06.4938517Z 
Avaliar a mesma candidata / Registrar aprovação — fahnassau30 / Gate second	UNKNOWN STEP	2026-10-08T22:15:06.4939192Z HEAD is now at 9c4ad37 Merge pull request #14 from israelhudson/codex/release-lab-real-promotion
Avaliar a mesma candidata / Registrar aprovação — fahnassau30 / Gate second	UNKNOWN STEP	2026-10-08T22:15:06.4941720Z ##[endgroup]
Avaliar a mesma candidata / Registrar aprovação — fahnassau30 / Gate second	UNKNOWN STEP	2026-10-08T22:15:06.4989995Z [command]/usr/bin/git log -1 --format=%H
Avaliar a mesma candidata / Registrar aprovação — fahnassau30 / Gate second	UNKNOWN STEP	2026-10-08T22:15:06.5020191Z 9c4ad37fc415a98ef2a8cfdc5be8d5cf97fe35b0
Avaliar a mesma candidata / Registrar aprovação — fahnassau30 / Gate second	UNKNOWN STEP	2026-10-08T22:15:06.5030835Z ##[group]Removing auth
Avaliar a mesma candidata / Registrar aprovação — fahnassau30 / Gate second	UNKNOWN STEP	2026-10-08T22:15:06.5035326Z [command]/usr/bin/git config --local --name-only --get-regexp core\.sshCommand
Avaliar a mesma candidata / Registrar aprovação — fahnassau30 / Gate second	UNKNOWN STEP	2026-10-08T22:15:06.5072671Z [command]/usr/bin/git submodule foreach --recursive sh -c "git config --local --name-only --get-regexp 'core\.sshCommand' && git config --local --unset-all 'core.sshCommand' || :"
Avaliar a mesma candidata / Registrar aprovação — fahnassau30 / Gate second	UNKNOWN STEP	2026-10-08T22:15:06.5305859Z [command]/usr/bin/git config --local --name-only --get-regexp http\.https\:\/\/github\.com\/\.extraheader
Avaliar a mesma candidata / Registrar aprovação — fahnassau30 / Gate second	UNKNOWN STEP	2026-10-08T22:15:06.5335203Z http.https://github.com/.extraheader
Avaliar a mesma candidata / Registrar aprovação — fahnassau30 / Gate second	UNKNOWN STEP	2026-10-08T22:15:06.5342884Z [command]/usr/bin/git config --local --unset-all http.https://github.com/.extraheader
Avaliar a mesma candidata / Registrar aprovação — fahnassau30 / Gate second	UNKNOWN STEP	2026-10-08T22:15:06.5382211Z [command]/usr/bin/git submodule foreach --recursive sh -c "git config --local --name-only --get-regexp 'http\.https\:\/\/github\.com\/\.extraheader' && git config --local --unset-all 'http.https://github.com/.extraheader' || :"
Avaliar a mesma candidata / Registrar aprovação — fahnassau30 / Gate second	UNKNOWN STEP	2026-10-08T22:15:06.5637685Z [command]/usr/bin/git config --local --name-only --get-regexp ^includeIf\.gitdir:
Avaliar a mesma candidata / Registrar aprovação — fahnassau30 / Gate second	UNKNOWN STEP	2026-10-08T22:15:06.5676291Z [command]/usr/bin/git submodule foreach --recursive git config --local --show-origin --name-only --get-regexp remote.origin.url
Avaliar a mesma candidata / Registrar aprovação — fahnassau30 / Gate second	UNKNOWN STEP	2026-10-08T22:15:06.5906317Z ##[endgroup]
Avaliar a mesma candidata / Registrar aprovação — fahnassau30 / Gate second	UNKNOWN STEP	2026-10-08T22:15:06.6157815Z ##[group]Run python3 trusted/tools/delivery/release_lab.py approval --candidate-tag "$CANDIDATE_TAG" --report-digest "$REPORT_DIGEST" --role second --output "$RUNNER_TEMP/release-lab"
Avaliar a mesma candidata / Registrar aprovação — fahnassau30 / Gate second	UNKNOWN STEP	2026-10-08T22:15:06.6163096Z ^[[36;1mpython3 trusted/tools/delivery/release_lab.py approval --candidate-tag "$CANDIDATE_TAG" --report-digest "$REPORT_DIGEST" --role second --output "$RUNNER_TEMP/release-lab"^[[0m
Avaliar a mesma candidata / Registrar aprovação — fahnassau30 / Gate second	UNKNOWN STEP	2026-10-08T22:15:06.6432929Z shell: /usr/bin/bash -e {0}
Avaliar a mesma candidata / Registrar aprovação — fahnassau30 / Gate second	UNKNOWN STEP	2026-10-08T22:15:06.6433801Z env:
Avaliar a mesma candidata / Registrar aprovação — fahnassau30 / Gate second	UNKNOWN STEP	2026-10-08T22:15:06.6444611Z   GH_TOKEN: ***
Avaliar a mesma candidata / Registrar aprovação — fahnassau30 / Gate second	UNKNOWN STEP	2026-10-08T22:15:06.6445179Z   CANDIDATE_TAG: v1.5.0-rc.2
Avaliar a mesma candidata / Registrar aprovação — fahnassau30 / Gate second	UNKNOWN STEP	2026-10-08T22:15:06.6446337Z   REPORT_DIGEST: f322ac38d3d87747dc7a29642a19d9892476bcb642a34f9602ddc910a9624334
Avaliar a mesma candidata / Registrar aprovação — fahnassau30 / Gate second	UNKNOWN STEP	2026-10-08T22:15:06.6447619Z ##[endgroup]
Avaliar a mesma candidata / Registrar aprovação — fahnassau30 / Gate second	UNKNOWN STEP	2026-10-08T22:15:12.3173144Z {"reviewer": "fahnassau30", "report_digest": "f322ac38d3d87747dc7a29642a19d9892476bcb642a34f9602ddc910a9624334"}
Avaliar a mesma candidata / Registrar aprovação — fahnassau30 / Gate second	UNKNOWN STEP	2026-10-08T22:15:12.3352897Z ##[group]Run actions/upload-artifact@ea165f8d65b6e75b540449e92b4886f43607fa02
Avaliar a mesma candidata / Registrar aprovação — fahnassau30 / Gate second	UNKNOWN STEP	2026-10-08T22:15:12.3353421Z with:
Avaliar a mesma candidata / Registrar aprovação — fahnassau30 / Gate second	UNKNOWN STEP	2026-10-08T22:15:12.3353695Z   name: release-lab-approval-second
Avaliar a mesma candidata / Registrar aprovação — fahnassau30 / Gate second	UNKNOWN STEP	2026-10-08T22:15:12.3354059Z   path: /home/runner/work/_temp/release-lab/
Avaliar a mesma candidata / Registrar aprovação — fahnassau30 / Gate second	UNKNOWN STEP	2026-10-08T22:15:12.3354417Z   if-no-files-found: ignore
Avaliar a mesma candidata / Registrar aprovação — fahnassau30 / Gate second	UNKNOWN STEP	2026-10-08T22:15:12.3354715Z   retention-days: 90
Avaliar a mesma candidata / Registrar aprovação — fahnassau30 / Gate second	UNKNOWN STEP	2026-10-08T22:15:12.3355228Z   overwrite: false
Avaliar a mesma candidata / Registrar aprovação — fahnassau30 / Gate second	UNKNOWN STEP	2026-10-08T22:15:12.3355508Z   compression-level: 6
Avaliar a mesma candidata / Registrar aprovação — fahnassau30 / Gate second	UNKNOWN STEP	2026-10-08T22:15:12.3355797Z   include-hidden-files: false
Avaliar a mesma candidata / Registrar aprovação — fahnassau30 / Gate second	UNKNOWN STEP	2026-10-08T22:15:12.3356092Z ##[endgroup]
Avaliar a mesma candidata / Registrar aprovação — fahnassau30 / Gate second	UNKNOWN STEP	2026-10-08T22:15:12.5190225Z (node:2470) [DEP0040] DeprecationWarning: The `punycode` module is deprecated. Please use a userland alternative instead.
Avaliar a mesma candidata / Registrar aprovação — fahnassau30 / Gate second	UNKNOWN STEP	2026-10-08T22:15:12.5191403Z (Use `node --trace-deprecation ...` to show where the warning was created)
Avaliar a mesma candidata / Registrar aprovação — fahnassau30 / Gate second	UNKNOWN STEP	2026-10-08T22:15:12.5258665Z With the provided path, there will be 1 file uploaded
Avaliar a mesma candidata / Registrar aprovação — fahnassau30 / Gate second	UNKNOWN STEP	2026-10-08T22:15:12.5271163Z Artifact name is valid!
Avaliar a mesma candidata / Registrar aprovação — fahnassau30 / Gate second	UNKNOWN STEP	2026-10-08T22:15:12.5272008Z Root directory input is valid!
Avaliar a mesma candidata / Registrar aprovação — fahnassau30 / Gate second	UNKNOWN STEP	2026-10-08T22:15:12.7327186Z Beginning upload of artifact content to blob storage
Avaliar a mesma candidata / Registrar aprovação — fahnassau30 / Gate second	UNKNOWN STEP	2026-10-08T22:15:12.7543605Z (node:2470) [DEP0169] DeprecationWarning: `url.parse()` behavior is not standardized and prone to errors that have security implications. Use the WHATWG URL API instead. CVEs are not issued for `url.parse()` vulnerabilities.
Avaliar a mesma candidata / Registrar aprovação — fahnassau30 / Gate second	UNKNOWN STEP	2026-10-08T22:15:12.7753089Z Uploaded bytes 606
Avaliar a mesma candidata / Registrar aprovação — fahnassau30 / Gate second	UNKNOWN STEP	2026-10-08T22:15:12.7899404Z Finished uploading artifact content to blob storage!
Avaliar a mesma candidata / Registrar aprovação — fahnassau30 / Gate second	UNKNOWN STEP	2026-10-08T22:15:12.7901385Z SHA256 digest of uploaded artifact zip is 6c36282f15b1d41b15ce943b42d82615a409e73b8f2d530dfcc30487b6960b01
Avaliar a mesma candidata / Registrar aprovação — fahnassau30 / Gate second	UNKNOWN STEP	2026-10-08T22:15:12.7902980Z Finalizing artifact upload
Avaliar a mesma candidata / Registrar aprovação — fahnassau30 / Gate second	UNKNOWN STEP	2026-10-08T22:15:12.9997129Z Artifact release-lab-approval-second.zip successfully finalized. Artifact ID 11582845911
Avaliar a mesma candidata / Registrar aprovação — fahnassau30 / Gate second	UNKNOWN STEP	2026-10-08T22:15:12.9998596Z Artifact release-lab-approval-second has been successfully uploaded! Final size is 606 bytes. Artifact ID is 11582845911
Avaliar a mesma candidata / Registrar aprovação — fahnassau30 / Gate second	UNKNOWN STEP	2026-10-08T22:15:13.0006106Z Artifact download URL: https://github.com/israelhudson/flutter_code_push_example/actions/runs/37851607911/artifacts/11582845911
Avaliar a mesma candidata / Registrar aprovação — fahnassau30 / Gate second	UNKNOWN STEP	2026-10-08T22:15:13.0255179Z Post job cleanup.
Avaliar a mesma candidata / Registrar aprovação — fahnassau30 / Gate second	UNKNOWN STEP	2026-10-08T22:15:13.1153666Z [command]/usr/bin/git version
Avaliar a mesma candidata / Registrar aprovação — fahnassau30 / Gate second	UNKNOWN STEP	2026-10-08T22:15:13.1198387Z git version 2.55.0
Avaliar a mesma candidata / Registrar aprovação — fahnassau30 / Gate second	UNKNOWN STEP	2026-10-08T22:15:13.1240643Z Temporarily overriding HOME='/home/runner/work/_temp/98de2621-907b-4f3e-9d51-59cdff535153' before making global git config changes
Avaliar a mesma candidata / Registrar aprovação — fahnassau30 / Gate second	UNKNOWN STEP	2026-10-08T22:15:13.1242487Z Adding repository directory to the temporary git global config as a safe directory
Avaliar a mesma candidata / Registrar aprovação — fahnassau30 / Gate second	UNKNOWN STEP	2026-10-08T22:15:13.1247880Z [command]/usr/bin/git config --global --add safe.directory /home/runner/work/flutter_code_push_example/flutter_code_push_example/trusted
Avaliar a mesma candidata / Registrar aprovação — fahnassau30 / Gate second	UNKNOWN STEP	2026-10-08T22:15:13.1293158Z [command]/usr/bin/git config --local --name-only --get-regexp core\.sshCommand
Avaliar a mesma candidata / Registrar aprovação — fahnassau30 / Gate second	UNKNOWN STEP	2026-10-08T22:15:13.1333142Z [command]/usr/bin/git submodule foreach --recursive sh -c "git config --local --name-only --get-regexp 'core\.sshCommand' && git config --local --unset-all 'core.sshCommand' || :"
Avaliar a mesma candidata / Registrar aprovação — fahnassau30 / Gate second	UNKNOWN STEP	2026-10-08T22:15:13.1601904Z [command]/usr/bin/git config --local --name-only --get-regexp http\.https\:\/\/github\.com\/\.extraheader
Avaliar a mesma candidata / Registrar aprovação — fahnassau30 / Gate second	UNKNOWN STEP	2026-10-08T22:15:13.1664064Z [command]/usr/bin/git submodule foreach --recursive sh -c "git config --local --name-only --get-regexp 'http\.https\:\/\/github\.com\/\.extraheader' && git config --local --unset-all 'http.https://github.com/.extraheader' || :"
Avaliar a mesma candidata / Registrar aprovação — fahnassau30 / Gate second	UNKNOWN STEP	2026-10-08T22:15:13.1948343Z [command]/usr/bin/git config --local --name-only --get-regexp ^includeIf\.gitdir:
Avaliar a mesma candidata / Registrar aprovação — fahnassau30 / Gate second	UNKNOWN STEP	2026-10-08T22:15:13.1991592Z [command]/usr/bin/git submodule foreach --recursive git config --local --show-origin --name-only --get-regexp remote.origin.url
Avaliar a mesma candidata / Registrar aprovação — fahnassau30 / Gate second	UNKNOWN STEP	2026-10-08T22:15:13.2391910Z Evaluate and set environment url
Avaliar a mesma candidata / Registrar aprovação — fahnassau30 / Gate second	UNKNOWN STEP	2026-10-08T22:15:13.2396767Z Evaluated environment url: https://github.com/israelhudson/flutter_code_push_example/actions/runs/37851607911
Avaliar a mesma candidata / Registrar aprovação — fahnassau30 / Gate second	UNKNOWN STEP	2026-10-08T22:15:13.2398099Z Cleaning up orphan processes
Avaliar a mesma candidata / Registrar aprovação — fahnassau30 / Gate second	UNKNOWN STEP	2026-10-08T22:15:13.2708454Z ##[warning]Node.js 20 is deprecated. The following actions target Node.js 20 but are being forced to run on Node.js 24: actions/checkout@11d5960a326750d5838078e36cf38b85af677262, actions/upload-artifact@ea165f8d65b6e75b540449e92b4886f43607fa02. For more information see: https://github.blog/changelog/2025-09-19-deprecation-of-node-20-on-github-actions-runners/
Avaliar a mesma candidata / AUTORIZAR PUBLICAR — Israel OU Fabrícia, após os dois avais	UNKNOWN STEP	﻿2026-10-08T22:16:01.0689543Z Current runner version: '2.337.0'
Avaliar a mesma candidata / AUTORIZAR PUBLICAR — Israel OU Fabrícia, após os dois avais	UNKNOWN STEP	2026-10-08T22:16:01.0718684Z ##[group]Runner Image Provisioner
Avaliar a mesma candidata / AUTORIZAR PUBLICAR — Israel OU Fabrícia, após os dois avais	UNKNOWN STEP	2026-10-08T22:16:01.0720107Z Hosted Compute Agent
Avaliar a mesma candidata / AUTORIZAR PUBLICAR — Israel OU Fabrícia, após os dois avais	UNKNOWN STEP	2026-10-08T22:16:01.0721055Z Version: 20261002.596
Avaliar a mesma candidata / AUTORIZAR PUBLICAR — Israel OU Fabrícia, após os dois avais	UNKNOWN STEP	2026-10-08T22:16:01.0721975Z Commit: c3d12f3313a95f25162a1503be624f3b0617f8c0
Avaliar a mesma candidata / AUTORIZAR PUBLICAR — Israel OU Fabrícia, após os dois avais	UNKNOWN STEP	2026-10-08T22:16:01.0723182Z Build Date: 2026-10-02T22:28:27Z
Avaliar a mesma candidata / AUTORIZAR PUBLICAR — Israel OU Fabrícia, após os dois avais	UNKNOWN STEP	2026-10-08T22:16:01.0724196Z Worker ID: {103418db-396e-4447-abb5-39178ed10ac0}
Avaliar a mesma candidata / AUTORIZAR PUBLICAR — Israel OU Fabrícia, após os dois avais	UNKNOWN STEP	2026-10-08T22:16:01.0725177Z Region: centralus
Avaliar a mesma candidata / AUTORIZAR PUBLICAR — Israel OU Fabrícia, após os dois avais	UNKNOWN STEP	2026-10-08T22:16:01.0725929Z Cloud: Azure
Avaliar a mesma candidata / AUTORIZAR PUBLICAR — Israel OU Fabrícia, após os dois avais	UNKNOWN STEP	2026-10-08T22:16:01.0726587Z ##[endgroup]
Avaliar a mesma candidata / AUTORIZAR PUBLICAR — Israel OU Fabrícia, após os dois avais	UNKNOWN STEP	2026-10-08T22:16:01.0728599Z ##[group]Operating System
Avaliar a mesma candidata / AUTORIZAR PUBLICAR — Israel OU Fabrícia, após os dois avais	UNKNOWN STEP	2026-10-08T22:16:01.0729624Z Ubuntu
Avaliar a mesma candidata / AUTORIZAR PUBLICAR — Israel OU Fabrícia, após os dois avais	UNKNOWN STEP	2026-10-08T22:16:01.0730406Z 24.04.5
Avaliar a mesma candidata / AUTORIZAR PUBLICAR — Israel OU Fabrícia, após os dois avais	UNKNOWN STEP	2026-10-08T22:16:01.0731171Z LTS
Avaliar a mesma candidata / AUTORIZAR PUBLICAR — Israel OU Fabrícia, após os dois avais	UNKNOWN STEP	2026-10-08T22:16:01.0731871Z ##[endgroup]
Avaliar a mesma candidata / AUTORIZAR PUBLICAR — Israel OU Fabrícia, após os dois avais	UNKNOWN STEP	2026-10-08T22:16:01.0732956Z ##[group]Runner Image
Avaliar a mesma candidata / AUTORIZAR PUBLICAR — Israel OU Fabrícia, após os dois avais	UNKNOWN STEP	2026-10-08T22:16:01.0733942Z Image: ubuntu-24.04
Avaliar a mesma candidata / AUTORIZAR PUBLICAR — Israel OU Fabrícia, após os dois avais	UNKNOWN STEP	2026-10-08T22:16:01.0734717Z Version: 20261004.327.1
Avaliar a mesma candidata / AUTORIZAR PUBLICAR — Israel OU Fabrícia, após os dois avais	UNKNOWN STEP	2026-10-08T22:16:01.0736570Z Included Software: https://github.com/actions/runner-images/blob/ubuntu24/20261004.327/images/ubuntu/Ubuntu2404-Readme.md
Avaliar a mesma candidata / AUTORIZAR PUBLICAR — Israel OU Fabrícia, após os dois avais	UNKNOWN STEP	2026-10-08T22:16:01.0738718Z Image Release: https://github.com/actions/runner-images/releases/tag/ubuntu24%2F20261004.327
Avaliar a mesma candidata / AUTORIZAR PUBLICAR — Israel OU Fabrícia, após os dois avais	UNKNOWN STEP	2026-10-08T22:16:01.0739901Z ##[endgroup]
Avaliar a mesma candidata / AUTORIZAR PUBLICAR — Israel OU Fabrícia, após os dois avais	UNKNOWN STEP	2026-10-08T22:16:01.0740934Z ##[group]GITHUB_TOKEN Permissions
Avaliar a mesma candidata / AUTORIZAR PUBLICAR — Israel OU Fabrícia, após os dois avais	UNKNOWN STEP	2026-10-08T22:16:01.0743577Z Contents: read
Avaliar a mesma candidata / AUTORIZAR PUBLICAR — Israel OU Fabrícia, após os dois avais	UNKNOWN STEP	2026-10-08T22:16:01.0744149Z Metadata: read
Avaliar a mesma candidata / AUTORIZAR PUBLICAR — Israel OU Fabrícia, após os dois avais	UNKNOWN STEP	2026-10-08T22:16:01.0744743Z ##[endgroup]
Avaliar a mesma candidata / AUTORIZAR PUBLICAR — Israel OU Fabrícia, após os dois avais	UNKNOWN STEP	2026-10-08T22:16:01.0746715Z Secret source: Actions
Avaliar a mesma candidata / AUTORIZAR PUBLICAR — Israel OU Fabrícia, após os dois avais	UNKNOWN STEP	2026-10-08T22:16:01.0747623Z Cache mode: write
Avaliar a mesma candidata / AUTORIZAR PUBLICAR — Israel OU Fabrícia, após os dois avais	UNKNOWN STEP	2026-10-08T22:16:01.0748508Z Prepare workflow directory
Avaliar a mesma candidata / AUTORIZAR PUBLICAR — Israel OU Fabrícia, após os dois avais	UNKNOWN STEP	2026-10-08T22:16:01.1058178Z Prepare all required actions
Avaliar a mesma candidata / AUTORIZAR PUBLICAR — Israel OU Fabrícia, após os dois avais	UNKNOWN STEP	2026-10-08T22:16:01.1156876Z Uses: israelhudson/flutter_code_push_example/.github/workflows/release-lab-evaluate.yml@refs/heads/main (9c4ad37fc415a98ef2a8cfdc5be8d5cf97fe35b0)
Avaliar a mesma candidata / AUTORIZAR PUBLICAR — Israel OU Fabrícia, após os dois avais	UNKNOWN STEP	2026-10-08T22:16:01.1161888Z ##[group] Inputs
Avaliar a mesma candidata / AUTORIZAR PUBLICAR — Israel OU Fabrícia, após os dois avais	UNKNOWN STEP	2026-10-08T22:16:01.1162532Z   candidate_tag: v1.5.0-rc.2
Avaliar a mesma candidata / AUTORIZAR PUBLICAR — Israel OU Fabrícia, após os dois avais	UNKNOWN STEP	2026-10-08T22:16:01.1163483Z   version: 1.5.0
Avaliar a mesma candidata / AUTORIZAR PUBLICAR — Israel OU Fabrícia, após os dois avais	UNKNOWN STEP	2026-10-08T22:16:01.1164375Z   title: Laboratório corrigido — rejeição da RC1 e promoção da RC2
Avaliar a mesma candidata / AUTORIZAR PUBLICAR — Israel OU Fabrícia, após os dois avais	UNKNOWN STEP	2026-10-08T22:16:01.1165236Z ##[endgroup]
Avaliar a mesma candidata / AUTORIZAR PUBLICAR — Israel OU Fabrícia, após os dois avais	UNKNOWN STEP	2026-10-08T22:16:01.1166158Z Complete job name: Avaliar a mesma candidata / AUTORIZAR PUBLICAR — Israel OU Fabrícia, após os dois avais
Avaliar a mesma candidata / AUTORIZAR PUBLICAR — Israel OU Fabrícia, após os dois avais	UNKNOWN STEP	2026-10-08T22:16:01.1838949Z ##[group]Run python3 - <<'PY'
Avaliar a mesma candidata / AUTORIZAR PUBLICAR — Israel OU Fabrícia, após os dois avais	UNKNOWN STEP	2026-10-08T22:16:01.1839827Z ^[[36;1mpython3 - <<'PY'^[[0m
Avaliar a mesma candidata / AUTORIZAR PUBLICAR — Israel OU Fabrícia, após os dois avais	UNKNOWN STEP	2026-10-08T22:16:01.1840531Z ^[[36;1mimport os^[[0m
Avaliar a mesma candidata / AUTORIZAR PUBLICAR — Israel OU Fabrícia, após os dois avais	UNKNOWN STEP	2026-10-08T22:16:01.1841306Z ^[[36;1mwith open(os.environ['GITHUB_STEP_SUMMARY'], 'a') as summary:^[[0m
Avaliar a mesma candidata / AUTORIZAR PUBLICAR — Israel OU Fabrícia, após os dois avais	UNKNOWN STEP	2026-10-08T22:16:01.1842325Z ^[[36;1m    summary.write('# Comando final autorizado\n\n')^[[0m
Avaliar a mesma candidata / AUTORIZAR PUBLICAR — Israel OU Fabrícia, após os dois avais	UNKNOWN STEP	2026-10-08T22:16:01.1843762Z ^[[36;1m    summary.write('Este gate registra a decisão final separada dos dois avais. ')^[[0m
Avaliar a mesma candidata / AUTORIZAR PUBLICAR — Israel OU Fabrícia, após os dois avais	UNKNOWN STEP	2026-10-08T22:16:01.1845198Z ^[[36;1m    summary.write('O próximo job reconfere a candidata e as reviews antes de criar a tag estável e a Release no GitHub. ')^[[0m
Avaliar a mesma candidata / AUTORIZAR PUBLICAR — Israel OU Fabrícia, após os dois avais	UNKNOWN STEP	2026-10-08T22:16:01.1846546Z ^[[36;1m    summary.write('Nenhum aplicativo ou patch mobile será distribuído.\n')^[[0m
Avaliar a mesma candidata / AUTORIZAR PUBLICAR — Israel OU Fabrícia, após os dois avais	UNKNOWN STEP	2026-10-08T22:16:01.1847489Z ^[[36;1mPY^[[0m
Avaliar a mesma candidata / AUTORIZAR PUBLICAR — Israel OU Fabrícia, após os dois avais	UNKNOWN STEP	2026-10-08T22:16:01.2417292Z shell: /usr/bin/bash -e {0}
Avaliar a mesma candidata / AUTORIZAR PUBLICAR — Israel OU Fabrícia, após os dois avais	UNKNOWN STEP	2026-10-08T22:16:01.2418225Z ##[endgroup]
Avaliar a mesma candidata / AUTORIZAR PUBLICAR — Israel OU Fabrícia, após os dois avais	UNKNOWN STEP	2026-10-08T22:16:01.3007311Z Evaluate and set environment url
Avaliar a mesma candidata / AUTORIZAR PUBLICAR — Israel OU Fabrícia, após os dois avais	UNKNOWN STEP	2026-10-08T22:16:01.3039171Z Evaluated environment url: https://github.com/israelhudson/flutter_code_push_example/actions/runs/37851607911
Avaliar a mesma candidata / AUTORIZAR PUBLICAR — Israel OU Fabrícia, após os dois avais	UNKNOWN STEP	2026-10-08T22:16:01.3041355Z Cleaning up orphan processes
Avaliar a mesma candidata / PROMOVER — tag estável e Release no GitHub, sem distribuição mobile	UNKNOWN STEP	﻿2026-10-08T22:16:06.1866697Z Current runner version: '2.337.0'
Avaliar a mesma candidata / PROMOVER — tag estável e Release no GitHub, sem distribuição mobile	UNKNOWN STEP	2026-10-08T22:16:06.1883691Z ##[group]Runner Image Provisioner
Avaliar a mesma candidata / PROMOVER — tag estável e Release no GitHub, sem distribuição mobile	UNKNOWN STEP	2026-10-08T22:16:06.1884276Z Hosted Compute Agent
Avaliar a mesma candidata / PROMOVER — tag estável e Release no GitHub, sem distribuição mobile	UNKNOWN STEP	2026-10-08T22:16:06.1884644Z Version: 20261002.596
Avaliar a mesma candidata / PROMOVER — tag estável e Release no GitHub, sem distribuição mobile	UNKNOWN STEP	2026-10-08T22:16:06.1885059Z Commit: c3d12f3313a95f25162a1503be624f3b0617f8c0
Avaliar a mesma candidata / PROMOVER — tag estável e Release no GitHub, sem distribuição mobile	UNKNOWN STEP	2026-10-08T22:16:06.1885562Z Build Date: 2026-10-02T22:28:27Z
Avaliar a mesma candidata / PROMOVER — tag estável e Release no GitHub, sem distribuição mobile	UNKNOWN STEP	2026-10-08T22:16:06.1885971Z Worker ID: {3419b329-cb69-4fb9-8ead-aaf1a07a90c4}
Avaliar a mesma candidata / PROMOVER — tag estável e Release no GitHub, sem distribuição mobile	UNKNOWN STEP	2026-10-08T22:16:06.1886425Z Region: centralus
Avaliar a mesma candidata / PROMOVER — tag estável e Release no GitHub, sem distribuição mobile	UNKNOWN STEP	2026-10-08T22:16:06.1886768Z Cloud: Azure
Avaliar a mesma candidata / PROMOVER — tag estável e Release no GitHub, sem distribuição mobile	UNKNOWN STEP	2026-10-08T22:16:06.1887135Z ##[endgroup]
Avaliar a mesma candidata / PROMOVER — tag estável e Release no GitHub, sem distribuição mobile	UNKNOWN STEP	2026-10-08T22:16:06.1887971Z ##[group]Operating System
Avaliar a mesma candidata / PROMOVER — tag estável e Release no GitHub, sem distribuição mobile	UNKNOWN STEP	2026-10-08T22:16:06.1888339Z Ubuntu
Avaliar a mesma candidata / PROMOVER — tag estável e Release no GitHub, sem distribuição mobile	UNKNOWN STEP	2026-10-08T22:16:06.1888878Z 24.04.5
Avaliar a mesma candidata / PROMOVER — tag estável e Release no GitHub, sem distribuição mobile	UNKNOWN STEP	2026-10-08T22:16:06.1889242Z LTS
Avaliar a mesma candidata / PROMOVER — tag estável e Release no GitHub, sem distribuição mobile	UNKNOWN STEP	2026-10-08T22:16:06.1889589Z ##[endgroup]
Avaliar a mesma candidata / PROMOVER — tag estável e Release no GitHub, sem distribuição mobile	UNKNOWN STEP	2026-10-08T22:16:06.1889950Z ##[group]Runner Image
Avaliar a mesma candidata / PROMOVER — tag estável e Release no GitHub, sem distribuição mobile	UNKNOWN STEP	2026-10-08T22:16:06.1890353Z Image: ubuntu-24.04
Avaliar a mesma candidata / PROMOVER — tag estável e Release no GitHub, sem distribuição mobile	UNKNOWN STEP	2026-10-08T22:16:06.1890691Z Version: 20261004.327.1
Avaliar a mesma candidata / PROMOVER — tag estável e Release no GitHub, sem distribuição mobile	UNKNOWN STEP	2026-10-08T22:16:06.1891544Z Included Software: https://github.com/actions/runner-images/blob/ubuntu24/20261004.327/images/ubuntu/Ubuntu2404-Readme.md
Avaliar a mesma candidata / PROMOVER — tag estável e Release no GitHub, sem distribuição mobile	UNKNOWN STEP	2026-10-08T22:16:06.1892447Z Image Release: https://github.com/actions/runner-images/releases/tag/ubuntu24%2F20261004.327
Avaliar a mesma candidata / PROMOVER — tag estável e Release no GitHub, sem distribuição mobile	UNKNOWN STEP	2026-10-08T22:16:06.1893005Z ##[endgroup]
Avaliar a mesma candidata / PROMOVER — tag estável e Release no GitHub, sem distribuição mobile	UNKNOWN STEP	2026-10-08T22:16:06.1893715Z ##[group]GITHUB_TOKEN Permissions
Avaliar a mesma candidata / PROMOVER — tag estável e Release no GitHub, sem distribuição mobile	UNKNOWN STEP	2026-10-08T22:16:06.1895144Z Actions: read
Avaliar a mesma candidata / PROMOVER — tag estável e Release no GitHub, sem distribuição mobile	UNKNOWN STEP	2026-10-08T22:16:06.1895466Z Contents: write
Avaliar a mesma candidata / PROMOVER — tag estável e Release no GitHub, sem distribuição mobile	UNKNOWN STEP	2026-10-08T22:16:06.1896092Z Metadata: read
Avaliar a mesma candidata / PROMOVER — tag estável e Release no GitHub, sem distribuição mobile	UNKNOWN STEP	2026-10-08T22:16:06.1896433Z ##[endgroup]
Avaliar a mesma candidata / PROMOVER — tag estável e Release no GitHub, sem distribuição mobile	UNKNOWN STEP	2026-10-08T22:16:06.1897756Z Secret source: Actions
Avaliar a mesma candidata / PROMOVER — tag estável e Release no GitHub, sem distribuição mobile	UNKNOWN STEP	2026-10-08T22:16:06.1898348Z Cache mode: write
Avaliar a mesma candidata / PROMOVER — tag estável e Release no GitHub, sem distribuição mobile	UNKNOWN STEP	2026-10-08T22:16:06.1899063Z Prepare workflow directory
Avaliar a mesma candidata / PROMOVER — tag estável e Release no GitHub, sem distribuição mobile	UNKNOWN STEP	2026-10-08T22:16:06.2112283Z Prepare all required actions
Avaliar a mesma candidata / PROMOVER — tag estável e Release no GitHub, sem distribuição mobile	UNKNOWN STEP	2026-10-08T22:16:06.2144361Z Getting action download info
Avaliar a mesma candidata / PROMOVER — tag estável e Release no GitHub, sem distribuição mobile	UNKNOWN STEP	2026-10-08T22:16:06.4252148Z Download action repository 'actions/checkout@11d5960a326750d5838078e36cf38b85af677262' (SHA:11d5960a326750d5838078e36cf38b85af677262)
Avaliar a mesma candidata / PROMOVER — tag estável e Release no GitHub, sem distribuição mobile	UNKNOWN STEP	2026-10-08T22:16:06.4968758Z Download action repository 'actions/upload-artifact@ea165f8d65b6e75b540449e92b4886f43607fa02' (SHA:ea165f8d65b6e75b540449e92b4886f43607fa02)
Avaliar a mesma candidata / PROMOVER — tag estável e Release no GitHub, sem distribuição mobile	UNKNOWN STEP	2026-10-08T22:16:06.7200883Z Uses: israelhudson/flutter_code_push_example/.github/workflows/release-lab-evaluate.yml@refs/heads/main (9c4ad37fc415a98ef2a8cfdc5be8d5cf97fe35b0)
Avaliar a mesma candidata / PROMOVER — tag estável e Release no GitHub, sem distribuição mobile	UNKNOWN STEP	2026-10-08T22:16:06.7203594Z ##[group] Inputs
Avaliar a mesma candidata / PROMOVER — tag estável e Release no GitHub, sem distribuição mobile	UNKNOWN STEP	2026-10-08T22:16:06.7203906Z   candidate_tag: v1.5.0-rc.2
Avaliar a mesma candidata / PROMOVER — tag estável e Release no GitHub, sem distribuição mobile	UNKNOWN STEP	2026-10-08T22:16:06.7204198Z   version: 1.5.0
Avaliar a mesma candidata / PROMOVER — tag estável e Release no GitHub, sem distribuição mobile	UNKNOWN STEP	2026-10-08T22:16:06.7204569Z   title: Laboratório corrigido — rejeição da RC1 e promoção da RC2
Avaliar a mesma candidata / PROMOVER — tag estável e Release no GitHub, sem distribuição mobile	UNKNOWN STEP	2026-10-08T22:16:06.7204966Z ##[endgroup]
Avaliar a mesma candidata / PROMOVER — tag estável e Release no GitHub, sem distribuição mobile	UNKNOWN STEP	2026-10-08T22:16:06.7205438Z Complete job name: Avaliar a mesma candidata / PROMOVER — tag estável e Release no GitHub, sem distribuição mobile
Avaliar a mesma candidata / PROMOVER — tag estável e Release no GitHub, sem distribuição mobile	UNKNOWN STEP	2026-10-08T22:16:06.7676191Z ##[group]Run actions/checkout@11d5960a326750d5838078e36cf38b85af677262
Avaliar a mesma candidata / PROMOVER — tag estável e Release no GitHub, sem distribuição mobile	UNKNOWN STEP	2026-10-08T22:16:06.7676712Z with:
Avaliar a mesma candidata / PROMOVER — tag estável e Release no GitHub, sem distribuição mobile	UNKNOWN STEP	2026-10-08T22:16:06.7676987Z   ref: 9c4ad37fc415a98ef2a8cfdc5be8d5cf97fe35b0
Avaliar a mesma candidata / PROMOVER — tag estável e Release no GitHub, sem distribuição mobile	UNKNOWN STEP	2026-10-08T22:16:06.7677329Z   path: trusted
Avaliar a mesma candidata / PROMOVER — tag estável e Release no GitHub, sem distribuição mobile	UNKNOWN STEP	2026-10-08T22:16:06.7677591Z   persist-credentials: false
Avaliar a mesma candidata / PROMOVER — tag estável e Release no GitHub, sem distribuição mobile	UNKNOWN STEP	2026-10-08T22:16:06.7677918Z   repository: israelhudson/flutter_code_push_example
Avaliar a mesma candidata / PROMOVER — tag estável e Release no GitHub, sem distribuição mobile	UNKNOWN STEP	2026-10-08T22:16:06.7680420Z   token: ***
Avaliar a mesma candidata / PROMOVER — tag estável e Release no GitHub, sem distribuição mobile	UNKNOWN STEP	2026-10-08T22:16:06.7680673Z   ssh-strict: true
Avaliar a mesma candidata / PROMOVER — tag estável e Release no GitHub, sem distribuição mobile	UNKNOWN STEP	2026-10-08T22:16:06.7680930Z   ssh-user: git
Avaliar a mesma candidata / PROMOVER — tag estável e Release no GitHub, sem distribuição mobile	UNKNOWN STEP	2026-10-08T22:16:06.7681171Z   clean: true
Avaliar a mesma candidata / PROMOVER — tag estável e Release no GitHub, sem distribuição mobile	UNKNOWN STEP	2026-10-08T22:16:06.7681431Z   sparse-checkout-cone-mode: true
Avaliar a mesma candidata / PROMOVER — tag estável e Release no GitHub, sem distribuição mobile	UNKNOWN STEP	2026-10-08T22:16:06.7681731Z   fetch-depth: 1
Avaliar a mesma candidata / PROMOVER — tag estável e Release no GitHub, sem distribuição mobile	UNKNOWN STEP	2026-10-08T22:16:06.7681979Z   fetch-tags: false
Avaliar a mesma candidata / PROMOVER — tag estável e Release no GitHub, sem distribuição mobile	UNKNOWN STEP	2026-10-08T22:16:06.7682240Z   show-progress: true
Avaliar a mesma candidata / PROMOVER — tag estável e Release no GitHub, sem distribuição mobile	UNKNOWN STEP	2026-10-08T22:16:06.7682495Z   lfs: false
Avaliar a mesma candidata / PROMOVER — tag estável e Release no GitHub, sem distribuição mobile	UNKNOWN STEP	2026-10-08T22:16:06.7682736Z   submodules: false
Avaliar a mesma candidata / PROMOVER — tag estável e Release no GitHub, sem distribuição mobile	UNKNOWN STEP	2026-10-08T22:16:06.7682997Z   set-safe-directory: true
Avaliar a mesma candidata / PROMOVER — tag estável e Release no GitHub, sem distribuição mobile	UNKNOWN STEP	2026-10-08T22:16:06.7683285Z   allow-unsafe-pr-checkout: false
Avaliar a mesma candidata / PROMOVER — tag estável e Release no GitHub, sem distribuição mobile	UNKNOWN STEP	2026-10-08T22:16:06.7683716Z ##[endgroup]
Avaliar a mesma candidata / PROMOVER — tag estável e Release no GitHub, sem distribuição mobile	UNKNOWN STEP	2026-10-08T22:16:06.8347582Z Syncing repository: israelhudson/flutter_code_push_example
Avaliar a mesma candidata / PROMOVER — tag estável e Release no GitHub, sem distribuição mobile	UNKNOWN STEP	2026-10-08T22:16:06.8349528Z ##[group]Getting Git version info
Avaliar a mesma candidata / PROMOVER — tag estável e Release no GitHub, sem distribuição mobile	UNKNOWN STEP	2026-10-08T22:16:06.8350344Z Working directory is '/home/runner/work/flutter_code_push_example/flutter_code_push_example/trusted'
Avaliar a mesma candidata / PROMOVER — tag estável e Release no GitHub, sem distribuição mobile	UNKNOWN STEP	2026-10-08T22:16:06.8351432Z [command]/usr/bin/git version
Avaliar a mesma candidata / PROMOVER — tag estável e Release no GitHub, sem distribuição mobile	UNKNOWN STEP	2026-10-08T22:16:06.8443735Z git version 2.55.0
Avaliar a mesma candidata / PROMOVER — tag estável e Release no GitHub, sem distribuição mobile	UNKNOWN STEP	2026-10-08T22:16:06.8456127Z ##[endgroup]
Avaliar a mesma candidata / PROMOVER — tag estável e Release no GitHub, sem distribuição mobile	UNKNOWN STEP	2026-10-08T22:16:06.8466170Z Temporarily overriding HOME='/home/runner/work/_temp/50d1a297-4045-4f99-9735-dc11a96fbe31' before making global git config changes
Avaliar a mesma candidata / PROMOVER — tag estável e Release no GitHub, sem distribuição mobile	UNKNOWN STEP	2026-10-08T22:16:06.8467598Z Adding repository directory to the temporary git global config as a safe directory
Avaliar a mesma candidata / PROMOVER — tag estável e Release no GitHub, sem distribuição mobile	UNKNOWN STEP	2026-10-08T22:16:06.8470530Z [command]/usr/bin/git config --global --add safe.directory /home/runner/work/flutter_code_push_example/flutter_code_push_example/trusted
Avaliar a mesma candidata / PROMOVER — tag estável e Release no GitHub, sem distribuição mobile	UNKNOWN STEP	2026-10-08T22:16:06.8513550Z ##[group]Initializing the repository
Avaliar a mesma candidata / PROMOVER — tag estável e Release no GitHub, sem distribuição mobile	UNKNOWN STEP	2026-10-08T22:16:06.8517145Z [command]/usr/bin/git init /home/runner/work/flutter_code_push_example/flutter_code_push_example/trusted
Avaliar a mesma candidata / PROMOVER — tag estável e Release no GitHub, sem distribuição mobile	UNKNOWN STEP	2026-10-08T22:16:06.8611234Z hint: Using 'master' as the name for the initial branch. This default branch name
Avaliar a mesma candidata / PROMOVER — tag estável e Release no GitHub, sem distribuição mobile	UNKNOWN STEP	2026-10-08T22:16:06.8612177Z hint: will change to "main" in Git 3.0. To configure the initial branch name
Avaliar a mesma candidata / PROMOVER — tag estável e Release no GitHub, sem distribuição mobile	UNKNOWN STEP	2026-10-08T22:16:06.8613025Z hint: to use in all of your new repositories, which will suppress this warning,
Avaliar a mesma candidata / PROMOVER — tag estável e Release no GitHub, sem distribuição mobile	UNKNOWN STEP	2026-10-08T22:16:06.8613714Z hint: call:
Avaliar a mesma candidata / PROMOVER — tag estável e Release no GitHub, sem distribuição mobile	UNKNOWN STEP	2026-10-08T22:16:06.8614066Z hint:
Avaliar a mesma candidata / PROMOVER — tag estável e Release no GitHub, sem distribuição mobile	UNKNOWN STEP	2026-10-08T22:16:06.8614535Z hint: 	git config --global init.defaultBranch <name>
Avaliar a mesma candidata / PROMOVER — tag estável e Release no GitHub, sem distribuição mobile	UNKNOWN STEP	2026-10-08T22:16:06.8615077Z hint:
Avaliar a mesma candidata / PROMOVER — tag estável e Release no GitHub, sem distribuição mobile	UNKNOWN STEP	2026-10-08T22:16:06.8615581Z hint: Names commonly chosen instead of 'master' are 'main', 'trunk' and
Avaliar a mesma candidata / PROMOVER — tag estável e Release no GitHub, sem distribuição mobile	UNKNOWN STEP	2026-10-08T22:16:06.8616470Z hint: 'development'. The just-created branch can be renamed via this command:
Avaliar a mesma candidata / PROMOVER — tag estável e Release no GitHub, sem distribuição mobile	UNKNOWN STEP	2026-10-08T22:16:06.8617145Z hint:
Avaliar a mesma candidata / PROMOVER — tag estável e Release no GitHub, sem distribuição mobile	UNKNOWN STEP	2026-10-08T22:16:06.8617519Z hint: 	git branch -m <name>
Avaliar a mesma candidata / PROMOVER — tag estável e Release no GitHub, sem distribuição mobile	UNKNOWN STEP	2026-10-08T22:16:06.8617930Z hint:
Avaliar a mesma candidata / PROMOVER — tag estável e Release no GitHub, sem distribuição mobile	UNKNOWN STEP	2026-10-08T22:16:06.8618589Z hint: Disable this message with "git config set advice.defaultBranchName false"
Avaliar a mesma candidata / PROMOVER — tag estável e Release no GitHub, sem distribuição mobile	UNKNOWN STEP	2026-10-08T22:16:06.8619727Z Initialized empty Git repository in /home/runner/work/flutter_code_push_example/flutter_code_push_example/trusted/.git/
Avaliar a mesma candidata / PROMOVER — tag estável e Release no GitHub, sem distribuição mobile	UNKNOWN STEP	2026-10-08T22:16:06.8622800Z [command]/usr/bin/git remote add origin https://github.com/israelhudson/flutter_code_push_example
Avaliar a mesma candidata / PROMOVER — tag estável e Release no GitHub, sem distribuição mobile	UNKNOWN STEP	2026-10-08T22:16:06.8671548Z ##[endgroup]
Avaliar a mesma candidata / PROMOVER — tag estável e Release no GitHub, sem distribuição mobile	UNKNOWN STEP	2026-10-08T22:16:06.8672231Z ##[group]Disabling automatic garbage collection
Avaliar a mesma candidata / PROMOVER — tag estável e Release no GitHub, sem distribuição mobile	UNKNOWN STEP	2026-10-08T22:16:06.8674559Z [command]/usr/bin/git config --local gc.auto 0
Avaliar a mesma candidata / PROMOVER — tag estável e Release no GitHub, sem distribuição mobile	UNKNOWN STEP	2026-10-08T22:16:06.8704092Z ##[endgroup]
Avaliar a mesma candidata / PROMOVER — tag estável e Release no GitHub, sem distribuição mobile	UNKNOWN STEP	2026-10-08T22:16:06.8704518Z ##[group]Setting up auth
Avaliar a mesma candidata / PROMOVER — tag estável e Release no GitHub, sem distribuição mobile	UNKNOWN STEP	2026-10-08T22:16:06.8711014Z [command]/usr/bin/git config --local --name-only --get-regexp core\.sshCommand
Avaliar a mesma candidata / PROMOVER — tag estável e Release no GitHub, sem distribuição mobile	UNKNOWN STEP	2026-10-08T22:16:06.8740142Z [command]/usr/bin/git submodule foreach --recursive sh -c "git config --local --name-only --get-regexp 'core\.sshCommand' && git config --local --unset-all 'core.sshCommand' || :"
Avaliar a mesma candidata / PROMOVER — tag estável e Release no GitHub, sem distribuição mobile	UNKNOWN STEP	2026-10-08T22:16:06.9148220Z [command]/usr/bin/git config --local --name-only --get-regexp http\.https\:\/\/github\.com\/\.extraheader
Avaliar a mesma candidata / PROMOVER — tag estável e Release no GitHub, sem distribuição mobile	UNKNOWN STEP	2026-10-08T22:16:06.9183187Z [command]/usr/bin/git submodule foreach --recursive sh -c "git config --local --name-only --get-regexp 'http\.https\:\/\/github\.com\/\.extraheader' && git config --local --unset-all 'http.https://github.com/.extraheader' || :"
Avaliar a mesma candidata / PROMOVER — tag estável e Release no GitHub, sem distribuição mobile	UNKNOWN STEP	2026-10-08T22:16:06.9348157Z [command]/usr/bin/git config --local --name-only --get-regexp ^includeIf\.gitdir:
Avaliar a mesma candidata / PROMOVER — tag estável e Release no GitHub, sem distribuição mobile	UNKNOWN STEP	2026-10-08T22:16:06.9374769Z [command]/usr/bin/git submodule foreach --recursive git config --local --show-origin --name-only --get-regexp remote.origin.url
Avaliar a mesma candidata / PROMOVER — tag estável e Release no GitHub, sem distribuição mobile	UNKNOWN STEP	2026-10-08T22:16:06.9549344Z [command]/usr/bin/git config --local http.https://github.com/.extraheader AUTHORIZATION: basic ***
Avaliar a mesma candidata / PROMOVER — tag estável e Release no GitHub, sem distribuição mobile	UNKNOWN STEP	2026-10-08T22:16:06.9580742Z ##[endgroup]
Avaliar a mesma candidata / PROMOVER — tag estável e Release no GitHub, sem distribuição mobile	UNKNOWN STEP	2026-10-08T22:16:06.9581265Z ##[group]Fetching the repository
Avaliar a mesma candidata / PROMOVER — tag estável e Release no GitHub, sem distribuição mobile	UNKNOWN STEP	2026-10-08T22:16:06.9586660Z [command]/usr/bin/git -c protocol.version=2 fetch --no-tags --prune --no-recurse-submodules --depth=1 origin 9c4ad37fc415a98ef2a8cfdc5be8d5cf97fe35b0
Avaliar a mesma candidata / PROMOVER — tag estável e Release no GitHub, sem distribuição mobile	UNKNOWN STEP	2026-10-08T22:16:07.5455845Z From https://github.com/israelhudson/flutter_code_push_example
Avaliar a mesma candidata / PROMOVER — tag estável e Release no GitHub, sem distribuição mobile	UNKNOWN STEP	2026-10-08T22:16:07.5457646Z  * branch            9c4ad37fc415a98ef2a8cfdc5be8d5cf97fe35b0 -> FETCH_HEAD
Avaliar a mesma candidata / PROMOVER — tag estável e Release no GitHub, sem distribuição mobile	UNKNOWN STEP	2026-10-08T22:16:07.5461015Z ##[endgroup]
Avaliar a mesma candidata / PROMOVER — tag estável e Release no GitHub, sem distribuição mobile	UNKNOWN STEP	2026-10-08T22:16:07.5462370Z ##[group]Determining the checkout info
Avaliar a mesma candidata / PROMOVER — tag estável e Release no GitHub, sem distribuição mobile	UNKNOWN STEP	2026-10-08T22:16:07.5464064Z ##[endgroup]
Avaliar a mesma candidata / PROMOVER — tag estável e Release no GitHub, sem distribuição mobile	UNKNOWN STEP	2026-10-08T22:16:07.5468258Z [command]/usr/bin/git sparse-checkout disable
Avaliar a mesma candidata / PROMOVER — tag estável e Release no GitHub, sem distribuição mobile	UNKNOWN STEP	2026-10-08T22:16:07.5514198Z [command]/usr/bin/git config --local --unset-all extensions.worktreeConfig
Avaliar a mesma candidata / PROMOVER — tag estável e Release no GitHub, sem distribuição mobile	UNKNOWN STEP	2026-10-08T22:16:07.5541304Z ##[group]Checking out the ref
Avaliar a mesma candidata / PROMOVER — tag estável e Release no GitHub, sem distribuição mobile	UNKNOWN STEP	2026-10-08T22:16:07.5543894Z [command]/usr/bin/git checkout --progress --force 9c4ad37fc415a98ef2a8cfdc5be8d5cf97fe35b0
Avaliar a mesma candidata / PROMOVER — tag estável e Release no GitHub, sem distribuição mobile	UNKNOWN STEP	2026-10-08T22:16:07.5717777Z Note: switching to '9c4ad37fc415a98ef2a8cfdc5be8d5cf97fe35b0'.
Avaliar a mesma candidata / PROMOVER — tag estável e Release no GitHub, sem distribuição mobile	UNKNOWN STEP	2026-10-08T22:16:07.5718799Z 
Avaliar a mesma candidata / PROMOVER — tag estável e Release no GitHub, sem distribuição mobile	UNKNOWN STEP	2026-10-08T22:16:07.5719471Z You are in 'detached HEAD' state. You can look around, make experimental
Avaliar a mesma candidata / PROMOVER — tag estável e Release no GitHub, sem distribuição mobile	UNKNOWN STEP	2026-10-08T22:16:07.5720997Z changes and commit them, and you can discard any commits you make in this
Avaliar a mesma candidata / PROMOVER — tag estável e Release no GitHub, sem distribuição mobile	UNKNOWN STEP	2026-10-08T22:16:07.5722548Z state without impacting any branches by switching back to a branch.
Avaliar a mesma candidata / PROMOVER — tag estável e Release no GitHub, sem distribuição mobile	UNKNOWN STEP	2026-10-08T22:16:07.5723430Z 
Avaliar a mesma candidata / PROMOVER — tag estável e Release no GitHub, sem distribuição mobile	UNKNOWN STEP	2026-10-08T22:16:07.5724238Z If you want to create a new branch to retain commits you create, you may
Avaliar a mesma candidata / PROMOVER — tag estável e Release no GitHub, sem distribuição mobile	UNKNOWN STEP	2026-10-08T22:16:07.5726182Z do so (now or later) by using -c with the switch command. Example:
Avaliar a mesma candidata / PROMOVER — tag estável e Release no GitHub, sem distribuição mobile	UNKNOWN STEP	2026-10-08T22:16:07.5727299Z 
Avaliar a mesma candidata / PROMOVER — tag estável e Release no GitHub, sem distribuição mobile	UNKNOWN STEP	2026-10-08T22:16:07.5727828Z   git switch -c <new-branch-name>
Avaliar a mesma candidata / PROMOVER — tag estável e Release no GitHub, sem distribuição mobile	UNKNOWN STEP	2026-10-08T22:16:07.5728750Z 
Avaliar a mesma candidata / PROMOVER — tag estável e Release no GitHub, sem distribuição mobile	UNKNOWN STEP	2026-10-08T22:16:07.5729255Z Or undo this operation with:
Avaliar a mesma candidata / PROMOVER — tag estável e Release no GitHub, sem distribuição mobile	UNKNOWN STEP	2026-10-08T22:16:07.5730007Z 
Avaliar a mesma candidata / PROMOVER — tag estável e Release no GitHub, sem distribuição mobile	UNKNOWN STEP	2026-10-08T22:16:07.5730445Z   git switch -
Avaliar a mesma candidata / PROMOVER — tag estável e Release no GitHub, sem distribuição mobile	UNKNOWN STEP	2026-10-08T22:16:07.5731023Z 
Avaliar a mesma candidata / PROMOVER — tag estável e Release no GitHub, sem distribuição mobile	UNKNOWN STEP	2026-10-08T22:16:07.5731955Z Turn off this advice by setting config variable advice.detachedHead to false
Avaliar a mesma candidata / PROMOVER — tag estável e Release no GitHub, sem distribuição mobile	UNKNOWN STEP	2026-10-08T22:16:07.5733219Z 
Avaliar a mesma candidata / PROMOVER — tag estável e Release no GitHub, sem distribuição mobile	UNKNOWN STEP	2026-10-08T22:16:07.5734341Z HEAD is now at 9c4ad37 Merge pull request #14 from israelhudson/codex/release-lab-real-promotion
Avaliar a mesma candidata / PROMOVER — tag estável e Release no GitHub, sem distribuição mobile	UNKNOWN STEP	2026-10-08T22:16:07.5737722Z ##[endgroup]
Avaliar a mesma candidata / PROMOVER — tag estável e Release no GitHub, sem distribuição mobile	UNKNOWN STEP	2026-10-08T22:16:07.5761396Z [command]/usr/bin/git log -1 --format=%H
Avaliar a mesma candidata / PROMOVER — tag estável e Release no GitHub, sem distribuição mobile	UNKNOWN STEP	2026-10-08T22:16:07.5783221Z 9c4ad37fc415a98ef2a8cfdc5be8d5cf97fe35b0
Avaliar a mesma candidata / PROMOVER — tag estável e Release no GitHub, sem distribuição mobile	UNKNOWN STEP	2026-10-08T22:16:07.5790850Z ##[group]Removing auth
Avaliar a mesma candidata / PROMOVER — tag estável e Release no GitHub, sem distribuição mobile	UNKNOWN STEP	2026-10-08T22:16:07.5793123Z [command]/usr/bin/git config --local --name-only --get-regexp core\.sshCommand
Avaliar a mesma candidata / PROMOVER — tag estável e Release no GitHub, sem distribuição mobile	UNKNOWN STEP	2026-10-08T22:16:07.5820198Z [command]/usr/bin/git submodule foreach --recursive sh -c "git config --local --name-only --get-regexp 'core\.sshCommand' && git config --local --unset-all 'core.sshCommand' || :"
Avaliar a mesma candidata / PROMOVER — tag estável e Release no GitHub, sem distribuição mobile	UNKNOWN STEP	2026-10-08T22:16:07.5992626Z [command]/usr/bin/git config --local --name-only --get-regexp http\.https\:\/\/github\.com\/\.extraheader
Avaliar a mesma candidata / PROMOVER — tag estável e Release no GitHub, sem distribuição mobile	UNKNOWN STEP	2026-10-08T22:16:07.6014273Z http.https://github.com/.extraheader
Avaliar a mesma candidata / PROMOVER — tag estável e Release no GitHub, sem distribuição mobile	UNKNOWN STEP	2026-10-08T22:16:07.6020543Z [command]/usr/bin/git config --local --unset-all http.https://github.com/.extraheader
Avaliar a mesma candidata / PROMOVER — tag estável e Release no GitHub, sem distribuição mobile	UNKNOWN STEP	2026-10-08T22:16:07.6049042Z [command]/usr/bin/git submodule foreach --recursive sh -c "git config --local --name-only --get-regexp 'http\.https\:\/\/github\.com\/\.extraheader' && git config --local --unset-all 'http.https://github.com/.extraheader' || :"
Avaliar a mesma candidata / PROMOVER — tag estável e Release no GitHub, sem distribuição mobile	UNKNOWN STEP	2026-10-08T22:16:07.6217197Z [command]/usr/bin/git config --local --name-only --get-regexp ^includeIf\.gitdir:
Avaliar a mesma candidata / PROMOVER — tag estável e Release no GitHub, sem distribuição mobile	UNKNOWN STEP	2026-10-08T22:16:07.6242693Z [command]/usr/bin/git submodule foreach --recursive git config --local --show-origin --name-only --get-regexp remote.origin.url
Avaliar a mesma candidata / PROMOVER — tag estável e Release no GitHub, sem distribuição mobile	UNKNOWN STEP	2026-10-08T22:16:07.6409748Z ##[endgroup]
Avaliar a mesma candidata / PROMOVER — tag estável e Release no GitHub, sem distribuição mobile	UNKNOWN STEP	2026-10-08T22:16:07.6611253Z ##[group]Run python3 trusted/tools/delivery/release_lab.py finish --candidate-tag "$CANDIDATE_TAG" --report-digest "$REPORT_DIGEST" --output "$RUNNER_TEMP/release-lab"
Avaliar a mesma candidata / PROMOVER — tag estável e Release no GitHub, sem distribuição mobile	UNKNOWN STEP	2026-10-08T22:16:07.6614293Z ^[[36;1mpython3 trusted/tools/delivery/release_lab.py finish --candidate-tag "$CANDIDATE_TAG" --report-digest "$REPORT_DIGEST" --output "$RUNNER_TEMP/release-lab"^[[0m
Avaliar a mesma candidata / PROMOVER — tag estável e Release no GitHub, sem distribuição mobile	UNKNOWN STEP	2026-10-08T22:16:07.6834980Z shell: /usr/bin/bash -e {0}
Avaliar a mesma candidata / PROMOVER — tag estável e Release no GitHub, sem distribuição mobile	UNKNOWN STEP	2026-10-08T22:16:07.6835649Z env:
Avaliar a mesma candidata / PROMOVER — tag estável e Release no GitHub, sem distribuição mobile	UNKNOWN STEP	2026-10-08T22:16:07.6841871Z   GH_TOKEN: ***
Avaliar a mesma candidata / PROMOVER — tag estável e Release no GitHub, sem distribuição mobile	UNKNOWN STEP	2026-10-08T22:16:07.6842475Z   CANDIDATE_TAG: v1.5.0-rc.2
Avaliar a mesma candidata / PROMOVER — tag estável e Release no GitHub, sem distribuição mobile	UNKNOWN STEP	2026-10-08T22:16:07.6843481Z   REPORT_DIGEST: f322ac38d3d87747dc7a29642a19d9892476bcb642a34f9602ddc910a9624334
Avaliar a mesma candidata / PROMOVER — tag estável e Release no GitHub, sem distribuição mobile	UNKNOWN STEP	2026-10-08T22:16:07.6844576Z ##[endgroup]
Avaliar a mesma candidata / PROMOVER — tag estável e Release no GitHub, sem distribuição mobile	UNKNOWN STEP	2026-10-08T22:16:42.0244913Z {"status": "completed", "stable_tag": "v1.5.0", "release_url": "https://github.com/israelhudson/flutter_code_push_example/releases/tag/v1.5.0", "result_simulated": "false", "distribution_performed": "false"}
Avaliar a mesma candidata / PROMOVER — tag estável e Release no GitHub, sem distribuição mobile	UNKNOWN STEP	2026-10-08T22:16:42.0366154Z ##[group]Run actions/upload-artifact@ea165f8d65b6e75b540449e92b4886f43607fa02
Avaliar a mesma candidata / PROMOVER — tag estável e Release no GitHub, sem distribuição mobile	UNKNOWN STEP	2026-10-08T22:16:42.0366422Z with:
Avaliar a mesma candidata / PROMOVER — tag estável e Release no GitHub, sem distribuição mobile	UNKNOWN STEP	2026-10-08T22:16:42.0366582Z   name: release-lab-publication
Avaliar a mesma candidata / PROMOVER — tag estável e Release no GitHub, sem distribuição mobile	UNKNOWN STEP	2026-10-08T22:16:42.0366770Z   path: /home/runner/work/_temp/release-lab/
Avaliar a mesma candidata / PROMOVER — tag estável e Release no GitHub, sem distribuição mobile	UNKNOWN STEP	2026-10-08T22:16:42.0367141Z   if-no-files-found: ignore
Avaliar a mesma candidata / PROMOVER — tag estável e Release no GitHub, sem distribuição mobile	UNKNOWN STEP	2026-10-08T22:16:42.0367303Z   retention-days: 90
Avaliar a mesma candidata / PROMOVER — tag estável e Release no GitHub, sem distribuição mobile	UNKNOWN STEP	2026-10-08T22:16:42.0367453Z   overwrite: false
Avaliar a mesma candidata / PROMOVER — tag estável e Release no GitHub, sem distribuição mobile	UNKNOWN STEP	2026-10-08T22:16:42.0367600Z   compression-level: 6
Avaliar a mesma candidata / PROMOVER — tag estável e Release no GitHub, sem distribuição mobile	UNKNOWN STEP	2026-10-08T22:16:42.0367760Z   include-hidden-files: false
Avaliar a mesma candidata / PROMOVER — tag estável e Release no GitHub, sem distribuição mobile	UNKNOWN STEP	2026-10-08T22:16:42.0367935Z ##[endgroup]
Avaliar a mesma candidata / PROMOVER — tag estável e Release no GitHub, sem distribuição mobile	UNKNOWN STEP	2026-10-08T22:16:42.1406982Z (node:2848) [DEP0040] DeprecationWarning: The `punycode` module is deprecated. Please use a userland alternative instead.
Avaliar a mesma candidata / PROMOVER — tag estável e Release no GitHub, sem distribuição mobile	UNKNOWN STEP	2026-10-08T22:16:42.1407668Z (Use `node --trace-deprecation ...` to show where the warning was created)
Avaliar a mesma candidata / PROMOVER — tag estável e Release no GitHub, sem distribuição mobile	UNKNOWN STEP	2026-10-08T22:16:42.1442357Z With the provided path, there will be 4 files uploaded
Avaliar a mesma candidata / PROMOVER — tag estável e Release no GitHub, sem distribuição mobile	UNKNOWN STEP	2026-10-08T22:16:42.1445385Z Artifact name is valid!
Avaliar a mesma candidata / PROMOVER — tag estável e Release no GitHub, sem distribuição mobile	UNKNOWN STEP	2026-10-08T22:16:42.1445997Z Root directory input is valid!
Avaliar a mesma candidata / PROMOVER — tag estável e Release no GitHub, sem distribuição mobile	UNKNOWN STEP	2026-10-08T22:16:42.4022916Z Beginning upload of artifact content to blob storage
Avaliar a mesma candidata / PROMOVER — tag estável e Release no GitHub, sem distribuição mobile	UNKNOWN STEP	2026-10-08T22:16:42.4162431Z (node:2848) [DEP0169] DeprecationWarning: `url.parse()` behavior is not standardized and prone to errors that have security implications. Use the WHATWG URL API instead. CVEs are not issued for `url.parse()` vulnerabilities.
Avaliar a mesma candidata / PROMOVER — tag estável e Release no GitHub, sem distribuição mobile	UNKNOWN STEP	2026-10-08T22:16:42.5412314Z Uploaded bytes 7381
Avaliar a mesma candidata / PROMOVER — tag estável e Release no GitHub, sem distribuição mobile	UNKNOWN STEP	2026-10-08T22:16:42.5780184Z Finished uploading artifact content to blob storage!
Avaliar a mesma candidata / PROMOVER — tag estável e Release no GitHub, sem distribuição mobile	UNKNOWN STEP	2026-10-08T22:16:42.5780720Z SHA256 digest of uploaded artifact zip is 01d6f9d41a6b67f33b955553f6afcb8e4bac22b51bd2aa93fcdc830548ee3609
Avaliar a mesma candidata / PROMOVER — tag estável e Release no GitHub, sem distribuição mobile	UNKNOWN STEP	2026-10-08T22:16:42.5782022Z Finalizing artifact upload
Avaliar a mesma candidata / PROMOVER — tag estável e Release no GitHub, sem distribuição mobile	UNKNOWN STEP	2026-10-08T22:16:42.7935509Z Artifact release-lab-publication.zip successfully finalized. Artifact ID 11582906502
Avaliar a mesma candidata / PROMOVER — tag estável e Release no GitHub, sem distribuição mobile	UNKNOWN STEP	2026-10-08T22:16:42.7936327Z Artifact release-lab-publication has been successfully uploaded! Final size is 7381 bytes. Artifact ID is 11582906502
Avaliar a mesma candidata / PROMOVER — tag estável e Release no GitHub, sem distribuição mobile	UNKNOWN STEP	2026-10-08T22:16:42.7940749Z Artifact download URL: https://github.com/israelhudson/flutter_code_push_example/actions/runs/37851607911/artifacts/11582906502
Avaliar a mesma candidata / PROMOVER — tag estável e Release no GitHub, sem distribuição mobile	UNKNOWN STEP	2026-10-08T22:16:42.8084510Z Post job cleanup.
Avaliar a mesma candidata / PROMOVER — tag estável e Release no GitHub, sem distribuição mobile	UNKNOWN STEP	2026-10-08T22:16:42.8612072Z [command]/usr/bin/git version
Avaliar a mesma candidata / PROMOVER — tag estável e Release no GitHub, sem distribuição mobile	UNKNOWN STEP	2026-10-08T22:16:42.8642656Z git version 2.55.0
Avaliar a mesma candidata / PROMOVER — tag estável e Release no GitHub, sem distribuição mobile	UNKNOWN STEP	2026-10-08T22:16:42.8671470Z Temporarily overriding HOME='/home/runner/work/_temp/7ae3ad86-bc00-4a6d-aaa1-d185a31b1cf8' before making global git config changes
Avaliar a mesma candidata / PROMOVER — tag estável e Release no GitHub, sem distribuição mobile	UNKNOWN STEP	2026-10-08T22:16:42.8672501Z Adding repository directory to the temporary git global config as a safe directory
Avaliar a mesma candidata / PROMOVER — tag estável e Release no GitHub, sem distribuição mobile	UNKNOWN STEP	2026-10-08T22:16:42.8673366Z [command]/usr/bin/git config --global --add safe.directory /home/runner/work/flutter_code_push_example/flutter_code_push_example/trusted
Avaliar a mesma candidata / PROMOVER — tag estável e Release no GitHub, sem distribuição mobile	UNKNOWN STEP	2026-10-08T22:16:42.8726103Z [command]/usr/bin/git config --local --name-only --get-regexp core\.sshCommand
Avaliar a mesma candidata / PROMOVER — tag estável e Release no GitHub, sem distribuição mobile	UNKNOWN STEP	2026-10-08T22:16:42.8753936Z [command]/usr/bin/git submodule foreach --recursive sh -c "git config --local --name-only --get-regexp 'core\.sshCommand' && git config --local --unset-all 'core.sshCommand' || :"
Avaliar a mesma candidata / PROMOVER — tag estável e Release no GitHub, sem distribuição mobile	UNKNOWN STEP	2026-10-08T22:16:42.8952487Z [command]/usr/bin/git config --local --name-only --get-regexp http\.https\:\/\/github\.com\/\.extraheader
Avaliar a mesma candidata / PROMOVER — tag estável e Release no GitHub, sem distribuição mobile	UNKNOWN STEP	2026-10-08T22:16:42.8981480Z [command]/usr/bin/git submodule foreach --recursive sh -c "git config --local --name-only --get-regexp 'http\.https\:\/\/github\.com\/\.extraheader' && git config --local --unset-all 'http.https://github.com/.extraheader' || :"
Avaliar a mesma candidata / PROMOVER — tag estável e Release no GitHub, sem distribuição mobile	UNKNOWN STEP	2026-10-08T22:16:42.9173256Z [command]/usr/bin/git config --local --name-only --get-regexp ^includeIf\.gitdir:
Avaliar a mesma candidata / PROMOVER — tag estável e Release no GitHub, sem distribuição mobile	UNKNOWN STEP	2026-10-08T22:16:42.9203110Z [command]/usr/bin/git submodule foreach --recursive git config --local --show-origin --name-only --get-regexp remote.origin.url
Avaliar a mesma candidata / PROMOVER — tag estável e Release no GitHub, sem distribuição mobile	UNKNOWN STEP	2026-10-08T22:16:42.9483640Z Cleaning up orphan processes
Avaliar a mesma candidata / PROMOVER — tag estável e Release no GitHub, sem distribuição mobile	UNKNOWN STEP	2026-10-08T22:16:42.9684914Z ##[warning]Node.js 20 is deprecated. The following actions target Node.js 20 but are being forced to run on Node.js 24: actions/checkout@11d5960a326750d5838078e36cf38b85af677262, actions/upload-artifact@ea165f8d65b6e75b540449e92b4886f43607fa02. For more information see: https://github.blog/changelog/2025-09-19-deprecation-of-node-20-on-github-actions-runners/
