2026-10-09T00:15:15.2854583Z Current runner version: '2.337.0'
2026-10-09T00:15:15.2876969Z ##[group]Runner Image Provisioner
2026-10-09T00:15:15.2878121Z Hosted Compute Agent
2026-10-09T00:15:15.2878667Z Version: 20261002.596
2026-10-09T00:15:15.2879289Z Commit: c3d12f3313a95f25162a1503be624f3b0617f8c0
2026-10-09T00:15:15.2879982Z Build Date: 2026-10-02T22:28:27Z
2026-10-09T00:15:15.2880599Z Worker ID: {15006f3d-d7ce-4bac-9f41-c1a91a2143ff}
2026-10-09T00:15:15.2881253Z Region: westus3
2026-10-09T00:15:15.2881775Z Cloud: Azure
2026-10-09T00:15:15.2882270Z ##[endgroup]
2026-10-09T00:15:15.2883654Z ##[group]Operating System
2026-10-09T00:15:15.2884203Z Ubuntu
2026-10-09T00:15:15.2884716Z 24.04.5
2026-10-09T00:15:15.2885189Z LTS
2026-10-09T00:15:15.2885692Z ##[endgroup]
2026-10-09T00:15:15.2886203Z ##[group]Runner Image
2026-10-09T00:15:15.2886769Z Image: ubuntu-24.04
2026-10-09T00:15:15.2887437Z Version: 20261004.327.1
2026-10-09T00:15:15.2888625Z Included Software: https://github.com/actions/runner-images/blob/ubuntu24/20261004.327/images/ubuntu/Ubuntu2404-Readme.md
2026-10-09T00:15:15.2890050Z Image Release: https://github.com/actions/runner-images/releases/tag/ubuntu24%2F20261004.327
2026-10-09T00:15:15.2890900Z ##[endgroup]
2026-10-09T00:15:15.2892057Z ##[group]GITHUB_TOKEN Permissions
2026-10-09T00:15:15.2894238Z Actions: read
2026-10-09T00:15:15.2894826Z Contents: write
2026-10-09T00:15:15.2895342Z Metadata: read
2026-10-09T00:15:15.2895850Z Pages: write
2026-10-09T00:15:15.2896353Z ##[endgroup]
2026-10-09T00:15:15.2898587Z Secret source: Actions
2026-10-09T00:15:15.2899494Z Cache mode: write
2026-10-09T00:15:15.2900123Z Prepare workflow directory
2026-10-09T00:15:15.3186201Z Prepare all required actions
2026-10-09T00:15:15.3231554Z Getting action download info
2026-10-09T00:15:15.6764962Z Download action repository 'actions/checkout@11d5960a326750d5838078e36cf38b85af677262' (SHA:11d5960a326750d5838078e36cf38b85af677262)
2026-10-09T00:15:15.7598542Z Download action repository 'actions/download-artifact@d3f86a106a0bac45b974a628896c90dbdf5c8093' (SHA:d3f86a106a0bac45b974a628896c90dbdf5c8093)
2026-10-09T00:15:16.5602516Z Download action repository 'actions/upload-pages-artifact@7b1f4a764d45c48632c6b24a0339c27f5614fb0b' (SHA:7b1f4a764d45c48632c6b24a0339c27f5614fb0b)
2026-10-09T00:15:16.8208004Z Download action repository 'actions/deploy-pages@d6db90164ac5ed86f2b6aed7e0febac5b3c0c03e' (SHA:d6db90164ac5ed86f2b6aed7e0febac5b3c0c03e)
2026-10-09T00:15:17.8435843Z Download action repository 'actions/upload-artifact@ea165f8d65b6e75b540449e92b4886f43607fa02' (SHA:ea165f8d65b6e75b540449e92b4886f43607fa02)
2026-10-09T00:15:18.1253997Z Getting action download info
2026-10-09T00:15:18.2630502Z Uses: israelhudson/flutter_code_push_example/.github/workflows/release-lab-evaluate.yml@refs/heads/main (1cb8f3ef72a0d21c11cfa3b2c0d51f7c8c769935)
2026-10-09T00:15:18.2634468Z ##[group] Inputs
2026-10-09T00:15:18.2634862Z   candidate_tag: v1.6.0-rc.1
2026-10-09T00:15:18.2635215Z   version: 1.6.0
2026-10-09T00:15:18.2635616Z   title: Tema escuro manual
2026-10-09T00:15:18.2636020Z ##[endgroup]
2026-10-09T00:15:18.2636580Z Complete job name: Avaliar a mesma candidata / Publicar bytes verificados, confirmar preview e changelog
2026-10-09T00:15:18.3271762Z ##[group]Run actions/checkout@11d5960a326750d5838078e36cf38b85af677262
2026-10-09T00:15:18.3272409Z with:
2026-10-09T00:15:18.3272800Z   ref: 1cb8f3ef72a0d21c11cfa3b2c0d51f7c8c769935
2026-10-09T00:15:18.3273162Z   path: trusted
2026-10-09T00:15:18.3273507Z   fetch-depth: 0
2026-10-09T00:15:18.3274021Z   persist-credentials: false
2026-10-09T00:15:18.3274398Z   repository: israelhudson/flutter_code_push_example
2026-10-09T00:15:18.3276946Z   token: ***
2026-10-09T00:15:18.3277405Z   ssh-strict: true
2026-10-09T00:15:18.3277762Z   ssh-user: git
2026-10-09T00:15:18.3278069Z   clean: true
2026-10-09T00:15:18.3278405Z   sparse-checkout-cone-mode: true
2026-10-09T00:15:18.3278796Z   fetch-tags: false
2026-10-09T00:15:18.3279129Z   show-progress: true
2026-10-09T00:15:18.3279461Z   lfs: false
2026-10-09T00:15:18.3279753Z   submodules: false
2026-10-09T00:15:18.3280276Z   set-safe-directory: true
2026-10-09T00:15:18.3280670Z   allow-unsafe-pr-checkout: false
2026-10-09T00:15:18.3281311Z ##[endgroup]
2026-10-09T00:15:18.4222866Z Syncing repository: israelhudson/flutter_code_push_example
2026-10-09T00:15:18.4224323Z ##[group]Getting Git version info
2026-10-09T00:15:18.4224959Z Working directory is '/home/runner/work/flutter_code_push_example/flutter_code_push_example/trusted'
2026-10-09T00:15:18.4225832Z [command]/usr/bin/git version
2026-10-09T00:15:18.4301167Z git version 2.55.0
2026-10-09T00:15:18.4325722Z ##[endgroup]
2026-10-09T00:15:18.4339255Z Temporarily overriding HOME='/home/runner/work/_temp/a48f53f1-1e26-4a2d-bd5f-5256573f124f' before making global git config changes
2026-10-09T00:15:18.4340770Z Adding repository directory to the temporary git global config as a safe directory
2026-10-09T00:15:18.4342172Z [command]/usr/bin/git config --global --add safe.directory /home/runner/work/flutter_code_push_example/flutter_code_push_example/trusted
2026-10-09T00:15:18.4383080Z ##[group]Initializing the repository
2026-10-09T00:15:18.4386740Z [command]/usr/bin/git init /home/runner/work/flutter_code_push_example/flutter_code_push_example/trusted
2026-10-09T00:15:18.4471626Z hint: Using 'master' as the name for the initial branch. This default branch name
2026-10-09T00:15:18.4472966Z hint: will change to "main" in Git 3.0. To configure the initial branch name
2026-10-09T00:15:18.4474534Z hint: to use in all of your new repositories, which will suppress this warning,
2026-10-09T00:15:18.4475879Z hint: call:
2026-10-09T00:15:18.4476726Z hint:
2026-10-09T00:15:18.4477829Z hint: 	git config --global init.defaultBranch <name>
2026-10-09T00:15:18.4478755Z hint:
2026-10-09T00:15:18.4479648Z hint: Names commonly chosen instead of 'master' are 'main', 'trunk' and
2026-10-09T00:15:18.4480855Z hint: 'development'. The just-created branch can be renamed via this command:
2026-10-09T00:15:18.4482582Z hint:
2026-10-09T00:15:18.4483271Z hint: 	git branch -m <name>
2026-10-09T00:15:18.4483986Z hint:
2026-10-09T00:15:18.4484860Z hint: Disable this message with "git config set advice.defaultBranchName false"
2026-10-09T00:15:18.4486032Z Initialized empty Git repository in /home/runner/work/flutter_code_push_example/flutter_code_push_example/trusted/.git/
2026-10-09T00:15:18.4489308Z [command]/usr/bin/git remote add origin https://github.com/israelhudson/flutter_code_push_example
2026-10-09T00:15:18.4525321Z ##[endgroup]
2026-10-09T00:15:18.4526007Z ##[group]Disabling automatic garbage collection
2026-10-09T00:15:18.4530257Z [command]/usr/bin/git config --local gc.auto 0
2026-10-09T00:15:18.4558837Z ##[endgroup]
2026-10-09T00:15:18.4559673Z ##[group]Setting up auth
2026-10-09T00:15:18.4565904Z [command]/usr/bin/git config --local --name-only --get-regexp core\.sshCommand
2026-10-09T00:15:18.4594343Z [command]/usr/bin/git submodule foreach --recursive sh -c "git config --local --name-only --get-regexp 'core\.sshCommand' && git config --local --unset-all 'core.sshCommand' || :"
2026-10-09T00:15:18.4894914Z [command]/usr/bin/git config --local --name-only --get-regexp http\.https\:\/\/github\.com\/\.extraheader
2026-10-09T00:15:18.4924146Z [command]/usr/bin/git submodule foreach --recursive sh -c "git config --local --name-only --get-regexp 'http\.https\:\/\/github\.com\/\.extraheader' && git config --local --unset-all 'http.https://github.com/.extraheader' || :"
2026-10-09T00:15:18.5103133Z [command]/usr/bin/git config --local --name-only --get-regexp ^includeIf\.gitdir:
2026-10-09T00:15:18.5129931Z [command]/usr/bin/git submodule foreach --recursive git config --local --show-origin --name-only --get-regexp remote.origin.url
2026-10-09T00:15:18.5296892Z [command]/usr/bin/git config --local http.https://github.com/.extraheader AUTHORIZATION: basic ***
2026-10-09T00:15:18.5327633Z ##[endgroup]
2026-10-09T00:15:18.5328270Z ##[group]Fetching the repository
2026-10-09T00:15:18.5336448Z [command]/usr/bin/git -c protocol.version=2 fetch --prune --no-recurse-submodules origin +refs/heads/*:refs/remotes/origin/* +refs/tags/*:refs/tags/*
2026-10-09T00:15:20.6303694Z From https://github.com/israelhudson/flutter_code_push_example
2026-10-09T00:15:20.6304559Z  * [new branch]      codex/candidate-lab-delivery-2026-10-06-rc.1 -> origin/codex/candidate-lab-delivery-2026-10-06-rc.1
2026-10-09T00:15:20.6305168Z  * [new branch]      codex/delivery-state    -> origin/codex/delivery-state
2026-10-09T00:15:20.6305650Z  * [new branch]      codex/fix-lab-release-upload -> origin/codex/fix-lab-release-upload
2026-10-09T00:15:20.6306154Z  * [new branch]      codex/flutter-sdk-bootstrap -> origin/codex/flutter-sdk-bootstrap
2026-10-09T00:15:20.6306700Z  * [new branch]      codex/github-release-approval-poc -> origin/codex/github-release-approval-poc
2026-10-09T00:15:20.6307426Z  * [new branch]      codex/lab-promotion-evidence -> origin/codex/lab-promotion-evidence
2026-10-09T00:15:20.6308212Z  * [new branch]      codex/lab-release-result -> origin/codex/lab-release-result
2026-10-09T00:15:20.6308969Z  * [new branch]      codex/lab-reviewed-promotion -> origin/codex/lab-reviewed-promotion
2026-10-09T00:15:20.6309703Z  * [new branch]      codex/lab-versions      -> origin/codex/lab-versions
2026-10-09T00:15:20.6310480Z  * [new branch]      codex/laboratory-release-records -> origin/codex/laboratory-release-records
2026-10-09T00:15:20.6311161Z  * [new branch]      codex/manual-dark-theme -> origin/codex/manual-dark-theme
2026-10-09T00:15:20.6311757Z  * [new branch]      codex/operational-delivery-preview -> origin/codex/operational-delivery-preview
2026-10-09T00:15:20.6312325Z  * [new branch]      codex/pages-previews    -> origin/codex/pages-previews
2026-10-09T00:15:20.6313008Z  * [new branch]      codex/pages-publication-verification -> origin/codex/pages-publication-verification
2026-10-09T00:15:20.6313632Z  * [new branch]      codex/rc-operator-planning -> origin/codex/rc-operator-planning
2026-10-09T00:15:20.6314197Z  * [new branch]      codex/release-lab-backport -> origin/codex/release-lab-backport
2026-10-09T00:15:20.6314784Z  * [new branch]      codex/release-lab-rc2-correction -> origin/codex/release-lab-rc2-correction
2026-10-09T00:15:20.6315487Z  * [new branch]      codex/release-lab-real-promotion -> origin/codex/release-lab-real-promotion
2026-10-09T00:15:20.6316175Z  * [new branch]      codex/release-lab-state -> origin/codex/release-lab-state
2026-10-09T00:15:20.6316716Z  * [new branch]      codex/release-lab-two-approvers -> origin/codex/release-lab-two-approvers
2026-10-09T00:15:20.6317542Z  * [new branch]      docs/estudo-shorebird-amulets -> origin/docs/estudo-shorebird-amulets
2026-10-09T00:15:20.6318475Z  * [new branch]      feature/shorebird-code-push-setup -> origin/feature/shorebird-code-push-setup
2026-10-09T00:15:20.6319332Z  * [new branch]      main                    -> origin/main
2026-10-09T00:15:20.6319960Z  * [new branch]      release/1.4.0           -> origin/release/1.4.0
2026-10-09T00:15:20.6320381Z  * [new branch]      release/1.5.0           -> origin/release/1.5.0
2026-10-09T00:15:20.6320819Z  * [new branch]      release/1.6.0           -> origin/release/1.6.0
2026-10-09T00:15:20.6321514Z  * [new tag]         entrega-0100-rc.1       -> entrega-0100-rc.1
2026-10-09T00:15:20.6321943Z  * [new tag]         lab/delivery/2026-10-06-rc.1 -> lab/delivery/2026-10-06-rc.1
2026-10-09T00:15:20.6322395Z  * [new tag]         v1.4.0-rc.1             -> v1.4.0-rc.1
2026-10-09T00:15:20.6322887Z  * [new tag]         v1.5.0                  -> v1.5.0
2026-10-09T00:15:20.6323222Z  * [new tag]         v1.5.0-rc.1             -> v1.5.0-rc.1
2026-10-09T00:15:20.6323538Z  * [new tag]         v1.5.0-rc.2             -> v1.5.0-rc.2
2026-10-09T00:15:20.6323847Z  * [new tag]         v1.6.0-rc.1             -> v1.6.0-rc.1
2026-10-09T00:15:20.6325096Z [command]/usr/bin/git rev-parse --verify --quiet 1cb8f3ef72a0d21c11cfa3b2c0d51f7c8c769935^{object}
2026-10-09T00:15:20.6344685Z 1cb8f3ef72a0d21c11cfa3b2c0d51f7c8c769935
2026-10-09T00:15:20.6348299Z ##[endgroup]
2026-10-09T00:15:20.6348826Z ##[group]Determining the checkout info
2026-10-09T00:15:20.6350130Z ##[endgroup]
2026-10-09T00:15:20.6356781Z [command]/usr/bin/git sparse-checkout disable
2026-10-09T00:15:20.6412443Z [command]/usr/bin/git config --local --unset-all extensions.worktreeConfig
2026-10-09T00:15:20.6436903Z ##[group]Checking out the ref
2026-10-09T00:15:20.6440506Z [command]/usr/bin/git checkout --progress --force 1cb8f3ef72a0d21c11cfa3b2c0d51f7c8c769935
2026-10-09T00:15:20.6644151Z Note: switching to '1cb8f3ef72a0d21c11cfa3b2c0d51f7c8c769935'.
2026-10-09T00:15:20.6644541Z 
2026-10-09T00:15:20.6644760Z You are in 'detached HEAD' state. You can look around, make experimental
2026-10-09T00:15:20.6645200Z changes and commit them, and you can discard any commits you make in this
2026-10-09T00:15:20.6645632Z state without impacting any branches by switching back to a branch.
2026-10-09T00:15:20.6645864Z 
2026-10-09T00:15:20.6646059Z If you want to create a new branch to retain commits you create, you may
2026-10-09T00:15:20.6646463Z do so (now or later) by using -c with the switch command. Example:
2026-10-09T00:15:20.6646714Z 
2026-10-09T00:15:20.6646832Z   git switch -c <new-branch-name>
2026-10-09T00:15:20.6647008Z 
2026-10-09T00:15:20.6647121Z Or undo this operation with:
2026-10-09T00:15:20.6647448Z 
2026-10-09T00:15:20.6647549Z   git switch -
2026-10-09T00:15:20.6647666Z 
2026-10-09T00:15:20.6647996Z Turn off this advice by setting config variable advice.detachedHead to false
2026-10-09T00:15:20.6648433Z 
2026-10-09T00:15:20.6648798Z HEAD is now at 1cb8f3e Merge pull request #17 from israelhudson/codex/manual-dark-theme
2026-10-09T00:15:20.6651574Z ##[endgroup]
2026-10-09T00:15:20.6685165Z [command]/usr/bin/git log -1 --format=%H
2026-10-09T00:15:20.6704448Z 1cb8f3ef72a0d21c11cfa3b2c0d51f7c8c769935
2026-10-09T00:15:20.6714831Z ##[group]Removing auth
2026-10-09T00:15:20.6716452Z [command]/usr/bin/git config --local --name-only --get-regexp core\.sshCommand
2026-10-09T00:15:20.6740438Z [command]/usr/bin/git submodule foreach --recursive sh -c "git config --local --name-only --get-regexp 'core\.sshCommand' && git config --local --unset-all 'core.sshCommand' || :"
2026-10-09T00:15:20.6910001Z [command]/usr/bin/git config --local --name-only --get-regexp http\.https\:\/\/github\.com\/\.extraheader
2026-10-09T00:15:20.6929972Z http.https://github.com/.extraheader
2026-10-09T00:15:20.6935937Z [command]/usr/bin/git config --local --unset-all http.https://github.com/.extraheader
2026-10-09T00:15:20.6964967Z [command]/usr/bin/git submodule foreach --recursive sh -c "git config --local --name-only --get-regexp 'http\.https\:\/\/github\.com\/\.extraheader' && git config --local --unset-all 'http.https://github.com/.extraheader' || :"
2026-10-09T00:15:20.7137798Z [command]/usr/bin/git config --local --name-only --get-regexp ^includeIf\.gitdir:
2026-10-09T00:15:20.7168454Z [command]/usr/bin/git submodule foreach --recursive git config --local --show-origin --name-only --get-regexp remote.origin.url
2026-10-09T00:15:20.7336641Z ##[endgroup]
2026-10-09T00:15:20.7538822Z ##[group]Run actions/download-artifact@d3f86a106a0bac45b974a628896c90dbdf5c8093
2026-10-09T00:15:20.7539167Z with:
2026-10-09T00:15:20.7539361Z   name: release-lab-built-web
2026-10-09T00:15:20.7539600Z   path: /home/runner/work/_temp/incoming-site
2026-10-09T00:15:20.7539845Z   merge-multiple: false
2026-10-09T00:15:20.7540089Z   repository: israelhudson/flutter_code_push_example
2026-10-09T00:15:20.7540341Z   run-id: 37863610149
2026-10-09T00:15:20.7540526Z ##[endgroup]
2026-10-09T00:15:20.8949142Z Downloading single artifact
2026-10-09T00:15:20.9091256Z (node:2181) [DEP0040] DeprecationWarning: The `punycode` module is deprecated. Please use a userland alternative instead.
2026-10-09T00:15:20.9091930Z (Use `node --trace-deprecation ...` to show where the warning was created)
2026-10-09T00:15:21.1289033Z Preparing to download the following artifacts:
2026-10-09T00:15:21.1290132Z - release-lab-built-web (ID: 11587058266, Size: 14135183, Expected Digest: sha256:af8df978d9a11641f5bac9ca2e67a1c18e384f81f0e1d2e96d06043a98a01487)
2026-10-09T00:15:21.3448171Z Redirecting to blob download url: https://productionresultssa8.blob.core.windows.net/actions-results/074bb71d-19dd-42cc-b3f7-4d8b7dbe3edf/workflow-job-run-fff49a1e-3ceb-55c9-afe8-a5c63b540ea9/artifacts/b2f197a25b3e88f343981c4bce2107c68e655ba7e09fe63109d7c57c2506660f.zip
2026-10-09T00:15:21.3449447Z Starting download of artifact to: /home/runner/work/_temp/incoming-site
2026-10-09T00:15:21.6061711Z (node:2181) [DEP0005] DeprecationWarning: Buffer() is deprecated due to security and usability issues. Please use the Buffer.alloc(), Buffer.allocUnsafe(), or Buffer.from() methods instead.
2026-10-09T00:15:22.5553105Z SHA256 digest of downloaded artifact is af8df978d9a11641f5bac9ca2e67a1c18e384f81f0e1d2e96d06043a98a01487
2026-10-09T00:15:22.5553619Z Artifact download completed successfully.
2026-10-09T00:15:22.5553918Z Total of 1 artifact(s) downloaded
2026-10-09T00:15:22.5557980Z Download artifact has finished successfully
2026-10-09T00:15:22.5670500Z ##[group]Run python3 trusted/deploy/pages_preview.py history --site "$RUNNER_TEMP/pages-site"
2026-10-09T00:15:22.5671263Z python3 trusted/deploy/pages_preview.py history --site "$RUNNER_TEMP/pages-site"
2026-10-09T00:15:22.5838524Z shell: /usr/bin/bash -e {0}
2026-10-09T00:15:22.5838830Z env:
2026-10-09T00:15:22.5841347Z   GH_TOKEN: ***
2026-10-09T00:15:22.5841630Z ##[endgroup]
2026-10-09T00:15:27.0244105Z {
2026-10-09T00:15:27.0244657Z   "history_branch": "codex/pages-previews",
2026-10-09T00:15:27.0245298Z   "existing": true
2026-10-09T00:15:27.0245701Z }
2026-10-09T00:15:27.0348424Z ##[group]Run python3 trusted/tools/delivery/release_lab.py merge-preview --candidate-tag "$CANDIDATE_TAG" --incoming "$RUNNER_TEMP/incoming-site" --site "$RUNNER_TEMP/pages-site" --output "$RUNNER_TEMP/release-lab"
2026-10-09T00:15:27.0349696Z python3 trusted/tools/delivery/release_lab.py merge-preview --candidate-tag "$CANDIDATE_TAG" --incoming "$RUNNER_TEMP/incoming-site" --site "$RUNNER_TEMP/pages-site" --output "$RUNNER_TEMP/release-lab"
2026-10-09T00:15:27.0386997Z shell: /usr/bin/bash -e {0}
2026-10-09T00:15:27.0387383Z env:
2026-10-09T00:15:27.0390013Z   GH_TOKEN: ***
2026-10-09T00:15:27.0390214Z   CANDIDATE_TAG: v1.6.0-rc.1
2026-10-09T00:15:27.0390444Z ##[endgroup]
2026-10-09T00:15:33.4418461Z {"web_content_sha256": "a53a0efc203a5f74db3534b5e3115ad182895275b3a456df40fa04a061b38c8a", "snapshot_manifest_sha256": "6a948e9abc550424d948f3a4f7e871a6537665ca0edd055ad9ef0864bc34db1b"}
2026-10-09T00:15:33.4529306Z ##[group]Run python3 trusted/deploy/pages_preview.py persist --site "$RUNNER_TEMP/pages-site"
2026-10-09T00:15:33.4530252Z python3 trusted/deploy/pages_preview.py persist --site "$RUNNER_TEMP/pages-site"
2026-10-09T00:15:33.4568928Z shell: /usr/bin/bash -e {0}
2026-10-09T00:15:33.4569205Z env:
2026-10-09T00:15:33.4571738Z   GH_TOKEN: ***
2026-10-09T00:15:33.4571945Z ##[endgroup]
2026-10-09T00:15:38.3830566Z {
2026-10-09T00:15:38.3831149Z   "history_branch": "codex/pages-previews",
2026-10-09T00:15:38.3831829Z   "snapshots": [
2026-10-09T00:15:38.3832304Z     "05634b4b620cc30a053e5acab5fefb0667f2544e",
2026-10-09T00:15:38.3832930Z     "0817b4fbf84204b24a20858925fa414a1dcac54a",
2026-10-09T00:15:38.3833554Z     "08ce07d615905e33f0572f9264808683cab53349",
2026-10-09T00:15:38.3834028Z     "0fc06c8f2b79a83bd8bcf135b24fcd02ef1bd928",
2026-10-09T00:15:38.3834439Z     "1cb8f3ef72a0d21c11cfa3b2c0d51f7c8c769935",
2026-10-09T00:15:38.3834918Z     "6e48aef9b03778593bc639ababa885b9e2792c35",
2026-10-09T00:15:38.3835319Z     "989fe3443ad16df0c67ff0068d6efb3f458c8ace",
2026-10-09T00:15:38.3835747Z     "9c4ad37fc415a98ef2a8cfdc5be8d5cf97fe35b0",
2026-10-09T00:15:38.3836128Z     "9e0320fca6fdfba5931d6c80d9181c362ac33c17",
2026-10-09T00:15:38.3836710Z     "b8763ec5adc5e24ce34f474a66a079b48a9ffa0f",
2026-10-09T00:15:38.3837113Z     "e34f36f5c8b191f96ea6a18280a9b51c18ebacfa"
2026-10-09T00:15:38.3837652Z   ]
2026-10-09T00:15:38.3837871Z }
2026-10-09T00:15:38.3925957Z ##[group]Run python3 trusted/deploy/pages_preview.py export --site "$RUNNER_TEMP/pages-site" --output "$RUNNER_TEMP/pages-public"
2026-10-09T00:15:38.3926783Z python3 trusted/deploy/pages_preview.py export --site "$RUNNER_TEMP/pages-site" --output "$RUNNER_TEMP/pages-public"
2026-10-09T00:15:38.3963730Z shell: /usr/bin/bash -e {0}
2026-10-09T00:15:38.3964044Z ##[endgroup]
2026-10-09T00:15:42.5856067Z {
2026-10-09T00:15:42.5856662Z   "output": "/home/runner/work/_temp/pages-public",
2026-10-09T00:15:42.5859857Z   "snapshots": [
2026-10-09T00:15:42.5860180Z     "05634b4b620cc30a053e5acab5fefb0667f2544e",
2026-10-09T00:15:42.5860513Z     "0817b4fbf84204b24a20858925fa414a1dcac54a",
2026-10-09T00:15:42.5860810Z     "08ce07d615905e33f0572f9264808683cab53349",
2026-10-09T00:15:42.5861117Z     "0fc06c8f2b79a83bd8bcf135b24fcd02ef1bd928",
2026-10-09T00:15:42.5861422Z     "1cb8f3ef72a0d21c11cfa3b2c0d51f7c8c769935",
2026-10-09T00:15:42.5861879Z     "6e48aef9b03778593bc639ababa885b9e2792c35",
2026-10-09T00:15:42.5862323Z     "989fe3443ad16df0c67ff0068d6efb3f458c8ace",
2026-10-09T00:15:42.5862785Z     "9c4ad37fc415a98ef2a8cfdc5be8d5cf97fe35b0",
2026-10-09T00:15:42.5863209Z     "9e0320fca6fdfba5931d6c80d9181c362ac33c17",
2026-10-09T00:15:42.5863569Z     "b8763ec5adc5e24ce34f474a66a079b48a9ffa0f",
2026-10-09T00:15:42.5863870Z     "e34f36f5c8b191f96ea6a18280a9b51c18ebacfa"
2026-10-09T00:15:42.5864124Z   ]
2026-10-09T00:15:42.5864297Z }
2026-10-09T00:15:42.6011220Z ##[group]Run actions/upload-pages-artifact@7b1f4a764d45c48632c6b24a0339c27f5614fb0b
2026-10-09T00:15:42.6011622Z with:
2026-10-09T00:15:42.6011858Z   path: /home/runner/work/_temp/pages-public
2026-10-09T00:15:42.6012144Z   retention-days: 1
2026-10-09T00:15:42.6012355Z   name: github-pages
2026-10-09T00:15:42.6012576Z ##[endgroup]
2026-10-09T00:15:42.6066793Z ##[start-action display=Archive artifact;id=__actions_upload-pages-artifact.__run]
2026-10-09T00:15:42.6099284Z ##[group]Run echo ::group::Archive artifact
2026-10-09T00:15:42.6099621Z echo ::group::Archive artifact
2026-10-09T00:15:42.6099869Z tar \
2026-10-09T00:15:42.6100110Z   --dereference --hard-dereference \
2026-10-09T00:15:42.6100394Z   --directory "$INPUT_PATH" \
2026-10-09T00:15:42.6100661Z   -cvf "$RUNNER_TEMP/artifact.tar" \
2026-10-09T00:15:42.6100923Z   --exclude=.git \
2026-10-09T00:15:42.6101151Z   --exclude=.github \
2026-10-09T00:15:42.6101417Z   --exclude=".[^/]*" \
2026-10-09T00:15:42.6101638Z   .
2026-10-09T00:15:42.6101832Z echo ::endgroup::
2026-10-09T00:15:42.6118913Z shell: /usr/bin/sh -e {0}
2026-10-09T00:15:42.6119165Z env:
2026-10-09T00:15:42.6119405Z   INPUT_PATH: /home/runner/work/_temp/pages-public
2026-10-09T00:15:42.6119696Z ##[endgroup]
2026-10-09T00:15:42.6145491Z ##[group]Archive artifact
2026-10-09T00:15:42.6156766Z ./
2026-10-09T00:15:42.6157037Z ./index.html
2026-10-09T00:15:42.6157446Z ./snapshots/
2026-10-09T00:15:42.6157785Z ./snapshots/e34f36f5c8b191f96ea6a18280a9b51c18ebacfa/
2026-10-09T00:15:42.6158239Z ./snapshots/e34f36f5c8b191f96ea6a18280a9b51c18ebacfa/app/
2026-10-09T00:15:42.6158645Z ./snapshots/e34f36f5c8b191f96ea6a18280a9b51c18ebacfa/app/manifest.json
2026-10-09T00:15:42.6159049Z ./snapshots/e34f36f5c8b191f96ea6a18280a9b51c18ebacfa/app/icons/
2026-10-09T00:15:42.6168071Z ./snapshots/e34f36f5c8b191f96ea6a18280a9b51c18ebacfa/app/icons/Icon-512.png
2026-10-09T00:15:42.6168787Z ./snapshots/e34f36f5c8b191f96ea6a18280a9b51c18ebacfa/app/icons/Icon-192.png
2026-10-09T00:15:42.6169519Z ./snapshots/e34f36f5c8b191f96ea6a18280a9b51c18ebacfa/app/icons/Icon-maskable-192.png
2026-10-09T00:15:42.6170288Z ./snapshots/e34f36f5c8b191f96ea6a18280a9b51c18ebacfa/app/icons/Icon-maskable-512.png
2026-10-09T00:15:42.6170768Z ./snapshots/e34f36f5c8b191f96ea6a18280a9b51c18ebacfa/app/flutter_bootstrap.js
2026-10-09T00:15:42.6171188Z ./snapshots/e34f36f5c8b191f96ea6a18280a9b51c18ebacfa/app/assets/
2026-10-09T00:15:42.6171635Z ./snapshots/e34f36f5c8b191f96ea6a18280a9b51c18ebacfa/app/assets/AssetManifest.bin.json
2026-10-09T00:15:42.6172310Z ./snapshots/e34f36f5c8b191f96ea6a18280a9b51c18ebacfa/app/assets/NOTICES
2026-10-09T00:15:42.6172740Z ./snapshots/e34f36f5c8b191f96ea6a18280a9b51c18ebacfa/app/assets/shorebird.yaml
2026-10-09T00:15:42.6173201Z ./snapshots/e34f36f5c8b191f96ea6a18280a9b51c18ebacfa/app/assets/AssetManifest.bin
2026-10-09T00:15:42.6173656Z ./snapshots/e34f36f5c8b191f96ea6a18280a9b51c18ebacfa/app/assets/packages/
2026-10-09T00:15:42.6174137Z ./snapshots/e34f36f5c8b191f96ea6a18280a9b51c18ebacfa/app/assets/packages/cupertino_icons/
2026-10-09T00:15:42.6174675Z ./snapshots/e34f36f5c8b191f96ea6a18280a9b51c18ebacfa/app/assets/packages/cupertino_icons/assets/
2026-10-09T00:15:42.6175279Z ./snapshots/e34f36f5c8b191f96ea6a18280a9b51c18ebacfa/app/assets/packages/cupertino_icons/assets/CupertinoIcons.ttf
2026-10-09T00:15:42.6175837Z ./snapshots/e34f36f5c8b191f96ea6a18280a9b51c18ebacfa/app/assets/FontManifest.json
2026-10-09T00:15:42.6176279Z ./snapshots/e34f36f5c8b191f96ea6a18280a9b51c18ebacfa/app/assets/shaders/
2026-10-09T00:15:42.6176738Z ./snapshots/e34f36f5c8b191f96ea6a18280a9b51c18ebacfa/app/assets/shaders/ink_sparkle.frag
2026-10-09T00:15:42.6188065Z ./snapshots/e34f36f5c8b191f96ea6a18280a9b51c18ebacfa/app/assets/shaders/stretch_effect.frag
2026-10-09T00:15:42.6188853Z ./snapshots/e34f36f5c8b191f96ea6a18280a9b51c18ebacfa/app/assets/fonts/
2026-10-09T00:15:42.6189498Z ./snapshots/e34f36f5c8b191f96ea6a18280a9b51c18ebacfa/app/assets/fonts/MaterialIcons-Regular.otf
2026-10-09T00:15:42.6189946Z ./snapshots/e34f36f5c8b191f96ea6a18280a9b51c18ebacfa/app/index.html
2026-10-09T00:15:42.6190348Z ./snapshots/e34f36f5c8b191f96ea6a18280a9b51c18ebacfa/app/version.json
2026-10-09T00:15:42.6190820Z ./snapshots/e34f36f5c8b191f96ea6a18280a9b51c18ebacfa/app/flutter_service_worker.js
2026-10-09T00:15:42.6191259Z ./snapshots/e34f36f5c8b191f96ea6a18280a9b51c18ebacfa/app/flutter.js
2026-10-09T00:15:42.6191641Z ./snapshots/e34f36f5c8b191f96ea6a18280a9b51c18ebacfa/app/favicon.png
2026-10-09T00:15:42.6192009Z ./snapshots/e34f36f5c8b191f96ea6a18280a9b51c18ebacfa/app/main.dart.js
2026-10-09T00:15:42.6192402Z ./snapshots/e34f36f5c8b191f96ea6a18280a9b51c18ebacfa/app/canvaskit/
2026-10-09T00:15:42.6192781Z ./snapshots/e34f36f5c8b191f96ea6a18280a9b51c18ebacfa/app/canvaskit/wimp.wasm
2026-10-09T00:15:42.6198953Z ./snapshots/e34f36f5c8b191f96ea6a18280a9b51c18ebacfa/app/canvaskit/chromium/
2026-10-09T00:15:42.6199686Z ./snapshots/e34f36f5c8b191f96ea6a18280a9b51c18ebacfa/app/canvaskit/chromium/canvaskit.js
2026-10-09T00:15:42.6200471Z ./snapshots/e34f36f5c8b191f96ea6a18280a9b51c18ebacfa/app/canvaskit/chromium/canvaskit.wasm
2026-10-09T00:15:42.6230116Z ./snapshots/e34f36f5c8b191f96ea6a18280a9b51c18ebacfa/app/canvaskit/chromium/canvaskit.js.symbols
2026-10-09T00:15:42.6236567Z ./snapshots/e34f36f5c8b191f96ea6a18280a9b51c18ebacfa/app/canvaskit/skwasm_heavy.js.symbols
2026-10-09T00:15:42.6245166Z ./snapshots/e34f36f5c8b191f96ea6a18280a9b51c18ebacfa/app/canvaskit/canvaskit.js
2026-10-09T00:15:42.6245790Z ./snapshots/e34f36f5c8b191f96ea6a18280a9b51c18ebacfa/app/canvaskit/skwasm.js
2026-10-09T00:15:42.6246453Z ./snapshots/e34f36f5c8b191f96ea6a18280a9b51c18ebacfa/app/canvaskit/canvaskit.wasm
2026-10-09T00:15:42.6283867Z ./snapshots/e34f36f5c8b191f96ea6a18280a9b51c18ebacfa/app/canvaskit/skwasm.wasm
2026-10-09T00:15:42.6301853Z ./snapshots/e34f36f5c8b191f96ea6a18280a9b51c18ebacfa/app/canvaskit/skwasm.js.symbols
2026-10-09T00:15:42.6310072Z ./snapshots/e34f36f5c8b191f96ea6a18280a9b51c18ebacfa/app/canvaskit/skwasm_heavy.wasm
2026-10-09T00:15:42.6337511Z ./snapshots/e34f36f5c8b191f96ea6a18280a9b51c18ebacfa/app/canvaskit/canvaskit.js.symbols
2026-10-09T00:15:42.6344220Z ./snapshots/e34f36f5c8b191f96ea6a18280a9b51c18ebacfa/app/canvaskit/experimental_webparagraph/
2026-10-09T00:15:42.6345090Z ./snapshots/e34f36f5c8b191f96ea6a18280a9b51c18ebacfa/app/canvaskit/experimental_webparagraph/canvaskit.js
2026-10-09T00:15:42.6346013Z ./snapshots/e34f36f5c8b191f96ea6a18280a9b51c18ebacfa/app/canvaskit/experimental_webparagraph/canvaskit.wasm
2026-10-09T00:15:42.6365245Z ./snapshots/e34f36f5c8b191f96ea6a18280a9b51c18ebacfa/app/canvaskit/experimental_webparagraph/canvaskit.js.symbols
2026-10-09T00:15:42.6370556Z ./snapshots/e34f36f5c8b191f96ea6a18280a9b51c18ebacfa/app/canvaskit/wimp.js
2026-10-09T00:15:42.6371193Z ./snapshots/e34f36f5c8b191f96ea6a18280a9b51c18ebacfa/app/canvaskit/skwasm_heavy.js
2026-10-09T00:15:42.6371864Z ./snapshots/e34f36f5c8b191f96ea6a18280a9b51c18ebacfa/app/canvaskit/wimp.js.symbols
2026-10-09T00:15:42.6380337Z ./snapshots/e34f36f5c8b191f96ea6a18280a9b51c18ebacfa/metadata.json
2026-10-09T00:15:42.6380865Z ./snapshots/e34f36f5c8b191f96ea6a18280a9b51c18ebacfa/index.html
2026-10-09T00:15:42.6381372Z ./snapshots/e34f36f5c8b191f96ea6a18280a9b51c18ebacfa/files.json
2026-10-09T00:15:42.6381864Z ./snapshots/9c4ad37fc415a98ef2a8cfdc5be8d5cf97fe35b0/
2026-10-09T00:15:42.6387829Z ./snapshots/9c4ad37fc415a98ef2a8cfdc5be8d5cf97fe35b0/app/
2026-10-09T00:15:42.6398108Z ./snapshots/9c4ad37fc415a98ef2a8cfdc5be8d5cf97fe35b0/app/manifest.json
2026-10-09T00:15:42.6398691Z ./snapshots/9c4ad37fc415a98ef2a8cfdc5be8d5cf97fe35b0/app/icons/
2026-10-09T00:15:42.6399331Z ./snapshots/9c4ad37fc415a98ef2a8cfdc5be8d5cf97fe35b0/app/icons/Icon-512.png
2026-10-09T00:15:42.6400024Z ./snapshots/9c4ad37fc415a98ef2a8cfdc5be8d5cf97fe35b0/app/icons/Icon-192.png
2026-10-09T00:15:42.6400757Z ./snapshots/9c4ad37fc415a98ef2a8cfdc5be8d5cf97fe35b0/app/icons/Icon-maskable-192.png
2026-10-09T00:15:42.6401602Z ./snapshots/9c4ad37fc415a98ef2a8cfdc5be8d5cf97fe35b0/app/icons/Icon-maskable-512.png
2026-10-09T00:15:42.6402332Z ./snapshots/9c4ad37fc415a98ef2a8cfdc5be8d5cf97fe35b0/app/flutter_bootstrap.js
2026-10-09T00:15:42.6402963Z ./snapshots/9c4ad37fc415a98ef2a8cfdc5be8d5cf97fe35b0/app/assets/
2026-10-09T00:15:42.6403653Z ./snapshots/9c4ad37fc415a98ef2a8cfdc5be8d5cf97fe35b0/app/assets/AssetManifest.bin.json
2026-10-09T00:15:42.6404253Z ./snapshots/9c4ad37fc415a98ef2a8cfdc5be8d5cf97fe35b0/app/assets/NOTICES
2026-10-09T00:15:42.6404702Z ./snapshots/9c4ad37fc415a98ef2a8cfdc5be8d5cf97fe35b0/app/assets/shorebird.yaml
2026-10-09T00:15:42.6405145Z ./snapshots/9c4ad37fc415a98ef2a8cfdc5be8d5cf97fe35b0/app/assets/AssetManifest.bin
2026-10-09T00:15:42.6405576Z ./snapshots/9c4ad37fc415a98ef2a8cfdc5be8d5cf97fe35b0/app/assets/packages/
2026-10-09T00:15:42.6406037Z ./snapshots/9c4ad37fc415a98ef2a8cfdc5be8d5cf97fe35b0/app/assets/packages/cupertino_icons/
2026-10-09T00:15:42.6406551Z ./snapshots/9c4ad37fc415a98ef2a8cfdc5be8d5cf97fe35b0/app/assets/packages/cupertino_icons/assets/
2026-10-09T00:15:42.6407126Z ./snapshots/9c4ad37fc415a98ef2a8cfdc5be8d5cf97fe35b0/app/assets/packages/cupertino_icons/assets/CupertinoIcons.ttf
2026-10-09T00:15:42.6407850Z ./snapshots/9c4ad37fc415a98ef2a8cfdc5be8d5cf97fe35b0/app/assets/FontManifest.json
2026-10-09T00:15:42.6408279Z ./snapshots/9c4ad37fc415a98ef2a8cfdc5be8d5cf97fe35b0/app/assets/shaders/
2026-10-09T00:15:42.6408719Z ./snapshots/9c4ad37fc415a98ef2a8cfdc5be8d5cf97fe35b0/app/assets/shaders/ink_sparkle.frag
2026-10-09T00:15:42.6409211Z ./snapshots/9c4ad37fc415a98ef2a8cfdc5be8d5cf97fe35b0/app/assets/shaders/stretch_effect.frag
2026-10-09T00:15:42.6409675Z ./snapshots/9c4ad37fc415a98ef2a8cfdc5be8d5cf97fe35b0/app/assets/fonts/
2026-10-09T00:15:42.6410130Z ./snapshots/9c4ad37fc415a98ef2a8cfdc5be8d5cf97fe35b0/app/assets/fonts/MaterialIcons-Regular.otf
2026-10-09T00:15:42.6410584Z ./snapshots/9c4ad37fc415a98ef2a8cfdc5be8d5cf97fe35b0/app/index.html
2026-10-09T00:15:42.6410958Z ./snapshots/9c4ad37fc415a98ef2a8cfdc5be8d5cf97fe35b0/app/version.json
2026-10-09T00:15:42.6411375Z ./snapshots/9c4ad37fc415a98ef2a8cfdc5be8d5cf97fe35b0/app/flutter_service_worker.js
2026-10-09T00:15:42.6411781Z ./snapshots/9c4ad37fc415a98ef2a8cfdc5be8d5cf97fe35b0/app/flutter.js
2026-10-09T00:15:42.6412153Z ./snapshots/9c4ad37fc415a98ef2a8cfdc5be8d5cf97fe35b0/app/favicon.png
2026-10-09T00:15:42.6412531Z ./snapshots/9c4ad37fc415a98ef2a8cfdc5be8d5cf97fe35b0/app/main.dart.js
2026-10-09T00:15:42.6412912Z ./snapshots/9c4ad37fc415a98ef2a8cfdc5be8d5cf97fe35b0/app/canvaskit/
2026-10-09T00:15:42.6413305Z ./snapshots/9c4ad37fc415a98ef2a8cfdc5be8d5cf97fe35b0/app/canvaskit/wimp.wasm
2026-10-09T00:15:42.6419673Z ./snapshots/9c4ad37fc415a98ef2a8cfdc5be8d5cf97fe35b0/app/canvaskit/chromium/
2026-10-09T00:15:42.6420392Z ./snapshots/9c4ad37fc415a98ef2a8cfdc5be8d5cf97fe35b0/app/canvaskit/chromium/canvaskit.js
2026-10-09T00:15:42.6421183Z ./snapshots/9c4ad37fc415a98ef2a8cfdc5be8d5cf97fe35b0/app/canvaskit/chromium/canvaskit.wasm
2026-10-09T00:15:42.6448765Z ./snapshots/9c4ad37fc415a98ef2a8cfdc5be8d5cf97fe35b0/app/canvaskit/chromium/canvaskit.js.symbols
2026-10-09T00:15:42.6455071Z ./snapshots/9c4ad37fc415a98ef2a8cfdc5be8d5cf97fe35b0/app/canvaskit/skwasm_heavy.js.symbols
2026-10-09T00:15:42.6463461Z ./snapshots/9c4ad37fc415a98ef2a8cfdc5be8d5cf97fe35b0/app/canvaskit/canvaskit.js
2026-10-09T00:15:42.6464085Z ./snapshots/9c4ad37fc415a98ef2a8cfdc5be8d5cf97fe35b0/app/canvaskit/skwasm.js
2026-10-09T00:15:42.6464707Z ./snapshots/9c4ad37fc415a98ef2a8cfdc5be8d5cf97fe35b0/app/canvaskit/canvaskit.wasm
2026-10-09T00:15:42.6500354Z ./snapshots/9c4ad37fc415a98ef2a8cfdc5be8d5cf97fe35b0/app/canvaskit/skwasm.wasm
2026-10-09T00:15:42.6517841Z ./snapshots/9c4ad37fc415a98ef2a8cfdc5be8d5cf97fe35b0/app/canvaskit/skwasm.js.symbols
2026-10-09T00:15:42.6525470Z ./snapshots/9c4ad37fc415a98ef2a8cfdc5be8d5cf97fe35b0/app/canvaskit/skwasm_heavy.wasm
2026-10-09T00:15:42.6551120Z ./snapshots/9c4ad37fc415a98ef2a8cfdc5be8d5cf97fe35b0/app/canvaskit/canvaskit.js.symbols
2026-10-09T00:15:42.6557960Z ./snapshots/9c4ad37fc415a98ef2a8cfdc5be8d5cf97fe35b0/app/canvaskit/experimental_webparagraph/
2026-10-09T00:15:42.6558836Z ./snapshots/9c4ad37fc415a98ef2a8cfdc5be8d5cf97fe35b0/app/canvaskit/experimental_webparagraph/canvaskit.js
2026-10-09T00:15:42.6559420Z ./snapshots/9c4ad37fc415a98ef2a8cfdc5be8d5cf97fe35b0/app/canvaskit/experimental_webparagraph/canvaskit.wasm
2026-10-09T00:15:42.6579259Z ./snapshots/9c4ad37fc415a98ef2a8cfdc5be8d5cf97fe35b0/app/canvaskit/experimental_webparagraph/canvaskit.js.symbols
2026-10-09T00:15:42.6584195Z ./snapshots/9c4ad37fc415a98ef2a8cfdc5be8d5cf97fe35b0/app/canvaskit/wimp.js
2026-10-09T00:15:42.6584974Z ./snapshots/9c4ad37fc415a98ef2a8cfdc5be8d5cf97fe35b0/app/canvaskit/skwasm_heavy.js
2026-10-09T00:15:42.6585590Z ./snapshots/9c4ad37fc415a98ef2a8cfdc5be8d5cf97fe35b0/app/canvaskit/wimp.js.symbols
2026-10-09T00:15:42.6594268Z ./snapshots/9c4ad37fc415a98ef2a8cfdc5be8d5cf97fe35b0/metadata.json
2026-10-09T00:15:42.6594796Z ./snapshots/9c4ad37fc415a98ef2a8cfdc5be8d5cf97fe35b0/index.html
2026-10-09T00:15:42.6595300Z ./snapshots/9c4ad37fc415a98ef2a8cfdc5be8d5cf97fe35b0/files.json
2026-10-09T00:15:42.6595774Z ./snapshots/9e0320fca6fdfba5931d6c80d9181c362ac33c17/
2026-10-09T00:15:42.6596231Z ./snapshots/9e0320fca6fdfba5931d6c80d9181c362ac33c17/app/
2026-10-09T00:15:42.6596760Z ./snapshots/9e0320fca6fdfba5931d6c80d9181c362ac33c17/app/manifest.json
2026-10-09T00:15:42.6597405Z ./snapshots/9e0320fca6fdfba5931d6c80d9181c362ac33c17/app/icons/
2026-10-09T00:15:42.6597812Z ./snapshots/9e0320fca6fdfba5931d6c80d9181c362ac33c17/app/icons/Icon-512.png
2026-10-09T00:15:42.6598257Z ./snapshots/9e0320fca6fdfba5931d6c80d9181c362ac33c17/app/icons/Icon-192.png
2026-10-09T00:15:42.6598726Z ./snapshots/9e0320fca6fdfba5931d6c80d9181c362ac33c17/app/icons/Icon-maskable-192.png
2026-10-09T00:15:42.6599208Z ./snapshots/9e0320fca6fdfba5931d6c80d9181c362ac33c17/app/icons/Icon-maskable-512.png
2026-10-09T00:15:42.6599921Z ./snapshots/9e0320fca6fdfba5931d6c80d9181c362ac33c17/app/flutter_bootstrap.js
2026-10-09T00:15:42.6600466Z ./snapshots/9e0320fca6fdfba5931d6c80d9181c362ac33c17/app/assets/
2026-10-09T00:15:42.6600907Z ./snapshots/9e0320fca6fdfba5931d6c80d9181c362ac33c17/app/assets/AssetManifest.bin.json
2026-10-09T00:15:42.6601365Z ./snapshots/9e0320fca6fdfba5931d6c80d9181c362ac33c17/app/assets/NOTICES
2026-10-09T00:15:42.6604628Z ./snapshots/9e0320fca6fdfba5931d6c80d9181c362ac33c17/app/assets/shorebird.yaml
2026-10-09T00:15:42.6605382Z ./snapshots/9e0320fca6fdfba5931d6c80d9181c362ac33c17/app/assets/AssetManifest.bin
2026-10-09T00:15:42.6606096Z ./snapshots/9e0320fca6fdfba5931d6c80d9181c362ac33c17/app/assets/packages/
2026-10-09T00:15:42.6606863Z ./snapshots/9e0320fca6fdfba5931d6c80d9181c362ac33c17/app/assets/packages/cupertino_icons/
2026-10-09T00:15:42.6607913Z ./snapshots/9e0320fca6fdfba5931d6c80d9181c362ac33c17/app/assets/packages/cupertino_icons/assets/
2026-10-09T00:15:42.6608562Z ./snapshots/9e0320fca6fdfba5931d6c80d9181c362ac33c17/app/assets/packages/cupertino_icons/assets/CupertinoIcons.ttf
2026-10-09T00:15:42.6609092Z ./snapshots/9e0320fca6fdfba5931d6c80d9181c362ac33c17/app/assets/FontManifest.json
2026-10-09T00:15:42.6609501Z ./snapshots/9e0320fca6fdfba5931d6c80d9181c362ac33c17/app/assets/shaders/
2026-10-09T00:15:42.6609922Z ./snapshots/9e0320fca6fdfba5931d6c80d9181c362ac33c17/app/assets/shaders/ink_sparkle.frag
2026-10-09T00:15:42.6610449Z ./snapshots/9e0320fca6fdfba5931d6c80d9181c362ac33c17/app/assets/shaders/stretch_effect.frag
2026-10-09T00:15:42.6610879Z ./snapshots/9e0320fca6fdfba5931d6c80d9181c362ac33c17/app/assets/fonts/
2026-10-09T00:15:42.6611326Z ./snapshots/9e0320fca6fdfba5931d6c80d9181c362ac33c17/app/assets/fonts/MaterialIcons-Regular.otf
2026-10-09T00:15:42.6611762Z ./snapshots/9e0320fca6fdfba5931d6c80d9181c362ac33c17/app/index.html
2026-10-09T00:15:42.6612123Z ./snapshots/9e0320fca6fdfba5931d6c80d9181c362ac33c17/app/version.json
2026-10-09T00:15:42.6612526Z ./snapshots/9e0320fca6fdfba5931d6c80d9181c362ac33c17/app/flutter_service_worker.js
2026-10-09T00:15:42.6612987Z ./snapshots/9e0320fca6fdfba5931d6c80d9181c362ac33c17/app/flutter.js
2026-10-09T00:15:42.6613350Z ./snapshots/9e0320fca6fdfba5931d6c80d9181c362ac33c17/app/favicon.png
2026-10-09T00:15:42.6613713Z ./snapshots/9e0320fca6fdfba5931d6c80d9181c362ac33c17/app/main.dart.js
2026-10-09T00:15:42.6617998Z ./snapshots/9e0320fca6fdfba5931d6c80d9181c362ac33c17/app/canvaskit/
2026-10-09T00:15:42.6618533Z ./snapshots/9e0320fca6fdfba5931d6c80d9181c362ac33c17/app/canvaskit/wimp.wasm
2026-10-09T00:15:42.6635712Z ./snapshots/9e0320fca6fdfba5931d6c80d9181c362ac33c17/app/canvaskit/chromium/
2026-10-09T00:15:42.6636356Z ./snapshots/9e0320fca6fdfba5931d6c80d9181c362ac33c17/app/canvaskit/chromium/canvaskit.js
2026-10-09T00:15:42.6636916Z ./snapshots/9e0320fca6fdfba5931d6c80d9181c362ac33c17/app/canvaskit/chromium/canvaskit.wasm
2026-10-09T00:15:42.6665165Z ./snapshots/9e0320fca6fdfba5931d6c80d9181c362ac33c17/app/canvaskit/chromium/canvaskit.js.symbols
2026-10-09T00:15:42.6671660Z ./snapshots/9e0320fca6fdfba5931d6c80d9181c362ac33c17/app/canvaskit/skwasm_heavy.js.symbols
2026-10-09T00:15:42.6680108Z ./snapshots/9e0320fca6fdfba5931d6c80d9181c362ac33c17/app/canvaskit/canvaskit.js
2026-10-09T00:15:42.6680803Z ./snapshots/9e0320fca6fdfba5931d6c80d9181c362ac33c17/app/canvaskit/skwasm.js
2026-10-09T00:15:42.6681406Z ./snapshots/9e0320fca6fdfba5931d6c80d9181c362ac33c17/app/canvaskit/canvaskit.wasm
2026-10-09T00:15:42.6716031Z ./snapshots/9e0320fca6fdfba5931d6c80d9181c362ac33c17/app/canvaskit/skwasm.wasm
2026-10-09T00:15:42.6733350Z ./snapshots/9e0320fca6fdfba5931d6c80d9181c362ac33c17/app/canvaskit/skwasm.js.symbols
2026-10-09T00:15:42.6740996Z ./snapshots/9e0320fca6fdfba5931d6c80d9181c362ac33c17/app/canvaskit/skwasm_heavy.wasm
2026-10-09T00:15:42.6766199Z ./snapshots/9e0320fca6fdfba5931d6c80d9181c362ac33c17/app/canvaskit/canvaskit.js.symbols
2026-10-09T00:15:42.6773040Z ./snapshots/9e0320fca6fdfba5931d6c80d9181c362ac33c17/app/canvaskit/experimental_webparagraph/
2026-10-09T00:15:42.6773831Z ./snapshots/9e0320fca6fdfba5931d6c80d9181c362ac33c17/app/canvaskit/experimental_webparagraph/canvaskit.js
2026-10-09T00:15:42.6774412Z ./snapshots/9e0320fca6fdfba5931d6c80d9181c362ac33c17/app/canvaskit/experimental_webparagraph/canvaskit.wasm
2026-10-09T00:15:42.6794444Z ./snapshots/9e0320fca6fdfba5931d6c80d9181c362ac33c17/app/canvaskit/experimental_webparagraph/canvaskit.js.symbols
2026-10-09T00:15:42.6799291Z ./snapshots/9e0320fca6fdfba5931d6c80d9181c362ac33c17/app/canvaskit/wimp.js
2026-10-09T00:15:42.6799901Z ./snapshots/9e0320fca6fdfba5931d6c80d9181c362ac33c17/app/canvaskit/skwasm_heavy.js
2026-10-09T00:15:42.6800532Z ./snapshots/9e0320fca6fdfba5931d6c80d9181c362ac33c17/app/canvaskit/wimp.js.symbols
2026-10-09T00:15:42.6809105Z ./snapshots/9e0320fca6fdfba5931d6c80d9181c362ac33c17/metadata.json
2026-10-09T00:15:42.6809604Z ./snapshots/9e0320fca6fdfba5931d6c80d9181c362ac33c17/index.html
2026-10-09T00:15:42.6810088Z ./snapshots/9e0320fca6fdfba5931d6c80d9181c362ac33c17/files.json
2026-10-09T00:15:42.6810528Z ./snapshots/05634b4b620cc30a053e5acab5fefb0667f2544e/
2026-10-09T00:15:42.6810956Z ./snapshots/05634b4b620cc30a053e5acab5fefb0667f2544e/app/
2026-10-09T00:15:42.6811440Z ./snapshots/05634b4b620cc30a053e5acab5fefb0667f2544e/app/manifest.json
2026-10-09T00:15:42.6811967Z ./snapshots/05634b4b620cc30a053e5acab5fefb0667f2544e/app/icons/
2026-10-09T00:15:42.6812343Z ./snapshots/05634b4b620cc30a053e5acab5fefb0667f2544e/app/icons/Icon-512.png
2026-10-09T00:15:42.6812754Z ./snapshots/05634b4b620cc30a053e5acab5fefb0667f2544e/app/icons/Icon-192.png
2026-10-09T00:15:42.6813185Z ./snapshots/05634b4b620cc30a053e5acab5fefb0667f2544e/app/icons/Icon-maskable-192.png
2026-10-09T00:15:42.6813647Z ./snapshots/05634b4b620cc30a053e5acab5fefb0667f2544e/app/icons/Icon-maskable-512.png
2026-10-09T00:15:42.6814091Z ./snapshots/05634b4b620cc30a053e5acab5fefb0667f2544e/app/flutter_bootstrap.js
2026-10-09T00:15:42.6814480Z ./snapshots/05634b4b620cc30a053e5acab5fefb0667f2544e/app/assets/
2026-10-09T00:15:42.6814896Z ./snapshots/05634b4b620cc30a053e5acab5fefb0667f2544e/app/assets/AssetManifest.bin.json
2026-10-09T00:15:42.6815423Z ./snapshots/05634b4b620cc30a053e5acab5fefb0667f2544e/app/assets/NOTICES
2026-10-09T00:15:42.6818592Z ./snapshots/05634b4b620cc30a053e5acab5fefb0667f2544e/app/assets/shorebird.yaml
2026-10-09T00:15:42.6819247Z ./snapshots/05634b4b620cc30a053e5acab5fefb0667f2544e/app/assets/AssetManifest.bin
2026-10-09T00:15:42.6819869Z ./snapshots/05634b4b620cc30a053e5acab5fefb0667f2544e/app/assets/packages/
2026-10-09T00:15:42.6820520Z ./snapshots/05634b4b620cc30a053e5acab5fefb0667f2544e/app/assets/packages/cupertino_icons/
2026-10-09T00:15:42.6821267Z ./snapshots/05634b4b620cc30a053e5acab5fefb0667f2544e/app/assets/packages/cupertino_icons/assets/
2026-10-09T00:15:42.6822051Z ./snapshots/05634b4b620cc30a053e5acab5fefb0667f2544e/app/assets/packages/cupertino_icons/assets/CupertinoIcons.ttf
2026-10-09T00:15:42.6822593Z ./snapshots/05634b4b620cc30a053e5acab5fefb0667f2544e/app/assets/FontManifest.json
2026-10-09T00:15:42.6822994Z ./snapshots/05634b4b620cc30a053e5acab5fefb0667f2544e/app/assets/shaders/
2026-10-09T00:15:42.6823411Z ./snapshots/05634b4b620cc30a053e5acab5fefb0667f2544e/app/assets/shaders/ink_sparkle.frag
2026-10-09T00:15:42.6823909Z ./snapshots/05634b4b620cc30a053e5acab5fefb0667f2544e/app/assets/shaders/stretch_effect.frag
2026-10-09T00:15:42.6824340Z ./snapshots/05634b4b620cc30a053e5acab5fefb0667f2544e/app/assets/fonts/
2026-10-09T00:15:42.6824775Z ./snapshots/05634b4b620cc30a053e5acab5fefb0667f2544e/app/assets/fonts/MaterialIcons-Regular.otf
2026-10-09T00:15:42.6825207Z ./snapshots/05634b4b620cc30a053e5acab5fefb0667f2544e/app/index.html
2026-10-09T00:15:42.6825569Z ./snapshots/05634b4b620cc30a053e5acab5fefb0667f2544e/app/version.json
2026-10-09T00:15:42.6825968Z ./snapshots/05634b4b620cc30a053e5acab5fefb0667f2544e/app/flutter_service_worker.js
2026-10-09T00:15:42.6826354Z ./snapshots/05634b4b620cc30a053e5acab5fefb0667f2544e/app/flutter.js
2026-10-09T00:15:42.6826720Z ./snapshots/05634b4b620cc30a053e5acab5fefb0667f2544e/app/favicon.png
2026-10-09T00:15:42.6827081Z ./snapshots/05634b4b620cc30a053e5acab5fefb0667f2544e/app/main.dart.js
2026-10-09T00:15:42.6832156Z ./snapshots/05634b4b620cc30a053e5acab5fefb0667f2544e/app/canvaskit/
2026-10-09T00:15:42.6832689Z ./snapshots/05634b4b620cc30a053e5acab5fefb0667f2544e/app/canvaskit/wimp.wasm
2026-10-09T00:15:42.6849326Z ./snapshots/05634b4b620cc30a053e5acab5fefb0667f2544e/app/canvaskit/chromium/
2026-10-09T00:15:42.6850025Z ./snapshots/05634b4b620cc30a053e5acab5fefb0667f2544e/app/canvaskit/chromium/canvaskit.js
2026-10-09T00:15:42.6850630Z ./snapshots/05634b4b620cc30a053e5acab5fefb0667f2544e/app/canvaskit/chromium/canvaskit.wasm
2026-10-09T00:15:42.6877972Z ./snapshots/05634b4b620cc30a053e5acab5fefb0667f2544e/app/canvaskit/chromium/canvaskit.js.symbols
2026-10-09T00:15:42.6884303Z ./snapshots/05634b4b620cc30a053e5acab5fefb0667f2544e/app/canvaskit/skwasm_heavy.js.symbols
2026-10-09T00:15:42.6892500Z ./snapshots/05634b4b620cc30a053e5acab5fefb0667f2544e/app/canvaskit/canvaskit.js
2026-10-09T00:15:42.6897877Z ./snapshots/05634b4b620cc30a053e5acab5fefb0667f2544e/app/canvaskit/skwasm.js
2026-10-09T00:15:42.6898538Z ./snapshots/05634b4b620cc30a053e5acab5fefb0667f2544e/app/canvaskit/canvaskit.wasm
2026-10-09T00:15:42.6930411Z ./snapshots/05634b4b620cc30a053e5acab5fefb0667f2544e/app/canvaskit/skwasm.wasm
2026-10-09T00:15:42.6951246Z ./snapshots/05634b4b620cc30a053e5acab5fefb0667f2544e/app/canvaskit/skwasm.js.symbols
2026-10-09T00:15:42.6956836Z ./snapshots/05634b4b620cc30a053e5acab5fefb0667f2544e/app/canvaskit/skwasm_heavy.wasm
2026-10-09T00:15:42.6984289Z ./snapshots/05634b4b620cc30a053e5acab5fefb0667f2544e/app/canvaskit/canvaskit.js.symbols
2026-10-09T00:15:42.6991807Z ./snapshots/05634b4b620cc30a053e5acab5fefb0667f2544e/app/canvaskit/experimental_webparagraph/
2026-10-09T00:15:42.6992657Z ./snapshots/05634b4b620cc30a053e5acab5fefb0667f2544e/app/canvaskit/experimental_webparagraph/canvaskit.js
2026-10-09T00:15:42.6993291Z ./snapshots/05634b4b620cc30a053e5acab5fefb0667f2544e/app/canvaskit/experimental_webparagraph/canvaskit.wasm
2026-10-09T00:15:42.7014349Z ./snapshots/05634b4b620cc30a053e5acab5fefb0667f2544e/app/canvaskit/experimental_webparagraph/canvaskit.js.symbols
2026-10-09T00:15:42.7019745Z ./snapshots/05634b4b620cc30a053e5acab5fefb0667f2544e/app/canvaskit/wimp.js
2026-10-09T00:15:42.7020325Z ./snapshots/05634b4b620cc30a053e5acab5fefb0667f2544e/app/canvaskit/skwasm_heavy.js
2026-10-09T00:15:42.7020928Z ./snapshots/05634b4b620cc30a053e5acab5fefb0667f2544e/app/canvaskit/wimp.js.symbols
2026-10-09T00:15:42.7030184Z ./snapshots/05634b4b620cc30a053e5acab5fefb0667f2544e/metadata.json
2026-10-09T00:15:42.7030749Z ./snapshots/05634b4b620cc30a053e5acab5fefb0667f2544e/index.html
2026-10-09T00:15:42.7031381Z ./snapshots/05634b4b620cc30a053e5acab5fefb0667f2544e/files.json
2026-10-09T00:15:42.7031741Z ./snapshots/0817b4fbf84204b24a20858925fa414a1dcac54a/
2026-10-09T00:15:42.7032079Z ./snapshots/0817b4fbf84204b24a20858925fa414a1dcac54a/app/
2026-10-09T00:15:42.7032451Z ./snapshots/0817b4fbf84204b24a20858925fa414a1dcac54a/app/manifest.json
2026-10-09T00:15:42.7032835Z ./snapshots/0817b4fbf84204b24a20858925fa414a1dcac54a/app/icons/
2026-10-09T00:15:42.7035787Z ./snapshots/0817b4fbf84204b24a20858925fa414a1dcac54a/app/icons/Icon-512.png
2026-10-09T00:15:42.7036354Z ./snapshots/0817b4fbf84204b24a20858925fa414a1dcac54a/app/icons/Icon-192.png
2026-10-09T00:15:42.7036816Z ./snapshots/0817b4fbf84204b24a20858925fa414a1dcac54a/app/icons/Icon-maskable-192.png
2026-10-09T00:15:42.7037478Z ./snapshots/0817b4fbf84204b24a20858925fa414a1dcac54a/app/icons/Icon-maskable-512.png
2026-10-09T00:15:42.7037972Z ./snapshots/0817b4fbf84204b24a20858925fa414a1dcac54a/app/flutter_bootstrap.js
2026-10-09T00:15:42.7038391Z ./snapshots/0817b4fbf84204b24a20858925fa414a1dcac54a/app/assets/
2026-10-09T00:15:42.7038842Z ./snapshots/0817b4fbf84204b24a20858925fa414a1dcac54a/app/assets/AssetManifest.bin.json
2026-10-09T00:15:42.7039308Z ./snapshots/0817b4fbf84204b24a20858925fa414a1dcac54a/app/assets/NOTICES
2026-10-09T00:15:42.7040218Z ./snapshots/0817b4fbf84204b24a20858925fa414a1dcac54a/app/assets/shorebird.yaml
2026-10-09T00:15:42.7041061Z ./snapshots/0817b4fbf84204b24a20858925fa414a1dcac54a/app/assets/AssetManifest.bin
2026-10-09T00:15:42.7041771Z ./snapshots/0817b4fbf84204b24a20858925fa414a1dcac54a/app/assets/packages/
2026-10-09T00:15:42.7042949Z ./snapshots/0817b4fbf84204b24a20858925fa414a1dcac54a/app/assets/packages/cupertino_icons/
2026-10-09T00:15:42.7043521Z ./snapshots/0817b4fbf84204b24a20858925fa414a1dcac54a/app/assets/packages/cupertino_icons/assets/
2026-10-09T00:15:42.7044136Z ./snapshots/0817b4fbf84204b24a20858925fa414a1dcac54a/app/assets/packages/cupertino_icons/assets/CupertinoIcons.ttf
2026-10-09T00:15:42.7044702Z ./snapshots/0817b4fbf84204b24a20858925fa414a1dcac54a/app/assets/FontManifest.json
2026-10-09T00:15:42.7045255Z ./snapshots/0817b4fbf84204b24a20858925fa414a1dcac54a/app/assets/shaders/
2026-10-09T00:15:42.7045709Z ./snapshots/0817b4fbf84204b24a20858925fa414a1dcac54a/app/assets/shaders/ink_sparkle.frag
2026-10-09T00:15:42.7046221Z ./snapshots/0817b4fbf84204b24a20858925fa414a1dcac54a/app/assets/shaders/stretch_effect.frag
2026-10-09T00:15:42.7046688Z ./snapshots/0817b4fbf84204b24a20858925fa414a1dcac54a/app/assets/fonts/
2026-10-09T00:15:42.7047258Z ./snapshots/0817b4fbf84204b24a20858925fa414a1dcac54a/app/assets/fonts/MaterialIcons-Regular.otf
2026-10-09T00:15:42.7047739Z ./snapshots/0817b4fbf84204b24a20858925fa414a1dcac54a/app/index.html
2026-10-09T00:15:42.7048126Z ./snapshots/0817b4fbf84204b24a20858925fa414a1dcac54a/app/version.json
2026-10-09T00:15:42.7048563Z ./snapshots/0817b4fbf84204b24a20858925fa414a1dcac54a/app/flutter_service_worker.js
2026-10-09T00:15:42.7048978Z ./snapshots/0817b4fbf84204b24a20858925fa414a1dcac54a/app/flutter.js
2026-10-09T00:15:42.7049362Z ./snapshots/0817b4fbf84204b24a20858925fa414a1dcac54a/app/favicon.png
2026-10-09T00:15:42.7049749Z ./snapshots/0817b4fbf84204b24a20858925fa414a1dcac54a/app/main.dart.js
2026-10-09T00:15:42.7054153Z ./snapshots/0817b4fbf84204b24a20858925fa414a1dcac54a/app/canvaskit/
2026-10-09T00:15:42.7054847Z ./snapshots/0817b4fbf84204b24a20858925fa414a1dcac54a/app/canvaskit/wimp.wasm
2026-10-09T00:15:42.7072993Z ./snapshots/0817b4fbf84204b24a20858925fa414a1dcac54a/app/canvaskit/chromium/
2026-10-09T00:15:42.7073694Z ./snapshots/0817b4fbf84204b24a20858925fa414a1dcac54a/app/canvaskit/chromium/canvaskit.js
2026-10-09T00:15:42.7074340Z ./snapshots/0817b4fbf84204b24a20858925fa414a1dcac54a/app/canvaskit/chromium/canvaskit.wasm
2026-10-09T00:15:42.7103298Z ./snapshots/0817b4fbf84204b24a20858925fa414a1dcac54a/app/canvaskit/chromium/canvaskit.js.symbols
2026-10-09T00:15:42.7110092Z ./snapshots/0817b4fbf84204b24a20858925fa414a1dcac54a/app/canvaskit/skwasm_heavy.js.symbols
2026-10-09T00:15:42.7118843Z ./snapshots/0817b4fbf84204b24a20858925fa414a1dcac54a/app/canvaskit/canvaskit.js
2026-10-09T00:15:42.7119526Z ./snapshots/0817b4fbf84204b24a20858925fa414a1dcac54a/app/canvaskit/skwasm.js
2026-10-09T00:15:42.7120336Z ./snapshots/0817b4fbf84204b24a20858925fa414a1dcac54a/app/canvaskit/canvaskit.wasm
2026-10-09T00:15:42.7157894Z ./snapshots/0817b4fbf84204b24a20858925fa414a1dcac54a/app/canvaskit/skwasm.wasm
2026-10-09T00:15:42.7175881Z ./snapshots/0817b4fbf84204b24a20858925fa414a1dcac54a/app/canvaskit/skwasm.js.symbols
2026-10-09T00:15:42.7183855Z ./snapshots/0817b4fbf84204b24a20858925fa414a1dcac54a/app/canvaskit/skwasm_heavy.wasm
2026-10-09T00:15:42.7209912Z ./snapshots/0817b4fbf84204b24a20858925fa414a1dcac54a/app/canvaskit/canvaskit.js.symbols
2026-10-09T00:15:42.7217087Z ./snapshots/0817b4fbf84204b24a20858925fa414a1dcac54a/app/canvaskit/experimental_webparagraph/
2026-10-09T00:15:42.7218020Z ./snapshots/0817b4fbf84204b24a20858925fa414a1dcac54a/app/canvaskit/experimental_webparagraph/canvaskit.js
2026-10-09T00:15:42.7218642Z ./snapshots/0817b4fbf84204b24a20858925fa414a1dcac54a/app/canvaskit/experimental_webparagraph/canvaskit.wasm
2026-10-09T00:15:42.7239359Z ./snapshots/0817b4fbf84204b24a20858925fa414a1dcac54a/app/canvaskit/experimental_webparagraph/canvaskit.js.symbols
2026-10-09T00:15:42.7244177Z ./snapshots/0817b4fbf84204b24a20858925fa414a1dcac54a/app/canvaskit/wimp.js
2026-10-09T00:15:42.7244803Z ./snapshots/0817b4fbf84204b24a20858925fa414a1dcac54a/app/canvaskit/skwasm_heavy.js
2026-10-09T00:15:42.7245438Z ./snapshots/0817b4fbf84204b24a20858925fa414a1dcac54a/app/canvaskit/wimp.js.symbols
2026-10-09T00:15:42.7254429Z ./snapshots/0817b4fbf84204b24a20858925fa414a1dcac54a/metadata.json
2026-10-09T00:15:42.7254964Z ./snapshots/0817b4fbf84204b24a20858925fa414a1dcac54a/index.html
2026-10-09T00:15:42.7255500Z ./snapshots/0817b4fbf84204b24a20858925fa414a1dcac54a/files.json
2026-10-09T00:15:42.7255990Z ./snapshots/b8763ec5adc5e24ce34f474a66a079b48a9ffa0f/
2026-10-09T00:15:42.7256464Z ./snapshots/b8763ec5adc5e24ce34f474a66a079b48a9ffa0f/app/
2026-10-09T00:15:42.7257270Z ./snapshots/b8763ec5adc5e24ce34f474a66a079b48a9ffa0f/app/manifest.json
2026-10-09T00:15:42.7257794Z ./snapshots/b8763ec5adc5e24ce34f474a66a079b48a9ffa0f/app/icons/
2026-10-09T00:15:42.7258201Z ./snapshots/b8763ec5adc5e24ce34f474a66a079b48a9ffa0f/app/icons/Icon-512.png
2026-10-09T00:15:42.7258647Z ./snapshots/b8763ec5adc5e24ce34f474a66a079b48a9ffa0f/app/icons/Icon-192.png
2026-10-09T00:15:42.7259123Z ./snapshots/b8763ec5adc5e24ce34f474a66a079b48a9ffa0f/app/icons/Icon-maskable-192.png
2026-10-09T00:15:42.7259607Z ./snapshots/b8763ec5adc5e24ce34f474a66a079b48a9ffa0f/app/icons/Icon-maskable-512.png
2026-10-09T00:15:42.7260066Z ./snapshots/b8763ec5adc5e24ce34f474a66a079b48a9ffa0f/app/flutter_bootstrap.js
2026-10-09T00:15:42.7260479Z ./snapshots/b8763ec5adc5e24ce34f474a66a079b48a9ffa0f/app/assets/
2026-10-09T00:15:42.7260923Z ./snapshots/b8763ec5adc5e24ce34f474a66a079b48a9ffa0f/app/assets/AssetManifest.bin.json
2026-10-09T00:15:42.7261378Z ./snapshots/b8763ec5adc5e24ce34f474a66a079b48a9ffa0f/app/assets/NOTICES
2026-10-09T00:15:42.7264512Z ./snapshots/b8763ec5adc5e24ce34f474a66a079b48a9ffa0f/app/assets/shorebird.yaml
2026-10-09T00:15:42.7265212Z ./snapshots/b8763ec5adc5e24ce34f474a66a079b48a9ffa0f/app/assets/AssetManifest.bin
2026-10-09T00:15:42.7265880Z ./snapshots/b8763ec5adc5e24ce34f474a66a079b48a9ffa0f/app/assets/packages/
2026-10-09T00:15:42.7266759Z ./snapshots/b8763ec5adc5e24ce34f474a66a079b48a9ffa0f/app/assets/packages/cupertino_icons/
2026-10-09T00:15:42.7267660Z ./snapshots/b8763ec5adc5e24ce34f474a66a079b48a9ffa0f/app/assets/packages/cupertino_icons/assets/
2026-10-09T00:15:42.7268601Z ./snapshots/b8763ec5adc5e24ce34f474a66a079b48a9ffa0f/app/assets/packages/cupertino_icons/assets/CupertinoIcons.ttf
2026-10-09T00:15:42.7269287Z ./snapshots/b8763ec5adc5e24ce34f474a66a079b48a9ffa0f/app/assets/FontManifest.json
2026-10-09T00:15:42.7269730Z ./snapshots/b8763ec5adc5e24ce34f474a66a079b48a9ffa0f/app/assets/shaders/
2026-10-09T00:15:42.7270193Z ./snapshots/b8763ec5adc5e24ce34f474a66a079b48a9ffa0f/app/assets/shaders/ink_sparkle.frag
2026-10-09T00:15:42.7270721Z ./snapshots/b8763ec5adc5e24ce34f474a66a079b48a9ffa0f/app/assets/shaders/stretch_effect.frag
2026-10-09T00:15:42.7271191Z ./snapshots/b8763ec5adc5e24ce34f474a66a079b48a9ffa0f/app/assets/fonts/
2026-10-09T00:15:42.7271680Z ./snapshots/b8763ec5adc5e24ce34f474a66a079b48a9ffa0f/app/assets/fonts/MaterialIcons-Regular.otf
2026-10-09T00:15:42.7272166Z ./snapshots/b8763ec5adc5e24ce34f474a66a079b48a9ffa0f/app/index.html
2026-10-09T00:15:42.7272559Z ./snapshots/b8763ec5adc5e24ce34f474a66a079b48a9ffa0f/app/version.json
2026-10-09T00:15:42.7272992Z ./snapshots/b8763ec5adc5e24ce34f474a66a079b48a9ffa0f/app/flutter_service_worker.js
2026-10-09T00:15:42.7273420Z ./snapshots/b8763ec5adc5e24ce34f474a66a079b48a9ffa0f/app/flutter.js
2026-10-09T00:15:42.7273821Z ./snapshots/b8763ec5adc5e24ce34f474a66a079b48a9ffa0f/app/favicon.png
2026-10-09T00:15:42.7274222Z ./snapshots/b8763ec5adc5e24ce34f474a66a079b48a9ffa0f/app/main.dart.js
2026-10-09T00:15:42.7279169Z ./snapshots/b8763ec5adc5e24ce34f474a66a079b48a9ffa0f/app/canvaskit/
2026-10-09T00:15:42.7279748Z ./snapshots/b8763ec5adc5e24ce34f474a66a079b48a9ffa0f/app/canvaskit/wimp.wasm
2026-10-09T00:15:42.7298110Z ./snapshots/b8763ec5adc5e24ce34f474a66a079b48a9ffa0f/app/canvaskit/chromium/
2026-10-09T00:15:42.7298842Z ./snapshots/b8763ec5adc5e24ce34f474a66a079b48a9ffa0f/app/canvaskit/chromium/canvaskit.js
2026-10-09T00:15:42.7299525Z ./snapshots/b8763ec5adc5e24ce34f474a66a079b48a9ffa0f/app/canvaskit/chromium/canvaskit.wasm
2026-10-09T00:15:42.7328956Z ./snapshots/b8763ec5adc5e24ce34f474a66a079b48a9ffa0f/app/canvaskit/chromium/canvaskit.js.symbols
2026-10-09T00:15:42.7335683Z ./snapshots/b8763ec5adc5e24ce34f474a66a079b48a9ffa0f/app/canvaskit/skwasm_heavy.js.symbols
2026-10-09T00:15:42.7344442Z ./snapshots/b8763ec5adc5e24ce34f474a66a079b48a9ffa0f/app/canvaskit/canvaskit.js
2026-10-09T00:15:42.7345113Z ./snapshots/b8763ec5adc5e24ce34f474a66a079b48a9ffa0f/app/canvaskit/skwasm.js
2026-10-09T00:15:42.7345817Z ./snapshots/b8763ec5adc5e24ce34f474a66a079b48a9ffa0f/app/canvaskit/canvaskit.wasm
2026-10-09T00:15:42.7383254Z ./snapshots/b8763ec5adc5e24ce34f474a66a079b48a9ffa0f/app/canvaskit/skwasm.wasm
2026-10-09T00:15:42.7401462Z ./snapshots/b8763ec5adc5e24ce34f474a66a079b48a9ffa0f/app/canvaskit/skwasm.js.symbols
2026-10-09T00:15:42.7409670Z ./snapshots/b8763ec5adc5e24ce34f474a66a079b48a9ffa0f/app/canvaskit/skwasm_heavy.wasm
2026-10-09T00:15:42.7436243Z ./snapshots/b8763ec5adc5e24ce34f474a66a079b48a9ffa0f/app/canvaskit/canvaskit.js.symbols
2026-10-09T00:15:42.7443295Z ./snapshots/b8763ec5adc5e24ce34f474a66a079b48a9ffa0f/app/canvaskit/experimental_webparagraph/
2026-10-09T00:15:42.7444102Z ./snapshots/b8763ec5adc5e24ce34f474a66a079b48a9ffa0f/app/canvaskit/experimental_webparagraph/canvaskit.js
2026-10-09T00:15:42.7444665Z ./snapshots/b8763ec5adc5e24ce34f474a66a079b48a9ffa0f/app/canvaskit/experimental_webparagraph/canvaskit.wasm
2026-10-09T00:15:42.7464474Z ./snapshots/b8763ec5adc5e24ce34f474a66a079b48a9ffa0f/app/canvaskit/experimental_webparagraph/canvaskit.js.symbols
2026-10-09T00:15:42.7469363Z ./snapshots/b8763ec5adc5e24ce34f474a66a079b48a9ffa0f/app/canvaskit/wimp.js
2026-10-09T00:15:42.7469982Z ./snapshots/b8763ec5adc5e24ce34f474a66a079b48a9ffa0f/app/canvaskit/skwasm_heavy.js
2026-10-09T00:15:42.7470601Z ./snapshots/b8763ec5adc5e24ce34f474a66a079b48a9ffa0f/app/canvaskit/wimp.js.symbols
2026-10-09T00:15:42.7479313Z ./snapshots/b8763ec5adc5e24ce34f474a66a079b48a9ffa0f/metadata.json
2026-10-09T00:15:42.7479827Z ./snapshots/b8763ec5adc5e24ce34f474a66a079b48a9ffa0f/index.html
2026-10-09T00:15:42.7480312Z ./snapshots/b8763ec5adc5e24ce34f474a66a079b48a9ffa0f/files.json
2026-10-09T00:15:42.7480758Z ./snapshots/6e48aef9b03778593bc639ababa885b9e2792c35/
2026-10-09T00:15:42.7481181Z ./snapshots/6e48aef9b03778593bc639ababa885b9e2792c35/app/
2026-10-09T00:15:42.7481671Z ./snapshots/6e48aef9b03778593bc639ababa885b9e2792c35/app/manifest.json
2026-10-09T00:15:42.7482053Z ./snapshots/6e48aef9b03778593bc639ababa885b9e2792c35/app/icons/
2026-10-09T00:15:42.7482419Z ./snapshots/6e48aef9b03778593bc639ababa885b9e2792c35/app/icons/Icon-512.png
2026-10-09T00:15:42.7482828Z ./snapshots/6e48aef9b03778593bc639ababa885b9e2792c35/app/icons/Icon-192.png
2026-10-09T00:15:42.7483238Z ./snapshots/6e48aef9b03778593bc639ababa885b9e2792c35/app/icons/Icon-maskable-192.png
2026-10-09T00:15:42.7483674Z ./snapshots/6e48aef9b03778593bc639ababa885b9e2792c35/app/icons/Icon-maskable-512.png
2026-10-09T00:15:42.7484103Z ./snapshots/6e48aef9b03778593bc639ababa885b9e2792c35/app/flutter_bootstrap.js
2026-10-09T00:15:42.7484476Z ./snapshots/6e48aef9b03778593bc639ababa885b9e2792c35/app/assets/
2026-10-09T00:15:42.7484865Z ./snapshots/6e48aef9b03778593bc639ababa885b9e2792c35/app/assets/AssetManifest.bin.json
2026-10-09T00:15:42.7485275Z ./snapshots/6e48aef9b03778593bc639ababa885b9e2792c35/app/assets/NOTICES
2026-10-09T00:15:42.7488349Z ./snapshots/6e48aef9b03778593bc639ababa885b9e2792c35/app/assets/shorebird.yaml
2026-10-09T00:15:42.7489014Z ./snapshots/6e48aef9b03778593bc639ababa885b9e2792c35/app/assets/AssetManifest.bin
2026-10-09T00:15:42.7489614Z ./snapshots/6e48aef9b03778593bc639ababa885b9e2792c35/app/assets/packages/
2026-10-09T00:15:42.7490253Z ./snapshots/6e48aef9b03778593bc639ababa885b9e2792c35/app/assets/packages/cupertino_icons/
2026-10-09T00:15:42.7491005Z ./snapshots/6e48aef9b03778593bc639ababa885b9e2792c35/app/assets/packages/cupertino_icons/assets/
2026-10-09T00:15:42.7491774Z ./snapshots/6e48aef9b03778593bc639ababa885b9e2792c35/app/assets/packages/cupertino_icons/assets/CupertinoIcons.ttf
2026-10-09T00:15:42.7492294Z ./snapshots/6e48aef9b03778593bc639ababa885b9e2792c35/app/assets/FontManifest.json
2026-10-09T00:15:42.7492708Z ./snapshots/6e48aef9b03778593bc639ababa885b9e2792c35/app/assets/shaders/
2026-10-09T00:15:42.7493126Z ./snapshots/6e48aef9b03778593bc639ababa885b9e2792c35/app/assets/shaders/ink_sparkle.frag
2026-10-09T00:15:42.7493591Z ./snapshots/6e48aef9b03778593bc639ababa885b9e2792c35/app/assets/shaders/stretch_effect.frag
2026-10-09T00:15:42.7494015Z ./snapshots/6e48aef9b03778593bc639ababa885b9e2792c35/app/assets/fonts/
2026-10-09T00:15:42.7494531Z ./snapshots/6e48aef9b03778593bc639ababa885b9e2792c35/app/assets/fonts/MaterialIcons-Regular.otf
2026-10-09T00:15:42.7494980Z ./snapshots/6e48aef9b03778593bc639ababa885b9e2792c35/app/index.html
2026-10-09T00:15:42.7495333Z ./snapshots/6e48aef9b03778593bc639ababa885b9e2792c35/app/version.json
2026-10-09T00:15:42.7495738Z ./snapshots/6e48aef9b03778593bc639ababa885b9e2792c35/app/flutter_service_worker.js
2026-10-09T00:15:42.7496125Z ./snapshots/6e48aef9b03778593bc639ababa885b9e2792c35/app/flutter.js
2026-10-09T00:15:42.7496477Z ./snapshots/6e48aef9b03778593bc639ababa885b9e2792c35/app/favicon.png
2026-10-09T00:15:42.7496833Z ./snapshots/6e48aef9b03778593bc639ababa885b9e2792c35/app/main.dart.js
2026-10-09T00:15:42.7501993Z ./snapshots/6e48aef9b03778593bc639ababa885b9e2792c35/app/canvaskit/
2026-10-09T00:15:42.7502533Z ./snapshots/6e48aef9b03778593bc639ababa885b9e2792c35/app/canvaskit/wimp.wasm
2026-10-09T00:15:42.7519451Z ./snapshots/6e48aef9b03778593bc639ababa885b9e2792c35/app/canvaskit/chromium/
2026-10-09T00:15:42.7520150Z ./snapshots/6e48aef9b03778593bc639ababa885b9e2792c35/app/canvaskit/chromium/canvaskit.js
2026-10-09T00:15:42.7520744Z ./snapshots/6e48aef9b03778593bc639ababa885b9e2792c35/app/canvaskit/chromium/canvaskit.wasm
2026-10-09T00:15:42.7548523Z ./snapshots/6e48aef9b03778593bc639ababa885b9e2792c35/app/canvaskit/chromium/canvaskit.js.symbols
2026-10-09T00:15:42.7554866Z ./snapshots/6e48aef9b03778593bc639ababa885b9e2792c35/app/canvaskit/skwasm_heavy.js.symbols
2026-10-09T00:15:42.7563069Z ./snapshots/6e48aef9b03778593bc639ababa885b9e2792c35/app/canvaskit/canvaskit.js
2026-10-09T00:15:42.7563677Z ./snapshots/6e48aef9b03778593bc639ababa885b9e2792c35/app/canvaskit/skwasm.js
2026-10-09T00:15:42.7564304Z ./snapshots/6e48aef9b03778593bc639ababa885b9e2792c35/app/canvaskit/canvaskit.wasm
2026-10-09T00:15:42.7600475Z ./snapshots/6e48aef9b03778593bc639ababa885b9e2792c35/app/canvaskit/skwasm.wasm
2026-10-09T00:15:42.7617896Z ./snapshots/6e48aef9b03778593bc639ababa885b9e2792c35/app/canvaskit/skwasm.js.symbols
2026-10-09T00:15:42.7625810Z ./snapshots/6e48aef9b03778593bc639ababa885b9e2792c35/app/canvaskit/skwasm_heavy.wasm
2026-10-09T00:15:42.7651003Z ./snapshots/6e48aef9b03778593bc639ababa885b9e2792c35/app/canvaskit/canvaskit.js.symbols
2026-10-09T00:15:42.7657925Z ./snapshots/6e48aef9b03778593bc639ababa885b9e2792c35/app/canvaskit/experimental_webparagraph/
2026-10-09T00:15:42.7658752Z ./snapshots/6e48aef9b03778593bc639ababa885b9e2792c35/app/canvaskit/experimental_webparagraph/canvaskit.js
2026-10-09T00:15:42.7659374Z ./snapshots/6e48aef9b03778593bc639ababa885b9e2792c35/app/canvaskit/experimental_webparagraph/canvaskit.wasm
2026-10-09T00:15:42.7679501Z ./snapshots/6e48aef9b03778593bc639ababa885b9e2792c35/app/canvaskit/experimental_webparagraph/canvaskit.js.symbols
2026-10-09T00:15:42.7684063Z ./snapshots/6e48aef9b03778593bc639ababa885b9e2792c35/app/canvaskit/wimp.js
2026-10-09T00:15:42.7684690Z ./snapshots/6e48aef9b03778593bc639ababa885b9e2792c35/app/canvaskit/skwasm_heavy.js
2026-10-09T00:15:42.7685419Z ./snapshots/6e48aef9b03778593bc639ababa885b9e2792c35/app/canvaskit/wimp.js.symbols
2026-10-09T00:15:42.7693978Z ./snapshots/6e48aef9b03778593bc639ababa885b9e2792c35/metadata.json
2026-10-09T00:15:42.7694509Z ./snapshots/6e48aef9b03778593bc639ababa885b9e2792c35/index.html
2026-10-09T00:15:42.7695015Z ./snapshots/6e48aef9b03778593bc639ababa885b9e2792c35/files.json
2026-10-09T00:15:42.7695461Z ./snapshots/08ce07d615905e33f0572f9264808683cab53349/
2026-10-09T00:15:42.7695922Z ./snapshots/08ce07d615905e33f0572f9264808683cab53349/app/
2026-10-09T00:15:42.7696479Z ./snapshots/08ce07d615905e33f0572f9264808683cab53349/app/manifest.json
2026-10-09T00:15:42.7696845Z ./snapshots/08ce07d615905e33f0572f9264808683cab53349/app/icons/
2026-10-09T00:15:42.7697447Z ./snapshots/08ce07d615905e33f0572f9264808683cab53349/app/icons/Icon-512.png
2026-10-09T00:15:42.7697852Z ./snapshots/08ce07d615905e33f0572f9264808683cab53349/app/icons/Icon-192.png
2026-10-09T00:15:42.7698478Z ./snapshots/08ce07d615905e33f0572f9264808683cab53349/app/icons/Icon-maskable-192.png
2026-10-09T00:15:42.7698931Z ./snapshots/08ce07d615905e33f0572f9264808683cab53349/app/icons/Icon-maskable-512.png
2026-10-09T00:15:42.7699350Z ./snapshots/08ce07d615905e33f0572f9264808683cab53349/app/flutter_bootstrap.js
2026-10-09T00:15:42.7699722Z ./snapshots/08ce07d615905e33f0572f9264808683cab53349/app/assets/
2026-10-09T00:15:42.7700116Z ./snapshots/08ce07d615905e33f0572f9264808683cab53349/app/assets/AssetManifest.bin.json
2026-10-09T00:15:42.7700518Z ./snapshots/08ce07d615905e33f0572f9264808683cab53349/app/assets/NOTICES
2026-10-09T00:15:42.7703122Z ./snapshots/08ce07d615905e33f0572f9264808683cab53349/app/assets/shorebird.yaml
2026-10-09T00:15:42.7703736Z ./snapshots/08ce07d615905e33f0572f9264808683cab53349/app/assets/AssetManifest.bin
2026-10-09T00:15:42.7704328Z ./snapshots/08ce07d615905e33f0572f9264808683cab53349/app/assets/packages/
2026-10-09T00:15:42.7704949Z ./snapshots/08ce07d615905e33f0572f9264808683cab53349/app/assets/packages/cupertino_icons/
2026-10-09T00:15:42.7705660Z ./snapshots/08ce07d615905e33f0572f9264808683cab53349/app/assets/packages/cupertino_icons/assets/
2026-10-09T00:15:42.7706476Z ./snapshots/08ce07d615905e33f0572f9264808683cab53349/app/assets/packages/cupertino_icons/assets/CupertinoIcons.ttf
2026-10-09T00:15:42.7707529Z ./snapshots/08ce07d615905e33f0572f9264808683cab53349/app/assets/FontManifest.json
2026-10-09T00:15:42.7707941Z ./snapshots/08ce07d615905e33f0572f9264808683cab53349/app/assets/shaders/
2026-10-09T00:15:42.7708359Z ./snapshots/08ce07d615905e33f0572f9264808683cab53349/app/assets/shaders/ink_sparkle.frag
2026-10-09T00:15:42.7708835Z ./snapshots/08ce07d615905e33f0572f9264808683cab53349/app/assets/shaders/stretch_effect.frag
2026-10-09T00:15:42.7709256Z ./snapshots/08ce07d615905e33f0572f9264808683cab53349/app/assets/fonts/
2026-10-09T00:15:42.7709687Z ./snapshots/08ce07d615905e33f0572f9264808683cab53349/app/assets/fonts/MaterialIcons-Regular.otf
2026-10-09T00:15:42.7710131Z ./snapshots/08ce07d615905e33f0572f9264808683cab53349/app/index.html
2026-10-09T00:15:42.7710494Z ./snapshots/08ce07d615905e33f0572f9264808683cab53349/app/version.json
2026-10-09T00:15:42.7710882Z ./snapshots/08ce07d615905e33f0572f9264808683cab53349/app/flutter_service_worker.js
2026-10-09T00:15:42.7711267Z ./snapshots/08ce07d615905e33f0572f9264808683cab53349/app/flutter.js
2026-10-09T00:15:42.7711629Z ./snapshots/08ce07d615905e33f0572f9264808683cab53349/app/favicon.png
2026-10-09T00:15:42.7711983Z ./snapshots/08ce07d615905e33f0572f9264808683cab53349/app/main.dart.js
2026-10-09T00:15:42.7718084Z ./snapshots/08ce07d615905e33f0572f9264808683cab53349/app/canvaskit/
2026-10-09T00:15:42.7718739Z ./snapshots/08ce07d615905e33f0572f9264808683cab53349/app/canvaskit/wimp.wasm
2026-10-09T00:15:42.7735858Z ./snapshots/08ce07d615905e33f0572f9264808683cab53349/app/canvaskit/chromium/
2026-10-09T00:15:42.7736491Z ./snapshots/08ce07d615905e33f0572f9264808683cab53349/app/canvaskit/chromium/canvaskit.js
2026-10-09T00:15:42.7737056Z ./snapshots/08ce07d615905e33f0572f9264808683cab53349/app/canvaskit/chromium/canvaskit.wasm
2026-10-09T00:15:42.7766092Z ./snapshots/08ce07d615905e33f0572f9264808683cab53349/app/canvaskit/chromium/canvaskit.js.symbols
2026-10-09T00:15:42.7772958Z ./snapshots/08ce07d615905e33f0572f9264808683cab53349/app/canvaskit/skwasm_heavy.js.symbols
2026-10-09T00:15:42.7781897Z ./snapshots/08ce07d615905e33f0572f9264808683cab53349/app/canvaskit/canvaskit.js
2026-10-09T00:15:42.7782837Z ./snapshots/08ce07d615905e33f0572f9264808683cab53349/app/canvaskit/skwasm.js
2026-10-09T00:15:42.7783385Z ./snapshots/08ce07d615905e33f0572f9264808683cab53349/app/canvaskit/canvaskit.wasm
2026-10-09T00:15:42.7821535Z ./snapshots/08ce07d615905e33f0572f9264808683cab53349/app/canvaskit/skwasm.wasm
2026-10-09T00:15:42.7839756Z ./snapshots/08ce07d615905e33f0572f9264808683cab53349/app/canvaskit/skwasm.js.symbols
2026-10-09T00:15:42.7847995Z ./snapshots/08ce07d615905e33f0572f9264808683cab53349/app/canvaskit/skwasm_heavy.wasm
2026-10-09T00:15:42.7875847Z ./snapshots/08ce07d615905e33f0572f9264808683cab53349/app/canvaskit/canvaskit.js.symbols
2026-10-09T00:15:42.7883761Z ./snapshots/08ce07d615905e33f0572f9264808683cab53349/app/canvaskit/experimental_webparagraph/
2026-10-09T00:15:42.7884606Z ./snapshots/08ce07d615905e33f0572f9264808683cab53349/app/canvaskit/experimental_webparagraph/canvaskit.js
2026-10-09T00:15:42.7885218Z ./snapshots/08ce07d615905e33f0572f9264808683cab53349/app/canvaskit/experimental_webparagraph/canvaskit.wasm
2026-10-09T00:15:42.7907460Z ./snapshots/08ce07d615905e33f0572f9264808683cab53349/app/canvaskit/experimental_webparagraph/canvaskit.js.symbols
2026-10-09T00:15:42.7912892Z ./snapshots/08ce07d615905e33f0572f9264808683cab53349/app/canvaskit/wimp.js
2026-10-09T00:15:42.7913630Z ./snapshots/08ce07d615905e33f0572f9264808683cab53349/app/canvaskit/skwasm_heavy.js
2026-10-09T00:15:42.7914345Z ./snapshots/08ce07d615905e33f0572f9264808683cab53349/app/canvaskit/wimp.js.symbols
2026-10-09T00:15:42.7923511Z ./snapshots/08ce07d615905e33f0572f9264808683cab53349/metadata.json
2026-10-09T00:15:42.7924146Z ./snapshots/08ce07d615905e33f0572f9264808683cab53349/index.html
2026-10-09T00:15:42.7924675Z ./snapshots/08ce07d615905e33f0572f9264808683cab53349/files.json
2026-10-09T00:15:42.7925172Z ./snapshots/0fc06c8f2b79a83bd8bcf135b24fcd02ef1bd928/
2026-10-09T00:15:42.7925863Z ./snapshots/0fc06c8f2b79a83bd8bcf135b24fcd02ef1bd928/app/
2026-10-09T00:15:42.7926450Z ./snapshots/0fc06c8f2b79a83bd8bcf135b24fcd02ef1bd928/app/manifest.json
2026-10-09T00:15:42.7927044Z ./snapshots/0fc06c8f2b79a83bd8bcf135b24fcd02ef1bd928/app/icons/
2026-10-09T00:15:42.7927793Z ./snapshots/0fc06c8f2b79a83bd8bcf135b24fcd02ef1bd928/app/icons/Icon-512.png
2026-10-09T00:15:42.7928471Z ./snapshots/0fc06c8f2b79a83bd8bcf135b24fcd02ef1bd928/app/icons/Icon-192.png
2026-10-09T00:15:42.7929179Z ./snapshots/0fc06c8f2b79a83bd8bcf135b24fcd02ef1bd928/app/icons/Icon-maskable-192.png
2026-10-09T00:15:42.7929924Z ./snapshots/0fc06c8f2b79a83bd8bcf135b24fcd02ef1bd928/app/icons/Icon-maskable-512.png
2026-10-09T00:15:42.7930650Z ./snapshots/0fc06c8f2b79a83bd8bcf135b24fcd02ef1bd928/app/flutter_bootstrap.js
2026-10-09T00:15:42.7931292Z ./snapshots/0fc06c8f2b79a83bd8bcf135b24fcd02ef1bd928/app/assets/
2026-10-09T00:15:42.7931975Z ./snapshots/0fc06c8f2b79a83bd8bcf135b24fcd02ef1bd928/app/assets/AssetManifest.bin.json
2026-10-09T00:15:42.7932677Z ./snapshots/0fc06c8f2b79a83bd8bcf135b24fcd02ef1bd928/app/assets/NOTICES
2026-10-09T00:15:42.7934630Z ./snapshots/0fc06c8f2b79a83bd8bcf135b24fcd02ef1bd928/app/assets/shorebird.yaml
2026-10-09T00:15:42.7935347Z ./snapshots/0fc06c8f2b79a83bd8bcf135b24fcd02ef1bd928/app/assets/AssetManifest.bin
2026-10-09T00:15:42.7936033Z ./snapshots/0fc06c8f2b79a83bd8bcf135b24fcd02ef1bd928/app/assets/packages/
2026-10-09T00:15:42.7936747Z ./snapshots/0fc06c8f2b79a83bd8bcf135b24fcd02ef1bd928/app/assets/packages/cupertino_icons/
2026-10-09T00:15:42.7937732Z ./snapshots/0fc06c8f2b79a83bd8bcf135b24fcd02ef1bd928/app/assets/packages/cupertino_icons/assets/
2026-10-09T00:15:42.7938661Z ./snapshots/0fc06c8f2b79a83bd8bcf135b24fcd02ef1bd928/app/assets/packages/cupertino_icons/assets/CupertinoIcons.ttf
2026-10-09T00:15:42.7939517Z ./snapshots/0fc06c8f2b79a83bd8bcf135b24fcd02ef1bd928/app/assets/FontManifest.json
2026-10-09T00:15:42.7940178Z ./snapshots/0fc06c8f2b79a83bd8bcf135b24fcd02ef1bd928/app/assets/shaders/
2026-10-09T00:15:42.7940930Z ./snapshots/0fc06c8f2b79a83bd8bcf135b24fcd02ef1bd928/app/assets/shaders/ink_sparkle.frag
2026-10-09T00:15:42.7941730Z ./snapshots/0fc06c8f2b79a83bd8bcf135b24fcd02ef1bd928/app/assets/shaders/stretch_effect.frag
2026-10-09T00:15:42.7942466Z ./snapshots/0fc06c8f2b79a83bd8bcf135b24fcd02ef1bd928/app/assets/fonts/
2026-10-09T00:15:42.7943208Z ./snapshots/0fc06c8f2b79a83bd8bcf135b24fcd02ef1bd928/app/assets/fonts/MaterialIcons-Regular.otf
2026-10-09T00:15:42.7943961Z ./snapshots/0fc06c8f2b79a83bd8bcf135b24fcd02ef1bd928/app/index.html
2026-10-09T00:15:42.7944584Z ./snapshots/0fc06c8f2b79a83bd8bcf135b24fcd02ef1bd928/app/version.json
2026-10-09T00:15:42.7945265Z ./snapshots/0fc06c8f2b79a83bd8bcf135b24fcd02ef1bd928/app/flutter_service_worker.js
2026-10-09T00:15:42.7946108Z ./snapshots/0fc06c8f2b79a83bd8bcf135b24fcd02ef1bd928/app/flutter.js
2026-10-09T00:15:42.7946710Z ./snapshots/0fc06c8f2b79a83bd8bcf135b24fcd02ef1bd928/app/favicon.png
2026-10-09T00:15:42.7947503Z ./snapshots/0fc06c8f2b79a83bd8bcf135b24fcd02ef1bd928/app/main.dart.js
2026-10-09T00:15:42.7951459Z ./snapshots/0fc06c8f2b79a83bd8bcf135b24fcd02ef1bd928/app/canvaskit/
2026-10-09T00:15:42.7952136Z ./snapshots/0fc06c8f2b79a83bd8bcf135b24fcd02ef1bd928/app/canvaskit/wimp.wasm
2026-10-09T00:15:42.7969926Z ./snapshots/0fc06c8f2b79a83bd8bcf135b24fcd02ef1bd928/app/canvaskit/chromium/
2026-10-09T00:15:42.7970684Z ./snapshots/0fc06c8f2b79a83bd8bcf135b24fcd02ef1bd928/app/canvaskit/chromium/canvaskit.js
2026-10-09T00:15:42.7971641Z ./snapshots/0fc06c8f2b79a83bd8bcf135b24fcd02ef1bd928/app/canvaskit/chromium/canvaskit.wasm
2026-10-09T00:15:42.8000543Z ./snapshots/0fc06c8f2b79a83bd8bcf135b24fcd02ef1bd928/app/canvaskit/chromium/canvaskit.js.symbols
2026-10-09T00:15:42.8007301Z ./snapshots/0fc06c8f2b79a83bd8bcf135b24fcd02ef1bd928/app/canvaskit/skwasm_heavy.js.symbols
2026-10-09T00:15:42.8016484Z ./snapshots/0fc06c8f2b79a83bd8bcf135b24fcd02ef1bd928/app/canvaskit/canvaskit.js
2026-10-09T00:15:42.8017324Z ./snapshots/0fc06c8f2b79a83bd8bcf135b24fcd02ef1bd928/app/canvaskit/skwasm.js
2026-10-09T00:15:42.8018179Z ./snapshots/0fc06c8f2b79a83bd8bcf135b24fcd02ef1bd928/app/canvaskit/canvaskit.wasm
2026-10-09T00:15:42.8054038Z ./snapshots/0fc06c8f2b79a83bd8bcf135b24fcd02ef1bd928/app/canvaskit/skwasm.wasm
2026-10-09T00:15:42.8073550Z ./snapshots/0fc06c8f2b79a83bd8bcf135b24fcd02ef1bd928/app/canvaskit/skwasm.js.symbols
2026-10-09T00:15:42.8082149Z ./snapshots/0fc06c8f2b79a83bd8bcf135b24fcd02ef1bd928/app/canvaskit/skwasm_heavy.wasm
2026-10-09T00:15:42.8110086Z ./snapshots/0fc06c8f2b79a83bd8bcf135b24fcd02ef1bd928/app/canvaskit/canvaskit.js.symbols
2026-10-09T00:15:42.8118104Z ./snapshots/0fc06c8f2b79a83bd8bcf135b24fcd02ef1bd928/app/canvaskit/experimental_webparagraph/
2026-10-09T00:15:42.8119119Z ./snapshots/0fc06c8f2b79a83bd8bcf135b24fcd02ef1bd928/app/canvaskit/experimental_webparagraph/canvaskit.js
2026-10-09T00:15:42.8120135Z ./snapshots/0fc06c8f2b79a83bd8bcf135b24fcd02ef1bd928/app/canvaskit/experimental_webparagraph/canvaskit.wasm
2026-10-09T00:15:42.8141618Z ./snapshots/0fc06c8f2b79a83bd8bcf135b24fcd02ef1bd928/app/canvaskit/experimental_webparagraph/canvaskit.js.symbols
2026-10-09T00:15:42.8147605Z ./snapshots/0fc06c8f2b79a83bd8bcf135b24fcd02ef1bd928/app/canvaskit/wimp.js
2026-10-09T00:15:42.8148405Z ./snapshots/0fc06c8f2b79a83bd8bcf135b24fcd02ef1bd928/app/canvaskit/skwasm_heavy.js
2026-10-09T00:15:42.8149211Z ./snapshots/0fc06c8f2b79a83bd8bcf135b24fcd02ef1bd928/app/canvaskit/wimp.js.symbols
2026-10-09T00:15:42.8158944Z ./snapshots/0fc06c8f2b79a83bd8bcf135b24fcd02ef1bd928/metadata.json
2026-10-09T00:15:42.8159579Z ./snapshots/0fc06c8f2b79a83bd8bcf135b24fcd02ef1bd928/index.html
2026-10-09T00:15:42.8160127Z ./snapshots/0fc06c8f2b79a83bd8bcf135b24fcd02ef1bd928/files.json
2026-10-09T00:15:42.8160679Z ./snapshots/1cb8f3ef72a0d21c11cfa3b2c0d51f7c8c769935/
2026-10-09T00:15:42.8161187Z ./snapshots/1cb8f3ef72a0d21c11cfa3b2c0d51f7c8c769935/app/
2026-10-09T00:15:42.8161755Z ./snapshots/1cb8f3ef72a0d21c11cfa3b2c0d51f7c8c769935/app/manifest.json
2026-10-09T00:15:42.8162338Z ./snapshots/1cb8f3ef72a0d21c11cfa3b2c0d51f7c8c769935/app/icons/
2026-10-09T00:15:42.8163270Z ./snapshots/1cb8f3ef72a0d21c11cfa3b2c0d51f7c8c769935/app/icons/Icon-512.png
2026-10-09T00:15:42.8164066Z ./snapshots/1cb8f3ef72a0d21c11cfa3b2c0d51f7c8c769935/app/icons/Icon-192.png
2026-10-09T00:15:42.8164872Z ./snapshots/1cb8f3ef72a0d21c11cfa3b2c0d51f7c8c769935/app/icons/Icon-maskable-192.png
2026-10-09T00:15:42.8165817Z ./snapshots/1cb8f3ef72a0d21c11cfa3b2c0d51f7c8c769935/app/icons/Icon-maskable-512.png
2026-10-09T00:15:42.8166662Z ./snapshots/1cb8f3ef72a0d21c11cfa3b2c0d51f7c8c769935/app/flutter_bootstrap.js
2026-10-09T00:15:42.8167528Z ./snapshots/1cb8f3ef72a0d21c11cfa3b2c0d51f7c8c769935/app/assets/
2026-10-09T00:15:42.8168514Z ./snapshots/1cb8f3ef72a0d21c11cfa3b2c0d51f7c8c769935/app/assets/AssetManifest.bin.json
2026-10-09T00:15:42.8169277Z ./snapshots/1cb8f3ef72a0d21c11cfa3b2c0d51f7c8c769935/app/assets/NOTICES
2026-10-09T00:15:42.8170204Z ./snapshots/1cb8f3ef72a0d21c11cfa3b2c0d51f7c8c769935/app/assets/shorebird.yaml
2026-10-09T00:15:42.8171070Z ./snapshots/1cb8f3ef72a0d21c11cfa3b2c0d51f7c8c769935/app/assets/AssetManifest.bin
2026-10-09T00:15:42.8171875Z ./snapshots/1cb8f3ef72a0d21c11cfa3b2c0d51f7c8c769935/app/assets/packages/
2026-10-09T00:15:42.8172686Z ./snapshots/1cb8f3ef72a0d21c11cfa3b2c0d51f7c8c769935/app/assets/packages/cupertino_icons/
2026-10-09T00:15:42.8173638Z ./snapshots/1cb8f3ef72a0d21c11cfa3b2c0d51f7c8c769935/app/assets/packages/cupertino_icons/assets/
2026-10-09T00:15:42.8174755Z ./snapshots/1cb8f3ef72a0d21c11cfa3b2c0d51f7c8c769935/app/assets/packages/cupertino_icons/assets/CupertinoIcons.ttf
2026-10-09T00:15:42.8175718Z ./snapshots/1cb8f3ef72a0d21c11cfa3b2c0d51f7c8c769935/app/assets/FontManifest.json
2026-10-09T00:15:42.8176557Z ./snapshots/1cb8f3ef72a0d21c11cfa3b2c0d51f7c8c769935/app/assets/shaders/
2026-10-09T00:15:42.8177538Z ./snapshots/1cb8f3ef72a0d21c11cfa3b2c0d51f7c8c769935/app/assets/shaders/ink_sparkle.frag
2026-10-09T00:15:42.8178502Z ./snapshots/1cb8f3ef72a0d21c11cfa3b2c0d51f7c8c769935/app/assets/shaders/stretch_effect.frag
2026-10-09T00:15:42.8179453Z ./snapshots/1cb8f3ef72a0d21c11cfa3b2c0d51f7c8c769935/app/assets/fonts/
2026-10-09T00:15:42.8180269Z ./snapshots/1cb8f3ef72a0d21c11cfa3b2c0d51f7c8c769935/app/assets/fonts/MaterialIcons-Regular.otf
2026-10-09T00:15:42.8181188Z ./snapshots/1cb8f3ef72a0d21c11cfa3b2c0d51f7c8c769935/app/index.html
2026-10-09T00:15:42.8181890Z ./snapshots/1cb8f3ef72a0d21c11cfa3b2c0d51f7c8c769935/app/version.json
2026-10-09T00:15:42.8182705Z ./snapshots/1cb8f3ef72a0d21c11cfa3b2c0d51f7c8c769935/app/flutter_service_worker.js
2026-10-09T00:15:42.8183512Z ./snapshots/1cb8f3ef72a0d21c11cfa3b2c0d51f7c8c769935/app/flutter.js
2026-10-09T00:15:42.8184224Z ./snapshots/1cb8f3ef72a0d21c11cfa3b2c0d51f7c8c769935/app/favicon.png
2026-10-09T00:15:42.8184963Z ./snapshots/1cb8f3ef72a0d21c11cfa3b2c0d51f7c8c769935/app/main.dart.js
2026-10-09T00:15:42.8186207Z ./snapshots/1cb8f3ef72a0d21c11cfa3b2c0d51f7c8c769935/app/canvaskit/
2026-10-09T00:15:42.8187055Z ./snapshots/1cb8f3ef72a0d21c11cfa3b2c0d51f7c8c769935/app/canvaskit/wimp.wasm
2026-10-09T00:15:42.8205115Z ./snapshots/1cb8f3ef72a0d21c11cfa3b2c0d51f7c8c769935/app/canvaskit/chromium/
2026-10-09T00:15:42.8206071Z ./snapshots/1cb8f3ef72a0d21c11cfa3b2c0d51f7c8c769935/app/canvaskit/chromium/canvaskit.js
2026-10-09T00:15:42.8207102Z ./snapshots/1cb8f3ef72a0d21c11cfa3b2c0d51f7c8c769935/app/canvaskit/chromium/canvaskit.wasm
2026-10-09T00:15:42.8237343Z ./snapshots/1cb8f3ef72a0d21c11cfa3b2c0d51f7c8c769935/app/canvaskit/chromium/canvaskit.js.symbols
2026-10-09T00:15:42.8244316Z ./snapshots/1cb8f3ef72a0d21c11cfa3b2c0d51f7c8c769935/app/canvaskit/skwasm_heavy.js.symbols
2026-10-09T00:15:42.8254193Z ./snapshots/1cb8f3ef72a0d21c11cfa3b2c0d51f7c8c769935/app/canvaskit/canvaskit.js
2026-10-09T00:15:42.8255181Z ./snapshots/1cb8f3ef72a0d21c11cfa3b2c0d51f7c8c769935/app/canvaskit/skwasm.js
2026-10-09T00:15:42.8256041Z ./snapshots/1cb8f3ef72a0d21c11cfa3b2c0d51f7c8c769935/app/canvaskit/canvaskit.wasm
2026-10-09T00:15:42.8293385Z ./snapshots/1cb8f3ef72a0d21c11cfa3b2c0d51f7c8c769935/app/canvaskit/skwasm.wasm
2026-10-09T00:15:42.8311583Z ./snapshots/1cb8f3ef72a0d21c11cfa3b2c0d51f7c8c769935/app/canvaskit/skwasm.js.symbols
2026-10-09T00:15:42.8320528Z ./snapshots/1cb8f3ef72a0d21c11cfa3b2c0d51f7c8c769935/app/canvaskit/skwasm_heavy.wasm
2026-10-09T00:15:42.8348637Z ./snapshots/1cb8f3ef72a0d21c11cfa3b2c0d51f7c8c769935/app/canvaskit/canvaskit.js.symbols
2026-10-09T00:15:42.8356460Z ./snapshots/1cb8f3ef72a0d21c11cfa3b2c0d51f7c8c769935/app/canvaskit/experimental_webparagraph/
2026-10-09T00:15:42.8357779Z ./snapshots/1cb8f3ef72a0d21c11cfa3b2c0d51f7c8c769935/app/canvaskit/experimental_webparagraph/canvaskit.js
2026-10-09T00:15:42.8358952Z ./snapshots/1cb8f3ef72a0d21c11cfa3b2c0d51f7c8c769935/app/canvaskit/experimental_webparagraph/canvaskit.wasm
2026-10-09T00:15:42.8379306Z ./snapshots/1cb8f3ef72a0d21c11cfa3b2c0d51f7c8c769935/app/canvaskit/experimental_webparagraph/canvaskit.js.symbols
2026-10-09T00:15:42.8384935Z ./snapshots/1cb8f3ef72a0d21c11cfa3b2c0d51f7c8c769935/app/canvaskit/wimp.js
2026-10-09T00:15:42.8385966Z ./snapshots/1cb8f3ef72a0d21c11cfa3b2c0d51f7c8c769935/app/canvaskit/skwasm_heavy.js
2026-10-09T00:15:42.8386903Z ./snapshots/1cb8f3ef72a0d21c11cfa3b2c0d51f7c8c769935/app/canvaskit/wimp.js.symbols
2026-10-09T00:15:42.8395796Z ./snapshots/1cb8f3ef72a0d21c11cfa3b2c0d51f7c8c769935/metadata.json
2026-10-09T00:15:42.8396560Z ./snapshots/1cb8f3ef72a0d21c11cfa3b2c0d51f7c8c769935/index.html
2026-10-09T00:15:42.8397408Z ./snapshots/1cb8f3ef72a0d21c11cfa3b2c0d51f7c8c769935/files.json
2026-10-09T00:15:42.8398113Z ./snapshots/989fe3443ad16df0c67ff0068d6efb3f458c8ace/
2026-10-09T00:15:42.8398796Z ./snapshots/989fe3443ad16df0c67ff0068d6efb3f458c8ace/app/
2026-10-09T00:15:42.8399488Z ./snapshots/989fe3443ad16df0c67ff0068d6efb3f458c8ace/app/manifest.json
2026-10-09T00:15:42.8400332Z ./snapshots/989fe3443ad16df0c67ff0068d6efb3f458c8ace/app/icons/
2026-10-09T00:15:42.8401148Z ./snapshots/989fe3443ad16df0c67ff0068d6efb3f458c8ace/app/icons/Icon-512.png
2026-10-09T00:15:42.8401959Z ./snapshots/989fe3443ad16df0c67ff0068d6efb3f458c8ace/app/icons/Icon-192.png
2026-10-09T00:15:42.8403056Z ./snapshots/989fe3443ad16df0c67ff0068d6efb3f458c8ace/app/icons/Icon-maskable-192.png
2026-10-09T00:15:42.8404038Z ./snapshots/989fe3443ad16df0c67ff0068d6efb3f458c8ace/app/icons/Icon-maskable-512.png
2026-10-09T00:15:42.8404981Z ./snapshots/989fe3443ad16df0c67ff0068d6efb3f458c8ace/app/flutter_bootstrap.js
2026-10-09T00:15:42.8405801Z ./snapshots/989fe3443ad16df0c67ff0068d6efb3f458c8ace/app/assets/
2026-10-09T00:15:42.8406669Z ./snapshots/989fe3443ad16df0c67ff0068d6efb3f458c8ace/app/assets/AssetManifest.bin.json
2026-10-09T00:15:42.8407661Z ./snapshots/989fe3443ad16df0c67ff0068d6efb3f458c8ace/app/assets/NOTICES
2026-10-09T00:15:42.8408506Z ./snapshots/989fe3443ad16df0c67ff0068d6efb3f458c8ace/app/assets/shorebird.yaml
2026-10-09T00:15:42.8409489Z ./snapshots/989fe3443ad16df0c67ff0068d6efb3f458c8ace/app/assets/AssetManifest.bin
2026-10-09T00:15:42.8410325Z ./snapshots/989fe3443ad16df0c67ff0068d6efb3f458c8ace/app/assets/packages/
2026-10-09T00:15:42.8411253Z ./snapshots/989fe3443ad16df0c67ff0068d6efb3f458c8ace/app/assets/packages/cupertino_icons/
2026-10-09T00:15:42.8412256Z ./snapshots/989fe3443ad16df0c67ff0068d6efb3f458c8ace/app/assets/packages/cupertino_icons/assets/
2026-10-09T00:15:42.8413399Z ./snapshots/989fe3443ad16df0c67ff0068d6efb3f458c8ace/app/assets/packages/cupertino_icons/assets/CupertinoIcons.ttf
2026-10-09T00:15:42.8414526Z ./snapshots/989fe3443ad16df0c67ff0068d6efb3f458c8ace/app/assets/FontManifest.json
2026-10-09T00:15:42.8415355Z ./snapshots/989fe3443ad16df0c67ff0068d6efb3f458c8ace/app/assets/shaders/
2026-10-09T00:15:42.8416287Z ./snapshots/989fe3443ad16df0c67ff0068d6efb3f458c8ace/app/assets/shaders/ink_sparkle.frag
2026-10-09T00:15:42.8417470Z ./snapshots/989fe3443ad16df0c67ff0068d6efb3f458c8ace/app/assets/shaders/stretch_effect.frag
2026-10-09T00:15:42.8418356Z ./snapshots/989fe3443ad16df0c67ff0068d6efb3f458c8ace/app/assets/fonts/
2026-10-09T00:15:42.8419411Z ./snapshots/989fe3443ad16df0c67ff0068d6efb3f458c8ace/app/assets/fonts/MaterialIcons-Regular.otf
2026-10-09T00:15:42.8420328Z ./snapshots/989fe3443ad16df0c67ff0068d6efb3f458c8ace/app/index.html
2026-10-09T00:15:42.8421041Z ./snapshots/989fe3443ad16df0c67ff0068d6efb3f458c8ace/app/version.json
2026-10-09T00:15:42.8421789Z ./snapshots/989fe3443ad16df0c67ff0068d6efb3f458c8ace/app/flutter_service_worker.js
2026-10-09T00:15:42.8422617Z ./snapshots/989fe3443ad16df0c67ff0068d6efb3f458c8ace/app/flutter.js
2026-10-09T00:15:42.8423352Z ./snapshots/989fe3443ad16df0c67ff0068d6efb3f458c8ace/app/favicon.png
2026-10-09T00:15:42.8424036Z ./snapshots/989fe3443ad16df0c67ff0068d6efb3f458c8ace/app/main.dart.js
2026-10-09T00:15:42.8424950Z ./snapshots/989fe3443ad16df0c67ff0068d6efb3f458c8ace/app/canvaskit/
2026-10-09T00:15:42.8425802Z ./snapshots/989fe3443ad16df0c67ff0068d6efb3f458c8ace/app/canvaskit/wimp.wasm
2026-10-09T00:15:42.8444422Z ./snapshots/989fe3443ad16df0c67ff0068d6efb3f458c8ace/app/canvaskit/chromium/
2026-10-09T00:15:42.8445442Z ./snapshots/989fe3443ad16df0c67ff0068d6efb3f458c8ace/app/canvaskit/chromium/canvaskit.js
2026-10-09T00:15:42.8446638Z ./snapshots/989fe3443ad16df0c67ff0068d6efb3f458c8ace/app/canvaskit/chromium/canvaskit.wasm
2026-10-09T00:15:42.8477108Z ./snapshots/989fe3443ad16df0c67ff0068d6efb3f458c8ace/app/canvaskit/chromium/canvaskit.js.symbols
2026-10-09T00:15:42.8484699Z ./snapshots/989fe3443ad16df0c67ff0068d6efb3f458c8ace/app/canvaskit/skwasm_heavy.js.symbols
2026-10-09T00:15:42.8493809Z ./snapshots/989fe3443ad16df0c67ff0068d6efb3f458c8ace/app/canvaskit/canvaskit.js
2026-10-09T00:15:42.8494897Z ./snapshots/989fe3443ad16df0c67ff0068d6efb3f458c8ace/app/canvaskit/skwasm.js
2026-10-09T00:15:42.8495828Z ./snapshots/989fe3443ad16df0c67ff0068d6efb3f458c8ace/app/canvaskit/canvaskit.wasm
2026-10-09T00:15:42.8532911Z ./snapshots/989fe3443ad16df0c67ff0068d6efb3f458c8ace/app/canvaskit/skwasm.wasm
2026-10-09T00:15:42.8551616Z ./snapshots/989fe3443ad16df0c67ff0068d6efb3f458c8ace/app/canvaskit/skwasm.js.symbols
2026-10-09T00:15:42.8560417Z ./snapshots/989fe3443ad16df0c67ff0068d6efb3f458c8ace/app/canvaskit/skwasm_heavy.wasm
2026-10-09T00:15:42.8587583Z ./snapshots/989fe3443ad16df0c67ff0068d6efb3f458c8ace/app/canvaskit/canvaskit.js.symbols
2026-10-09T00:15:42.8594672Z ./snapshots/989fe3443ad16df0c67ff0068d6efb3f458c8ace/app/canvaskit/experimental_webparagraph/
2026-10-09T00:15:42.8595911Z ./snapshots/989fe3443ad16df0c67ff0068d6efb3f458c8ace/app/canvaskit/experimental_webparagraph/canvaskit.js
2026-10-09T00:15:42.8597069Z ./snapshots/989fe3443ad16df0c67ff0068d6efb3f458c8ace/app/canvaskit/experimental_webparagraph/canvaskit.wasm
2026-10-09T00:15:42.8617827Z ./snapshots/989fe3443ad16df0c67ff0068d6efb3f458c8ace/app/canvaskit/experimental_webparagraph/canvaskit.js.symbols
2026-10-09T00:15:42.8622869Z ./snapshots/989fe3443ad16df0c67ff0068d6efb3f458c8ace/app/canvaskit/wimp.js
2026-10-09T00:15:42.8623857Z ./snapshots/989fe3443ad16df0c67ff0068d6efb3f458c8ace/app/canvaskit/skwasm_heavy.js
2026-10-09T00:15:42.8624876Z ./snapshots/989fe3443ad16df0c67ff0068d6efb3f458c8ace/app/canvaskit/wimp.js.symbols
2026-10-09T00:15:42.8634294Z ./snapshots/989fe3443ad16df0c67ff0068d6efb3f458c8ace/metadata.json
2026-10-09T00:15:42.8635255Z ./snapshots/989fe3443ad16df0c67ff0068d6efb3f458c8ace/index.html
2026-10-09T00:15:42.8636039Z ./snapshots/989fe3443ad16df0c67ff0068d6efb3f458c8ace/files.json
2026-10-09T00:15:42.8637789Z ##[endgroup]
2026-10-09T00:15:42.8649974Z ##[end-action id=__actions_upload-pages-artifact.__run;outcome=success;conclusion=success;duration_ms=258]
2026-10-09T00:15:42.8654175Z ##[start-action display=Archive artifact;id=__actions_upload-pages-artifact.__run_2]
2026-10-09T00:15:42.8660494Z ##[end-action id=__actions_upload-pages-artifact.__run_2;outcome=skipped;conclusion=skipped;duration_ms=0]
2026-10-09T00:15:42.8663522Z ##[start-action display=Archive artifact;id=__actions_upload-pages-artifact.__run_3]
2026-10-09T00:15:42.8668126Z ##[end-action id=__actions_upload-pages-artifact.__run_3;outcome=skipped;conclusion=skipped;duration_ms=0]
2026-10-09T00:15:42.8670297Z ##[start-action display=Upload artifact;id=__actions_upload-pages-artifact.upload-artifact]
2026-10-09T00:15:42.8708104Z ##[group]Run actions/upload-artifact@ea165f8d65b6e75b540449e92b4886f43607fa02
2026-10-09T00:15:42.8708561Z with:
2026-10-09T00:15:42.8708859Z   name: github-pages
2026-10-09T00:15:42.8709196Z   path: /home/runner/work/_temp/artifact.tar
2026-10-09T00:15:42.8709596Z   retention-days: 1
2026-10-09T00:15:42.8709891Z   if-no-files-found: error
2026-10-09T00:15:42.8710203Z   compression-level: 6
2026-10-09T00:15:42.8710539Z   overwrite: false
2026-10-09T00:15:42.8710815Z   include-hidden-files: false
2026-10-09T00:15:42.8711177Z ##[endgroup]
2026-10-09T00:15:43.0269373Z (node:2310) [DEP0040] DeprecationWarning: The `punycode` module is deprecated. Please use a userland alternative instead.
2026-10-09T00:15:43.0270427Z (Use `node --trace-deprecation ...` to show where the warning was created)
2026-10-09T00:15:43.0328763Z With the provided path, there will be 1 file uploaded
2026-10-09T00:15:43.0388109Z Artifact name is valid!
2026-10-09T00:15:43.0418471Z Root directory input is valid!
2026-10-09T00:15:43.3800806Z Beginning upload of artifact content to blob storage
2026-10-09T00:15:44.1457131Z (node:2310) [DEP0169] DeprecationWarning: `url.parse()` behavior is not standardized and prone to errors that have security implications. Use the WHATWG URL API instead. CVEs are not issued for `url.parse()` vulnerabilities.
2026-10-09T00:15:44.9065670Z Uploaded bytes 8388608
2026-10-09T00:15:45.6408879Z Uploaded bytes 16777216
2026-10-09T00:15:45.9439057Z Uploaded bytes 25165824
2026-10-09T00:15:46.6272410Z Uploaded bytes 33554432
2026-10-09T00:15:47.3057075Z Uploaded bytes 41943040
2026-10-09T00:15:47.9849753Z Uploaded bytes 50331648
2026-10-09T00:15:48.7135316Z Uploaded bytes 58720256
2026-10-09T00:15:49.4905530Z Uploaded bytes 67108864
2026-10-09T00:15:50.1831051Z Uploaded bytes 75497472
2026-10-09T00:15:50.8936293Z Uploaded bytes 83886080
2026-10-09T00:15:51.6793541Z Uploaded bytes 92274688
2026-10-09T00:15:52.5259421Z Uploaded bytes 100663296
2026-10-09T00:15:53.3464472Z Uploaded bytes 109051904
2026-10-09T00:15:54.0724353Z Uploaded bytes 117440512
2026-10-09T00:15:54.8349449Z Uploaded bytes 125829120
2026-10-09T00:15:55.6084492Z Uploaded bytes 134217728
2026-10-09T00:15:56.2805463Z Uploaded bytes 142606336
2026-10-09T00:15:57.0578946Z Uploaded bytes 150994944
2026-10-09T00:15:57.4092746Z Uploaded bytes 155471710
2026-10-09T00:15:57.4679579Z Finished uploading artifact content to blob storage!
2026-10-09T00:15:57.4681921Z SHA256 digest of uploaded artifact zip is e3a5149b312df1cae93c850affc57f451c0838a979e82d8712329ca4b015883c
2026-10-09T00:15:57.4684049Z Finalizing artifact upload
2026-10-09T00:15:57.8504789Z Artifact github-pages.zip successfully finalized. Artifact ID 11587885279
2026-10-09T00:15:57.8505875Z Artifact github-pages has been successfully uploaded! Final size is 155471710 bytes. Artifact ID is 11587885279
2026-10-09T00:15:57.8513794Z Artifact download URL: https://github.com/israelhudson/flutter_code_push_example/actions/runs/37863610149/artifacts/11587885279
2026-10-09T00:15:57.8617814Z ##[end-action id=__actions_upload-pages-artifact.upload-artifact;outcome=success;conclusion=success;duration_ms=14994]
2026-10-09T00:15:57.9674753Z ##[group]Run actions/deploy-pages@d6db90164ac5ed86f2b6aed7e0febac5b3c0c03e
2026-10-09T00:15:57.9675225Z with:
2026-10-09T00:15:57.9677847Z   token: ***
2026-10-09T00:15:57.9678204Z   timeout: 600000
2026-10-09T00:15:57.9678510Z   error_count: 10
2026-10-09T00:15:57.9678812Z   reporting_interval: 5000
2026-10-09T00:15:57.9679172Z   artifact_name: github-pages
2026-10-09T00:15:57.9679487Z   preview: false
2026-10-09T00:15:57.9679819Z ##[endgroup]
2026-10-09T00:15:58.1373073Z (node:2324) [DEP0040] DeprecationWarning: The `punycode` module is deprecated. Please use a userland alternative instead.
2026-10-09T00:15:58.1374000Z (Use `node --trace-deprecation ...` to show where the warning was created)
2026-10-09T00:15:58.3376967Z Fetching artifact metadata for "github-pages" in this workflow run
2026-10-09T00:15:58.5480656Z Found 4 artifact(s)
2026-10-09T00:15:58.5493699Z Creating Pages deployment with payload:
2026-10-09T00:15:58.5494423Z {
2026-10-09T00:15:58.5495087Z 	"artifact_id": 11587885279,
2026-10-09T00:15:58.5495764Z 	"pages_build_version": "1cb8f3ef72a0d21c11cfa3b2c0d51f7c8c769935",
2026-10-09T00:15:58.5568683Z 	"oidc_token": "***"
2026-10-09T00:15:58.5569408Z }
2026-10-09T00:15:59.4573001Z Created deployment for 1cb8f3ef72a0d21c11cfa3b2c0d51f7c8c769935, ID: 1cb8f3ef72a0d21c11cfa3b2c0d51f7c8c769935
2026-10-09T00:16:04.4598355Z Getting Pages deployment status...
2026-10-09T00:16:04.7934844Z Current status: deployment_in_progress
2026-10-09T00:16:09.7937997Z Getting Pages deployment status...
2026-10-09T00:16:10.0821360Z Current status: updating_pages
2026-10-09T00:16:15.0836330Z Getting Pages deployment status...
2026-10-09T00:16:15.3400518Z Reported success!
2026-10-09T00:16:15.3535172Z ##[group]Run python3 - <<'PY'
2026-10-09T00:16:15.3535802Z python3 - <<'PY'
2026-10-09T00:16:15.3536319Z import json, os, re
2026-10-09T00:16:15.3536805Z from pathlib import Path
2026-10-09T00:16:15.3537933Z metadata = json.loads(Path(os.environ['RUNNER_TEMP'], 'release-lab', 'preview-metadata.json').read_text())
2026-10-09T00:16:15.3538906Z keys = ('web_content_sha256', 'snapshot_manifest_sha256')
2026-10-09T00:16:15.3539995Z if metadata['source_sha'] != os.environ['SOURCE_SHA'] or any(not re.fullmatch(r'[0-9a-f]{64}', metadata[key]) for key in keys):
2026-10-09T00:16:15.3541146Z     raise ValueError('Metadata não corresponde à fonte congelada.')
2026-10-09T00:16:15.3541919Z with open(os.environ['GITHUB_OUTPUT'], 'a') as output:
2026-10-09T00:16:15.3542617Z     for key in keys:
2026-10-09T00:16:15.3543229Z         output.write(key + '=' + metadata[key] + '\n')
2026-10-09T00:16:15.3543966Z PY
2026-10-09T00:16:15.3600679Z shell: /usr/bin/bash -e {0}
2026-10-09T00:16:15.3601266Z env:
2026-10-09T00:16:15.3601904Z   SOURCE_SHA: 1cb8f3ef72a0d21c11cfa3b2c0d51f7c8c769935
2026-10-09T00:16:15.3602517Z ##[endgroup]
2026-10-09T00:16:15.3977500Z ##[group]Run python3 trusted/deploy/pages_smoke.py --source-sha "$SOURCE_SHA" --expected-web-content-sha256 "$WEB_CONTENT_SHA256" --expected-snapshot-manifest-sha256 "$SNAPSHOT_MANIFEST_SHA256" --output "$RUNNER_TEMP/pages-smoke.json"
2026-10-09T00:16:15.3980116Z python3 trusted/deploy/pages_smoke.py --source-sha "$SOURCE_SHA" --expected-web-content-sha256 "$WEB_CONTENT_SHA256" --expected-snapshot-manifest-sha256 "$SNAPSHOT_MANIFEST_SHA256" --output "$RUNNER_TEMP/pages-smoke.json"
2026-10-09T00:16:15.4031893Z shell: /usr/bin/bash -e {0}
2026-10-09T00:16:15.4032517Z env:
2026-10-09T00:16:15.4033099Z   SOURCE_SHA: 1cb8f3ef72a0d21c11cfa3b2c0d51f7c8c769935
2026-10-09T00:16:15.4033943Z   WEB_CONTENT_SHA256: a53a0efc203a5f74db3534b5e3115ad182895275b3a456df40fa04a061b38c8a
2026-10-09T00:16:15.4034959Z   SNAPSHOT_MANIFEST_SHA256: 6a948e9abc550424d948f3a4f7e871a6537665ca0edd055ad9ef0864bc34db1b
2026-10-09T00:16:15.4035782Z ##[endgroup]
2026-10-09T00:16:16.3700568Z {
2026-10-09T00:16:16.3701235Z   "success": true,
2026-10-09T00:16:16.3701842Z   "source_sha": "1cb8f3ef72a0d21c11cfa3b2c0d51f7c8c769935",
2026-10-09T00:16:16.3702496Z   "web_content_sha256": "a53a0efc203a5f74db3534b5e3115ad182895275b3a456df40fa04a061b38c8a",
2026-10-09T00:16:16.3703180Z   "snapshot_manifest_sha256": "6a948e9abc550424d948f3a4f7e871a6537665ca0edd055ad9ef0864bc34db1b",
2026-10-09T00:16:16.3703995Z   "snapshot_url": "https://israelhudson.github.io/flutter_code_push_example/snapshots/1cb8f3ef72a0d21c11cfa3b2c0d51f7c8c769935/",
2026-10-09T00:16:16.3704601Z   "verified_files": [
2026-10-09T00:16:16.3704932Z     "files.json",
2026-10-09T00:16:16.3705268Z     "metadata.json",
2026-10-09T00:16:16.3705590Z     "index.html",
2026-10-09T00:16:16.3705879Z     "app/index.html",
2026-10-09T00:16:16.3706221Z     "app/flutter_bootstrap.js",
2026-10-09T00:16:16.3706554Z     "app/main.dart.js"
2026-10-09T00:16:16.3706856Z   ],
2026-10-09T00:16:16.3707392Z   "attempts": 1
2026-10-09T00:16:16.3707741Z }
2026-10-09T00:16:16.3852959Z ##[group]Run python3 trusted/tools/delivery/release_lab.py report --candidate-tag "$CANDIDATE_TAG" --preview-report "$RUNNER_TEMP/pages-smoke.json" --preview-metadata "$RUNNER_TEMP/release-lab/preview-metadata.json" --output "$RUNNER_TEMP/release-lab"
2026-10-09T00:16:16.3855313Z python3 trusted/tools/delivery/release_lab.py report --candidate-tag "$CANDIDATE_TAG" --preview-report "$RUNNER_TEMP/pages-smoke.json" --preview-metadata "$RUNNER_TEMP/release-lab/preview-metadata.json" --output "$RUNNER_TEMP/release-lab"
2026-10-09T00:16:16.3910611Z shell: /usr/bin/bash -e {0}
2026-10-09T00:16:16.3911428Z env:
2026-10-09T00:16:16.3916034Z   GH_TOKEN: ***
2026-10-09T00:16:16.3916481Z   CANDIDATE_TAG: v1.6.0-rc.1
2026-10-09T00:16:16.3917029Z ##[endgroup]
2026-10-09T00:16:21.4106244Z {"report_digest": "1ac71795e140ada599233af0132c8631d62a5f6c0a8a1975d52b5172d46c3469", "report_url": "https://github.com/israelhudson/flutter_code_push_example/actions/runs/37863610149", "preview_url": "https://israelhudson.github.io/flutter_code_push_example/snapshots/1cb8f3ef72a0d21c11cfa3b2c0d51f7c8c769935/"}
2026-10-09T00:16:21.4233753Z ##[group]Run actions/upload-artifact@ea165f8d65b6e75b540449e92b4886f43607fa02
2026-10-09T00:16:21.4234231Z with:
2026-10-09T00:16:21.4234516Z   name: release-lab-evaluation
2026-10-09T00:16:21.4235008Z   path: /home/runner/work/_temp/release-lab/
/home/runner/work/_temp/pages-smoke.json

2026-10-09T00:16:21.4235529Z   if-no-files-found: ignore
2026-10-09T00:16:21.4235858Z   retention-days: 90
2026-10-09T00:16:21.4236180Z   overwrite: false
2026-10-09T00:16:21.4236465Z   compression-level: 6
2026-10-09T00:16:21.4236840Z   include-hidden-files: false
2026-10-09T00:16:21.4237141Z ##[endgroup]
2026-10-09T00:16:21.5793083Z (node:2415) [DEP0040] DeprecationWarning: The `punycode` module is deprecated. Please use a userland alternative instead.
2026-10-09T00:16:21.5793861Z (Use `node --trace-deprecation ...` to show where the warning was created)
2026-10-09T00:16:21.5848901Z Multiple search paths detected. Calculating the least common ancestor of all paths
2026-10-09T00:16:21.5851287Z The least common ancestor is /home/runner/work/_temp. This will be the root directory of the artifact
2026-10-09T00:16:21.5852342Z With the provided path, there will be 4 files uploaded
2026-10-09T00:16:21.5856273Z Artifact name is valid!
2026-10-09T00:16:21.5857058Z Root directory input is valid!
2026-10-09T00:16:21.9090447Z Beginning upload of artifact content to blob storage
2026-10-09T00:16:21.9291646Z (node:2415) [DEP0169] DeprecationWarning: `url.parse()` behavior is not standardized and prone to errors that have security implications. Use the WHATWG URL API instead. CVEs are not issued for `url.parse()` vulnerabilities.
2026-10-09T00:16:22.1513224Z Uploaded bytes 3565
2026-10-09T00:16:22.2094651Z Finished uploading artifact content to blob storage!
2026-10-09T00:16:22.2095991Z SHA256 digest of uploaded artifact zip is a67d47330c9f07ec5b60efba9f70beedf439a3d56820f74bc94c6a593b184ae2
2026-10-09T00:16:22.2096940Z Finalizing artifact upload
2026-10-09T00:16:22.4753575Z Artifact release-lab-evaluation.zip successfully finalized. Artifact ID 11587203192
2026-10-09T00:16:22.4755092Z Artifact release-lab-evaluation has been successfully uploaded! Final size is 3565 bytes. Artifact ID is 11587203192
2026-10-09T00:16:22.4761020Z Artifact download URL: https://github.com/israelhudson/flutter_code_push_example/actions/runs/37863610149/artifacts/11587203192
2026-10-09T00:16:22.4923332Z Post job cleanup.
2026-10-09T00:16:22.5742320Z [command]/usr/bin/git version
2026-10-09T00:16:22.5779982Z git version 2.55.0
2026-10-09T00:16:22.5811551Z Temporarily overriding HOME='/home/runner/work/_temp/c8828a77-2a6b-45f8-acd9-4172d003a43b' before making global git config changes
2026-10-09T00:16:22.5812925Z Adding repository directory to the temporary git global config as a safe directory
2026-10-09T00:16:22.5817099Z [command]/usr/bin/git config --global --add safe.directory /home/runner/work/flutter_code_push_example/flutter_code_push_example/trusted
2026-10-09T00:16:22.5849755Z [command]/usr/bin/git config --local --name-only --get-regexp core\.sshCommand
2026-10-09T00:16:22.5879124Z [command]/usr/bin/git submodule foreach --recursive sh -c "git config --local --name-only --get-regexp 'core\.sshCommand' && git config --local --unset-all 'core.sshCommand' || :"
2026-10-09T00:16:22.6079266Z [command]/usr/bin/git config --local --name-only --get-regexp http\.https\:\/\/github\.com\/\.extraheader
2026-10-09T00:16:22.6108033Z [command]/usr/bin/git submodule foreach --recursive sh -c "git config --local --name-only --get-regexp 'http\.https\:\/\/github\.com\/\.extraheader' && git config --local --unset-all 'http.https://github.com/.extraheader' || :"
2026-10-09T00:16:22.6300988Z [command]/usr/bin/git config --local --name-only --get-regexp ^includeIf\.gitdir:
2026-10-09T00:16:22.6331235Z [command]/usr/bin/git submodule foreach --recursive git config --local --show-origin --name-only --get-regexp remote.origin.url
2026-10-09T00:16:22.6690861Z Evaluate and set job outputs
2026-10-09T00:16:22.6701907Z Set output 'report_digest'
2026-10-09T00:16:22.6704635Z Set output 'report_url'
2026-10-09T00:16:22.6706369Z Set output 'preview_url'
2026-10-09T00:16:22.6707510Z Evaluate and set environment url
2026-10-09T00:16:22.6712545Z Evaluated environment url: https://israelhudson.github.io/flutter_code_push_example/snapshots/1cb8f3ef72a0d21c11cfa3b2c0d51f7c8c769935/
2026-10-09T00:16:22.6714447Z Cleaning up orphan processes
2026-10-09T00:16:22.6929405Z ##[warning]Node.js 20 is deprecated. The following actions target Node.js 20 but are being forced to run on Node.js 24: actions/checkout@11d5960a326750d5838078e36cf38b85af677262, actions/deploy-pages@d6db90164ac5ed86f2b6aed7e0febac5b3c0c03e, actions/download-artifact@d3f86a106a0bac45b974a628896c90dbdf5c8093, actions/upload-artifact@ea165f8d65b6e75b540449e92b4886f43607fa02. For more information see: https://github.blog/changelog/2025-09-19-deprecation-of-node-20-on-github-actions-runners/
