2026-10-09T02:25:19.2313513Z Current runner version: '2.337.0'
2026-10-09T02:25:19.2332351Z ##[group]Runner Image Provisioner
2026-10-09T02:25:19.2332950Z Hosted Compute Agent
2026-10-09T02:25:19.2333304Z Version: 20261002.596
2026-10-09T02:25:19.2333677Z Commit: c3d12f3313a95f25162a1503be624f3b0617f8c0
2026-10-09T02:25:19.2334185Z Build Date: 2026-10-02T22:28:27Z
2026-10-09T02:25:19.2334634Z Worker ID: {4e2e06ce-70f9-4af4-9702-932eaed81997}
2026-10-09T02:25:19.2335096Z Region: centralus
2026-10-09T02:25:19.2335432Z Cloud: Azure
2026-10-09T02:25:19.2335752Z ##[endgroup]
2026-10-09T02:25:19.2336551Z ##[group]Operating System
2026-10-09T02:25:19.2337132Z Ubuntu
2026-10-09T02:25:19.2337487Z 24.04.5
2026-10-09T02:25:19.2337815Z LTS
2026-10-09T02:25:19.2338130Z ##[endgroup]
2026-10-09T02:25:19.2338501Z ##[group]Runner Image
2026-10-09T02:25:19.2338932Z Image: ubuntu-24.04
2026-10-09T02:25:19.2339304Z Version: 20261004.327.1
2026-10-09T02:25:19.2340075Z Included Software: https://github.com/actions/runner-images/blob/ubuntu24/20261004.327/images/ubuntu/Ubuntu2404-Readme.md
2026-10-09T02:25:19.2341050Z Image Release: https://github.com/actions/runner-images/releases/tag/ubuntu24%2F20261004.327
2026-10-09T02:25:19.2341629Z ##[endgroup]
2026-10-09T02:25:19.2342302Z ##[group]GITHUB_TOKEN Permissions
2026-10-09T02:25:19.2343485Z Contents: read
2026-10-09T02:25:19.2343871Z Metadata: read
2026-10-09T02:25:19.2344252Z ##[endgroup]
2026-10-09T02:25:19.2345615Z Secret source: Actions
2026-10-09T02:25:19.2346236Z Cache mode: write
2026-10-09T02:25:19.2346674Z Prepare workflow directory
2026-10-09T02:25:19.2558430Z Prepare all required actions
2026-10-09T02:25:19.2590082Z Getting action download info
2026-10-09T02:25:19.4691752Z Download action repository 'actions/checkout@3d3c42e5aac5ba805825da76410c181273ba90b1' (SHA:3d3c42e5aac5ba805825da76410c181273ba90b1)
2026-10-09T02:25:19.6268440Z Complete job name: Flutter analyze e test
2026-10-09T02:25:19.6702718Z ##[group]Run actions/checkout@3d3c42e5aac5ba805825da76410c181273ba90b1
2026-10-09T02:25:19.6703197Z with:
2026-10-09T02:25:19.6703464Z   ref: cf6d6fa90e228ec10cc6d0d7a204da756d784514
2026-10-09T02:25:19.6703772Z   path: trusted
2026-10-09T02:25:19.6704014Z   persist-credentials: false
2026-10-09T02:25:19.6704315Z   repository: israelhudson/flutter_code_push_example
2026-10-09T02:25:19.6706330Z   token: ***
2026-10-09T02:25:19.6706553Z   ssh-strict: true
2026-10-09T02:25:19.6706780Z   ssh-user: git
2026-10-09T02:25:19.6707138Z   clean: true
2026-10-09T02:25:19.6707375Z   sparse-checkout-cone-mode: true
2026-10-09T02:25:19.6707646Z   fetch-depth: 1
2026-10-09T02:25:19.6707874Z   fetch-tags: false
2026-10-09T02:25:19.6708110Z   show-progress: true
2026-10-09T02:25:19.6708343Z   lfs: false
2026-10-09T02:25:19.6708560Z   submodules: false
2026-10-09T02:25:19.6708797Z   set-safe-directory: true
2026-10-09T02:25:19.6709063Z   allow-unsafe-pr-checkout: false
2026-10-09T02:25:19.6709428Z ##[endgroup]
2026-10-09T02:25:19.7308780Z Syncing repository: israelhudson/flutter_code_push_example
2026-10-09T02:25:19.7310359Z ##[group]Getting Git version info
2026-10-09T02:25:19.7311130Z Working directory is '/home/runner/work/flutter_code_push_example/flutter_code_push_example/trusted'
2026-10-09T02:25:19.7312037Z [command]/usr/bin/git version
2026-10-09T02:25:19.7423747Z git version 2.55.0
2026-10-09T02:25:19.7437394Z ##[endgroup]
2026-10-09T02:25:19.7446073Z Temporarily overriding HOME='/home/runner/work/_temp/7832583b-aa35-42c0-bc97-5006ddec7832' before making global git config changes
2026-10-09T02:25:19.7447463Z Adding repository directory to the temporary git global config as a safe directory
2026-10-09T02:25:19.7450689Z [command]/usr/bin/git config --global --add safe.directory /home/runner/work/flutter_code_push_example/flutter_code_push_example/trusted
2026-10-09T02:25:19.7510921Z ##[group]Determining repository object format
2026-10-09T02:25:19.7512150Z ##[endgroup]
2026-10-09T02:25:19.7512798Z ##[group]Initializing the repository
2026-10-09T02:25:19.7525533Z [command]/usr/bin/git init /home/runner/work/flutter_code_push_example/flutter_code_push_example/trusted
2026-10-09T02:25:19.7636322Z hint: Using 'master' as the name for the initial branch. This default branch name
2026-10-09T02:25:19.7637429Z hint: will change to "main" in Git 3.0. To configure the initial branch name
2026-10-09T02:25:19.7638202Z hint: to use in all of your new repositories, which will suppress this warning,
2026-10-09T02:25:19.7638804Z hint: call:
2026-10-09T02:25:19.7639126Z hint:
2026-10-09T02:25:19.7639542Z hint: 	git config --global init.defaultBranch <name>
2026-10-09T02:25:19.7640026Z hint:
2026-10-09T02:25:19.7640472Z hint: Names commonly chosen instead of 'master' are 'main', 'trunk' and
2026-10-09T02:25:19.7640944Z hint: 'development'. The just-created branch can be renamed via this command:
2026-10-09T02:25:19.7641321Z hint:
2026-10-09T02:25:19.7641539Z hint: 	git branch -m <name>
2026-10-09T02:25:19.7641823Z hint:
2026-10-09T02:25:19.7642149Z hint: Disable this message with "git config set advice.defaultBranchName false"
2026-10-09T02:25:19.7642777Z Initialized empty Git repository in /home/runner/work/flutter_code_push_example/flutter_code_push_example/trusted/.git/
2026-10-09T02:25:19.7648967Z [command]/usr/bin/git remote add origin https://github.com/israelhudson/flutter_code_push_example
2026-10-09T02:25:19.7702718Z ##[endgroup]
2026-10-09T02:25:19.7703350Z ##[group]Disabling automatic garbage collection
2026-10-09T02:25:19.7705842Z [command]/usr/bin/git config --local gc.auto 0
2026-10-09T02:25:19.7756463Z ##[endgroup]
2026-10-09T02:25:19.7757381Z ##[group]Setting up auth
2026-10-09T02:25:19.7758078Z Removing SSH command configuration
2026-10-09T02:25:19.7761568Z [command]/usr/bin/git config --local --name-only --get-regexp core\.sshCommand
2026-10-09T02:25:19.7792470Z [command]/usr/bin/git submodule foreach --recursive sh -c "git config --local --name-only --get-regexp 'core\.sshCommand' && git config --local --unset-all 'core.sshCommand' || :"
2026-10-09T02:25:19.8095297Z Removing HTTP extra header
2026-10-09T02:25:19.8099286Z [command]/usr/bin/git config --local --name-only --get-regexp http\.https\:\/\/github\.com\/\.extraheader
2026-10-09T02:25:19.8125293Z [command]/usr/bin/git submodule foreach --recursive sh -c "git config --local --name-only --get-regexp 'http\.https\:\/\/github\.com\/\.extraheader' && git config --local --unset-all 'http.https://github.com/.extraheader' || :"
2026-10-09T02:25:19.8291342Z Removing includeIf entries pointing to credentials config files
2026-10-09T02:25:19.8295680Z [command]/usr/bin/git config --local --name-only --get-regexp ^includeIf\.gitdir:
2026-10-09T02:25:19.8330629Z [command]/usr/bin/git submodule foreach --recursive git config --local --show-origin --name-only --get-regexp remote.origin.url
2026-10-09T02:25:19.8505949Z [command]/usr/bin/git config --file /home/runner/work/_temp/git-credentials-70d486db-4614-4779-be00-e0782b78e160.config http.https://github.com/.extraheader AUTHORIZATION: basic ***
2026-10-09T02:25:19.8538277Z [command]/usr/bin/git config --local includeIf.gitdir:/home/runner/work/flutter_code_push_example/flutter_code_push_example/trusted/.git.path /home/runner/work/_temp/git-credentials-70d486db-4614-4779-be00-e0782b78e160.config
2026-10-09T02:25:19.8569369Z [command]/usr/bin/git config --local includeIf.gitdir:/home/runner/work/flutter_code_push_example/flutter_code_push_example/trusted/.git/worktrees/*.path /home/runner/work/_temp/git-credentials-70d486db-4614-4779-be00-e0782b78e160.config
2026-10-09T02:25:19.8600598Z [command]/usr/bin/git config --local includeIf.gitdir:/github/workspace/trusted/.git.path /github/runner_temp/git-credentials-70d486db-4614-4779-be00-e0782b78e160.config
2026-10-09T02:25:19.8628997Z [command]/usr/bin/git config --local includeIf.gitdir:/github/workspace/trusted/.git/worktrees/*.path /github/runner_temp/git-credentials-70d486db-4614-4779-be00-e0782b78e160.config
2026-10-09T02:25:19.8654505Z ##[endgroup]
2026-10-09T02:25:19.8655126Z ##[group]Fetching the repository
2026-10-09T02:25:19.8660083Z [command]/usr/bin/git -c protocol.version=2 fetch --no-tags --prune --no-recurse-submodules --depth=1 origin cf6d6fa90e228ec10cc6d0d7a204da756d784514
2026-10-09T02:25:20.5842613Z From https://github.com/israelhudson/flutter_code_push_example
2026-10-09T02:25:20.5843590Z  * branch            cf6d6fa90e228ec10cc6d0d7a204da756d784514 -> FETCH_HEAD
2026-10-09T02:25:20.5849272Z [command]/usr/bin/git rev-parse --verify --quiet cf6d6fa90e228ec10cc6d0d7a204da756d784514^{object}
2026-10-09T02:25:20.5873534Z cf6d6fa90e228ec10cc6d0d7a204da756d784514
2026-10-09T02:25:20.5876616Z ##[endgroup]
2026-10-09T02:25:20.5877460Z ##[group]Determining the checkout info
2026-10-09T02:25:20.5878201Z ##[endgroup]
2026-10-09T02:25:20.5880014Z [command]/usr/bin/git sparse-checkout disable
2026-10-09T02:25:20.5923263Z [command]/usr/bin/git config --local --unset-all extensions.worktreeConfig
2026-10-09T02:25:20.5950556Z ##[group]Checking out the ref
2026-10-09T02:25:20.5952818Z [command]/usr/bin/git checkout --progress --force cf6d6fa90e228ec10cc6d0d7a204da756d784514
2026-10-09T02:25:20.6250201Z Note: switching to 'cf6d6fa90e228ec10cc6d0d7a204da756d784514'.
2026-10-09T02:25:20.6250846Z 
2026-10-09T02:25:20.6251217Z You are in 'detached HEAD' state. You can look around, make experimental
2026-10-09T02:25:20.6252112Z changes and commit them, and you can discard any commits you make in this
2026-10-09T02:25:20.6253008Z state without impacting any branches by switching back to a branch.
2026-10-09T02:25:20.6253547Z 
2026-10-09T02:25:20.6253877Z If you want to create a new branch to retain commits you create, you may
2026-10-09T02:25:20.6254739Z do so (now or later) by using -c with the switch command. Example:
2026-10-09T02:25:20.6255245Z 
2026-10-09T02:25:20.6255441Z   git switch -c <new-branch-name>
2026-10-09T02:25:20.6255768Z 
2026-10-09T02:25:20.6255952Z Or undo this operation with:
2026-10-09T02:25:20.6256258Z 
2026-10-09T02:25:20.6256420Z   git switch -
2026-10-09T02:25:20.6257125Z 
2026-10-09T02:25:20.6257535Z Turn off this advice by setting config variable advice.detachedHead to false
2026-10-09T02:25:20.6258250Z 
2026-10-09T02:25:20.6258721Z HEAD is now at cf6d6fa Merge pull request #22 from israelhudson/release/1.8.0
2026-10-09T02:25:20.6267684Z ##[endgroup]
2026-10-09T02:25:20.6310763Z [command]/usr/bin/git log -1 --format=%H
2026-10-09T02:25:20.6335831Z cf6d6fa90e228ec10cc6d0d7a204da756d784514
2026-10-09T02:25:20.6346241Z ##[group]Removing auth
2026-10-09T02:25:20.6346936Z Removing SSH command configuration
2026-10-09T02:25:20.6347775Z [command]/usr/bin/git config --local --name-only --get-regexp core\.sshCommand
2026-10-09T02:25:20.6377310Z [command]/usr/bin/git submodule foreach --recursive sh -c "git config --local --name-only --get-regexp 'core\.sshCommand' && git config --local --unset-all 'core.sshCommand' || :"
2026-10-09T02:25:20.6554333Z Removing HTTP extra header
2026-10-09T02:25:20.6556632Z [command]/usr/bin/git config --local --name-only --get-regexp http\.https\:\/\/github\.com\/\.extraheader
2026-10-09T02:25:20.6589067Z [command]/usr/bin/git submodule foreach --recursive sh -c "git config --local --name-only --get-regexp 'http\.https\:\/\/github\.com\/\.extraheader' && git config --local --unset-all 'http.https://github.com/.extraheader' || :"
2026-10-09T02:25:20.6762014Z Removing includeIf entries pointing to credentials config files
2026-10-09T02:25:20.6763669Z [command]/usr/bin/git config --local --name-only --get-regexp ^includeIf\.gitdir:
2026-10-09T02:25:20.6789696Z includeif.gitdir:/home/runner/work/flutter_code_push_example/flutter_code_push_example/trusted/.git.path
2026-10-09T02:25:20.6792567Z includeif.gitdir:/home/runner/work/flutter_code_push_example/flutter_code_push_example/trusted/.git/worktrees/*.path
2026-10-09T02:25:20.6794877Z includeif.gitdir:/github/workspace/trusted/.git.path
2026-10-09T02:25:20.6796374Z includeif.gitdir:/github/workspace/trusted/.git/worktrees/*.path
2026-10-09T02:25:20.6800723Z [command]/usr/bin/git config --local --get-all includeif.gitdir:/home/runner/work/flutter_code_push_example/flutter_code_push_example/trusted/.git.path
2026-10-09T02:25:20.6820851Z /home/runner/work/_temp/git-credentials-70d486db-4614-4779-be00-e0782b78e160.config
2026-10-09T02:25:20.6828889Z [command]/usr/bin/git config --local --unset includeif.gitdir:/home/runner/work/flutter_code_push_example/flutter_code_push_example/trusted/.git.path \/home\/runner\/work\/_temp\/git\-credentials\-70d486db\-4614\-4779\-be00\-e0782b78e160\.config
2026-10-09T02:25:20.6859795Z [command]/usr/bin/git config --local --get-all includeif.gitdir:/home/runner/work/flutter_code_push_example/flutter_code_push_example/trusted/.git/worktrees/*.path
2026-10-09T02:25:20.6914367Z /home/runner/work/_temp/git-credentials-70d486db-4614-4779-be00-e0782b78e160.config
2026-10-09T02:25:20.6921149Z [command]/usr/bin/git config --local --unset includeif.gitdir:/home/runner/work/flutter_code_push_example/flutter_code_push_example/trusted/.git/worktrees/*.path \/home\/runner\/work\/_temp\/git\-credentials\-70d486db\-4614\-4779\-be00\-e0782b78e160\.config
2026-10-09T02:25:20.6949133Z [command]/usr/bin/git config --local --get-all includeif.gitdir:/github/workspace/trusted/.git.path
2026-10-09T02:25:20.6971623Z /github/runner_temp/git-credentials-70d486db-4614-4779-be00-e0782b78e160.config
2026-10-09T02:25:20.6979387Z [command]/usr/bin/git config --local --unset includeif.gitdir:/github/workspace/trusted/.git.path \/github\/runner_temp\/git\-credentials\-70d486db\-4614\-4779\-be00\-e0782b78e160\.config
2026-10-09T02:25:20.7047875Z [command]/usr/bin/git config --local --get-all includeif.gitdir:/github/workspace/trusted/.git/worktrees/*.path
2026-10-09T02:25:20.7072051Z /github/runner_temp/git-credentials-70d486db-4614-4779-be00-e0782b78e160.config
2026-10-09T02:25:20.7079635Z [command]/usr/bin/git config --local --unset includeif.gitdir:/github/workspace/trusted/.git/worktrees/*.path \/github\/runner_temp\/git\-credentials\-70d486db\-4614\-4779\-be00\-e0782b78e160\.config
2026-10-09T02:25:20.7105815Z [command]/usr/bin/git submodule foreach --recursive git config --local --show-origin --name-only --get-regexp remote.origin.url
2026-10-09T02:25:20.7277244Z Removing credentials config '/home/runner/work/_temp/git-credentials-70d486db-4614-4779-be00-e0782b78e160.config'
2026-10-09T02:25:20.7285780Z ##[endgroup]
2026-10-09T02:25:20.7599386Z ##[group]Run actions/checkout@3d3c42e5aac5ba805825da76410c181273ba90b1
2026-10-09T02:25:20.7600166Z with:
2026-10-09T02:25:20.7600550Z   path: app
2026-10-09T02:25:20.7600961Z   persist-credentials: false
2026-10-09T02:25:20.7601542Z   repository: israelhudson/flutter_code_push_example
2026-10-09T02:25:20.7606721Z   token: ***
2026-10-09T02:25:20.7607272Z   ssh-strict: true
2026-10-09T02:25:20.7607684Z   ssh-user: git
2026-10-09T02:25:20.7608081Z   clean: true
2026-10-09T02:25:20.7608509Z   sparse-checkout-cone-mode: true
2026-10-09T02:25:20.7609036Z   fetch-depth: 1
2026-10-09T02:25:20.7609443Z   fetch-tags: false
2026-10-09T02:25:20.7609873Z   show-progress: true
2026-10-09T02:25:20.7610304Z   lfs: false
2026-10-09T02:25:20.7610699Z   submodules: false
2026-10-09T02:25:20.7611134Z   set-safe-directory: true
2026-10-09T02:25:20.7611664Z   allow-unsafe-pr-checkout: false
2026-10-09T02:25:20.7612183Z ##[endgroup]
2026-10-09T02:25:20.8159098Z Syncing repository: israelhudson/flutter_code_push_example
2026-10-09T02:25:20.8160726Z ##[group]Getting Git version info
2026-10-09T02:25:20.8162051Z Working directory is '/home/runner/work/flutter_code_push_example/flutter_code_push_example/app'
2026-10-09T02:25:20.8186357Z [command]/usr/bin/git version
2026-10-09T02:25:20.8216545Z git version 2.55.0
2026-10-09T02:25:20.8229093Z ##[endgroup]
2026-10-09T02:25:20.8248603Z Temporarily overriding HOME='/home/runner/work/_temp/faf552e0-e064-435f-b2a2-36ef64eb8833' before making global git config changes
2026-10-09T02:25:20.8250939Z Adding repository directory to the temporary git global config as a safe directory
2026-10-09T02:25:20.8253202Z [command]/usr/bin/git config --global --add safe.directory /home/runner/work/flutter_code_push_example/flutter_code_push_example/app
2026-10-09T02:25:20.8263455Z ##[group]Determining repository object format
2026-10-09T02:25:20.8264999Z ##[endgroup]
2026-10-09T02:25:20.8266036Z ##[group]Initializing the repository
2026-10-09T02:25:20.8267593Z [command]/usr/bin/git init /home/runner/work/flutter_code_push_example/flutter_code_push_example/app
2026-10-09T02:25:20.8308080Z hint: Using 'master' as the name for the initial branch. This default branch name
2026-10-09T02:25:20.8309404Z hint: will change to "main" in Git 3.0. To configure the initial branch name
2026-10-09T02:25:20.8310415Z hint: to use in all of your new repositories, which will suppress this warning,
2026-10-09T02:25:20.8311198Z hint: call:
2026-10-09T02:25:20.8311576Z hint:
2026-10-09T02:25:20.8312052Z hint: 	git config --global init.defaultBranch <name>
2026-10-09T02:25:20.8312741Z hint:
2026-10-09T02:25:20.8313305Z hint: Names commonly chosen instead of 'master' are 'main', 'trunk' and
2026-10-09T02:25:20.8314283Z hint: 'development'. The just-created branch can be renamed via this command:
2026-10-09T02:25:20.8315093Z hint:
2026-10-09T02:25:20.8315483Z hint: 	git branch -m <name>
2026-10-09T02:25:20.8315939Z hint:
2026-10-09T02:25:20.8316581Z hint: Disable this message with "git config set advice.defaultBranchName false"
2026-10-09T02:25:20.8318058Z Initialized empty Git repository in /home/runner/work/flutter_code_push_example/flutter_code_push_example/app/.git/
2026-10-09T02:25:20.8321703Z [command]/usr/bin/git remote add origin https://github.com/israelhudson/flutter_code_push_example
2026-10-09T02:25:20.8351383Z ##[endgroup]
2026-10-09T02:25:20.8352480Z ##[group]Disabling automatic garbage collection
2026-10-09T02:25:20.8356699Z [command]/usr/bin/git config --local gc.auto 0
2026-10-09T02:25:20.8381818Z ##[endgroup]
2026-10-09T02:25:20.8382528Z ##[group]Setting up auth
2026-10-09T02:25:20.8383041Z Removing SSH command configuration
2026-10-09T02:25:20.8385311Z [command]/usr/bin/git config --local --name-only --get-regexp core\.sshCommand
2026-10-09T02:25:20.8409591Z [command]/usr/bin/git submodule foreach --recursive sh -c "git config --local --name-only --get-regexp 'core\.sshCommand' && git config --local --unset-all 'core.sshCommand' || :"
2026-10-09T02:25:20.8598593Z Removing HTTP extra header
2026-10-09T02:25:20.8603974Z [command]/usr/bin/git config --local --name-only --get-regexp http\.https\:\/\/github\.com\/\.extraheader
2026-10-09T02:25:20.8641516Z [command]/usr/bin/git submodule foreach --recursive sh -c "git config --local --name-only --get-regexp 'http\.https\:\/\/github\.com\/\.extraheader' && git config --local --unset-all 'http.https://github.com/.extraheader' || :"
2026-10-09T02:25:20.8824838Z Removing includeIf entries pointing to credentials config files
2026-10-09T02:25:20.8828701Z [command]/usr/bin/git config --local --name-only --get-regexp ^includeIf\.gitdir:
2026-10-09T02:25:20.8859259Z [command]/usr/bin/git submodule foreach --recursive git config --local --show-origin --name-only --get-regexp remote.origin.url
2026-10-09T02:25:20.9030229Z [command]/usr/bin/git config --file /home/runner/work/_temp/git-credentials-54f4cc17-a641-44c1-8947-493635bd21dd.config http.https://github.com/.extraheader AUTHORIZATION: basic ***
2026-10-09T02:25:20.9061151Z [command]/usr/bin/git config --local includeIf.gitdir:/home/runner/work/flutter_code_push_example/flutter_code_push_example/app/.git.path /home/runner/work/_temp/git-credentials-54f4cc17-a641-44c1-8947-493635bd21dd.config
2026-10-09T02:25:20.9089141Z [command]/usr/bin/git config --local includeIf.gitdir:/home/runner/work/flutter_code_push_example/flutter_code_push_example/app/.git/worktrees/*.path /home/runner/work/_temp/git-credentials-54f4cc17-a641-44c1-8947-493635bd21dd.config
2026-10-09T02:25:20.9116145Z [command]/usr/bin/git config --local includeIf.gitdir:/github/workspace/app/.git.path /github/runner_temp/git-credentials-54f4cc17-a641-44c1-8947-493635bd21dd.config
2026-10-09T02:25:20.9144665Z [command]/usr/bin/git config --local includeIf.gitdir:/github/workspace/app/.git/worktrees/*.path /github/runner_temp/git-credentials-54f4cc17-a641-44c1-8947-493635bd21dd.config
2026-10-09T02:25:20.9169993Z ##[endgroup]
2026-10-09T02:25:20.9170718Z ##[group]Fetching the repository
2026-10-09T02:25:20.9174562Z [command]/usr/bin/git -c protocol.version=2 fetch --no-tags --prune --no-recurse-submodules --depth=1 origin +18f6ecaaaba75ba223ea89b2420cb0b0d931bca0:refs/remotes/pull/23/merge
2026-10-09T02:25:21.5185362Z From https://github.com/israelhudson/flutter_code_push_example
2026-10-09T02:25:21.5185754Z  * [new ref]         18f6ecaaaba75ba223ea89b2420cb0b0d931bca0 -> pull/23/merge
2026-10-09T02:25:21.5190001Z ##[endgroup]
2026-10-09T02:25:21.5190327Z ##[group]Determining the checkout info
2026-10-09T02:25:21.5190773Z ##[endgroup]
2026-10-09T02:25:21.5194401Z [command]/usr/bin/git sparse-checkout disable
2026-10-09T02:25:21.5244692Z [command]/usr/bin/git config --local --unset-all extensions.worktreeConfig
2026-10-09T02:25:21.5272346Z ##[group]Checking out the ref
2026-10-09T02:25:21.5274641Z [command]/usr/bin/git checkout --progress --force refs/remotes/pull/23/merge
2026-10-09T02:25:21.5519923Z Note: switching to 'refs/remotes/pull/23/merge'.
2026-10-09T02:25:21.5520291Z 
2026-10-09T02:25:21.5520711Z You are in 'detached HEAD' state. You can look around, make experimental
2026-10-09T02:25:21.5521205Z changes and commit them, and you can discard any commits you make in this
2026-10-09T02:25:21.5521781Z state without impacting any branches by switching back to a branch.
2026-10-09T02:25:21.5522393Z 
2026-10-09T02:25:21.5522816Z If you want to create a new branch to retain commits you create, you may
2026-10-09T02:25:21.5523284Z do so (now or later) by using -c with the switch command. Example:
2026-10-09T02:25:21.5523513Z 
2026-10-09T02:25:21.5523617Z   git switch -c <new-branch-name>
2026-10-09T02:25:21.5523775Z 
2026-10-09T02:25:21.5523861Z Or undo this operation with:
2026-10-09T02:25:21.5524001Z 
2026-10-09T02:25:21.5524107Z   git switch -
2026-10-09T02:25:21.5524264Z 
2026-10-09T02:25:21.5524500Z Turn off this advice by setting config variable advice.detachedHead to false
2026-10-09T02:25:21.5524833Z 
2026-10-09T02:25:21.5525223Z HEAD is now at 18f6eca Merge fa2859c655521080c45e320337dccaeae5cd3f90 into cf6d6fa90e228ec10cc6d0d7a204da756d784514
2026-10-09T02:25:21.5527500Z ##[endgroup]
2026-10-09T02:25:21.5559137Z [command]/usr/bin/git log -1 --format=%H
2026-10-09T02:25:21.5580920Z 18f6ecaaaba75ba223ea89b2420cb0b0d931bca0
2026-10-09T02:25:21.5587967Z ##[group]Removing auth
2026-10-09T02:25:21.5588326Z Removing SSH command configuration
2026-10-09T02:25:21.5590781Z [command]/usr/bin/git config --local --name-only --get-regexp core\.sshCommand
2026-10-09T02:25:21.5618295Z [command]/usr/bin/git submodule foreach --recursive sh -c "git config --local --name-only --get-regexp 'core\.sshCommand' && git config --local --unset-all 'core.sshCommand' || :"
2026-10-09T02:25:21.5787855Z Removing HTTP extra header
2026-10-09T02:25:21.5788476Z [command]/usr/bin/git config --local --name-only --get-regexp http\.https\:\/\/github\.com\/\.extraheader
2026-10-09T02:25:21.5814899Z [command]/usr/bin/git submodule foreach --recursive sh -c "git config --local --name-only --get-regexp 'http\.https\:\/\/github\.com\/\.extraheader' && git config --local --unset-all 'http.https://github.com/.extraheader' || :"
2026-10-09T02:25:21.5981314Z Removing includeIf entries pointing to credentials config files
2026-10-09T02:25:21.5983678Z [command]/usr/bin/git config --local --name-only --get-regexp ^includeIf\.gitdir:
2026-10-09T02:25:21.6004978Z includeif.gitdir:/home/runner/work/flutter_code_push_example/flutter_code_push_example/app/.git.path
2026-10-09T02:25:21.6005658Z includeif.gitdir:/home/runner/work/flutter_code_push_example/flutter_code_push_example/app/.git/worktrees/*.path
2026-10-09T02:25:21.6006032Z includeif.gitdir:/github/workspace/app/.git.path
2026-10-09T02:25:21.6006303Z includeif.gitdir:/github/workspace/app/.git/worktrees/*.path
2026-10-09T02:25:21.6010933Z [command]/usr/bin/git config --local --get-all includeif.gitdir:/home/runner/work/flutter_code_push_example/flutter_code_push_example/app/.git.path
2026-10-09T02:25:21.6032276Z /home/runner/work/_temp/git-credentials-54f4cc17-a641-44c1-8947-493635bd21dd.config
2026-10-09T02:25:21.6038723Z [command]/usr/bin/git config --local --unset includeif.gitdir:/home/runner/work/flutter_code_push_example/flutter_code_push_example/app/.git.path \/home\/runner\/work\/_temp\/git\-credentials\-54f4cc17\-a641\-44c1\-8947\-493635bd21dd\.config
2026-10-09T02:25:21.6067429Z [command]/usr/bin/git config --local --get-all includeif.gitdir:/home/runner/work/flutter_code_push_example/flutter_code_push_example/app/.git/worktrees/*.path
2026-10-09T02:25:21.6088529Z /home/runner/work/_temp/git-credentials-54f4cc17-a641-44c1-8947-493635bd21dd.config
2026-10-09T02:25:21.6093533Z [command]/usr/bin/git config --local --unset includeif.gitdir:/home/runner/work/flutter_code_push_example/flutter_code_push_example/app/.git/worktrees/*.path \/home\/runner\/work\/_temp\/git\-credentials\-54f4cc17\-a641\-44c1\-8947\-493635bd21dd\.config
2026-10-09T02:25:21.6119974Z [command]/usr/bin/git config --local --get-all includeif.gitdir:/github/workspace/app/.git.path
2026-10-09T02:25:21.6140447Z /github/runner_temp/git-credentials-54f4cc17-a641-44c1-8947-493635bd21dd.config
2026-10-09T02:25:21.6145440Z [command]/usr/bin/git config --local --unset includeif.gitdir:/github/workspace/app/.git.path \/github\/runner_temp\/git\-credentials\-54f4cc17\-a641\-44c1\-8947\-493635bd21dd\.config
2026-10-09T02:25:21.6174065Z [command]/usr/bin/git config --local --get-all includeif.gitdir:/github/workspace/app/.git/worktrees/*.path
2026-10-09T02:25:21.6194652Z /github/runner_temp/git-credentials-54f4cc17-a641-44c1-8947-493635bd21dd.config
2026-10-09T02:25:21.6203412Z [command]/usr/bin/git config --local --unset includeif.gitdir:/github/workspace/app/.git/worktrees/*.path \/github\/runner_temp\/git\-credentials\-54f4cc17\-a641\-44c1\-8947\-493635bd21dd\.config
2026-10-09T02:25:21.6232674Z [command]/usr/bin/git submodule foreach --recursive git config --local --show-origin --name-only --get-regexp remote.origin.url
2026-10-09T02:25:21.6393124Z Removing credentials config '/home/runner/work/_temp/git-credentials-54f4cc17-a641-44c1-8947-493635bd21dd.config'
2026-10-09T02:25:21.6400350Z ##[endgroup]
2026-10-09T02:25:21.6568573Z Prepare all required actions
2026-10-09T02:25:21.6622949Z ##[group]Run ./trusted/.github/actions/setup-flutter
2026-10-09T02:25:21.6623166Z with:
2026-10-09T02:25:21.6623342Z   build-inputs: app/delivery/build-inputs.json
2026-10-09T02:25:21.6623543Z ##[endgroup]
2026-10-09T02:25:21.6661723Z ##[start-action display=Run python3 - <<'PY';id=__self.inputs]
2026-10-09T02:25:21.6693440Z ##[group]Run python3 - <<'PY'
2026-10-09T02:25:21.6693686Z [36;1mpython3 - <<'PY'[0m
2026-10-09T02:25:21.6693863Z [36;1mimport json, os, re[0m
2026-10-09T02:25:21.6694047Z [36;1mfrom pathlib import Path[0m
2026-10-09T02:25:21.6694290Z [36;1mworkspace = Path(os.environ['GITHUB_WORKSPACE']).resolve()[0m
2026-10-09T02:25:21.6694567Z [36;1mpath = Path(os.environ['BUILD_INPUTS']).resolve()[0m
2026-10-09T02:25:21.6694827Z [36;1mif not path.is_relative_to(workspace):[0m
2026-10-09T02:25:21.6695113Z [36;1m    raise ValueError('Build inputs precisa pertencer ao checkout deste job.')[0m
2026-10-09T02:25:21.6695416Z [36;1minputs = json.loads(path.read_text())[0m
2026-10-09T02:25:21.6695694Z [36;1mversion, revision = inputs['flutter_version'], inputs['flutter_revision'][0m
2026-10-09T02:25:21.6696055Z [36;1mif not re.fullmatch(r'[0-9]+\.[0-9]+\.[0-9]+', version) or not re.fullmatch(r'[0-9a-f]{40}', revision):[0m
2026-10-09T02:25:21.6696426Z [36;1m    raise ValueError('Versão e revisão Flutter precisam estar fixadas.')[0m
2026-10-09T02:25:21.6696726Z [36;1mwith open(os.environ['GITHUB_OUTPUT'], 'a') as f:[0m
2026-10-09T02:25:21.6697126Z [36;1m    f.write('version=' + version + '\nrevision=' + revision + '\n')[0m
2026-10-09T02:25:21.6697357Z [36;1mPY[0m
2026-10-09T02:25:21.6931091Z shell: /usr/bin/bash --noprofile --norc -e -o pipefail {0}
2026-10-09T02:25:21.6931325Z env:
2026-10-09T02:25:21.6931654Z   BUILD_INPUTS: app/delivery/build-inputs.json
2026-10-09T02:25:21.6931859Z ##[endgroup]
2026-10-09T02:25:21.7209853Z ##[end-action id=__self.inputs;outcome=success;conclusion=success;duration_ms=54]
2026-10-09T02:25:21.7214410Z ##[start-action display=Instalar e conferir o SDK;id=__self.__run]
2026-10-09T02:25:21.7235447Z ##[group]Run set -euo pipefail
2026-10-09T02:25:21.7235665Z [36;1mset -euo pipefail[0m
2026-10-09T02:25:21.7235863Z [36;1mSDK_PATH="$RUNNER_TEMP/flutter-delivery"[0m
2026-10-09T02:25:21.7236243Z [36;1mgit clone --no-checkout --depth 1 --branch "$FLUTTER_VERSION" https://github.com/flutter/flutter.git "$SDK_PATH"[0m
2026-10-09T02:25:21.7236641Z [36;1mtest "$(git -C "$SDK_PATH" rev-parse HEAD)" = "$FLUTTER_REVISION"[0m
2026-10-09T02:25:21.7237119Z [36;1mgit -C "$SDK_PATH" checkout --detach "$FLUTTER_REVISION"[0m
2026-10-09T02:25:21.7237444Z [36;1m# The first invocation bootstraps the tool and prints a welcome banner.[0m
2026-10-09T02:25:21.7237761Z [36;1m# Run it before helpers parse --version --machine as strict JSON.[0m
2026-10-09T02:25:21.7238028Z [36;1m"$SDK_PATH/bin/flutter" --version[0m
2026-10-09T02:25:21.7238250Z [36;1mecho "$SDK_PATH/bin" >> "$GITHUB_PATH"[0m
2026-10-09T02:25:21.7286459Z shell: /usr/bin/bash --noprofile --norc -e -o pipefail {0}
2026-10-09T02:25:21.7286690Z env:
2026-10-09T02:25:21.7286992Z   FLUTTER_VERSION: 3.44.1
2026-10-09T02:25:21.7287197Z   FLUTTER_REVISION: 924134a44c189315be2148659913dda1671cbe99
2026-10-09T02:25:21.7287422Z ##[endgroup]
2026-10-09T02:25:21.7359070Z Cloning into '/home/runner/work/_temp/flutter-delivery'...
2026-10-09T02:25:28.3778953Z HEAD is now at 924134a4 Update CHANGELOG with Flutter 3.44 changes (#187258)
2026-10-09T02:25:28.4102365Z Downloading Linux x64 Dart SDK from Flutter engine c416acfeb8126e097f758c664aaa3da929e27da0...
2026-10-09T02:25:28.4181835Z   % Total    % Received % Xferd  Average Speed   Time    Time     Time  Current
2026-10-09T02:25:28.4182249Z                                  Dload  Upload   Total   Spent    Left  Speed
2026-10-09T02:25:28.4182478Z 
2026-10-09T02:25:28.6839897Z   0     0    0     0    0     0      0      0 --:--:-- --:--:-- --:--:--     0
2026-10-09T02:25:29.6835001Z   0  222M    0 1012k    0     0  3809k      0  0:00:59 --:--:--  0:00:59 3808k
2026-10-09T02:25:30.1687904Z  53  222M   53  118M    0     0  93.8M      0  0:00:02  0:00:01  0:00:01 93.8M
2026-10-09T02:25:30.1688193Z 100  222M  100  222M    0     0   127M      0  0:00:01  0:00:01 --:--:--  126M
2026-10-09T02:25:33.7099358Z Building flutter tool...
2026-10-09T02:25:33.7215750Z Resolving dependencies...
2026-10-09T02:25:34.2652380Z Downloading packages...
2026-10-09T02:25:37.8675366Z + _fe_analyzer_shared 95.0.0 (109.0.0 available)
2026-10-09T02:25:37.8675710Z + analyzer 10.1.0 (14.5.0 available)
2026-10-09T02:25:37.8675945Z + archive 3.6.1 (4.3.0 available)
2026-10-09T02:25:37.8676165Z + args 2.7.0
2026-10-09T02:25:37.8676335Z + async 2.13.1
2026-10-09T02:25:37.8676520Z + boolean_selector 2.1.2
2026-10-09T02:25:37.8676725Z + browser_launcher 1.1.3 (1.2.0 available)
2026-10-09T02:25:37.8677127Z + built_collection 5.1.1 (5.1.2 available)
2026-10-09T02:25:37.8677364Z + built_value 8.12.5 (8.13.0 available)
2026-10-09T02:25:37.8677593Z + checked_yaml 2.0.4
2026-10-09T02:25:37.8677771Z + cli_config 0.2.0
2026-10-09T02:25:37.8677948Z + clock 1.1.2 (1.1.3 available)
2026-10-09T02:25:37.8678158Z + code_assets 1.0.0 (2.1.0 available)
2026-10-09T02:25:37.8678387Z + code_builder 4.11.1 (4.12.0 available)
2026-10-09T02:25:37.8678606Z + collection 1.19.1
2026-10-09T02:25:37.8678783Z + completion 1.0.2
2026-10-09T02:25:37.8678955Z + convert 3.1.2
2026-10-09T02:25:37.8679168Z + coverage 1.15.0 (1.15.1 available)
2026-10-09T02:25:37.8679373Z + crypto 3.0.7
2026-10-09T02:25:37.8679529Z + csslib 1.0.2
2026-10-09T02:25:37.8679686Z + dap 1.4.0
2026-10-09T02:25:37.8679859Z + dart_service_protocol_shared 0.0.3
2026-10-09T02:25:37.8680081Z + dart_style 3.1.7 (3.1.13 available)
2026-10-09T02:25:37.8680294Z + data_assets 0.19.6 (0.20.0 available)
2026-10-09T02:25:37.8680728Z + dds 5.3.0 (5.4.0 available)
2026-10-09T02:25:37.8680934Z + dds_service_extensions 2.1.0
2026-10-09T02:25:37.8681152Z + devtools_shared 12.1.0 (14.0.0 available)
2026-10-09T02:25:37.8681380Z + dtd 4.0.0
2026-10-09T02:25:37.8681531Z + dwds 26.2.5 (27.1.4 available)
2026-10-09T02:25:37.8681716Z + extension_discovery 2.1.0
2026-10-09T02:25:37.8681899Z + fake_async 1.3.3
2026-10-09T02:25:37.8682095Z + ffi 2.2.0
2026-10-09T02:25:37.8682247Z + file 7.0.1
2026-10-09T02:25:37.8682423Z + file_testing 3.0.2 (3.1.0 available)
2026-10-09T02:25:37.8682639Z + fixnum 1.1.1
2026-10-09T02:25:37.8682838Z + flutter_template_images 5.0.0 (5.0.1 available)
2026-10-09T02:25:37.8683124Z + frontend_server_client 4.0.0 (4.1.0 available)
2026-10-09T02:25:37.8683373Z + glob 2.1.3 (2.2.0 available)
2026-10-09T02:25:37.8683570Z + graphs 2.3.2
2026-10-09T02:25:37.8683741Z + hooks 1.0.2 (2.2.0 available)
2026-10-09T02:25:37.8683952Z + hooks_runner 1.1.1 (1.6.4 available)
2026-10-09T02:25:37.8684175Z + html 0.15.6 (0.15.7 available)
2026-10-09T02:25:37.8684379Z + http 1.6.0
2026-10-09T02:25:37.8684550Z + http_multi_server 3.2.2
2026-10-09T02:25:37.8684744Z + http_parser 4.1.2
2026-10-09T02:25:37.8684929Z + intl 0.20.2 (0.20.3 available)
2026-10-09T02:25:37.8685135Z + io 1.0.5 (1.1.0 available)
2026-10-09T02:25:37.8685338Z + js 0.7.2 (discontinued)
2026-10-09T02:25:37.8685546Z + json_annotation 4.11.0 (4.12.0 available)
2026-10-09T02:25:37.8685775Z + json_rpc_2 4.1.0
2026-10-09T02:25:37.8685947Z + logging 1.3.0
2026-10-09T02:25:37.8686132Z + matcher 0.12.19 (0.12.20 available)
2026-10-09T02:25:37.8686352Z + meta 1.18.0 (1.19.0 available)
2026-10-09T02:25:37.8686559Z + mime 2.0.0 (2.1.0 available)
2026-10-09T02:25:37.8686772Z + multicast_dns 0.3.3 (0.3.3+1 available)
2026-10-09T02:25:37.8687146Z + mustache_template 2.0.4 (2.0.6 available)
2026-10-09T02:25:37.8687400Z + native_stack_traces 0.6.1 (0.7.0 available)
2026-10-09T02:25:37.8687645Z + node_preamble 2.0.2
2026-10-09T02:25:37.8687845Z + package_config 2.2.0 (3.0.0 available)
2026-10-09T02:25:37.8688075Z + path 1.9.1
2026-10-09T02:25:37.8688240Z + petitparser 7.0.2 (7.1.0 available)
2026-10-09T02:25:37.8688448Z + platform 3.1.6 (3.2.0 available)
2026-10-09T02:25:37.8688808Z + pool 1.5.2 (1.5.3 available)
2026-10-09T02:25:37.8689012Z + process 5.0.5 (5.0.6 available)
2026-10-09T02:25:37.8689225Z + pub_semver 2.2.0 (2.2.1 available)
2026-10-09T02:25:37.8689445Z + pubspec_parse 1.5.0 (1.6.0 available)
2026-10-09T02:25:37.8689669Z + record_use 0.6.0 (1.1.1 available)
2026-10-09T02:25:37.8689874Z + shelf 1.4.2
2026-10-09T02:25:37.8690052Z + shelf_packages_handler 3.0.2
2026-10-09T02:25:37.8690251Z + shelf_proxy 1.0.4 (1.0.5 available)
2026-10-09T02:25:37.8714256Z + shelf_static 1.1.3
2026-10-09T02:25:37.8714464Z + shelf_web_socket 3.0.0
2026-10-09T02:25:37.8714667Z + source_map_stack_trace 2.1.2
2026-10-09T02:25:37.8714881Z + source_maps 0.10.13 (0.10.14 available)
2026-10-09T02:25:37.8715101Z + source_span 1.10.2
2026-10-09T02:25:37.8715270Z + sprintf 7.0.0
2026-10-09T02:25:37.8715454Z + sse 4.1.8 (4.2.0 available)
2026-10-09T02:25:37.8715653Z + stack_trace 1.12.1 (1.12.2 available)
2026-10-09T02:25:37.8715894Z + standard_message_codec 0.0.1+4 (0.0.1+5 available)
2026-10-09T02:25:37.8716146Z + stream_channel 2.1.4
2026-10-09T02:25:37.8716328Z + string_scanner 1.4.1
2026-10-09T02:25:37.8716503Z + sync_http 0.3.1
2026-10-09T02:25:37.8716669Z + term_glyph 1.2.2
2026-10-09T02:25:37.8716968Z + test 1.31.0 (1.33.0 available)
2026-10-09T02:25:37.8717168Z + test_api 0.7.11 (0.7.15 available)
2026-10-09T02:25:37.8717374Z + test_core 0.6.17 (0.6.21 available)
2026-10-09T02:25:37.8717573Z + typed_data 1.4.0
2026-10-09T02:25:37.8717777Z + unified_analytics 8.0.14 (8.0.18 available)
2026-10-09T02:25:37.8718009Z + usage 4.1.1 (discontinued)
2026-10-09T02:25:37.8718197Z + uuid 4.5.3 (4.6.0 available)
2026-10-09T02:25:37.8718398Z + vm_service 15.0.2 (15.3.0 available)
2026-10-09T02:25:37.8718611Z + vm_service_interface 2.0.1
2026-10-09T02:25:37.8718801Z + vm_snapshot_analysis 0.7.6
2026-10-09T02:25:37.8719135Z + watcher 1.2.1
2026-10-09T02:25:37.8719295Z + web 1.1.1
2026-10-09T02:25:37.8719446Z + web_socket 1.0.1
2026-10-09T02:25:37.8719620Z + web_socket_channel 3.0.3
2026-10-09T02:25:37.8719815Z + webdriver 3.1.0 (3.2.0 available)
2026-10-09T02:25:37.8720033Z + webkit_inspection_protocol 1.2.1
2026-10-09T02:25:37.8720242Z + xml 6.6.1 (7.1.0 available)
2026-10-09T02:25:37.8720431Z + yaml 3.1.3 (3.1.4 available)
2026-10-09T02:25:37.8720621Z + yaml_edit 2.2.4
2026-10-09T02:25:37.8720814Z Changed 102 dependencies!
2026-10-09T02:25:37.8721010Z 2 packages are discontinued.
2026-10-09T02:25:37.8721301Z 53 packages have newer versions incompatible with dependency constraints.
2026-10-09T02:25:37.8721637Z Try `dart pub outdated` for more information.
2026-10-09T02:25:49.1731908Z Flutter 3.44.1 • channel [user-branch] • unknown source
2026-10-09T02:25:49.1732263Z Framework • revision 924134a44c (4 months ago) • 2026-05-29 12:13:22 -0400
2026-10-09T02:25:49.1732751Z Engine • hash 39b1f7043775b9578bbb26a1676e79c4e31c8b5e (revision c416acfeb8) (4 months ago) • 2026-05-27 20:19:31.000Z
2026-10-09T02:25:49.1733142Z Tools • Dart 3.12.1 • DevTools 2.57.0
2026-10-09T02:25:49.1764849Z ##[end-action id=__self.__run;outcome=success;conclusion=success;duration_ms=27454]
2026-10-09T02:25:49.1810541Z ##[group]Run flutter pub get --enforce-lockfile
2026-10-09T02:25:49.1810765Z [36;1mflutter pub get --enforce-lockfile[0m
2026-10-09T02:25:49.1810921Z [36;1mflutter analyze[0m
2026-10-09T02:25:49.1811047Z [36;1mflutter test[0m
2026-10-09T02:25:49.1864751Z shell: /usr/bin/bash -e {0}
2026-10-09T02:25:49.1864899Z ##[endgroup]
2026-10-09T02:25:49.6424483Z [1/10] Material Fonts                                              363ms
2026-10-09T02:25:49.7286379Z [2/10] Gradle Wrapper                                               50ms
2026-10-09T02:25:49.7365193Z [3/10] Flutter SDK
2026-10-09T02:25:49.8788433Z   ├─ [1/5] sky_engine                                              138ms
2026-10-09T02:25:49.9936452Z   ├─ [2/5] flutter_gpu                                              65ms
2026-10-09T02:25:50.1871022Z   ├─ [3/5] flutter_patched_sdk                                     184ms
2026-10-09T02:25:50.4204132Z   ├─ [4/5] flutter_patched_sdk_product                             165ms
2026-10-09T02:25:50.9557431Z   └─ [5/5] linux-x64                                               466ms
2026-10-09T02:25:51.5769967Z [10/10] linux-x64/font-subset                                      175ms
2026-10-09T02:25:51.6597744Z Resolving dependencies...
2026-10-09T02:25:52.0729504Z Downloading packages...
2026-10-09T02:25:52.6258077Z   clock 1.1.2 (1.1.3 available)
2026-10-09T02:25:52.6258380Z   cupertino_icons 1.0.9 (2.0.0 available)
2026-10-09T02:25:52.6258622Z   matcher 0.12.19 (0.12.20 available)
2026-10-09T02:25:52.6258868Z   material_color_utilities 0.13.0 (0.13.1 available)
2026-10-09T02:25:52.6259118Z   meta 1.18.0 (1.19.0 available)
2026-10-09T02:25:52.6259329Z   stack_trace 1.12.1 (1.12.2 available)
2026-10-09T02:25:52.6259772Z   test_api 0.7.11 (0.7.15 available)
2026-10-09T02:25:52.6260542Z   vector_math 2.2.0 (2.4.3 available)
2026-10-09T02:25:52.6262898Z   vm_service 15.2.0 (15.3.0 available)
2026-10-09T02:25:52.6263144Z Got dependencies!
2026-10-09T02:25:52.6263457Z 9 packages have newer versions incompatible with dependency constraints.
2026-10-09T02:25:52.6263847Z Try `flutter pub outdated` for more information.
2026-10-09T02:25:53.0390969Z Resolving dependencies...
2026-10-09T02:25:53.0525698Z Downloading packages...
2026-10-09T02:25:53.0533132Z   clock 1.1.2 (1.1.3 available)
2026-10-09T02:25:53.0533416Z   cupertino_icons 1.0.9 (2.0.0 available)
2026-10-09T02:25:53.0533648Z   matcher 0.12.19 (0.12.20 available)
2026-10-09T02:25:53.0533833Z   material_color_utilities 0.13.0 (0.13.1 available)
2026-10-09T02:25:53.0534073Z   meta 1.18.0 (1.19.0 available)
2026-10-09T02:25:53.0534261Z   stack_trace 1.12.1 (1.12.2 available)
2026-10-09T02:25:53.0534400Z   test_api 0.7.11 (0.7.15 available)
2026-10-09T02:25:53.0534534Z   vector_math 2.2.0 (2.4.3 available)
2026-10-09T02:25:53.0534988Z   vm_service 15.2.0 (15.3.0 available)
2026-10-09T02:25:53.0535120Z Got dependencies!
2026-10-09T02:25:53.0535293Z 9 packages have newer versions incompatible with dependency constraints.
2026-10-09T02:25:53.0535522Z Try `flutter pub outdated` for more information.
2026-10-09T02:25:58.3510386Z Analyzing app...                                                
2026-10-09T02:25:58.3529969Z No issues found! (ran in 5.1s)
2026-10-09T02:25:58.4785420Z Resolving dependencies...
2026-10-09T02:25:58.4924910Z Downloading packages...
2026-10-09T02:25:58.4932170Z   clock 1.1.2 (1.1.3 available)
2026-10-09T02:25:58.4932384Z   cupertino_icons 1.0.9 (2.0.0 available)
2026-10-09T02:25:58.4932537Z   matcher 0.12.19 (0.12.20 available)
2026-10-09T02:25:58.4932701Z   material_color_utilities 0.13.0 (0.13.1 available)
2026-10-09T02:25:58.4932867Z   meta 1.18.0 (1.19.0 available)
2026-10-09T02:25:58.4933072Z   stack_trace 1.12.1 (1.12.2 available)
2026-10-09T02:25:58.4933240Z   test_api 0.7.11 (0.7.15 available)
2026-10-09T02:25:58.4933412Z   vector_math 2.2.0 (2.4.3 available)
2026-10-09T02:25:58.4933548Z   vm_service 15.2.0 (15.3.0 available)
2026-10-09T02:25:58.4933687Z Got dependencies!
2026-10-09T02:25:58.4934300Z 9 packages have newer versions incompatible with dependency constraints.
2026-10-09T02:25:58.4934522Z Try `flutter pub outdated` for more information.
2026-10-09T02:25:58.8702116Z 
2026-10-09T02:26:04.2709198Z ##[group]✅ exibe a mensagem inicial
2026-10-09T02:26:04.2709553Z -------------------------------------------------------------------------------
2026-10-09T02:26:04.2714523Z The Shorebird Updater is unavailable in the current environment.
2026-10-09T02:26:04.2714830Z -------------------------------------------------------------------------------
2026-10-09T02:26:04.2715097Z This occurs when using pkg:shorebird_code_push in an app that does not
2026-10-09T02:26:04.2715343Z contain the Shorebird Engine. Most commonly this is due to building with
2026-10-09T02:26:04.2717848Z `flutter build` or `flutter run` instead of `shorebird release` or `shorebird preview`.
2026-10-09T02:26:04.2718285Z It can also occur when running on an unsupported platform (e.g. web).
2026-10-09T02:26:04.2718496Z 
2026-10-09T02:26:04.2718650Z -------------------------------------------------------------------------------
2026-10-09T02:26:04.2718981Z The Shorebird Updater is unavailable in the current environment.
2026-10-09T02:26:04.2719302Z -------------------------------------------------------------------------------
2026-10-09T02:26:04.2719646Z This occurs when using pkg:shorebird_code_push in an app that does not
2026-10-09T02:26:04.2720017Z contain the Shorebird Engine. Most commonly this is due to building with
2026-10-09T02:26:04.2720420Z `flutter build` or `flutter run` instead of `shorebird release` or `shorebird preview`.
2026-10-09T02:26:04.2720797Z It can also occur when running on an unsupported platform (e.g. web).
2026-10-09T02:26:04.2721009Z 
2026-10-09T02:26:04.2721245Z ##[endgroup]
2026-10-09T02:26:04.4189210Z ##[group]✅ inicia claro e ignora mudanças do tema do sistema
2026-10-09T02:26:04.4189605Z -------------------------------------------------------------------------------
2026-10-09T02:26:04.4190024Z The Shorebird Updater is unavailable in the current environment.
2026-10-09T02:26:04.4190374Z -------------------------------------------------------------------------------
2026-10-09T02:26:04.4190736Z This occurs when using pkg:shorebird_code_push in an app that does not
2026-10-09T02:26:04.4191012Z contain the Shorebird Engine. Most commonly this is due to building with
2026-10-09T02:26:04.4191281Z `flutter build` or `flutter run` instead of `shorebird release` or `shorebird preview`.
2026-10-09T02:26:04.4191541Z It can also occur when running on an unsupported platform (e.g. web).
2026-10-09T02:26:04.4191685Z 
2026-10-09T02:26:04.4191773Z -------------------------------------------------------------------------------
2026-10-09T02:26:04.4191994Z The Shorebird Updater is unavailable in the current environment.
2026-10-09T02:26:04.4192731Z -------------------------------------------------------------------------------
2026-10-09T02:26:04.4192955Z This occurs when using pkg:shorebird_code_push in an app that does not
2026-10-09T02:26:04.4193192Z contain the Shorebird Engine. Most commonly this is due to building with
2026-10-09T02:26:04.4193446Z `flutter build` or `flutter run` instead of `shorebird release` or `shorebird preview`.
2026-10-09T02:26:04.4193694Z It can also occur when running on an unsupported platform (e.g. web).
2026-10-09T02:26:04.4193830Z 
2026-10-09T02:26:04.4194053Z ##[endgroup]
2026-10-09T02:26:04.5352434Z ##[group]✅ alterna pelo botão e reinicia claro sem persistir a escolha
2026-10-09T02:26:04.5352932Z -------------------------------------------------------------------------------
2026-10-09T02:26:04.5353287Z The Shorebird Updater is unavailable in the current environment.
2026-10-09T02:26:04.5353621Z -------------------------------------------------------------------------------
2026-10-09T02:26:04.5354014Z This occurs when using pkg:shorebird_code_push in an app that does not
2026-10-09T02:26:04.5354382Z contain the Shorebird Engine. Most commonly this is due to building with
2026-10-09T02:26:04.5355317Z `flutter build` or `flutter run` instead of `shorebird release` or `shorebird preview`.
2026-10-09T02:26:04.5355740Z It can also occur when running on an unsupported platform (e.g. web).
2026-10-09T02:26:04.5355966Z 
2026-10-09T02:26:04.5356102Z -------------------------------------------------------------------------------
2026-10-09T02:26:04.5356468Z The Shorebird Updater is unavailable in the current environment.
2026-10-09T02:26:04.5356918Z -------------------------------------------------------------------------------
2026-10-09T02:26:04.5357273Z This occurs when using pkg:shorebird_code_push in an app that does not
2026-10-09T02:26:04.5357648Z contain the Shorebird Engine. Most commonly this is due to building with
2026-10-09T02:26:04.5358061Z `flutter build` or `flutter run` instead of `shorebird release` or `shorebird preview`.
2026-10-09T02:26:04.5358507Z It can also occur when running on an unsupported platform (e.g. web).
2026-10-09T02:26:04.5358726Z 
2026-10-09T02:26:04.5358864Z -------------------------------------------------------------------------------
2026-10-09T02:26:04.5359205Z The Shorebird Updater is unavailable in the current environment.
2026-10-09T02:26:04.5359544Z -------------------------------------------------------------------------------
2026-10-09T02:26:04.5359814Z This occurs when using pkg:shorebird_code_push in an app that does not
2026-10-09T02:26:04.5360051Z contain the Shorebird Engine. Most commonly this is due to building with
2026-10-09T02:26:04.5360308Z `flutter build` or `flutter run` instead of `shorebird release` or `shorebird preview`.
2026-10-09T02:26:04.5360554Z It can also occur when running on an unsupported platform (e.g. web).
2026-10-09T02:26:04.5360691Z 
2026-10-09T02:26:04.5360788Z -------------------------------------------------------------------------------
2026-10-09T02:26:04.5361008Z The Shorebird Updater is unavailable in the current environment.
2026-10-09T02:26:04.5361223Z -------------------------------------------------------------------------------
2026-10-09T02:26:04.5361444Z This occurs when using pkg:shorebird_code_push in an app that does not
2026-10-09T02:26:04.5361674Z contain the Shorebird Engine. Most commonly this is due to building with
2026-10-09T02:26:04.5361927Z `flutter build` or `flutter run` instead of `shorebird release` or `shorebird preview`.
2026-10-09T02:26:04.5362171Z It can also occur when running on an unsupported platform (e.g. web).
2026-10-09T02:26:04.5362307Z 
2026-10-09T02:26:04.5362483Z ##[endgroup]
2026-10-09T02:26:04.6651983Z ##[group]✅ aviso de atualização acompanha as cores do tema escuro
2026-10-09T02:26:04.6652403Z -------------------------------------------------------------------------------
2026-10-09T02:26:04.6652756Z The Shorebird Updater is unavailable in the current environment.
2026-10-09T02:26:04.6653594Z -------------------------------------------------------------------------------
2026-10-09T02:26:04.6653934Z This occurs when using pkg:shorebird_code_push in an app that does not
2026-10-09T02:26:04.6654331Z contain the Shorebird Engine. Most commonly this is due to building with
2026-10-09T02:26:04.6654738Z `flutter build` or `flutter run` instead of `shorebird release` or `shorebird preview`.
2026-10-09T02:26:04.6655129Z It can also occur when running on an unsupported platform (e.g. web).
2026-10-09T02:26:04.6655343Z 
2026-10-09T02:26:04.6655479Z -------------------------------------------------------------------------------
2026-10-09T02:26:04.6655821Z The Shorebird Updater is unavailable in the current environment.
2026-10-09T02:26:04.6656155Z -------------------------------------------------------------------------------
2026-10-09T02:26:04.6656504Z This occurs when using pkg:shorebird_code_push in an app that does not
2026-10-09T02:26:04.6657057Z contain the Shorebird Engine. Most commonly this is due to building with
2026-10-09T02:26:04.6657325Z `flutter build` or `flutter run` instead of `shorebird release` or `shorebird preview`.
2026-10-09T02:26:04.6657724Z It can also occur when running on an unsupported platform (e.g. web).
2026-10-09T02:26:04.6657861Z 
2026-10-09T02:26:04.6658044Z ##[endgroup]
2026-10-09T02:26:04.7098656Z ##[group]✅ botão de tema funciona em tela estreita
2026-10-09T02:26:04.7099045Z -------------------------------------------------------------------------------
2026-10-09T02:26:04.7099413Z The Shorebird Updater is unavailable in the current environment.
2026-10-09T02:26:04.7099765Z -------------------------------------------------------------------------------
2026-10-09T02:26:04.7100128Z This occurs when using pkg:shorebird_code_push in an app that does not
2026-10-09T02:26:04.7100441Z contain the Shorebird Engine. Most commonly this is due to building with
2026-10-09T02:26:04.7100709Z `flutter build` or `flutter run` instead of `shorebird release` or `shorebird preview`.
2026-10-09T02:26:04.7101129Z It can also occur when running on an unsupported platform (e.g. web).
2026-10-09T02:26:04.7101270Z 
2026-10-09T02:26:04.7101377Z -------------------------------------------------------------------------------
2026-10-09T02:26:04.7101595Z The Shorebird Updater is unavailable in the current environment.
2026-10-09T02:26:04.7101808Z -------------------------------------------------------------------------------
2026-10-09T02:26:04.7102030Z This occurs when using pkg:shorebird_code_push in an app that does not
2026-10-09T02:26:04.7102264Z contain the Shorebird Engine. Most commonly this is due to building with
2026-10-09T02:26:04.7102519Z `flutter build` or `flutter run` instead of `shorebird release` or `shorebird preview`.
2026-10-09T02:26:04.7102795Z It can also occur when running on an unsupported platform (e.g. web).
2026-10-09T02:26:04.7102927Z 
2026-10-09T02:26:04.7103071Z ##[endgroup]
2026-10-09T02:26:04.7274925Z 
2026-10-09T02:26:04.7279139Z 🎉 5 tests passed.
2026-10-09T02:26:04.7803556Z ##[group]Run python3 -m unittest discover -s tests/delivery -v
2026-10-09T02:26:04.7803811Z [36;1mpython3 -m unittest discover -s tests/delivery -v[0m
2026-10-09T02:26:04.7855910Z shell: /usr/bin/bash -e {0}
2026-10-09T02:26:04.7856050Z ##[endgroup]
2026-10-09T02:26:05.1256399Z test_ai_failure_timeout_or_no_credit_use_commits_instead_of_pr_sections (test_changelog_summary.FrozenCommunicationTests.test_ai_failure_timeout_or_no_credit_use_commits_instead_of_pr_sections) ... ok
2026-10-09T02:26:05.1267363Z test_cli_writes_copies_and_does_not_modify_source_report (test_changelog_summary.FrozenCommunicationTests.test_cli_writes_copies_and_does_not_modify_source_report) ... ok
2026-10-09T02:26:05.1269293Z test_context_from_other_rc_or_changed_commit_interval_is_refused (test_changelog_summary.FrozenCommunicationTests.test_context_from_other_rc_or_changed_commit_interval_is_refused) ... ok
2026-10-09T02:26:05.1270339Z test_duplicate_sources_or_invalid_url_fail (test_changelog_summary.FrozenCommunicationTests.test_duplicate_sources_or_invalid_url_fail) ... ok
2026-10-09T02:26:05.1294484Z test_explicit_pr_sections_are_copied_without_technical_section (test_changelog_summary.FrozenCommunicationTests.test_explicit_pr_sections_are_copied_without_technical_section) ... ok
2026-10-09T02:26:05.1295514Z test_fractional_seconds_do_not_make_late_ai_result_look_early (test_changelog_summary.FrozenCommunicationTests.test_fractional_seconds_do_not_make_late_ai_result_look_early) ... ok
2026-10-09T02:26:05.1296991Z test_frozen_selection_cannot_be_replaced_without_hash_change (test_changelog_summary.FrozenCommunicationTests.test_frozen_selection_cannot_be_replaced_without_hash_change) ... ok
2026-10-09T02:26:05.1298017Z test_late_result_is_evidence_only_even_if_it_arrives_during_revision (test_changelog_summary.FrozenCommunicationTests.test_late_result_is_evidence_only_even_if_it_arrives_during_revision) ... ok
2026-10-09T02:26:05.1323021Z test_legitimate_long_or_control_character_commit_history_never_blocks_freeze (test_changelog_summary.FrozenCommunicationTests.test_legitimate_long_or_control_character_commit_history_never_blocks_freeze) ... ok
2026-10-09T02:26:05.1328505Z test_long_commit_history_is_bounded_and_links_back_to_full_report (test_changelog_summary.FrozenCommunicationTests.test_long_commit_history_is_bounded_and_links_back_to_full_report) ... ok
2026-10-09T02:26:05.1330332Z test_missing_timestamp_invalid_sources_or_metadata_are_fallback (test_changelog_summary.FrozenCommunicationTests.test_missing_timestamp_invalid_sources_or_metadata_are_fallback) ... ok
2026-10-09T02:26:05.1331243Z test_no_context_is_immediate_commit_fallback (test_changelog_summary.FrozenCommunicationTests.test_no_context_is_immediate_commit_fallback) ... ok
2026-10-09T02:26:05.1332036Z test_old_rc_result_never_attaches_to_new_rc (test_changelog_summary.FrozenCommunicationTests.test_old_rc_result_never_attaches_to_new_rc) ... ok
2026-10-09T02:26:05.1335782Z test_oversized_pr_sections_fall_back_without_dropping_limitations (test_changelog_summary.FrozenCommunicationTests.test_oversized_pr_sections_fall_back_without_dropping_limitations) ... ok
2026-10-09T02:26:05.1336760Z test_source_edit_after_collect_does_not_mutate_snapshot (test_changelog_summary.FrozenCommunicationTests.test_source_edit_after_collect_does_not_mutate_snapshot) ... ok
2026-10-09T02:26:05.1337781Z test_tampered_source_description_fails_hash_verification (test_changelog_summary.FrozenCommunicationTests.test_tampered_source_description_fails_hash_verification) ... ok
2026-10-09T02:26:05.1338719Z test_technical_title_is_not_rewritten_as_a_product_claim (test_changelog_summary.FrozenCommunicationTests.test_technical_title_is_not_rewritten_as_a_product_claim) ... ok
2026-10-09T02:26:05.1339729Z test_valid_result_requires_exact_identity_sources_and_provider_metadata (test_changelog_summary.FrozenCommunicationTests.test_valid_result_requires_exact_identity_sources_and_provider_metadata) ... ok
2026-10-09T02:26:05.1359320Z test_available_context_read_is_bounded_and_linked_to_same_run (test_changelog_summary.OpportunisticArtifactTests.test_available_context_read_is_bounded_and_linked_to_same_run) ... ok
2026-10-09T02:26:05.1364555Z test_different_run_or_expired_or_oversized_metadata_prevent_download (test_changelog_summary.OpportunisticArtifactTests.test_different_run_or_expired_or_oversized_metadata_prevent_download) ... ok
2026-10-09T02:26:05.1365556Z test_missing_artifact_never_polls_or_downloads (test_changelog_summary.OpportunisticArtifactTests.test_missing_artifact_never_polls_or_downloads) ... ok
2026-10-09T02:26:05.1366490Z test_request_cannot_select_another_artifact_or_unbounded_timeout (test_changelog_summary.OpportunisticArtifactTests.test_request_cannot_select_another_artifact_or_unbounded_timeout) ... ok
2026-10-09T02:26:05.1367536Z test_timeout_is_fallback_not_delivery_exception (test_changelog_summary.OpportunisticArtifactTests.test_timeout_is_fallback_not_delivery_exception) ... ok
2026-10-09T02:26:05.1380404Z test_traversal_duplicate_context_or_zip_bomb_are_refused_without_extracting (test_changelog_summary.OpportunisticArtifactTests.test_traversal_duplicate_context_or_zip_bomb_are_refused_without_extracting) ... ok
2026-10-09T02:26:05.1383033Z test_api_timeout_preserves_commits_without_retaining_token_stderr (test_changelog_summary.OptionalCollectionTests.test_api_timeout_preserves_commits_without_retaining_token_stderr) ... ok
2026-10-09T02:26:05.1393924Z test_cli_collector_writes_context_without_touching_candidate (test_changelog_summary.OptionalCollectionTests.test_cli_collector_writes_context_without_touching_candidate) ... ok
2026-10-09T02:26:05.1397712Z test_collector_enforces_total_budget_without_waiting_for_other_commits (test_changelog_summary.OptionalCollectionTests.test_collector_enforces_total_budget_without_waiting_for_other_commits) ... ok
2026-10-09T02:26:05.1400265Z test_collects_only_merged_pr_in_exact_commit_interval (test_changelog_summary.OptionalCollectionTests.test_collects_only_merged_pr_in_exact_commit_interval) ... ok
2026-10-09T02:26:05.1407374Z test_existing_capture_never_overwritten (test_collect_evidence.CollectorTests.test_existing_capture_never_overwritten) ... ok
2026-10-09T02:26:05.1413608Z test_log_error_keeps_bytes_and_marks_partial (test_collect_evidence.CollectorTests.test_log_error_keeps_bytes_and_marks_partial) ... ok
2026-10-09T02:26:05.1419959Z test_original_failure_and_ansi_preserved_without_claiming_scenario_pass (test_collect_evidence.CollectorTests.test_original_failure_and_ansi_preserved_without_claiming_scenario_pass) ... ok
2026-10-09T02:26:05.1421221Z test_other_repository_or_non_numeric_run_refused_before_io (test_collect_evidence.CollectorTests.test_other_repository_or_non_numeric_run_refused_before_io) ... ok
2026-10-09T02:26:05.1426201Z test_pending_job_not_queried_for_unavailable_log (test_collect_evidence.CollectorTests.test_pending_job_not_queried_for_unavailable_log) ... ok
2026-10-09T02:26:05.1474974Z test_admin_bypass_divergence_remains_blocked_without_overwriting (test_configure_release_lab.ConfigureIdempotenceTests.test_admin_bypass_divergence_remains_blocked_without_overwriting) ... ok
2026-10-09T02:26:05.1507479Z test_real_required_review_count_divergence_remains_blocked_without_overwriting (test_configure_release_lab.ConfigureIdempotenceTests.test_real_required_review_count_divergence_remains_blocked_without_overwriting) ... ok
2026-10-09T02:26:05.1530828Z test_repeated_configuration_accepts_safe_github_defaults_without_creating_more_rulesets (test_configure_release_lab.ConfigureIdempotenceTests.test_repeated_configuration_accepts_safe_github_defaults_without_creating_more_rulesets) ... ok
2026-10-09T02:26:05.1562666Z test_unexpected_required_reviewer_defaults_are_not_silently_ignored (test_configure_release_lab.ConfigureIdempotenceTests.test_unexpected_required_reviewer_defaults_are_not_silently_ignored) ... ok
2026-10-09T02:26:05.1583112Z test_unsafe_extra_approval_default_is_not_treated_as_safe_normalization (test_configure_release_lab.ConfigureIdempotenceTests.test_unsafe_extra_approval_default_is_not_treated_as_safe_normalization) ... ok
2026-10-09T02:26:05.5648312Z test_creates_one_verified_object_and_ref_with_owner_audit_without_state_writes (test_create_lab_tag.CreateLabTagTests.test_creates_one_verified_object_and_ref_with_owner_audit_without_state_writes) ... ok
2026-10-09T02:26:05.9123240Z test_existing_exact_tag_is_read_only_idempotent (test_create_lab_tag.CreateLabTagTests.test_existing_exact_tag_is_read_only_idempotent) ... ok
2026-10-09T02:26:06.6481831Z test_existing_wrong_tag_is_never_replaced (test_create_lab_tag.CreateLabTagTests.test_existing_wrong_tag_is_never_replaced) ... ok
2026-10-09T02:26:07.0807208Z test_lost_ref_reply_manual_get_confirms_existing_tag_without_another_post (test_create_lab_tag.CreateLabTagTests.test_lost_ref_reply_manual_get_confirms_existing_tag_without_another_post) ... ok
2026-10-09T02:26:07.3131618Z test_lost_tag_object_reply_preserves_uncertainty_without_creating_ref_or_retry (test_create_lab_tag.CreateLabTagTests.test_lost_tag_object_reply_preserves_uncertainty_without_creating_ref_or_retry) ... ok
2026-10-09T02:26:08.6555294Z test_spec_cannot_substitute_another_manifest_hash (test_create_lab_tag.CreateLabTagTests.test_spec_cannot_substitute_another_manifest_hash) ... ok
2026-10-09T02:26:08.9814830Z test_tampered_source_message_ref_identity_and_extra_field_never_mutate (test_create_lab_tag.CreateLabTagTests.test_tampered_source_message_ref_identity_and_extra_field_never_mutate) ... ok
2026-10-09T02:26:09.2345039Z test_unprotected_namespace_blocks_before_any_post (test_create_lab_tag.CreateLabTagTests.test_unprotected_namespace_blocks_before_any_post) ... ok
2026-10-09T02:26:09.5329466Z test_user_api_error_is_sanitized_and_never_echoes_cli_stderr (test_create_lab_tag.CreateLabTagTests.test_user_api_error_is_sanitized_and_never_echoes_cli_stderr) ... ok
2026-10-09T02:26:09.7461262Z test_wrong_owner_login_or_id_and_actions_identity_are_rejected (test_create_lab_tag.CreateLabTagTests.test_wrong_owner_login_or_id_and_actions_identity_are_rejected) ... ok
2026-10-09T02:26:09.9713998Z test_wrong_tag_object_reply_blocks_ref_and_keeps_uncertain_checkpoint (test_create_lab_tag.CreateLabTagTests.test_wrong_tag_object_reply_blocks_ref_and_keeps_uncertain_checkpoint) ... ok
2026-10-09T02:26:09.9739977Z test_legacy_signature_and_first_baseline_remain_supported (test_github_candidate.CandidateTests.test_legacy_signature_and_first_baseline_remain_supported) ... ok
2026-10-09T02:26:09.9742812Z test_missing_baseline_and_invalid_delivery_reject_without_remote_access (test_github_candidate.CandidateTests.test_missing_baseline_and_invalid_delivery_reject_without_remote_access) ... ok
2026-10-09T02:26:09.9766009Z test_namespace_rules_are_required_before_any_mutation (test_github_candidate.CandidateTests.test_namespace_rules_are_required_before_any_mutation) ... ok
2026-10-09T02:26:09.9772561Z test_neutral_rc_and_release_branch_bind_exact_snapshot (test_github_candidate.CandidateTests.test_neutral_rc_and_release_branch_bind_exact_snapshot) ... ok
2026-10-09T02:26:09.9778563Z test_open_candidate_blocks_new_rc_without_mutations (test_github_candidate.CandidateTests.test_open_candidate_blocks_new_rc_without_mutations) ... ok
2026-10-09T02:26:09.9785526Z test_rc2_fixes_release_without_using_new_main_or_rc1_as_baseline (test_github_candidate.CandidateTests.test_rc2_fixes_release_without_using_new_main_or_rc1_as_baseline) ... ok
2026-10-09T02:26:09.9789430Z test_unrelated_release_snapshot_cannot_force_push (test_github_candidate.CandidateTests.test_unrelated_release_snapshot_cannot_force_push) ... ok
2026-10-09T02:26:09.9791875Z test_adds_neutral_rule_without_replacing_legacy_or_weakening_two_reviews (test_github_candidate.ConfigureTests.test_adds_neutral_rule_without_replacing_legacy_or_weakening_two_reviews) ... ok
2026-10-09T02:26:09.9793878Z test_conflicting_existing_rule_causes_no_mutations (test_github_candidate.ConfigureTests.test_conflicting_existing_rule_causes_no_mutations) ... ok
2026-10-09T02:26:09.9800505Z test_delivery_identity_mismatch_rejects_before_tag_read (test_github_candidate.InspectTests.test_delivery_identity_mismatch_rejects_before_tag_read) ... ok
2026-10-09T02:26:09.9805109Z test_neutral_manifest_preserves_real_review_gate_and_fixed_snapshot (test_github_candidate.InspectTests.test_neutral_manifest_preserves_real_review_gate_and_fixed_snapshot) ... ok
2026-10-09T02:26:09.9809351Z test_original_snapshot_cannot_replace_corrected_snapshot (test_github_candidate.InspectTests.test_original_snapshot_cannot_replace_corrected_snapshot) ... ok
2026-10-09T02:26:09.9812815Z test_old_rc_cannot_publish_after_newer_tag_exists (test_github_candidate.RealApprovalBoundaryTests.test_old_rc_cannot_publish_after_newer_tag_exists) ... ok
2026-10-09T02:26:09.9821180Z test_rc_created_during_asset_upload_leaves_release_in_draft (test_github_candidate.RealApprovalBoundaryTests.test_rc_created_during_asset_upload_leaves_release_in_draft) ... ok
2026-10-09T02:26:09.9822287Z test_simulated_required_names_do_not_count_as_real_reviews (test_github_candidate.RealApprovalBoundaryTests.test_simulated_required_names_do_not_count_as_real_reviews) ... ok
2026-10-09T02:26:09.9823448Z test_two_reviews_only_release_the_manual_command (test_github_candidate.RealApprovalBoundaryTests.test_two_reviews_only_release_the_manual_command) ... ok
2026-10-09T02:26:10.2545265Z test_asset_id_drift_after_effect_prevents_success_confirmation (test_github_lab_promote.GitHubLabPromoteTests.test_asset_id_drift_after_effect_prevents_success_confirmation) ... ok
2026-10-09T02:26:10.5541521Z test_asset_id_replaced_before_patch_fails_even_with_identical_digest (test_github_lab_promote.GitHubLabPromoteTests.test_asset_id_replaced_before_patch_fails_even_with_identical_digest) ... ok
2026-10-09T02:26:10.8544177Z test_comment_identity_and_dates_cannot_claim_other_issue (test_github_lab_promote.GitHubLabPromoteTests.test_comment_identity_and_dates_cannot_claim_other_issue) ... ok
2026-10-09T02:26:11.1625328Z test_comment_pagination_limit_duplicate_ids_and_invalid_ids_fail_closed (test_github_lab_promote.GitHubLabPromoteTests.test_comment_pagination_limit_duplicate_ids_and_invalid_ids_fail_closed) ... ok
2026-10-09T02:26:11.4383242Z test_deleted_selected_approval_is_not_accepted (test_github_lab_promote.GitHubLabPromoteTests.test_deleted_selected_approval_is_not_accepted) ... ok
2026-10-09T02:26:11.7218357Z test_edited_latest_command_invalidates_earlier_approval (test_github_lab_promote.GitHubLabPromoteTests.test_edited_latest_command_invalidates_earlier_approval) ... ok
2026-10-09T02:26:12.0903346Z test_harmless_download_count_changes_do_not_block_promotion (test_github_lab_promote.GitHubLabPromoteTests.test_harmless_download_count_changes_do_not_block_promotion) ... ok
2026-10-09T02:26:12.5002283Z test_issue_must_be_open_owner_assigned_exact_record_and_not_a_pr (test_github_lab_promote.GitHubLabPromoteTests.test_issue_must_be_open_owner_assigned_exact_record_and_not_a_pr) ... ok
2026-10-09T02:26:12.8203581Z test_latest_owner_decisive_comment_wins_by_id (test_github_lab_promote.GitHubLabPromoteTests.test_latest_owner_decisive_comment_wins_by_id) ... ok
2026-10-09T02:26:13.1368838Z test_missing_draft_changed_release_tag_or_asset_is_blocked (test_github_lab_promote.GitHubLabPromoteTests.test_missing_draft_changed_release_tag_or_asset_is_blocked) ... ok
2026-10-09T02:26:13.4176218Z test_newer_edited_owner_comment_cannot_resurrect_older_approval (test_github_lab_promote.GitHubLabPromoteTests.test_newer_edited_owner_comment_cannot_resurrect_older_approval) ... ok
2026-10-09T02:26:13.7917303Z test_old_owner_comment_edited_after_approval_requires_new_decision (test_github_lab_promote.GitHubLabPromoteTests.test_old_owner_comment_edited_after_approval_requires_new_decision) ... ok
2026-10-09T02:26:14.1109895Z test_only_exact_owner_user_command_without_simulation_counts (test_github_lab_promote.GitHubLabPromoteTests.test_only_exact_owner_user_command_without_simulation_counts) ... ok
2026-10-09T02:26:14.5158629Z test_owner_workflow_branch_and_actor_numeric_id_required (test_github_lab_promote.GitHubLabPromoteTests.test_owner_workflow_branch_and_actor_numeric_id_required) ... ok
2026-10-09T02:26:15.0537823Z test_plan_after_revocation_reports_stable_history_without_rewriting (test_github_lab_promote.GitHubLabPromoteTests.test_plan_after_revocation_reports_stable_history_without_rewriting) ... ok
2026-10-09T02:26:15.4500770Z test_plan_without_approval_is_read_only_and_awaits_real_issue_review (test_github_lab_promote.GitHubLabPromoteTests.test_plan_without_approval_is_read_only_and_awaits_real_issue_review) ... ok
2026-10-09T02:26:16.2660776Z test_promotion_preserves_same_id_tag_source_asset_ids_and_bytes (test_github_lab_promote.GitHubLabPromoteTests.test_promotion_preserves_same_id_tag_source_asset_ids_and_bytes) ... ok
2026-10-09T02:26:16.7346748Z test_repeat_after_promotion_verifies_same_receipt_without_remote_writes (test_github_lab_promote.GitHubLabPromoteTests.test_repeat_after_promotion_verifies_same_receipt_without_remote_writes) ... ok
2026-10-09T02:26:17.0480437Z test_review_revoke_or_issue_edit_during_recheck_blocks_only_patch (test_github_lab_promote.GitHubLabPromoteTests.test_review_revoke_or_issue_edit_during_recheck_blocks_only_patch) ... ok
2026-10-09T02:26:17.3787800Z test_revoked_candidate_during_recheck_blocks_promotion (test_github_lab_promote.GitHubLabPromoteTests.test_revoked_candidate_during_recheck_blocks_promotion) ... ok
2026-10-09T02:26:17.7517447Z test_uncertain_promotion_reply_recovers_on_next_manual_run_without_retry (test_github_lab_promote.GitHubLabPromoteTests.test_uncertain_promotion_reply_recovers_on_next_manual_run_without_retry) ... ok
2026-10-09T02:26:18.0477875Z test_wrong_manifest_hash_never_promotes (test_github_lab_promote.GitHubLabPromoteTests.test_wrong_manifest_hash_never_promotes) ... ok
2026-10-09T02:26:18.3443161Z test_ambiguous_upload_is_not_retried_and_manual_run_recovers_same_draft (test_github_lab_release.GitHubLabReleaseTests.test_ambiguous_upload_is_not_retried_and_manual_run_recovers_same_draft) ... ok
2026-10-09T02:26:18.6333346Z test_lost_publication_reply_preserves_checkpoint_then_manual_read_confirms (test_github_lab_release.GitHubLabReleaseTests.test_lost_publication_reply_preserves_checkpoint_then_manual_read_confirms) ... ok
2026-10-09T02:26:18.8973676Z test_owner_repository_main_workflow_and_triggering_identity_gates (test_github_lab_release.GitHubLabReleaseTests.test_owner_repository_main_workflow_and_triggering_identity_gates) ... ok
2026-10-09T02:26:19.1089472Z test_plan_has_no_effects_or_database_assets_and_labels_two_simulated_zero_real (test_github_lab_release.GitHubLabReleaseTests.test_plan_has_no_effects_or_database_assets_and_labels_two_simulated_zero_real) ... ok
2026-10-09T02:26:19.4379433Z test_publish_draft_uploads_confirmed_assets_then_records_prerelease (test_github_lab_release.GitHubLabReleaseTests.test_publish_draft_uploads_confirmed_assets_then_records_prerelease) ... ok
2026-10-09T02:26:19.7336962Z test_publish_requires_existing_owner_tag_and_existing_protection (test_github_lab_release.GitHubLabReleaseTests.test_publish_requires_existing_owner_tag_and_existing_protection) ... ok
2026-10-09T02:26:20.0382506Z test_published_matching_identity_is_read_only_idempotent_across_runs (test_github_lab_release.GitHubLabReleaseTests.test_published_matching_identity_is_read_only_idempotent_across_runs) ... ok
2026-10-09T02:26:21.1541953Z test_real_gh_stdin_upload_requires_explicit_byte_length_and_preserves_bytes (test_github_lab_release.GitHubLabReleaseTests.test_real_gh_stdin_upload_requires_explicit_byte_length_and_preserves_bytes) ... ok
2026-10-09T02:26:21.4864968Z test_revocation_during_upload_keeps_draft_unpublished (test_github_lab_release.GitHubLabReleaseTests.test_revocation_during_upload_keeps_draft_unpublished) ... ok
2026-10-09T02:26:21.7563324Z test_unsafe_zip_or_wrong_zip_bytes_are_rejected_before_release_creation (test_github_lab_release.GitHubLabReleaseTests.test_unsafe_zip_or_wrong_zip_bytes_are_rejected_before_release_creation) ... ok
2026-10-09T02:26:22.0412857Z test_upload_uses_absolute_github_uploads_url_and_sanitizes_cli_errors (test_github_lab_release.GitHubLabReleaseTests.test_upload_uses_absolute_github_uploads_url_and_sanitizes_cli_errors) ... ok
2026-10-09T02:26:22.3425470Z test_wrong_existing_draft_asset_fails_without_overwrite_or_delete (test_github_lab_release.GitHubLabReleaseTests.test_wrong_existing_draft_asset_fails_without_overwrite_or_delete) ... ok
2026-10-09T02:26:22.6397497Z test_wrong_manifest_hash_source_tree_and_missing_simulated_approval_fail (test_github_lab_release.GitHubLabReleaseTests.test_wrong_manifest_hash_source_tree_and_missing_simulated_approval_fail) ... ok
2026-10-09T02:26:22.9556682Z test_wrong_tag_source_or_annotation_is_never_overwritten (test_github_lab_release.GitHubLabReleaseTests.test_wrong_tag_source_or_annotation_is_never_overwritten) ... ok
2026-10-09T02:26:23.3755187Z test_abandon_refuses_confirmed_or_unknown_effect_in_same_provider (test_lab_engine.LaboratoryTests.test_abandon_refuses_confirmed_or_unknown_effect_in_same_provider) ... ok
2026-10-09T02:26:23.7790654Z test_audit_history_and_manifests_are_immutable_and_seed_cannot_reset_production (test_lab_engine.LaboratoryTests.test_audit_history_and_manifests_are_immutable_and_seed_cannot_reset_production) ... ok
2026-10-09T02:26:24.8197777Z test_concurrent_preparations_leave_exactly_one_active_candidate (test_lab_engine.LaboratoryTests.test_concurrent_preparations_leave_exactly_one_active_candidate) ... ok
2026-10-09T02:26:25.4385731Z test_failure_after_effect_but_before_receipt_record_is_reconciled (test_lab_engine.LaboratoryTests.test_failure_after_effect_but_before_receipt_record_is_reconciled) ... ok
2026-10-09T02:26:25.7803717Z test_final_command_does_not_follow_advanced_branch_and_is_repeatable (test_lab_engine.LaboratoryTests.test_final_command_does_not_follow_advanced_branch_and_is_repeatable) ... ok
2026-10-09T02:26:26.0962858Z test_missing_base_evidence_and_native_change_block_publication (test_lab_engine.LaboratoryTests.test_missing_base_evidence_and_native_change_block_publication) ... ok
2026-10-09T02:26:26.4370930Z test_provider_warning_blocks_and_never_falls_back_to_store (test_lab_engine.LaboratoryTests.test_provider_warning_blocks_and_never_falls_back_to_store) ... ok
2026-10-09T02:26:26.9641305Z test_queue_revisions_replace_queued_rc_and_old_production_requires_new_rc (test_lab_engine.LaboratoryTests.test_queue_revisions_replace_queued_rc_and_old_production_requires_new_rc) ... ok
2026-10-09T02:26:27.2232267Z test_recovery_cannot_switch_provider_to_claim_no_effects_or_repeat (test_lab_engine.LaboratoryTests.test_recovery_cannot_switch_provider_to_claim_no_effects_or_repeat) ... ok
2026-10-09T02:26:27.6117976Z test_reopened_database_preserves_roles_gate_and_explicit_final_command (test_lab_engine.LaboratoryTests.test_reopened_database_preserves_roles_gate_and_explicit_final_command) ... ok
2026-10-09T02:26:27.8234499Z test_request_ids_are_idempotent_and_payload_bound (test_lab_engine.LaboratoryTests.test_request_ids_are_idempotent_and_payload_bound) ... ok
2026-10-09T02:26:28.0895189Z test_revision_invalidates_old_hash_and_zeroes_approvals (test_lab_engine.LaboratoryTests.test_revision_invalidates_old_hash_and_zeroes_approvals) ... ok
2026-10-09T02:26:28.4372365Z test_source_older_than_confirmed_production_is_rejected (test_lab_engine.LaboratoryTests.test_source_older_than_confirmed_production_is_rejected) ... ok
2026-10-09T02:26:28.6656605Z test_tampered_preview_wrong_identity_and_destination_reduction_block (test_lab_engine.LaboratoryTests.test_tampered_preview_wrong_identity_and_destination_reduction_block) ... ok
2026-10-09T02:26:29.0392056Z test_timeout_requires_lookup_before_resume_and_does_not_duplicate (test_lab_engine.LaboratoryTests.test_timeout_requires_lookup_before_resume_and_does_not_duplicate) ... ok
2026-10-09T02:26:29.4361788Z test_two_publishers_cannot_run_and_revocation_stops_remaining_destinations (test_lab_engine.LaboratoryTests.test_two_publishers_cannot_run_and_revocation_stops_remaining_destinations) ... ok
2026-10-09T02:26:29.7911668Z test_urgency_is_blocked_until_partial_result_is_reconciled (test_lab_engine.LaboratoryTests.test_urgency_is_blocked_until_partial_result_is_reconciled) ... ok
2026-10-09T02:26:30.2470166Z test_urgent_fix_excludes_main_features_then_reintegration_gets_new_approvals (test_lab_engine.LaboratoryTests.test_urgent_fix_excludes_main_features_then_reintegration_gets_new_approvals) ... ok
2026-10-09T02:26:30.2488082Z test_android_packages_exact_snapshot_and_records_no_distribution_or_patch (test_mobile_build.MobileBuildTests.test_android_packages_exact_snapshot_and_records_no_distribution_or_patch) ... ok
2026-10-09T02:26:30.2498322Z test_build_cannot_package_artifact_left_by_prior_attempt (test_mobile_build.MobileBuildTests.test_build_cannot_package_artifact_left_by_prior_attempt) ... ok
2026-10-09T02:26:30.2499937Z test_build_flags_are_fixed_and_defines_are_arguments_without_shell (test_mobile_build.MobileBuildTests.test_build_flags_are_fixed_and_defines_are_arguments_without_shell) ... ok
2026-10-09T02:26:30.2505601Z test_bundle_cannot_reference_files_outside_itself (test_mobile_build.MobileBuildTests.test_bundle_cannot_reference_files_outside_itself) ... ok
2026-10-09T02:26:30.2512207Z test_compiler_error_produces_no_metadata (test_mobile_build.MobileBuildTests.test_compiler_error_produces_no_metadata) ... ok
2026-10-09T02:26:30.2516484Z test_ios_linux_runner_is_rejected (test_mobile_build.MobileBuildTests.test_ios_linux_runner_is_rejected) ... ok
2026-10-09T02:26:30.2536001Z test_ios_without_codesign_packages_xcarchive_and_does_not_claim_ipa (test_mobile_build.MobileBuildTests.test_ios_without_codesign_packages_xcarchive_and_does_not_claim_ipa) ... ok
2026-10-09T02:26:30.2540660Z test_mutable_ref_and_wrong_checkout_never_start_compiler (test_mobile_build.MobileBuildTests.test_mutable_ref_and_wrong_checkout_never_start_compiler) ... ok
2026-10-09T02:26:30.2544114Z test_tools_checkout_must_match_the_caller_commit (test_mobile_build.MobileBuildTests.test_tools_checkout_must_match_the_caller_commit) ... ok
2026-10-09T02:26:30.2555302Z test_tracked_change_during_build_invalidates_result (test_mobile_build.MobileBuildTests.test_tracked_change_during_build_invalidates_result) ... ok
2026-10-09T02:26:30.2565460Z test_wrong_sdk_version_or_revision_blocks_build (test_mobile_build.MobileBuildTests.test_wrong_sdk_version_or_revision_blocks_build) ... ok
2026-10-09T02:26:30.3038021Z test_delivery_is_visible_separately_from_app_metadata (test_pages_preview.PagesPreviewTests.test_delivery_is_visible_separately_from_app_metadata) ... ok
2026-10-09T02:26:30.3597266Z test_existing_bytes_cannot_be_replaced (test_pages_preview.PagesPreviewTests.test_existing_bytes_cannot_be_replaced) ... ok
2026-10-09T02:26:30.4120413Z test_existing_snapshot_reuses_bytes_without_rebuilding (test_pages_preview.PagesPreviewTests.test_existing_snapshot_reuses_bytes_without_rebuilding) ... ok
2026-10-09T02:26:30.4615609Z test_export_excludes_git_and_blocks_state (test_pages_preview.PagesPreviewTests.test_export_excludes_git_and_blocks_state) ... ok
2026-10-09T02:26:30.5240658Z test_flutter_build_marker_is_not_published (test_pages_preview.PagesPreviewTests.test_flutter_build_marker_is_not_published) ... ok
2026-10-09T02:26:30.5696098Z test_frozen_candidate_must_identify_the_same_source_and_tag (test_pages_preview.PagesPreviewTests.test_frozen_candidate_must_identify_the_same_source_and_tag) ... ok
2026-10-09T02:26:30.5933727Z test_invalid_delivery_tag_is_rejected_before_build (test_pages_preview.PagesPreviewTests.test_invalid_delivery_tag_is_rejected_before_build) ... ok
2026-10-09T02:26:30.6226387Z test_mutable_checkout_and_unknown_sha_are_rejected (test_pages_preview.PagesPreviewTests.test_mutable_checkout_and_unknown_sha_are_rejected) ... ok
2026-10-09T02:26:30.7111265Z test_new_snapshot_retains_previous_and_updates_root (test_pages_preview.PagesPreviewTests.test_new_snapshot_retains_previous_and_updates_root) ... ok
2026-10-09T02:26:30.7895444Z test_other_hidden_files_are_still_rejected (test_pages_preview.PagesPreviewTests.test_other_hidden_files_are_still_rejected) ... ok
2026-10-09T02:26:30.8619412Z test_same_sha_in_another_candidate_preserves_original_snapshot_identity (test_pages_preview.PagesPreviewTests.test_same_sha_in_another_candidate_preserves_original_snapshot_identity) ... ok
2026-10-09T02:26:30.9091962Z test_site_rejects_links_and_banks_hidden_as_assets (test_pages_preview.PagesPreviewTests.test_site_rejects_links_and_banks_hidden_as_assets) ... ok
2026-10-09T02:26:30.9552632Z test_snapshot_metadata_matches_code_and_preserves_ci_identity (test_pages_preview.PagesPreviewTests.test_snapshot_metadata_matches_code_and_preserves_ci_identity) ... ok
2026-10-09T02:26:30.9558091Z test_base_href_and_bootstrap_reference_are_checked_beyond_hashes (test_pages_smoke.PagesSmokeTests.test_base_href_and_bootstrap_reference_are_checked_beyond_hashes) ... ok
2026-10-09T02:26:30.9560634Z test_confirms_snapshot_and_attests_full_map_without_downloading_engine (test_pages_smoke.PagesSmokeTests.test_confirms_snapshot_and_attests_full_map_without_downloading_engine) ... ok
2026-10-09T02:26:30.9564786Z test_delivery_label_must_match_declared_metadata (test_pages_smoke.PagesSmokeTests.test_delivery_label_must_match_declared_metadata) ... ok
2026-10-09T02:26:30.9584094Z test_http_only_retries_selected_statuses_and_refuses_redirects (test_pages_smoke.PagesSmokeTests.test_http_only_retries_selected_statuses_and_refuses_redirects) ... ok
2026-10-09T02:26:30.9585837Z test_map_hash_must_match_trusted_build_even_if_metadata_claims_it_does (test_pages_smoke.PagesSmokeTests.test_map_hash_must_match_trusted_build_even_if_metadata_claims_it_does) ... ok
2026-10-09T02:26:30.9587316Z test_metadata_tampering_with_recomputed_manifest_keeps_web_hash_but_is_rejected (test_pages_smoke.PagesSmokeTests.test_metadata_tampering_with_recomputed_manifest_keeps_web_hash_but_is_rejected) ... ok
2026-10-09T02:26:30.9588831Z test_retries_propagation_and_stops_at_190_seconds (test_pages_smoke.PagesSmokeTests.test_retries_propagation_and_stops_at_190_seconds) ... Aguardando propagação Pages: HTTP 404
2026-10-09T02:26:30.9589536Z Aguardando propagação Pages: HTTP 404
2026-10-09T02:26:30.9589842Z Aguardando propagação Pages: HTTP 503
2026-10-09T02:26:30.9590165Z Aguardando propagação Pages: HTTP 503
2026-10-09T02:26:30.9590454Z Aguardando propagação Pages: HTTP 503
2026-10-09T02:26:30.9590733Z Aguardando propagação Pages: HTTP 503
2026-10-09T02:26:30.9591008Z Aguardando propagação Pages: HTTP 503
2026-10-09T02:26:30.9591276Z Aguardando propagação Pages: HTTP 503
2026-10-09T02:26:30.9591544Z Aguardando propagação Pages: HTTP 503
2026-10-09T02:26:30.9591820Z Aguardando propagação Pages: HTTP 503
2026-10-09T02:26:30.9592093Z Aguardando propagação Pages: HTTP 503
2026-10-09T02:26:30.9592358Z Aguardando propagação Pages: HTTP 503
2026-10-09T02:26:30.9592630Z Aguardando propagação Pages: HTTP 503
2026-10-09T02:26:30.9592903Z Aguardando propagação Pages: HTTP 503
2026-10-09T02:26:30.9593178Z Aguardando propagação Pages: HTTP 503
2026-10-09T02:26:30.9593449Z Aguardando propagação Pages: HTTP 503
2026-10-09T02:26:30.9593728Z Aguardando propagação Pages: HTTP 503
2026-10-09T02:26:30.9594003Z Aguardando propagação Pages: HTTP 503
2026-10-09T02:26:30.9594297Z Aguardando propagação Pages: HTTP 503
2026-10-09T02:26:30.9594571Z Aguardando propagação Pages: HTTP 503
2026-10-09T02:26:30.9594845Z Aguardando propagação Pages: HTTP 503
2026-10-09T02:26:30.9595064Z ok
2026-10-09T02:26:30.9596285Z test_unsafe_manifest_paths_fail_before_asset_requests (test_pages_smoke.PagesSmokeTests.test_unsafe_manifest_paths_fail_before_asset_requests) ... ok
2026-10-09T02:26:30.9597840Z test_wrapper_tampering_with_recomputed_manifest_keeps_web_hash_but_is_rejected (test_pages_smoke.PagesSmokeTests.test_wrapper_tampering_with_recomputed_manifest_keeps_web_hash_but_is_rejected) ... ok
2026-10-09T02:26:30.9600291Z test_wrong_metadata_or_main_bytes_fail_without_retry (test_pages_smoke.PagesSmokeTests.test_wrong_metadata_or_main_bytes_fail_without_retry) ... ok
2026-10-09T02:26:30.9601139Z test_bot_and_pending_do_not_count (test_policy.ApprovalTests.test_bot_and_pending_do_not_count) ... ok
2026-10-09T02:26:30.9602365Z test_comment_does_not_revoke_and_api_order_does_not_matter (test_policy.ApprovalTests.test_comment_does_not_revoke_and_api_order_does_not_matter) ... ok
2026-10-09T02:26:30.9603318Z test_commit_change_invalidates_approvals (test_policy.ApprovalTests.test_commit_change_invalidates_approvals) ... ok
2026-10-09T02:26:30.9604197Z test_dismissal_and_changes_requested_revoke (test_policy.ApprovalTests.test_dismissal_and_changes_requested_revoke) ... ok
2026-10-09T02:26:30.9607081Z test_no_publish_side_effect_at_zero_one_or_unmerged_two (test_policy.ApprovalTests.test_no_publish_side_effect_at_zero_one_or_unmerged_two) ... ok
2026-10-09T02:26:30.9607855Z test_only_one_new_manifest (test_policy.ApprovalTests.test_only_one_new_manifest) ... ok
2026-10-09T02:26:30.9608665Z test_other_people_and_author_cannot_substitute (test_policy.ApprovalTests.test_other_people_and_author_cannot_substitute) ... ok
2026-10-09T02:26:30.9609456Z test_reapproval_after_changes (test_policy.ApprovalTests.test_reapproval_after_changes) ... ok
2026-10-09T02:26:30.9610176Z test_record_hash_binds_source_preview_and_changelog (test_policy.ApprovalTests.test_record_hash_binds_source_preview_and_changelog) ... ok
2026-10-09T02:26:30.9611259Z test_same_person_twice_cannot_approve_alone (test_policy.ApprovalTests.test_same_person_twice_cannot_approve_alone) ... ok
2026-10-09T02:26:30.9611875Z test_submission_time_wins_over_draft_creation_id (test_policy.ApprovalTests.test_submission_time_wins_over_draft_creation_id) ... ok
2026-10-09T02:26:30.9612384Z test_zero_one_and_two (test_policy.ApprovalTests.test_zero_one_and_two) ... ok
2026-10-09T02:26:30.9612950Z test_expiration_and_changed_inputs (test_policy.PreviewTests.test_expiration_and_changed_inputs) ... ok
2026-10-09T02:26:30.9928471Z test_squash_sha_difference_preserves_content_identity (test_policy.PreviewTests.test_squash_sha_difference_preserves_content_identity) ... ok
2026-10-09T02:26:30.9937492Z test_revocation_during_upload_never_publishes_draft (test_policy.PublisherBoundaryTests.test_revocation_during_upload_never_publishes_draft) ... ok
2026-10-09T02:26:30.9954037Z test_two_current_review_payloads_allow_only_lab_release_and_receipt (test_policy.PublisherBoundaryTests.test_two_current_review_payloads_allow_only_lab_release_and_receipt) ... ok
2026-10-09T02:26:30.9966374Z test_changed_source_cannot_reuse_candidate_authorization (test_release_lab.CandidateStateTests.test_changed_source_cannot_reuse_candidate_authorization) ... ok
2026-10-09T02:26:30.9968414Z test_current_candidate_is_bound_to_its_exact_source_commit (test_release_lab.CandidateStateTests.test_current_candidate_is_bound_to_its_exact_source_commit) ... ok
2026-10-09T02:26:30.9969258Z test_missing_record_does_not_get_created_by_the_gate (test_release_lab.CandidateStateTests.test_missing_record_does_not_get_created_by_the_gate) ... ok
2026-10-09T02:26:30.9969761Z test_new_rc_blocks_old_rc_without_deleting_its_history (test_release_lab.CandidateStateTests.test_new_rc_blocks_old_rc_without_deleting_its_history) ... ok
2026-10-09T02:26:30.9970265Z test_dart_only_is_a_preliminary_forecast_with_a_reason (test_release_lab.ClassificationTests.test_dart_only_is_a_preliminary_forecast_with_a_reason) ... ok
2026-10-09T02:26:30.9970828Z test_dependency_change_remains_unknown_without_compatibility_evidence (test_release_lab.ClassificationTests.test_dependency_change_remains_unknown_without_compatibility_evidence) ... ok
2026-10-09T02:26:30.9971434Z test_native_sdk_and_packaged_asset_changes_require_a_store_release (test_release_lab.ClassificationTests.test_native_sdk_and_packaged_asset_changes_require_a_store_release) ... ok
2026-10-09T02:26:30.9972007Z test_unknown_mobile_base_blocks_patch_forecast_even_for_dart_only (test_release_lab.ClassificationTests.test_unknown_mobile_base_blocks_patch_forecast_even_for_dart_only) ... ok
2026-10-09T02:26:30.9972522Z test_bot_cannot_be_counted_as_a_human_review (test_release_lab.EnvironmentReviewTests.test_bot_cannot_be_counted_as_a_human_review) ... ok
2026-10-09T02:26:30.9973186Z test_changed_environment_id_invalidates_a_familiar_name (test_release_lab.EnvironmentReviewTests.test_changed_environment_id_invalidates_a_familiar_name) ... ok
2026-10-09T02:26:30.9973737Z test_conflicting_history_cannot_choose_a_convenient_api_order (test_release_lab.EnvironmentReviewTests.test_conflicting_history_cannot_choose_a_convenient_api_order) ... ok
2026-10-09T02:26:30.9974312Z test_duplicate_person_in_two_environments_is_not_two_approvals (test_release_lab.EnvironmentReviewTests.test_duplicate_person_in_two_environments_is_not_two_approvals) ... ok
2026-10-09T02:26:30.9974871Z test_either_required_approver_can_take_the_final_decision (test_release_lab.EnvironmentReviewTests.test_either_required_approver_can_take_the_final_decision) ... ok
2026-10-09T02:26:30.9975428Z test_final_decision_does_not_replace_a_missing_version_approval (test_release_lab.EnvironmentReviewTests.test_final_decision_does_not_replace_a_missing_version_approval) ... ok
2026-10-09T02:26:30.9975970Z test_final_requires_a_third_separate_human_decision (test_release_lab.EnvironmentReviewTests.test_final_requires_a_third_separate_human_decision) ... ok
2026-10-09T02:26:30.9976588Z test_login_alone_cannot_substitute_numeric_account_identity (test_release_lab.EnvironmentReviewTests.test_login_alone_cannot_substitute_numeric_account_identity) ... ok
2026-10-09T02:26:30.9977313Z test_numeric_id_alone_cannot_substitute_another_login (test_release_lab.EnvironmentReviewTests.test_numeric_id_alone_cannot_substitute_another_login) ... ok
2026-10-09T02:26:30.9977821Z test_rejection_or_pending_cannot_count_as_approval (test_release_lab.EnvironmentReviewTests.test_rejection_or_pending_cannot_count_as_approval) ... ok
2026-10-09T02:26:30.9978363Z test_two_real_identities_enable_approval_stage_without_publishing (test_release_lab.EnvironmentReviewTests.test_two_real_identities_enable_approval_stage_without_publishing) ... ok
2026-10-09T02:26:30.9978929Z test_unlisted_publisher_cannot_use_the_final_environment (test_release_lab.EnvironmentReviewTests.test_unlisted_publisher_cannot_use_the_final_environment) ... ok
2026-10-09T02:26:30.9979512Z test_wrong_identity_in_history_cannot_be_hidden_behind_a_valid_approval (test_release_lab.EnvironmentReviewTests.test_wrong_identity_in_history_cannot_be_hidden_behind_a_valid_approval) ... ok
2026-10-09T02:26:30.9980087Z test_zero_or_one_approval_cannot_enable_final_command (test_release_lab.EnvironmentReviewTests.test_zero_or_one_approval_cannot_enable_final_command) ... ok
2026-10-09T02:26:30.9989771Z test_failed_cancelled_skipped_or_pending_job_cannot_complete (test_release_lab.FinalReceiptTests.test_failed_cancelled_skipped_or_pending_job_cannot_complete) ... ok
2026-10-09T02:26:30.9996008Z test_old_run_cannot_complete_after_rc2_replaced_it (test_release_lab.FinalReceiptTests.test_old_run_cannot_complete_after_rc2_replaced_it) ... ok
2026-10-09T02:26:31.0003446Z test_report_drift_cannot_complete_or_write_a_receipt (test_release_lab.FinalReceiptTests.test_report_drift_cannot_complete_or_write_a_receipt) ... ok
2026-10-09T02:26:31.0010369Z test_reviews_without_both_successful_job_receipts_cannot_complete (test_release_lab.FinalReceiptTests.test_reviews_without_both_successful_job_receipts_cannot_complete) ... ok
2026-10-09T02:26:31.0022313Z test_success_records_real_decisions_but_only_simulated_result (test_release_lab.FinalReceiptTests.test_success_records_real_decisions_but_only_simulated_result) ... ok
2026-10-09T02:26:31.0024915Z test_advanced_release_requires_new_rc_instead_of_old_approval (test_release_lab.FrozenIdentityTests.test_advanced_release_requires_new_rc_instead_of_old_approval) ... ok
2026-10-09T02:26:31.0025874Z test_changed_policy_does_not_reuse_frozen_approvals (test_release_lab.FrozenIdentityTests.test_changed_policy_does_not_reuse_frozen_approvals) ... ok
2026-10-09T02:26:31.0027329Z test_moved_tag_blocks_before_reading_environment_rules (test_release_lab.FrozenIdentityTests.test_moved_tag_blocks_before_reading_environment_rules) ... ok
2026-10-09T02:26:31.0037699Z test_invalid_version_or_title_is_rejected_before_any_remote_mutation (test_release_lab.InputValidationTests.test_invalid_version_or_title_is_rejected_before_any_remote_mutation) ... ok
2026-10-09T02:26:31.0038680Z test_distinct_roles_cannot_share_one_environment (test_release_lab.PolicyTests.test_distinct_roles_cannot_share_one_environment) ... ok
2026-10-09T02:26:31.0039566Z test_empty_or_ambiguous_account_identity_is_rejected (test_release_lab.PolicyTests.test_empty_or_ambiguous_account_identity_is_rejected) ... ok
2026-10-09T02:26:31.0040345Z test_final_decision_has_its_own_environment (test_release_lab.PolicyTests.test_final_decision_has_its_own_environment) ... ok
2026-10-09T02:26:31.0041212Z test_final_publishers_must_be_the_required_approver_set (test_release_lab.PolicyTests.test_final_publishers_must_be_the_required_approver_set) ... ok
2026-10-09T02:26:31.0042194Z test_policy_accepts_distinct_mandatory_approvers_and_either_publisher (test_release_lab.PolicyTests.test_policy_accepts_distinct_mandatory_approvers_and_either_publisher) ... ok
2026-10-09T02:26:31.0043093Z test_same_person_cannot_fill_both_mandatory_roles (test_release_lab.PolicyTests.test_same_person_cannot_fill_both_mandatory_roles) ... ok
2026-10-09T02:26:31.0543043Z test_an_extra_valid_snapshot_cannot_cross_the_candidate_boundary (test_release_lab.StaticArtifactBoundaryTests.test_an_extra_valid_snapshot_cannot_cross_the_candidate_boundary) ... ok
2026-10-09T02:26:31.1175829Z test_divergent_historical_snapshot_is_preserved_instead_of_overwritten (test_release_lab.StaticArtifactBoundaryTests.test_divergent_historical_snapshot_is_preserved_instead_of_overwritten) ... ok
2026-10-09T02:26:31.1692434Z test_root_or_nested_git_payload_is_rejected_before_import (test_release_lab.StaticArtifactBoundaryTests.test_root_or_nested_git_payload_is_rejected_before_import) ... ok
2026-10-09T02:26:31.2620645Z test_self_consistent_metadata_must_still_match_trusted_git_inputs (test_release_lab.StaticArtifactBoundaryTests.test_self_consistent_metadata_must_still_match_trusted_git_inputs) ... ok
2026-10-09T02:26:31.3099527Z test_symlink_as_artifact_root_is_rejected_without_following_it (test_release_lab.StaticArtifactBoundaryTests.test_symlink_as_artifact_root_is_rejected_without_following_it) ... ok
2026-10-09T02:26:31.3100471Z test_operator_can_prepare_only_once_from_main (test_release_lab.TrustedContextTests.test_operator_can_prepare_only_once_from_main) ... ok
2026-10-09T02:26:31.3101324Z test_repository_account_and_trusted_ref_cannot_be_substituted (test_release_lab.TrustedContextTests.test_repository_account_and_trusted_ref_cannot_be_substituted) ... ok
2026-10-09T02:26:31.3102217Z test_rerun_cannot_reuse_earlier_human_approvals (test_release_lab.TrustedContextTests.test_rerun_cannot_reuse_earlier_human_approvals) ... ok
2026-10-09T02:26:31.3824977Z test_conflicting_release_name_body_or_state_is_not_patched (test_release_lab_promotion.PromotionFlowTests.test_conflicting_release_name_body_or_state_is_not_patched) ... ok
2026-10-09T02:26:31.4553128Z test_conflicting_stable_ref_is_never_moved_or_deleted (test_release_lab_promotion.PromotionFlowTests.test_conflicting_stable_ref_is_never_moved_or_deleted) ... ok
2026-10-09T02:26:31.5190204Z test_failed_preview_cannot_produce_report_approval_or_publication (test_release_lab_promotion.PromotionFlowTests.test_failed_preview_cannot_produce_report_approval_or_publication) ... ok
2026-10-09T02:26:31.5902658Z test_interleaved_approval_writers_retry_cas_without_losing_either_receipt (test_release_lab_promotion.PromotionFlowTests.test_interleaved_approval_writers_retry_cas_without_losing_either_receipt) ... ok
2026-10-09T02:26:31.6601762Z test_lost_release_post_response_is_read_back_before_receipt (test_release_lab_promotion.PromotionFlowTests.test_lost_release_post_response_is_read_back_before_receipt) ... ok
2026-10-09T02:26:31.7024322Z test_lost_response_after_final_cut_journal_commit_returns_the_same_rc (test_release_lab_promotion.PromotionFlowTests.test_lost_response_after_final_cut_journal_commit_returns_the_same_rc) ... ok
2026-10-09T02:26:31.7809273Z test_lost_responses_and_partial_failure_reconcile_exactly_one_release (test_release_lab_promotion.PromotionFlowTests.test_lost_responses_and_partial_failure_reconcile_exactly_one_release) ... ok
2026-10-09T02:26:31.8518191Z test_lost_tag_post_response_is_proven_by_get_before_release_post (test_release_lab_promotion.PromotionFlowTests.test_lost_tag_post_response_is_proven_by_get_before_release_post) ... ok
2026-10-09T02:26:31.9742209Z test_old_completed_version_wrong_initiator_rerun_and_bot_are_blocked (test_release_lab_promotion.PromotionFlowTests.test_old_completed_version_wrong_initiator_rerun_and_bot_are_blocked) ... ok
2026-10-09T02:26:32.0354005Z test_pending_or_cancelled_review_job_blocks_external_effects_even_if_reviews_exist (test_release_lab_promotion.PromotionFlowTests.test_pending_or_cancelled_review_job_blocks_external_effects_even_if_reviews_exist) ... ok
2026-10-09T02:26:32.1104553Z test_publication_failure_keeps_intent_and_blocks_new_candidate (test_release_lab_promotion.PromotionFlowTests.test_publication_failure_keeps_intent_and_blocks_new_candidate) ... ok
2026-10-09T02:26:32.1921100Z test_recovery_cannot_continue_after_a_correction_changed_release_branch (test_release_lab_promotion.PromotionFlowTests.test_recovery_cannot_continue_after_a_correction_changed_release_branch) ... ok
2026-10-09T02:26:32.2873244Z test_recovery_requires_new_final_decision_and_preserves_original_approval_evidence (test_release_lab_promotion.PromotionFlowTests.test_recovery_requires_new_final_decision_and_preserves_original_approval_evidence) ... ok
2026-10-09T02:26:32.4169746Z test_rejected_rc1_is_preserved_corrected_rc2_starts_at_zero_and_is_promoted (test_release_lab_promotion.PromotionFlowTests.test_rejected_rc1_is_preserved_corrected_rc2_starts_at_zero_and_is_promoted) ... ok
2026-10-09T02:26:32.4851335Z test_removed_rules_after_approvals_and_final_command_prevent_publication_intent (test_release_lab_promotion.PromotionFlowTests.test_removed_rules_after_approvals_and_final_command_prevent_publication_intent) ... ok
2026-10-09T02:26:32.5595635Z test_removed_rules_after_stable_creation_block_release_and_preserve_partial_intent (test_release_lab_promotion.PromotionFlowTests.test_removed_rules_after_stable_creation_block_release_and_preserve_partial_intent) ... ok
2026-10-09T02:26:32.6276648Z test_report_tag_release_branch_and_base_drift_do_not_reuse_approvals (test_release_lab_promotion.PromotionFlowTests.test_report_tag_release_branch_and_base_drift_do_not_reuse_approvals) ... ok
2026-10-09T02:26:32.7097900Z test_same_attempt_process_retry_reuses_intent_and_cannot_duplicate_release (test_release_lab_promotion.PromotionFlowTests.test_same_attempt_process_retry_reuses_intent_and_cannot_duplicate_release) ... ok
2026-10-09T02:26:32.7922326Z test_second_successful_finish_is_idempotent_without_a_second_post (test_release_lab_promotion.PromotionFlowTests.test_second_successful_finish_is_idempotent_without_a_second_post) ... ok
2026-10-09T02:26:32.8404825Z test_simulated_completion_cannot_replace_the_real_stable_changelog_baseline (test_release_lab_promotion.PromotionFlowTests.test_simulated_completion_cannot_replace_the_real_stable_changelog_baseline) ... ok
2026-10-09T02:26:32.9279401Z test_successful_post_without_published_get_proof_cannot_write_receipt (test_release_lab_promotion.PromotionFlowTests.test_successful_post_without_published_get_proof_cannot_write_receipt) ... ok
2026-10-09T02:26:33.0001835Z test_unowned_stable_tag_at_same_commit_does_not_imply_publication_authority (test_release_lab_promotion.PromotionFlowTests.test_unowned_stable_tag_at_same_commit_does_not_imply_publication_authority) ... ok
2026-10-09T02:26:33.0247971Z test_version_comparison_is_numeric_instead_of_lexicographic (test_release_lab_promotion.PromotionFlowTests.test_version_comparison_is_numeric_instead_of_lexicographic) ... ok
2026-10-09T02:26:33.1196302Z test_zero_one_two_approvals_require_separate_command_before_github_promotion (test_release_lab_promotion.PromotionFlowTests.test_zero_one_two_approvals_require_separate_command_before_github_promotion) ... ok
2026-10-09T02:26:33.1793411Z test_changed_original_run_attempt_actor_workflow_or_repository_is_blocked (test_release_lab_rejection_close.RejectionCloseTests.test_changed_original_run_attempt_actor_workflow_or_repository_is_blocked) ... ok
2026-10-09T02:26:33.2358006Z test_close_requires_original_operator_context_and_default_observer_is_unchanged (test_release_lab_rejection_close.RejectionCloseTests.test_close_requires_original_operator_context_and_default_observer_is_unchanged) ... ok
2026-10-09T02:26:33.3115845Z test_completed_original_run_does_not_cancel_or_rewrite_candidate (test_release_lab_rejection_close.RejectionCloseTests.test_completed_original_run_does_not_cancel_or_rewrite_candidate) ... ok
2026-10-09T02:26:33.4111782Z test_first_rejection_closes_without_waiting_for_the_second (test_release_lab_rejection_close.RejectionCloseTests.test_first_rejection_closes_without_waiting_for_the_second) ... ok
2026-10-09T02:26:33.4707196Z test_new_preparation_intent_is_preserved_without_cancel (test_release_lab_rejection_close.RejectionCloseTests.test_new_preparation_intent_is_preserved_without_cancel) ... ok
2026-10-09T02:26:33.5302251Z test_other_run_id_is_blocked_before_any_effect (test_release_lab_rejection_close.RejectionCloseTests.test_other_run_id_is_blocked_before_any_effect) ... ok
2026-10-09T02:26:33.5957759Z test_publication_appearing_during_recheck_prevents_cancellation_and_is_preserved (test_release_lab_rejection_close.RejectionCloseTests.test_publication_appearing_during_recheck_prevents_cancellation_and_is_preserved) ... ok
2026-10-09T02:26:33.6537487Z test_second_rejection_closes_without_waiting_for_the_first_and_preserves_rc (test_release_lab_rejection_close.RejectionCloseTests.test_second_rejection_closes_without_waiting_for_the_first_and_preserves_rc) ... ok
2026-10-09T02:26:33.7114091Z test_tampered_report_policy_or_tag_is_blocked (test_release_lab_rejection_close.RejectionCloseTests.test_tampered_report_policy_or_tag_is_blocked) ... ok
2026-10-09T02:26:33.7744105Z test_technical_gate_failure_without_official_rejection_never_cancels_or_mutates (test_release_lab_rejection_close.RejectionCloseTests.test_technical_gate_failure_without_official_rejection_never_cancels_or_mutates) ... ok
2026-10-09T02:26:33.8497588Z test_terminal_history_receipt_or_publication_intent_is_preserved_without_cancel (test_release_lab_rejection_close.RejectionCloseTests.test_terminal_history_receipt_or_publication_intent_is_preserved_without_cancel) ... ok
2026-10-09T02:26:33.9135588Z test_unknown_cancel_response_preserves_proven_rejection_and_never_retries_inside_cas (test_release_lab_rejection_close.RejectionCloseTests.test_unknown_cancel_response_preserves_proven_rejection_and_never_retries_inside_cas) ... ok
2026-10-09T02:26:33.9776388Z test_wrong_gate_id_no_review_and_wrong_reviewer_no_cancel (test_release_lab_rejection_close.RejectionCloseTests.test_wrong_gate_id_no_review_and_wrong_reviewer_no_cancel) ... ok
2026-10-09T02:26:34.0540153Z test_available_matching_pr_context_is_frozen_without_waiting_for_ai (test_release_lab_state.CandidateStateTests.test_available_matching_pr_context_is_frozen_without_waiting_for_ai) ... ok
2026-10-09T02:26:34.1199968Z test_cancelled_original_run_is_registered_after_its_finalizer_cannot_run (test_release_lab_state.CandidateStateTests.test_cancelled_original_run_is_registered_after_its_finalizer_cannot_run) ... ok
2026-10-09T02:26:34.1999461Z test_completed_release_survives_a_failed_evidence_upload_job (test_release_lab_state.CandidateStateTests.test_completed_release_survives_a_failed_evidence_upload_job) ... ok
2026-10-09T02:26:34.2647343Z test_completion_observer_context_cannot_be_used_by_a_manual_effectful_command (test_release_lab_state.CandidateStateTests.test_completion_observer_context_cannot_be_used_by_a_manual_effectful_command) ... ok
2026-10-09T02:26:34.3374186Z test_concurrent_second_approval_is_not_overwritten_by_older_reconciliation (test_release_lab_state.CandidateStateTests.test_concurrent_second_approval_is_not_overwritten_by_older_reconciliation) ... ok
2026-10-09T02:26:34.4015303Z test_context_from_a_different_rc_is_ignored_with_immediate_commit_fallback (test_release_lab_state.CandidateStateTests.test_context_from_a_different_rc_is_ignored_with_immediate_commit_fallback) ... ok
2026-10-09T02:26:34.4682507Z test_failed_or_cancelled_evaluation_cannot_reopen_after_later_observation (test_release_lab_state.CandidateStateTests.test_failed_or_cancelled_evaluation_cannot_reopen_after_later_observation) ... ok
2026-10-09T02:26:34.5332949Z test_failed_preview_job_closes_evaluation_without_publishing (test_release_lab_state.CandidateStateTests.test_failed_preview_job_closes_evaluation_without_publishing) ... ok
2026-10-09T02:26:34.5925765Z test_frozen_summary_hash_mismatch_is_blocked_before_creating_a_publication_intent (test_release_lab_state.CandidateStateTests.test_frozen_summary_hash_mismatch_is_blocked_before_creating_a_publication_intent) ... ok
2026-10-09T02:26:34.6673614Z test_frozen_version_table_and_communication_are_copied_to_release_and_receipt (test_release_lab_state.CandidateStateTests.test_frozen_version_table_and_communication_are_copied_to_release_and_receipt) ... ok
2026-10-09T02:26:34.7300548Z test_future_dated_optional_context_cannot_block_required_report (test_release_lab_state.CandidateStateTests.test_future_dated_optional_context_cannot_block_required_report) ... ok
2026-10-09T02:26:34.8001570Z test_invalid_receipt_closes_observation_without_rewriting_the_receipt (test_release_lab_state.CandidateStateTests.test_invalid_receipt_closes_observation_without_rewriting_the_receipt) ... ok
2026-10-09T02:26:34.8715838Z test_long_or_large_commit_history_is_preserved_without_blocking_required_report (test_release_lab_state.CandidateStateTests.test_long_or_large_commit_history_is_preserved_without_blocking_required_report) ... ok
2026-10-09T02:26:34.9306295Z test_official_review_without_receipt_does_not_create_approval (test_release_lab_state.CandidateStateTests.test_official_review_without_receipt_does_not_create_approval) ... ok
2026-10-09T02:26:34.9917858Z test_optional_slack_failure_does_not_close_an_otherwise_waiting_evaluation (test_release_lab_state.CandidateStateTests.test_optional_slack_failure_does_not_close_an_otherwise_waiting_evaluation) ... ok
2026-10-09T02:26:35.0737991Z test_partial_publication_failure_is_preserved_for_explicit_recovery (test_release_lab_state.CandidateStateTests.test_partial_publication_failure_is_preserved_for_explicit_recovery) ... ok
2026-10-09T02:26:35.3331326Z test_preparation_error_with_no_registered_evaluation_changes_no_candidate (test_release_lab_state.CandidateStateTests.test_preparation_error_with_no_registered_evaluation_changes_no_candidate) ... ok
2026-10-09T02:26:35.3936540Z test_rejected_review_is_registered_without_modifying_frozen_material (test_release_lab_state.CandidateStateTests.test_rejected_review_is_registered_without_modifying_frozen_material) ... ok
2026-10-09T02:26:35.4495225Z test_state_finalizer_uses_always_and_completion_observer_has_no_artifact_input (test_release_lab_state.CandidateStateTests.test_state_finalizer_uses_always_and_completion_observer_has_no_artifact_input) ... ok
2026-10-09T02:26:35.5211892Z test_superseded_candidate_history_is_not_rewritten_by_late_completion (test_release_lab_state.CandidateStateTests.test_superseded_candidate_history_is_not_rewritten_by_late_completion) ... ok
2026-10-09T02:26:35.5891055Z test_wrong_actor_rerun_or_untrusted_workflow_cannot_write_observational_state (test_release_lab_state.CandidateStateTests.test_wrong_actor_rerun_or_untrusted_workflow_cannot_write_observational_state) ... ok
2026-10-09T02:26:35.6534895Z test_zero_one_and_two_recorded_approvals_have_distinct_waiting_states (test_release_lab_state.CandidateStateTests.test_zero_one_and_two_recorded_approvals_have_distinct_waiting_states) ... ok
2026-10-09T02:26:35.8008070Z test_absent_provider_is_not_silently_recreated_or_treated_as_negative (test_remote_state.RemoteStateTests.test_absent_provider_is_not_silently_recreated_or_treated_as_negative) ... ok
2026-10-09T02:26:35.9980525Z test_bootstrap_race_cannot_replace_another_initialized_ref (test_remote_state.RemoteStateTests.test_bootstrap_race_cannot_replace_another_initialized_ref) ... ok
2026-10-09T02:26:36.2087915Z test_checkpoint_exists_before_ref_mutation (test_remote_state.RemoteStateTests.test_checkpoint_exists_before_ref_mutation) ... ok
2026-10-09T02:26:36.3988937Z test_checksums_and_truncated_tree_or_extra_files_block_before_import (test_remote_state.RemoteStateTests.test_checksums_and_truncated_tree_or_extra_files_block_before_import) ... ok
2026-10-09T02:26:36.6117409Z test_concurrent_sibling_writer_is_conflict_never_rebased_or_reapplied (test_remote_state.RemoteStateTests.test_concurrent_sibling_writer_is_conflict_never_rebased_or_reapplied) ... ok
2026-10-09T02:26:36.8740748Z test_confirmation_after_another_writer_advances_still_identifies_our_commit (test_remote_state.RemoteStateTests.test_confirmation_after_another_writer_advances_still_identifies_our_commit) ... ok
2026-10-09T02:26:37.0884596Z test_denied_update_can_only_retry_same_proposal_with_same_payload (test_remote_state.RemoteStateTests.test_denied_update_can_only_retry_same_proposal_with_same_payload) ... ok
2026-10-09T02:26:37.2877212Z test_empty_directory_allowed_but_existing_state_is_not_overwritten (test_remote_state.RemoteStateTests.test_empty_directory_allowed_but_existing_state_is_not_overwritten) ... ok
2026-10-09T02:26:37.4458742Z test_lost_ref_reply_is_reconciled_without_second_update (test_remote_state.RemoteStateTests.test_lost_ref_reply_is_reconciled_without_second_update) ... ok
2026-10-09T02:26:37.6519444Z test_opaque_credential_setting_or_unexpected_secret_column_is_rejected (test_remote_state.RemoteStateTests.test_opaque_credential_setting_or_unexpected_secret_column_is_rejected) ... ok
2026-10-09T02:26:37.7926429Z test_restriction_to_personal_repository_and_dedicated_ref (test_remote_state.RemoteStateTests.test_restriction_to_personal_repository_and_dedicated_ref) ... ok
2026-10-09T02:26:37.9775240Z test_round_trip_preserves_hash_approvals_all_journals_and_path_plan (test_remote_state.RemoteStateTests.test_round_trip_preserves_hash_approvals_all_journals_and_path_plan) ... ok
2026-10-09T02:26:38.1270319Z test_secret_values_are_rejected_and_never_written_to_git (test_remote_state.RemoteStateTests.test_secret_values_are_rejected_and_never_written_to_git) ... ok
2026-10-09T02:26:38.3193388Z test_sqlite_wal_is_exported_by_backup_and_remote_journal_remains_consistent (test_remote_state.RemoteStateTests.test_sqlite_wal_is_exported_by_backup_and_remote_journal_remains_consistent) ... ok
2026-10-09T02:26:38.5803884Z test_two_actions_advance_one_parent_without_force_and_preserve_zero_to_two (test_remote_state.RemoteStateTests.test_two_actions_advance_one_parent_without_force_and_preserve_zero_to_two) ... ok
2026-10-09T02:26:38.8123311Z test_unknown_confirmation_preserves_checkpoint_and_exact_proposal_for_retry (test_remote_state.RemoteStateTests.test_unknown_confirmation_preserves_checkpoint_and_exact_proposal_for_retry) ... ok
2026-10-09T02:26:39.3111832Z test_reopened_actions_preserve_zero_one_two_and_publish_exact_snapshot_once (test_runner.CoordinatorTests.test_reopened_actions_preserve_zero_one_two_and_publish_exact_snapshot_once) ... ok
2026-10-09T02:26:39.4284257Z test_slack_checkpoint_failure_prevents_post_and_keeps_unknown_locally (test_runner.CoordinatorTests.test_slack_checkpoint_failure_prevents_post_and_keeps_unknown_locally) ... ok
2026-10-09T02:26:39.5764889Z test_slack_unknown_checkpoint_is_remote_before_post_and_sent_rerun_does_not_duplicate (test_runner.CoordinatorTests.test_slack_unknown_checkpoint_is_remote_before_post_and_sent_rerun_does_not_duplicate) ... ok
2026-10-09T02:26:39.5767552Z test_metadata_read_is_allowed_but_repo_root_mutation_is_rejected (test_runner.RequestTests.test_metadata_read_is_allowed_but_repo_root_mutation_is_rejected) ... ok
2026-10-09T02:26:39.5769151Z test_only_authenticated_owner_on_personal_main_can_operate (test_runner.RequestTests.test_only_authenticated_owner_on_personal_main_can_operate) ... ok
2026-10-09T02:26:39.5770889Z test_rc_and_urgency_do_not_silently_coerce_other_json_types (test_runner.RequestTests.test_rc_and_urgency_do_not_silently_coerce_other_json_types) ... ok
2026-10-09T02:26:39.5771534Z test_sha_candidate_and_hash_require_text_before_regex_checks (test_runner.RequestTests.test_sha_candidate_and_hash_require_text_before_regex_checks) ... ok
2026-10-09T02:26:39.6435248Z test_all_queued_events_are_drained_not_only_the_last_trigger (test_slack_events.SlackEventsTests.test_all_queued_events_are_drained_not_only_the_last_trigger) ... ok
2026-10-09T02:26:39.7013687Z test_altered_tag_report_run_or_queued_pointer_is_blocked_before_sender (test_slack_events.SlackEventsTests.test_altered_tag_report_run_or_queued_pointer_is_blocked_before_sender) ... ok
2026-10-09T02:26:39.7651849Z test_cancelled_run_is_queued_and_worker_does_not_reopen_the_candidate (test_slack_events.SlackEventsTests.test_cancelled_run_is_queued_and_worker_does_not_reopen_the_candidate) ... ok
2026-10-09T02:26:39.8258154Z test_candidate_is_queued_only_after_report_and_keeps_commit_fallback (test_slack_events.SlackEventsTests.test_candidate_is_queued_only_after_report_and_keeps_commit_fallback) ... ok
2026-10-09T02:26:39.8832381Z test_legacy_delivery_and_failed_unfrozen_preview_are_not_backfilled (test_slack_events.SlackEventsTests.test_legacy_delivery_and_failed_unfrozen_preview_are_not_backfilled) ... ok
2026-10-09T02:26:39.9487383Z test_one_approval_then_two_approvals_queue_distinct_milestones_without_publish (test_slack_events.SlackEventsTests.test_one_approval_then_two_approvals_queue_distinct_milestones_without_publish) ... ok
2026-10-09T02:26:40.0304831Z test_promotion_notice_requires_real_release_and_same_final_receipt (test_slack_events.SlackEventsTests.test_promotion_notice_requires_real_release_and_same_final_receipt) ... ok
2026-10-09T02:26:40.1396241Z test_rejection_is_historical_and_new_rc_has_own_frozen_identity (test_slack_events.SlackEventsTests.test_rejection_is_historical_and_new_rc_has_own_frozen_identity) ... ok
2026-10-09T02:26:40.2037383Z test_two_approvals_do_not_queue_publication_before_final_command (test_slack_events.SlackEventsTests.test_two_approvals_do_not_queue_publication_before_final_command) ... ok
2026-10-09T02:26:40.2038233Z test_extra_human_or_another_bot_or_missing_israel_blocks (test_slack_notify.DestinationTests.test_extra_human_or_another_bot_or_missing_israel_blocks) ... ok
2026-10-09T02:26:40.2038961Z test_membership_is_checked_through_all_pages (test_slack_notify.DestinationTests.test_membership_is_checked_through_all_pages) ... ok
2026-10-09T02:26:40.2039586Z test_only_exact_private_channel_and_bot_plus_israel_are_accepted (test_slack_notify.DestinationTests.test_only_exact_private_channel_and_bot_plus_israel_are_accepted) ... ok
2026-10-09T02:26:40.2040272Z test_repeated_or_malformed_cursor_fails_closed (test_slack_notify.DestinationTests.test_repeated_or_malformed_cursor_fails_closed) ... ok
2026-10-09T02:26:40.2040738Z test_user_token_cannot_impersonate_israel (test_slack_notify.DestinationTests.test_user_token_cannot_impersonate_israel) ... ok
2026-10-09T02:26:40.2041413Z test_wrong_public_shared_archived_or_renamed_channel_has_no_post (test_slack_notify.DestinationTests.test_wrong_public_shared_archived_or_renamed_channel_has_no_post) ... ok
2026-10-09T02:26:40.2090830Z test_concurrent_attempt_is_blocked_while_first_post_is_in_flight (test_slack_notify.OutboxTests.test_concurrent_attempt_is_blocked_while_first_post_is_in_flight) ... ok
2026-10-09T02:26:40.2130798Z test_confirmed_send_is_persisted_and_retry_has_no_api_call (test_slack_notify.OutboxTests.test_confirmed_send_is_persisted_and_retry_has_no_api_call) ... ok
2026-10-09T02:26:40.2153068Z test_failed_destination_check_creates_no_attempt_and_never_posts (test_slack_notify.OutboxTests.test_failed_destination_check_creates_no_attempt_and_never_posts) ... ok
2026-10-09T02:26:40.2173938Z test_missing_token_cannot_read_or_post_to_slack (test_slack_notify.OutboxTests.test_missing_token_cannot_read_or_post_to_slack) ... ok
2026-10-09T02:26:40.2268839Z test_post_response_without_exact_channel_ts_is_unknown (test_slack_notify.OutboxTests.test_post_response_without_exact_channel_ts_is_unknown) ... ok
2026-10-09T02:26:40.2323120Z test_same_key_with_changed_payload_blocks_repetition (test_slack_notify.OutboxTests.test_same_key_with_changed_payload_blocks_repetition) ... ok
2026-10-09T02:26:40.2352776Z test_transport_uncertainty_stays_unknown_and_never_retries (test_slack_notify.OutboxTests.test_transport_uncertainty_stays_unknown_and_never_retries) ... ok
2026-10-09T02:26:40.2354312Z test_client_id_is_stable_and_bound_to_candidate_and_content (test_slack_notify.RenderTests.test_client_id_is_stable_and_bound_to_candidate_and_content) ... ok
2026-10-09T02:26:40.2366030Z test_default_cli_renders_without_token_network_or_outbox (test_slack_notify.RenderTests.test_default_cli_renders_without_token_network_or_outbox) ... ok
2026-10-09T02:26:40.2367472Z test_github_links_cannot_redirect_to_other_repositories_or_mentions (test_slack_notify.RenderTests.test_github_links_cannot_redirect_to_other_repositories_or_mentions) ... ok
2026-10-09T02:26:40.2368594Z test_lab_flags_are_explicit_and_real_notice_cannot_claim_distribution (test_slack_notify.RenderTests.test_lab_flags_are_explicit_and_real_notice_cannot_claim_distribution) ... ok
2026-10-09T02:26:40.2369814Z test_status_uses_plain_text_and_does_not_enable_mentions (test_slack_notify.RenderTests.test_status_uses_plain_text_and_does_not_enable_mentions) ... ok
2026-10-09T02:26:40.2370668Z test_cross_host_redirect_is_never_followed (test_slack_notify.TransportTests.test_cross_host_redirect_is_never_followed) ... ok
2026-10-09T02:26:40.2374980Z test_network_errors_never_echo_token_or_raw_response (test_slack_notify.TransportTests.test_network_errors_never_echo_token_or_raw_response) ... ok
2026-10-09T02:26:40.2377346Z test_token_is_header_only_and_write_is_json_to_fixed_slack_endpoint (test_slack_notify.TransportTests.test_token_is_header_only_and_write_is_json_to_fixed_slack_endpoint) ... ok
2026-10-09T02:26:40.2378263Z test_unknown_method_does_not_call_network (test_slack_notify.TransportTests.test_unknown_method_does_not_call_network) ... ok
2026-10-09T02:26:40.2401190Z test_actual_concurrent_writers_append_different_events_without_lost_updates (test_slack_outbox.DurableSlackTests.test_actual_concurrent_writers_append_different_events_without_lost_updates) ... ok
2026-10-09T02:26:40.2434757Z test_checkpoint_persistence_failure_never_posts (test_slack_outbox.DurableSlackTests.test_checkpoint_persistence_failure_never_posts) ... ok
2026-10-09T02:26:40.2484353Z test_claim_race_observes_owner_confirmation_without_a_second_post (test_slack_outbox.DurableSlackTests.test_claim_race_observes_owner_confirmation_without_a_second_post) ... ok
2026-10-09T02:26:40.2520950Z test_claim_race_persistent_unknown_stops_after_bounded_reads_without_post (test_slack_outbox.DurableSlackTests.test_claim_race_persistent_unknown_stops_after_bounded_reads_without_post) ... ok
2026-10-09T02:26:40.2529965Z test_cli_invalid_frozen_notice_is_optional_and_no_raw_content_is_printed (test_slack_outbox.DurableSlackTests.test_cli_invalid_frozen_notice_is_optional_and_no_raw_content_is_printed) ... ok
2026-10-09T02:26:40.2786771Z test_competing_different_events_preserve_both_and_candidate_journal (test_slack_outbox.DurableSlackTests.test_competing_different_events_preserve_both_and_candidate_journal) ... ok
2026-10-09T02:26:40.2796356Z test_confirmation_poll_does_not_adopt_different_source_identity (test_slack_outbox.DurableSlackTests.test_confirmation_poll_does_not_adopt_different_source_identity) ... ok
2026-10-09T02:26:40.2842873Z test_evaluation_run_change_keeps_key_but_blocks_frozen_provenance_replacement (test_slack_outbox.DurableSlackTests.test_evaluation_run_change_keeps_key_but_blocks_frozen_provenance_replacement) ... ok
2026-10-09T02:26:40.2890475Z test_history_pagination_is_bounded_and_positive_later_page_reconciles (test_slack_outbox.DurableSlackTests.test_history_pagination_is_bounded_and_positive_later_page_reconciles) ... ok
2026-10-09T02:26:40.2940334Z test_lost_unknown_write_reply_rechecks_exact_checkpoint_before_post (test_slack_outbox.DurableSlackTests.test_lost_unknown_write_reply_rechecks_exact_checkpoint_before_post) ... ok
2026-10-09T02:26:40.2958921Z test_missing_or_malformed_secret_skips_without_remote_or_slack_calls (test_slack_outbox.DurableSlackTests.test_missing_or_malformed_secret_skips_without_remote_or_slack_calls) ... ok
2026-10-09T02:26:40.3013991Z test_only_preview_for_exact_frozen_source_is_allowed (test_slack_outbox.DurableSlackTests.test_only_preview_for_exact_frozen_source_is_allowed) ... ok
2026-10-09T02:26:40.3021771Z test_poll_deadline_stops_before_network_when_budget_has_expired (test_slack_outbox.DurableSlackTests.test_poll_deadline_stops_before_network_when_budget_has_expired) ... ok
2026-10-09T02:26:40.3036153Z test_poll_transport_is_get_only_and_timeout_error_is_sanitized (test_slack_outbox.DurableSlackTests.test_poll_transport_is_get_only_and_timeout_error_is_sanitized) ... ok
2026-10-09T02:26:40.3096131Z test_post_timeout_remains_remote_unknown_and_fresh_retry_never_posts (test_slack_outbox.DurableSlackTests.test_post_timeout_remains_remote_unknown_and_fresh_retry_never_posts) ... ok
2026-10-09T02:26:40.3199173Z test_public_or_shared_channel_or_extra_member_never_reserves (test_slack_outbox.DurableSlackTests.test_public_or_shared_channel_or_extra_member_never_reserves) ... ok
2026-10-09T02:26:40.3400563Z test_receipts_logs_and_remote_checkpoints_exclude_secrets_and_full_payload (test_slack_outbox.DurableSlackTests.test_receipts_logs_and_remote_checkpoints_exclude_secrets_and_full_payload) ... ok
2026-10-09T02:26:40.3448178Z test_remote_unknown_with_positive_history_reconciles_without_post (test_slack_outbox.DurableSlackTests.test_remote_unknown_with_positive_history_reconciles_without_post) ... ok
2026-10-09T02:26:40.3494292Z test_same_logical_key_different_payload_blocks_before_slack_read (test_slack_outbox.DurableSlackTests.test_same_logical_key_different_payload_blocks_before_slack_read) ... ok
2026-10-09T02:26:40.3615228Z test_sent_checkpoint_lost_requires_history_on_fresh_runner (test_slack_outbox.DurableSlackTests.test_sent_checkpoint_lost_requires_history_on_fresh_runner) ... ok
2026-10-09T02:26:40.3721689Z test_sent_on_fresh_runner_skips_every_slack_call_and_restores_sqlite (test_slack_outbox.DurableSlackTests.test_sent_on_fresh_runner_skips_every_slack_call_and_restores_sqlite) ... ok
2026-10-09T02:26:40.3798839Z test_short_poll_timeout_preserves_positive_history_reconciliation_for_unknown (test_slack_outbox.DurableSlackTests.test_short_poll_timeout_preserves_positive_history_reconciliation_for_unknown) ... ok
2026-10-09T02:26:40.3895306Z test_success_is_unknown_before_post_then_sent_with_exact_receipt (test_slack_outbox.DurableSlackTests.test_success_is_unknown_before_post_then_sent_with_exact_receipt) ... ok
2026-10-09T02:26:40.4017434Z test_two_fresh_runners_same_event_only_one_may_post (test_slack_outbox.DurableSlackTests.test_two_fresh_runners_same_event_only_one_may_post) ... ok
2026-10-09T02:26:40.4076320Z test_unbounded_history_without_evidence_stops_at_three_pages (test_slack_outbox.DurableSlackTests.test_unbounded_history_without_evidence_stops_at_three_pages) ... ok
2026-10-09T02:26:40.4277483Z test_unknown_client_id_with_wrong_hash_bot_app_or_channel_blocks (test_slack_outbox.DurableSlackTests.test_unknown_client_id_with_wrong_hash_bot_app_or_channel_blocks) ... ok
2026-10-09T02:26:40.4363228Z test_unknown_empty_history_or_missing_scope_never_authorizes_resend (test_slack_outbox.DurableSlackTests.test_unknown_empty_history_or_missing_scope_never_authorizes_resend) ... ok
2026-10-09T02:26:40.4409921Z test_unknown_initial_read_observes_owner_sent_without_slack_history_or_post (test_slack_outbox.DurableSlackTests.test_unknown_initial_read_observes_owner_sent_without_slack_history_or_post) ... ok
2026-10-09T02:26:40.4466032Z test_wrong_exact_bot_or_app_never_reserves_or_posts (test_slack_outbox.DurableSlackTests.test_wrong_exact_bot_or_app_never_reserves_or_posts) ... ok
2026-10-09T02:26:40.4475590Z test_cli_preserves_frozen_report_and_writes_preview (test_slack_preview.SlackPreviewTests.test_cli_preserves_frozen_report_and_writes_preview) ... ok
2026-10-09T02:26:40.4480065Z test_credentials_are_not_read_or_inserted_in_the_artifact (test_slack_preview.SlackPreviewTests.test_credentials_are_not_read_or_inserted_in_the_artifact) ... ok
2026-10-09T02:26:40.4483207Z test_frozen_pr_sections_are_labelled_without_claiming_ai_generated_them (test_slack_preview.SlackPreviewTests.test_frozen_pr_sections_are_labelled_without_claiming_ai_generated_them) ... ok
2026-10-09T02:26:40.4484371Z test_legacy_report_remains_literal_fallback (test_slack_preview.SlackPreviewTests.test_legacy_report_remains_literal_fallback) ... ok
2026-10-09T02:26:40.4497520Z test_long_commit_history_is_truncated_before_slack_limit (test_slack_preview.SlackPreviewTests.test_long_commit_history_is_truncated_before_slack_limit) ... ok
2026-10-09T02:26:40.4526088Z test_long_subjects_and_controls_do_not_turn_optional_notice_into_failure (test_slack_preview.SlackPreviewTests.test_long_subjects_and_controls_do_not_turn_optional_notice_into_failure) ... ok
2026-10-09T02:26:40.4527484Z test_modified_selected_summary_is_refused (test_slack_preview.SlackPreviewTests.test_modified_selected_summary_is_refused) ... ok
2026-10-09T02:26:40.4533513Z test_send_option_does_not_exist (test_slack_preview.SlackPreviewTests.test_send_option_does_not_exist) ... usage: python3 -m unittest [-h] --report REPORT --policy POLICY --output
2026-10-09T02:26:40.4534192Z                            OUTPUT
2026-10-09T02:26:40.4534587Z python3 -m unittest: error: the following arguments are required: --report, --policy, --output
2026-10-09T02:26:40.4535076Z ok
2026-10-09T02:26:40.4535657Z test_summary_for_different_rc_is_refused_even_with_valid_digest (test_slack_preview.SlackPreviewTests.test_summary_for_different_rc_is_refused_even_with_valid_digest) ... ok
2026-10-09T02:26:40.4536603Z test_wrong_preview_or_source_is_refused (test_slack_preview.SlackPreviewTests.test_wrong_preview_or_source_is_refused) ... ok
2026-10-09T02:26:40.5104478Z test_complex_yaml_is_pending_instead_of_guessed (test_snapshots.PreAnalysisTests.test_complex_yaml_is_pending_instead_of_guessed) ... ok
2026-10-09T02:26:40.5559782Z test_dart_prediction_is_distinct_from_web_and_native_validation (test_snapshots.PreAnalysisTests.test_dart_prediction_is_distinct_from_web_and_native_validation) ... ok
2026-10-09T02:26:40.6688442Z test_dependency_manifest_lock_and_unknown_files_fail_closed (test_snapshots.PreAnalysisTests.test_dependency_manifest_lock_and_unknown_files_fail_closed) ... ok
2026-10-09T02:26:40.7291352Z test_docs_and_tools_do_not_force_store_but_do_affect_preview_identity (test_snapshots.PreAnalysisTests.test_docs_and_tools_do_not_force_store_but_do_affect_preview_identity) ... ok
2026-10-09T02:26:40.7803778Z test_each_platform_uses_its_own_release_base_not_last_rc (test_snapshots.PreAnalysisTests.test_each_platform_uses_its_own_release_base_not_last_rc) ... ok
2026-10-09T02:26:40.8026895Z test_missing_candidate_input_is_pending_not_assumed_from_base (test_snapshots.PreAnalysisTests.test_missing_candidate_input_is_pending_not_assumed_from_base) ... ok
2026-10-09T02:26:40.8624750Z test_missing_or_mismatched_base_evidence_blocks_prediction (test_snapshots.PreAnalysisTests.test_missing_or_mismatched_base_evidence_blocks_prediction) ... ok
2026-10-09T02:26:40.9647332Z test_packaged_asset_and_resolution_variant_require_store (test_snapshots.PreAnalysisTests.test_packaged_asset_and_resolution_variant_require_store) ... ok
2026-10-09T02:26:41.0015854Z test_platform_inputs_are_separate (test_snapshots.PreAnalysisTests.test_platform_inputs_are_separate) ... ok
2026-10-09T02:26:41.0522828Z test_pubspec_asset_declarations_require_store (test_snapshots.PreAnalysisTests.test_pubspec_asset_declarations_require_store) ... ok
2026-10-09T02:26:41.1553260Z test_toolchain_entrypoint_or_flavor_change_requires_store (test_snapshots.PreAnalysisTests.test_toolchain_entrypoint_or_flavor_change_requires_store) ... ok
2026-10-09T02:26:41.1859300Z test_verified_release_needs_provider_identifier (test_snapshots.PreAnalysisTests.test_verified_release_needs_provider_identifier) ... ok
2026-10-09T02:26:41.2492653Z test_build_fingerprint_is_conservative_and_json_is_finite (test_snapshots.PreviewTests.test_build_fingerprint_is_conservative_and_json_is_finite) ... ok
2026-10-09T02:26:41.2865688Z test_cannot_substitute_origin_sha_even_with_claimed_candidate_fingerprint (test_snapshots.PreviewTests.test_cannot_substitute_origin_sha_even_with_claimed_candidate_fingerprint) ... ok
2026-10-09T02:26:41.3198254Z test_changed_code_or_build_inputs_refuses_reuse (test_snapshots.PreviewTests.test_changed_code_or_build_inputs_refuses_reuse) ... ok
2026-10-09T02:26:41.3651255Z test_equal_tree_with_different_commit_and_docs_can_reuse (test_snapshots.PreviewTests.test_equal_tree_with_different_commit_and_docs_can_reuse) ... ok
2026-10-09T02:26:41.4074012Z test_fixture_format_is_explicit_and_flutter_zip_is_checked (test_snapshots.PreviewTests.test_fixture_format_is_explicit_and_flutter_zip_is_checked) ... ok
2026-10-09T02:26:41.4335118Z test_flutter_zip_rejects_path_traversal (test_snapshots.PreviewTests.test_flutter_zip_rejects_path_traversal) ... ok
2026-10-09T02:26:41.4779888Z test_hash_expiration_and_incomplete_metadata_block (test_snapshots.PreviewTests.test_hash_expiration_and_incomplete_metadata_block) ... ok
2026-10-09T02:26:41.5301401Z test_candidate_requires_production_ancestor_and_exact_shas (test_snapshots.SnapshotTests.test_candidate_requires_production_ancestor_and_exact_shas) ... ok
2026-10-09T02:26:41.5782889Z test_exception_in_build_still_removes_clone (test_snapshots.SnapshotTests.test_exception_in_build_still_removes_clone) ... ok
2026-10-09T02:26:41.5945069Z test_latest_and_mutable_release_base_are_rejected (test_snapshots.SnapshotTests.test_latest_and_mutable_release_base_are_rejected) ... ok
2026-10-09T02:26:41.6231600Z test_orphan_history_is_rejected_even_with_similar_versioned_files (test_snapshots.SnapshotTests.test_orphan_history_is_rejected_even_with_similar_versioned_files) ... ok
2026-10-09T02:26:41.7270867Z test_release_correction_does_not_import_main_features (test_snapshots.SnapshotTests.test_release_correction_does_not_import_main_features) ... ok
2026-10-09T02:26:41.8194365Z test_returning_to_a_branch_or_new_commit_blocks_even_if_source_files_match (test_snapshots.SnapshotTests.test_returning_to_a_branch_or_new_commit_blocks_even_if_source_files_match) ... ok
2026-10-09T02:26:41.8858304Z test_snapshot_is_fixed_even_when_original_checkout_is_dirty (test_snapshots.SnapshotTests.test_snapshot_is_fixed_even_when_original_checkout_is_dirty) ... ok
2026-10-09T02:26:41.9173581Z test_tracked_symlink_requires_audited_strategy (test_snapshots.SnapshotTests.test_tracked_symlink_requires_audited_strategy) ... ok
2026-10-09T02:26:41.9907617Z test_wrong_tree_or_mutating_checkout_blocks_and_cleans_up (test_snapshots.SnapshotTests.test_wrong_tree_or_mutating_checkout_blocks_and_cleans_up) ... ok
2026-10-09T02:26:41.9908439Z test_delivery_ref_and_source_cannot_drift (test_version_manifest.VersionManifestTests.test_delivery_ref_and_source_cannot_drift) ... ok
2026-10-09T02:26:41.9909036Z test_delivery_version_and_web_metadata_have_independent_identity (test_version_manifest.VersionManifestTests.test_delivery_version_and_web_metadata_have_independent_identity) ... ok
2026-10-09T02:26:41.9909787Z test_failed_or_different_preview_cannot_become_version_evidence (test_version_manifest.VersionManifestTests.test_failed_or_different_preview_cannot_become_version_evidence) ... ok
2026-10-09T02:26:41.9910380Z test_mobile_input_is_not_an_observed_provider_result (test_version_manifest.VersionManifestTests.test_mobile_input_is_not_an_observed_provider_result) ... ok
2026-10-09T02:26:42.0192683Z test_offline_cli_writes_both_machine_manifest_and_readable_table (test_version_manifest.VersionManifestTests.test_offline_cli_writes_both_machine_manifest_and_readable_table) ... ok
2026-10-09T02:26:42.0193796Z test_patch_identification_refuses_web_latest_implicit_build_and_fake_numbers (test_version_manifest.VersionManifestTests.test_patch_identification_refuses_web_latest_implicit_build_and_fake_numbers) ... ok
2026-10-09T02:26:42.0195117Z test_patch_identity_includes_app_platform_base_and_number (test_version_manifest.VersionManifestTests.test_patch_identity_includes_app_platform_base_and_number) ... ok
2026-10-09T02:26:42.0196069Z test_platforms_may_have_different_exact_shorebird_bases (test_version_manifest.VersionManifestTests.test_platforms_may_have_different_exact_shorebird_bases) ... ok
2026-10-09T02:26:42.0198325Z test_validating_frozen_plan_rejects_fabricated_mobile_delivery (test_version_manifest.VersionManifestTests.test_validating_frozen_plan_rejects_fabricated_mobile_delivery) ... ok
2026-10-09T02:26:42.0199381Z test_web_does_not_acquire_shorebird_patch_or_an_altered_app_version (test_version_manifest.VersionManifestTests.test_web_does_not_acquire_shorebird_patch_or_an_altered_app_version) ... ok
2026-10-09T02:26:42.0199784Z 
2026-10-09T02:26:42.0199959Z ----------------------------------------------------------------------
2026-10-09T02:26:42.0200187Z Ran 404 tests in 36.901s
2026-10-09T02:26:42.0200278Z 
2026-10-09T02:26:42.0200456Z OK
2026-10-09T02:26:42.0200906Z Material copiado e selecionado; nenhuma IA consultada e nenhum aviso enviado.
2026-10-09T02:26:42.0201303Z Material copiado e selecionado; nenhuma IA consultada e nenhum aviso enviado.
2026-10-09T02:26:42.0201708Z https://github.com/example/pull/4
2026-10-09T02:26:42.0201964Z https://github.com/example/pull/4
2026-10-09T02:26:42.0202213Z https://github.com/example/pull/4
2026-10-09T02:26:42.0202985Z Laboratório protegido: 2 reviews, status obrigatório, admins incluídos; RC legado e neutro sem update/delete.
2026-10-09T02:26:42.0203584Z main e permissões de pessoas/Actions não foram alteradas.
2026-10-09T02:26:42.0203920Z https://github.com/example/releases/tag/lab
2026-10-09T02:26:42.0204346Z SIMULAÇÃO: aviso gerado localmente; nenhuma mensagem enviada ao Slack.
2026-10-09T02:26:42.0447888Z ##[group]Run python3 - <<'PY'
2026-10-09T02:26:42.0448077Z [36;1mpython3 - <<'PY'[0m
2026-10-09T02:26:42.0448206Z [36;1mimport os[0m
2026-10-09T02:26:42.0448373Z [36;1mwith open(os.environ['GITHUB_STEP_SUMMARY'], 'a') as summary:[0m
2026-10-09T02:26:42.0448743Z [36;1m    summary.write('# Verificar PR\n\nFlutter analyze, Flutter test e testes dos contratos da esteira concluídos.\n\n')[0m
2026-10-09T02:26:42.0449207Z [36;1m    summary.write('Revisão técnica continua humana. Este check não prepara RC, não pede avais e não distribui o aplicativo.\n')[0m
2026-10-09T02:26:42.0449504Z [36;1mPY[0m
2026-10-09T02:26:42.0500238Z shell: /usr/bin/bash -e {0}
2026-10-09T02:26:42.0500376Z ##[endgroup]
2026-10-09T02:26:42.0747861Z Post job cleanup.
2026-10-09T02:26:42.1300248Z [command]/usr/bin/git version
2026-10-09T02:26:42.1338936Z git version 2.55.0
2026-10-09T02:26:42.1362206Z Temporarily overriding HOME='/home/runner/work/_temp/a4a67099-5ddf-4945-9b31-096c107ba302' before making global git config changes
2026-10-09T02:26:42.1362706Z Adding repository directory to the temporary git global config as a safe directory
2026-10-09T02:26:42.1366137Z [command]/usr/bin/git config --global --add safe.directory /home/runner/work/flutter_code_push_example/flutter_code_push_example/app
2026-10-09T02:26:42.1395295Z Removing SSH command configuration
2026-10-09T02:26:42.1399708Z [command]/usr/bin/git config --local --name-only --get-regexp core\.sshCommand
2026-10-09T02:26:42.1427829Z [command]/usr/bin/git submodule foreach --recursive sh -c "git config --local --name-only --get-regexp 'core\.sshCommand' && git config --local --unset-all 'core.sshCommand' || :"
2026-10-09T02:26:42.1620084Z Removing HTTP extra header
2026-10-09T02:26:42.1624550Z [command]/usr/bin/git config --local --name-only --get-regexp http\.https\:\/\/github\.com\/\.extraheader
2026-10-09T02:26:42.1656383Z [command]/usr/bin/git submodule foreach --recursive sh -c "git config --local --name-only --get-regexp 'http\.https\:\/\/github\.com\/\.extraheader' && git config --local --unset-all 'http.https://github.com/.extraheader' || :"
2026-10-09T02:26:42.1850988Z Removing includeIf entries pointing to credentials config files
2026-10-09T02:26:42.1856497Z [command]/usr/bin/git config --local --name-only --get-regexp ^includeIf\.gitdir:
2026-10-09T02:26:42.1887407Z [command]/usr/bin/git submodule foreach --recursive git config --local --show-origin --name-only --get-regexp remote.origin.url
2026-10-09T02:26:42.2174206Z Post job cleanup.
2026-10-09T02:26:42.2797605Z [command]/usr/bin/git version
2026-10-09T02:26:42.2835636Z git version 2.55.0
2026-10-09T02:26:42.2864414Z Temporarily overriding HOME='/home/runner/work/_temp/166b106b-ed69-49b9-903a-576fd31eef34' before making global git config changes
2026-10-09T02:26:42.2874284Z Adding repository directory to the temporary git global config as a safe directory
2026-10-09T02:26:42.2876956Z [command]/usr/bin/git config --global --add safe.directory /home/runner/work/flutter_code_push_example/flutter_code_push_example/trusted
2026-10-09T02:26:42.2905768Z Removing SSH command configuration
2026-10-09T02:26:42.2927811Z [command]/usr/bin/git config --local --name-only --get-regexp core\.sshCommand
2026-10-09T02:26:42.2978165Z [command]/usr/bin/git submodule foreach --recursive sh -c "git config --local --name-only --get-regexp 'core\.sshCommand' && git config --local --unset-all 'core.sshCommand' || :"
2026-10-09T02:26:42.3158114Z Removing HTTP extra header
2026-10-09T02:26:42.3158612Z [command]/usr/bin/git config --local --name-only --get-regexp http\.https\:\/\/github\.com\/\.extraheader
2026-10-09T02:26:42.3386045Z [command]/usr/bin/git submodule foreach --recursive sh -c "git config --local --name-only --get-regexp 'http\.https\:\/\/github\.com\/\.extraheader' && git config --local --unset-all 'http.https://github.com/.extraheader' || :"
2026-10-09T02:26:42.3387451Z Removing includeIf entries pointing to credentials config files
2026-10-09T02:26:42.3392585Z [command]/usr/bin/git config --local --name-only --get-regexp ^includeIf\.gitdir:
2026-10-09T02:26:42.3422919Z [command]/usr/bin/git submodule foreach --recursive git config --local --show-origin --name-only --get-regexp remote.origin.url
2026-10-09T02:26:42.3703473Z Cleaning up orphan processes
